# t WEx WEy WEz WBx WBy WBz Sux2 Suy2 Suz2  (raw grid/particle sums)
0.0000 0.000000e+00 0.000000e+00 0.000000e+00 0.000000e+00 0.000000e+00 0.000000e+00 4.3995078629e+04 2.1991020963e+05 2.1997725360e+05
1.0005 7.816969e-03 1.305131e-02 1.823809e-04 2.347460e-04 2.602327e-04 3.626342e-04 4.3992819976e+04 2.1990522656e+05 2.1997141922e+05
2.0010 9.891010e-03 1.512384e-02 1.606667e-04 2.299434e-04 2.176872e-04 2.955010e-04 4.3994613116e+04 2.1991472256e+05 2.1995769585e+05
3.0015 8.448828e-03 1.381680e-02 1.745622e-04 1.913268e-04 2.257811e-04 2.883441e-04 4.3998068658e+04 2.1993146125e+05 2.1993868418e+05
4.0020 1.032025e-02 1.570532e-02 1.722507e-04 1.951175e-04 2.153468e-04 2.932649e-04 4.3999485316e+04 2.1994827913e+05 2.1991885565e+05
5.0025 1.000729e-02 1.543615e-02 1.714656e-04 1.911783e-04 2.077793e-04 3.211179e-04 4.4001542481e+04 2.1996257520e+05 2.1990273471e+05
6.0030 9.195378e-03 1.506668e-02 1.744993e-04 2.151675e-04 2.291522e-04 3.299546e-04 4.4004034189e+04 2.1996921572e+05 2.1989406304e+05
7.0035 1.035335e-02 1.608096e-02 1.650259e-04 2.242069e-04 2.340278e-04 3.438779e-04 4.4005893841e+04 2.1996580956e+05 2.1989468255e+05
8.0040 1.010389e-02 1.555045e-02 1.737570e-04 2.069508e-04 2.289946e-04 3.530046e-04 4.4008276939e+04 2.1995449869e+05 2.1990396487e+05
9.0045 9.473825e-03 1.531052e-02 1.639371e-04 2.162932e-04 2.249694e-04 3.648439e-04 4.4010861778e+04 2.1993685810e+05 2.1991937426e+05
10.0050 1.030480e-02 1.600955e-02 1.805219e-04 1.986968e-04 2.287250e-04 3.553600e-04 4.4012859588e+04 2.1991668688e+05 2.1993689866e+05
11.0055 1.034124e-02 1.606739e-02 1.527466e-04 1.955449e-04 2.324905e-04 3.941694e-04 4.4015200466e+04 2.1989919519e+05 2.1995196412e+05
12.0060 9.682588e-03 1.543643e-02 1.726770e-04 2.019602e-04 2.219506e-04 3.888343e-04 4.4017784674e+04 2.1988861573e+05 2.1996054155e+05
13.0065 1.018260e-02 1.598454e-02 1.625593e-04 2.118056e-04 2.490027e-04 3.839388e-04 4.4019783097e+04 2.1988645033e+05 2.1996026934e+05
14.0070 1.012135e-02 1.567480e-02 1.768287e-04 1.871112e-04 2.175079e-04 4.052286e-04 4.4021900562e+04 2.1989380684e+05 2.1995094265e+05
15.0075 9.743879e-03 1.545911e-02 1.546395e-04 2.184819e-04 2.635530e-04 4.104301e-04 4.4024186911e+04 2.1990814537e+05 2.1993453604e+05
16.0080 1.023914e-02 1.604205e-02 1.541281e-04 2.019000e-04 2.237624e-04 4.162346e-04 4.4026242534e+04 2.1992528077e+05 2.1991495401e+05
17.0085 1.043437e-02 1.583757e-02 1.700653e-04 1.770396e-04 2.402907e-04 4.387696e-04 4.4028471752e+04 2.1994129995e+05 2.1989667475e+05
18.0090 9.814431e-03 1.508426e-02 1.743621e-04 1.788601e-04 2.274308e-04 4.035345e-04 4.4030966198e+04 2.1995220723e+05 2.1988390584e+05
19.0095 1.014846e-02 1.569755e-02 1.579903e-04 2.070654e-04 2.363339e-04 4.378443e-04 4.4032895301e+04 2.1995427177e+05 2.1987946074e+05
20.0100 1.027957e-02 1.570042e-02 1.653065e-04 2.239113e-04 2.480128e-04 4.545670e-04 4.4034865695e+04 2.1994753183e+05 2.1988413748e+05
21.0105 1.002119e-02 1.564849e-02 1.560807e-04 1.892367e-04 2.439103e-04 4.682824e-04 4.4037275865e+04 2.1993279316e+05 2.1989659709e+05
22.0110 1.023175e-02 1.546846e-02 1.503336e-04 2.008841e-04 2.486330e-04 4.779023e-04 4.4039510447e+04 2.1991375630e+05 2.1991341799e+05
23.0115 1.045520e-02 1.560365e-02 1.445992e-04 2.098359e-04 2.410293e-04 4.718836e-04 4.4041701790e+04 2.1989459086e+05 2.1993022644e+05
24.0120 1.022438e-02 1.496099e-02 1.670110e-04 1.988470e-04 2.445469e-04 4.873103e-04 4.4043930469e+04 2.1988026754e+05 2.1994268028e+05
25.0125 1.029572e-02 1.486987e-02 1.655164e-04 2.017437e-04 2.486025e-04 5.146711e-04 4.4046018426e+04 2.1987347193e+05 2.1994755195e+05
26.0130 1.056660e-02 1.578714e-02 1.525753e-04 2.122440e-04 2.426781e-04 5.023344e-04 4.4048057288e+04 2.1987498468e+05 2.1994333694e+05
27.0135 1.030469e-02 1.569874e-02 1.719061e-04 2.159131e-04 2.502491e-04 5.125298e-04 4.4050386364e+04 2.1988543794e+05 2.1993069981e+05
28.0140 1.034962e-02 1.562664e-02 1.519973e-04 2.260734e-04 2.820153e-04 5.100221e-04 4.4052566230e+04 2.1990138946e+05 2.1991253441e+05
29.0145 1.057633e-02 1.593724e-02 1.816582e-04 1.942899e-04 2.335554e-04 5.345221e-04 4.4054679852e+04 2.1991851652e+05 2.1989306859e+05
30.0150 1.026003e-02 1.550011e-02 1.602326e-04 2.178864e-04 2.607453e-04 5.386758e-04 4.4057073294e+04 2.1993289156e+05 2.1987663276e+05
31.0155 1.024146e-02 1.530489e-02 1.739216e-04 2.042937e-04 2.619841e-04 5.422930e-04 4.4059252321e+04 2.1994040862e+05 2.1986701944e+05
32.0160 1.045286e-02 1.562572e-02 1.765634e-04 2.025647e-04 2.570687e-04 5.172284e-04 4.4061340380e+04 2.1993876028e+05 2.1986636569e+05
33.0165 1.023940e-02 1.561266e-02 1.796825e-04 2.062870e-04 2.790920e-04 5.370972e-04 4.4063631550e+04 2.1992834840e+05 2.1987457078e+05
34.0170 1.021799e-02 1.585168e-02 1.741174e-04 2.058390e-04 2.735372e-04 5.603421e-04 4.4065890459e+04 2.1991117653e+05 2.1988938165e+05
35.0175 1.043274e-02 1.582943e-02 1.681145e-04 2.277258e-04 2.721184e-04 5.484170e-04 4.4067960370e+04 2.1989162689e+05 2.1990679840e+05
36.0180 1.048435e-02 1.598213e-02 1.813519e-04 2.011885e-04 2.853552e-04 5.629220e-04 4.4070123571e+04 2.1987383781e+05 2.1992230661e+05
37.0185 1.036233e-02 1.583707e-02 1.627708e-04 1.987219e-04 2.597824e-04 5.686348e-04 4.4072403269e+04 2.1986207622e+05 2.1993191314e+05
38.0190 1.050096e-02 1.576152e-02 1.738167e-04 2.302292e-04 2.757191e-04 5.972643e-04 4.4074570266e+04 2.1985882836e+05 2.1993291913e+05
39.0195 1.034794e-02 1.588136e-02 1.543597e-04 2.267905e-04 2.691615e-04 6.147211e-04 4.4076891964e+04 2.1986461940e+05 2.1992483528e+05
40.0200 1.033186e-02 1.579097e-02 1.765813e-04 1.957841e-04 2.581713e-04 5.892621e-04 4.4079129419e+04 2.1987795470e+05 2.1990933830e+05
41.0205 1.052282e-02 1.599233e-02 1.648569e-04 2.221198e-04 2.434848e-04 6.381752e-04 4.4081276845e+04 2.1989495525e+05 2.1989003063e+05
42.0210 1.058759e-02 1.566673e-02 1.479361e-04 2.209814e-04 2.682931e-04 6.304834e-04 4.4083626723e+04 2.1991136569e+05 2.1987133816e+05
43.0215 1.038710e-02 1.571670e-02 1.829397e-04 2.139798e-04 2.400301e-04 6.257544e-04 4.4085967875e+04 2.1992283425e+05 2.1985759771e+05
44.0220 1.035712e-02 1.570536e-02 1.629289e-04 2.262557e-04 2.961353e-04 6.407379e-04 4.4088109720e+04 2.1992645679e+05 2.1985186494e+05
45.0225 1.051322e-02 1.581767e-02 1.627931e-04 2.073827e-04 2.408024e-04 6.295323e-04 4.4090233592e+04 2.1992074502e+05 2.1985533285e+05
46.0230 1.033170e-02 1.559364e-02 1.631075e-04 2.341422e-04 2.747551e-04 6.518288e-04 4.4092525696e+04 2.1990725361e+05 2.1986672770e+05
47.0235 1.042041e-02 1.583235e-02 1.761316e-04 2.091187e-04 2.834240e-04 6.010735e-04 4.4094696222e+04 2.1988864647e+05 2.1988306769e+05
48.0240 1.054305e-02 1.567532e-02 1.629569e-04 2.208987e-04 2.966304e-04 6.489455e-04 4.4096903902e+04 2.1986931144e+05 2.1990011024e+05
49.0245 1.029040e-02 1.576498e-02 1.602438e-04 2.461473e-04 2.928236e-04 6.459082e-04 4.4099265322e+04 2.1985370922e+05 2.1991343647e+05
50.0250 1.039665e-02 1.553397e-02 1.565972e-04 2.100875e-04 2.876751e-04 6.830842e-04 4.4101378509e+04 2.1984569466e+05 2.1991944641e+05
51.0255 1.039321e-02 1.548472e-02 1.571283e-04 2.244337e-04 3.117641e-04 6.342664e-04 4.4103518773e+04 2.1984668231e+05 2.1991633065e+05
52.0260 1.040039e-02 1.582638e-02 1.793166e-04 2.138776e-04 3.078454e-04 6.857155e-04 4.4105695307e+04 2.1985591639e+05 2.1990470310e+05
53.0265 1.047158e-02 1.570329e-02 1.608735e-04 2.289598e-04 2.784744e-04 6.729598e-04 4.4107915110e+04 2.1987128134e+05 2.1988715910e+05
54.0270 1.052660e-02 1.555748e-02 1.793349e-04 2.119477e-04 3.039661e-04 7.007484e-04 4.4110182978e+04 2.1988849954e+05 2.1986767756e+05
55.0275 1.052472e-02 1.536234e-02 1.825790e-04 2.124075e-04 2.669601e-04 7.200686e-04 4.4112437661e+04 2.1990329804e+05 2.1985074365e+05
56.0280 1.048823e-02 1.576692e-02 1.659018e-04 2.366776e-04 2.888724e-04 7.325694e-04 4.4114585337e+04 2.1991147433e+05 2.1984020170e+05
57.0285 1.046126e-02 1.564362e-02 1.730040e-04 2.160466e-04 2.726549e-04 7.583442e-04 4.4116726990e+04 2.1991123359e+05 2.1983842215e+05
58.0290 1.058811e-02 1.589751e-02 1.643969e-04 2.218477e-04 2.656321e-04 7.454956e-04 4.4118846319e+04 2.1990172630e+05 2.1984562394e+05
59.0295 1.047149e-02 1.605295e-02 2.005494e-04 2.138707e-04 2.795381e-04 7.498910e-04 4.4121135020e+04 2.1988522706e+05 2.1985977131e+05
60.0300 1.051351e-02 1.577971e-02 1.661538e-04 2.440837e-04 3.077714e-04 7.751640e-04 4.4123322831e+04 2.1986585086e+05 2.1987709207e+05
61.0305 1.060623e-02 1.574036e-02 1.690683e-04 2.294110e-04 2.846179e-04 7.211837e-04 4.4125477688e+04 2.1984771608e+05 2.1989306373e+05
62.0310 1.037517e-02 1.590671e-02 1.637692e-04 2.178852e-04 3.109803e-04 7.919481e-04 4.4127785992e+04 2.1983498640e+05 2.1990349265e+05
63.0315 1.068063e-02 1.591281e-02 1.695312e-04 2.187124e-04 2.913681e-04 7.352722e-04 4.4129900742e+04 2.1983066801e+05 2.1990555432e+05
64.0320 1.063792e-02 1.567432e-02 1.518692e-04 2.498399e-04 3.438230e-04 7.643881e-04 4.4132044158e+04 2.1983578157e+05 2.1989839518e+05
65.0325 1.045061e-02 1.596305e-02 1.509373e-04 2.056077e-04 2.905901e-04 7.774601e-04 4.4134280559e+04 2.1984838880e+05 2.1988357425e+05
66.0330 1.058566e-02 1.570638e-02 1.852213e-04 2.347541e-04 3.136998e-04 7.708832e-04 4.4136398602e+04 2.1986545685e+05 2.1986434679e+05
67.0335 1.076229e-02 1.588520e-02 1.585479e-04 2.304946e-04 3.121054e-04 7.833076e-04 4.4138547575e+04 2.1988221593e+05 2.1984529759e+05
68.0340 1.062750e-02 1.582972e-02 1.667864e-04 2.233200e-04 2.980774e-04 7.895961e-04 4.4140862302e+04 2.1989455853e+05 2.1983073818e+05
69.0345 1.055238e-02 1.556281e-02 1.667384e-04 2.267379e-04 3.068004e-04 8.344778e-04 4.4143202009e+04 2.1989911871e+05 2.1982397460e+05
70.0350 1.055972e-02 1.552560e-02 1.832170e-04 2.348503e-04 3.007334e-04 8.292652e-04 4.4145518723e+04 2.1989439539e+05 2.1982641031e+05
71.0355 1.046712e-02 1.556765e-02 1.579310e-04 2.409848e-04 3.171242e-04 8.419457e-04 4.4147731293e+04 2.1988137470e+05 2.1983718257e+05
72.0360 1.076997e-02 1.581415e-02 1.444549e-04 2.358117e-04 2.903848e-04 8.271522e-04 4.4149825758e+04 2.1986281936e+05 2.1985342879e+05
73.0365 1.072484e-02 1.542776e-02 1.724511e-04 2.305664e-04 3.155211e-04 8.512312e-04 4.4152036142e+04 2.1984339322e+05 2.1987080812e+05
74.0370 1.045498e-02 1.539175e-02 1.686972e-04 2.386025e-04 3.010811e-04 8.732551e-04 4.4154354313e+04 2.1982720770e+05 2.1988480246e+05
75.0375 1.043478e-02 1.560966e-02 1.841334e-04 2.541257e-04 3.356087e-04 8.431685e-04 4.4156571840e+04 2.1981805983e+05 2.1989169589e+05
76.0380 1.065956e-02 1.576447e-02 1.560814e-04 2.356290e-04 3.107234e-04 8.573240e-04 4.4158729021e+04 2.1981782341e+05 2.1988959534e+05
77.0385 1.042363e-02 1.582355e-02 1.635313e-04 2.360619e-04 3.352559e-04 8.865706e-04 4.4161078795e+04 2.1982644949e+05 2.1987864802e+05
78.0390 1.053499e-02 1.590414e-02 1.711558e-04 2.476273e-04 3.216612e-04 9.163290e-04 4.4163258503e+04 2.1984148009e+05 2.1986136917e+05
79.0395 1.071249e-02 1.572818e-02 1.613423e-04 2.308714e-04 3.377458e-04 8.498028e-04 4.4165450512e+04 2.1985897986e+05 2.1984169688e+05
80.0400 1.069850e-02 1.604155e-02 1.557256e-04 2.443642e-04 3.344157e-04 8.956952e-04 4.4167754090e+04 2.1987406240e+05 2.1982417119e+05
81.0405 1.066533e-02 1.600725e-02 1.824744e-04 2.351170e-04 3.391742e-04 9.175334e-04 4.4169992703e+04 2.1988321123e+05 2.1981277033e+05
82.0410 1.058514e-02 1.571008e-02 1.828880e-04 2.367849e-04 3.366186e-04 8.876087e-04 4.4172181238e+04 2.1988398922e+05 2.1980997636e+05
83.0415 1.061262e-02 1.579467e-02 1.667845e-04 2.346446e-04 3.396708e-04 9.178423e-04 4.4174352063e+04 2.1987551420e+05 2.1981623247e+05
84.0420 1.055105e-02 1.576785e-02 1.684484e-04 2.225729e-04 3.143978e-04 9.394145e-04 4.4176568545e+04 2.1985975428e+05 2.1982981275e+05
85.0425 1.066111e-02 1.577208e-02 1.609400e-04 2.423417e-04 3.371140e-04 9.619705e-04 4.4178749634e+04 2.1984028805e+05 2.1984700646e+05
86.0430 1.057980e-02 1.548085e-02 1.769556e-04 2.303291e-04 3.106982e-04 9.624959e-04 4.4181111818e+04 2.1982187149e+05 2.1986330670e+05
87.0435 1.077797e-02 1.597157e-02 1.579916e-04 2.321805e-04 3.307150e-04 9.633825e-04 4.4183397421e+04 2.1980806820e+05 2.1987449409e+05
88.0440 1.071820e-02 1.613623e-02 1.507387e-04 2.514314e-04 3.096223e-04 9.961827e-04 4.4185656099e+04 2.1980266350e+05 2.1987756308e+05
89.0445 1.057311e-02 1.598159e-02 1.779505e-04 2.511274e-04 3.485595e-04 9.776378e-04 4.4187898145e+04 2.1980664029e+05 2.1987145266e+05
90.0450 1.071144e-02 1.638406e-02 1.664142e-04 2.402002e-04 3.200553e-04 9.950974e-04 4.4190151249e+04 2.1981814952e+05 2.1985745678e+05
91.0455 1.081921e-02 1.610001e-02 1.592038e-04 2.286838e-04 3.358203e-04 9.602634e-04 4.4192471665e+04 2.1983476501e+05 2.1983863286e+05
92.0460 1.071604e-02 1.593159e-02 1.743426e-04 2.481684e-04 3.401489e-04 9.909703e-04 4.4194808507e+04 2.1985183316e+05 2.1981936437e+05
93.0465 1.064641e-02 1.609483e-02 1.383016e-04 2.578461e-04 3.771589e-04 1.009132e-03 4.4197089674e+04 2.1986477341e+05 2.1980410584e+05
94.0470 1.067749e-02 1.591171e-02 1.817040e-04 2.347660e-04 3.361737e-04 1.018738e-03 4.4199392024e+04 2.1987029285e+05 2.1979626443e+05
95.0475 1.085544e-02 1.585611e-02 1.533009e-04 2.562471e-04 3.615550e-04 1.007318e-03 4.4201684093e+04 2.1986672037e+05 2.1979749829e+05
96.0480 1.077931e-02 1.565334e-02 1.860820e-04 2.375123e-04 3.453814e-04 1.015206e-03 4.4204029407e+04 2.1985473765e+05 2.1980727114e+05
97.0485 1.072894e-02 1.570148e-02 1.879750e-04 2.287360e-04 3.336868e-04 1.038467e-03 4.4206263240e+04 2.1983691311e+05 2.1982289483e+05
98.0490 1.079646e-02 1.604416e-02 1.672662e-04 2.334141e-04 3.405052e-04 1.067158e-03 4.4208454698e+04 2.1981714179e+05 2.1984027221e+05
99.0495 1.058676e-02 1.573947e-02 1.681446e-04 2.383732e-04 3.331321e-04 1.076338e-03 4.4210810520e+04 2.1980047084e+05 2.1985481561e+05
100.0500 1.055418e-02 1.563895e-02 1.817940e-04 2.536336e-04 2.923821e-04 1.085265e-03 4.4213045024e+04 2.1979044310e+05 2.1986271226e+05
101.0505 1.076833e-02 1.600324e-02 1.873386e-04 2.386548e-04 3.422906e-04 1.115209e-03 4.4215123986e+04 2.1978906095e+05 2.1986172822e+05
102.0510 1.072635e-02 1.592797e-02 1.676668e-04 2.409505e-04 3.064380e-04 1.063793e-03 4.4217374508e+04 2.1979667466e+05 2.1985191941e+05
103.0515 1.056412e-02 1.578055e-02 1.772690e-04 2.644605e-04 3.161711e-04 1.105973e-03 4.4219613364e+04 2.1981114425e+05 2.1983531203e+05
104.0520 1.065893e-02 1.574992e-02 1.591653e-04 2.549693e-04 3.486559e-04 1.086328e-03 4.4221781622e+04 2.1982850713e+05 2.1981576910e+05
105.0525 1.074314e-02 1.606652e-02 1.815740e-04 2.480132e-04 3.625262e-04 1.037973e-03 4.4223997361e+04 2.1984401368e+05 2.1979781357e+05
106.0530 1.075004e-02 1.586706e-02 1.534849e-04 2.809862e-04 3.867231e-04 1.077128e-03 4.4226301364e+04 2.1985395503e+05 2.1978564505e+05
107.0535 1.088140e-02 1.588277e-02 1.916545e-04 2.621896e-04 3.963866e-04 1.026035e-03 4.4228594315e+04 2.1985530003e+05 2.1978195344e+05
108.0540 1.074586e-02 1.600158e-02 1.844386e-04 2.590262e-04 3.766765e-04 1.041554e-03 4.4230926931e+04 2.1984765999e+05 2.1978732672e+05
109.0545 1.086780e-02 1.598211e-02 1.735522e-04 2.749831e-04 4.041273e-04 1.067222e-03 4.4233122879e+04 2.1983262352e+05 2.1980009065e+05
110.0550 1.087029e-02 1.589351e-02 1.748624e-04 2.591406e-04 3.858108e-04 1.077347e-03 4.4235334166e+04 2.1981365101e+05 2.1981686525e+05
111.0555 1.081159e-02 1.570759e-02 1.732017e-04 2.597676e-04 3.872253e-04 1.086629e-03 4.4237649367e+04 2.1979509281e+05 2.1983323778e+05
112.0560 1.070709e-02 1.589998e-02 1.862661e-04 2.696035e-04 3.732489e-04 1.135349e-03 4.4240009717e+04 2.1978099553e+05 2.1984494075e+05
113.0565 1.088936e-02 1.595545e-02 1.622695e-04 2.563713e-04 3.309657e-04 1.170899e-03 4.4242182524e+04 2.1977477825e+05 2.1984884242e+05
114.0570 1.080333e-02 1.592711e-02 1.513458e-04 2.570725e-04 3.448760e-04 1.183930e-03 4.4244481189e+04 2.1977771896e+05 2.1984366047e+05
115.0575 1.084592e-02 1.610261e-02 1.693906e-04 2.466315e-04 3.365013e-04 1.211953e-03 4.4246812576e+04 2.1978845642e+05 2.1983048374e+05
116.0580 1.066690e-02 1.598969e-02 1.771157e-04 2.496206e-04 3.324592e-04 1.246176e-03 4.4249131839e+04 2.1980457173e+05 2.1981218365e+05
117.0585 1.069039e-02 1.559877e-02 1.747903e-04 2.587501e-04 3.514909e-04 1.247215e-03 4.4251300491e+04 2.1982177351e+05 2.1979294650e+05
118.0590 1.071325e-02 1.597207e-02 1.780254e-04 2.788091e-04 3.631005e-04 1.207113e-03 4.4253473248e+04 2.1983516788e+05 2.1977724967e+05
119.0595 1.085230e-02 1.582674e-02 1.704834e-04 2.410702e-04 3.298741e-04 1.234926e-03 4.4255608618e+04 2.1984149075e+05 2.1976876575e+05
120.0600 1.093156e-02 1.615844e-02 1.903628e-04 2.699892e-04 4.263611e-04 1.191073e-03 4.4257850744e+04 2.1983865679e+05 2.1976914289e+05
121.0605 1.087509e-02 1.629640e-02 1.708079e-04 2.746121e-04 3.923961e-04 1.161484e-03 4.4260161125e+04 2.1982742423e+05 2.1977809637e+05
122.0610 1.088743e-02 1.589635e-02 1.714602e-04 2.821157e-04 4.427350e-04 1.202207e-03 4.4262499359e+04 2.1981025546e+05 2.1979302104e+05
123.0615 1.088108e-02 1.601991e-02 1.789189e-04 2.762009e-04 4.124919e-04 1.138085e-03 4.4264738490e+04 2.1979086996e+05 2.1981014121e+05
124.0620 1.102528e-02 1.616973e-02 1.811420e-04 2.831385e-04 4.383660e-04 1.178262e-03 4.4266847718e+04 2.1977382869e+05 2.1982490772e+05
125.0625 1.088511e-02 1.580317e-02 1.617288e-04 2.850909e-04 4.037686e-04 1.229896e-03 4.4269070086e+04 2.1976328332e+05 2.1983348586e+05
126.0630 1.077941e-02 1.602914e-02 1.891675e-04 2.774359e-04 3.910085e-04 1.219095e-03 4.4271387694e+04 2.1976097329e+05 2.1983347511e+05
127.0635 1.083566e-02 1.580095e-02 1.659856e-04 2.642651e-04 4.072395e-04 1.249573e-03 4.4273693639e+04 2.1976756075e+05 2.1982459846e+05
128.0640 1.080080e-02 1.595754e-02 1.702329e-04 2.629272e-04 3.838693e-04 1.332327e-03 4.4275904374e+04 2.1978109154e+05 2.1980877683e+05
129.0645 1.082654e-02 1.584960e-02 1.586336e-04 2.827924e-04 3.462343e-04 1.306708e-03 4.4278068603e+04 2.1979821916e+05 2.1978959887e+05
130.0650 1.087897e-02 1.631403e-02 1.607559e-04 2.699923e-04 3.662506e-04 1.335187e-03 4.4280218421e+04 2.1981393205e+05 2.1977145895e+05
131.0655 1.094926e-02 1.604746e-02 2.043045e-04 2.578803e-04 3.588779e-04 1.330711e-03 4.4282462620e+04 2.1982468370e+05 2.1975857404e+05
132.0660 1.080991e-02 1.581155e-02 1.679093e-04 2.455355e-04 3.237480e-04 1.318099e-03 4.4284832388e+04 2.1982721520e+05 2.1975383898e+05
133.0665 1.089926e-02 1.586506e-02 1.892617e-04 2.612785e-04 3.771243e-04 1.358508e-03 4.4287027188e+04 2.1982070692e+05 2.1975804398e+05
134.0670 1.092994e-02 1.593996e-02 1.665876e-04 2.803440e-04 3.992677e-04 1.316074e-03 4.4289247854e+04 2.1980652838e+05 2.1977000385e+05
135.0675 1.070260e-02 1.581859e-02 1.902927e-04 2.592816e-04 3.632853e-04 1.337416e-03 4.4291561071e+04 2.1978784859e+05 2.1978647680e+05
136.0680 1.096414e-02 1.623692e-02 1.585605e-04 2.943901e-04 4.444176e-04 1.371166e-03 4.4293792106e+04 2.1976864526e+05 2.1980312523e+05
137.0685 1.096280e-02 1.617312e-02 1.780546e-04 2.882856e-04 3.863923e-04 1.297387e-03 4.4296100661e+04 2.1975390058e+05 2.1981564247e+05
138.0690 1.084887e-02 1.608411e-02 1.793838e-04 2.733010e-04 4.161882e-04 1.328839e-03 4.4298379326e+04 2.1974670899e+05 2.1982062605e+05
139.0695 1.099446e-02 1.650249e-02 1.674812e-04 2.954349e-04 4.385301e-04 1.336508e-03 4.4300531749e+04 2.1974832782e+05 2.1981659468e+05
140.0700 1.088558e-02 1.640481e-02 1.642867e-04 2.940751e-04 4.212359e-04 1.331359e-03 4.4302829062e+04 2.1975844621e+05 2.1980426244e+05
141.0705 1.090197e-02 1.604863e-02 1.679080e-04 2.851280e-04 4.132535e-04 1.318628e-03 4.4305065203e+04 2.1977430296e+05 2.1978636176e+05
142.0710 1.097553e-02 1.597515e-02 1.879327e-04 2.819073e-04 4.081848e-04 1.341236e-03 4.4307278607e+04 2.1979142218e+05 2.1976700203e+05
143.0715 1.093824e-02 1.593441e-02 1.752646e-04 2.921986e-04 4.028567e-04 1.423515e-03 4.4309588384e+04 2.1980547361e+05 2.1975063684e+05
144.0720 1.092152e-02 1.616993e-02 1.513582e-04 2.720425e-04 4.063672e-04 1.367662e-03 4.4311857776e+04 2.1981276218e+05 2.1974102146e+05
145.0725 1.106792e-02 1.608326e-02 1.646436e-04 2.772841e-04 3.570285e-04 1.394930e-03 4.4314053487e+04 2.1981132528e+05 2.1974022700e+05
146.0730 1.099028e-02 1.619299e-02 1.821110e-04 2.676366e-04 3.678179e-04 1.488454e-03 4.4316319134e+04 2.1980096125e+05 2.1974823114e+05
147.0735 1.098136e-02 1.628476e-02 1.867229e-04 2.603160e-04 3.745942e-04 1.446221e-03 4.4318606569e+04 2.1978408538e+05 2.1976278566e+05
148.0740 1.099941e-02 1.631241e-02 1.761181e-04 2.657247e-04 3.525211e-04 1.405297e-03 4.4320847007e+04 2.1976467683e+05 2.1978000709e+05
149.0745 1.078054e-02 1.584625e-02 1.731785e-04 2.637570e-04 3.682640e-04 1.484805e-03 4.4323089657e+04 2.1974735292e+05 2.1979537651e+05
150.0750 1.094541e-02 1.611708e-02 1.719345e-04 2.839513e-04 3.891859e-04 1.443951e-03 4.4325222962e+04 2.1973560727e+05 2.1980482299e+05
151.0755 1.110843e-02 1.606946e-02 1.692690e-04 2.525651e-04 3.654440e-04 1.478856e-03 4.4327432640e+04 2.1973241437e+05 2.1980576381e+05
152.0760 1.110273e-02 1.600180e-02 1.785127e-04 2.990258e-04 4.213073e-04 1.433501e-03 4.4329721426e+04 2.1973820597e+05 2.1979762033e+05
153.0765 1.096307e-02 1.624983e-02 1.748179e-04 2.798688e-04 3.938812e-04 1.467187e-03 4.4331982231e+04 2.1975127045e+05 2.1978229772e+05
154.0770 1.103029e-02 1.608711e-02 1.924912e-04 2.825687e-04 4.178809e-04 1.418090e-03 4.4334170945e+04 2.1976814396e+05 2.1976321298e+05
155.0775 1.092387e-02 1.617653e-02 1.554002e-04 3.026544e-04 4.160521e-04 1.447759e-03 4.4336456822e+04 2.1978429543e+05 2.1974480602e+05
156.0780 1.098616e-02 1.614490e-02 1.598597e-04 2.872075e-04 4.413246e-04 1.471211e-03 4.4338731503e+04 2.1979548208e+05 2.1973131616e+05
157.0785 1.089253e-02 1.618641e-02 1.701153e-04 2.984503e-04 4.201537e-04 1.469964e-03 4.4341009154e+04 2.1979882229e+05 2.1972574203e+05
158.0790 1.107839e-02 1.628768e-02 1.695538e-04 2.906646e-04 4.172276e-04 1.438163e-03 4.4343264814e+04 2.1979293844e+05 2.1972923358e+05
159.0795 1.089602e-02 1.600235e-02 1.722021e-04 2.820270e-04 4.221877e-04 1.530629e-03 4.4345579199e+04 2.1977945689e+05 2.1974057912e+05
160.0800 1.093097e-02 1.618299e-02 1.535705e-04 3.067533e-04 4.258840e-04 1.512237e-03 4.4347866826e+04 2.1976099460e+05 2.1975668291e+05
161.0805 1.099701e-02 1.647041e-02 1.730522e-04 2.817223e-04 4.074058e-04 1.480758e-03 4.4350165730e+04 2.1974184863e+05 2.1977338849e+05
162.0810 1.098108e-02 1.622540e-02 1.613168e-04 3.019358e-04 3.993117e-04 1.609720e-03 4.4352461182e+04 2.1972668074e+05 2.1978631799e+05
163.0815 1.109981e-02 1.607769e-02 1.797071e-04 2.729680e-04 3.950868e-04 1.544811e-03 4.4354741686e+04 2.1971871505e+05 2.1979202959e+05
164.0820 1.100245e-02 1.628326e-02 1.480193e-04 3.105696e-04 4.104468e-04 1.586568e-03 4.4356976443e+04 2.1971966030e+05 2.1978880342e+05
165.0825 1.091410e-02 1.602331e-02 1.638894e-04 2.802861e-04 3.931707e-04 1.617258e-03 4.4359174335e+04 2.1972922033e+05 2.1977721149e+05
166.0830 1.111241e-02 1.637475e-02 1.591589e-04 3.136607e-04 4.220974e-04 1.564944e-03 4.4361377904e+04 2.1974421172e+05 2.1975976358e+05
167.0835 1.096229e-02 1.619696e-02 1.520228e-04 3.057308e-04 3.767951e-04 1.590565e-03 4.4363698641e+04 2.1976130907e+05 2.1974051960e+05
168.0840 1.106257e-02 1.620849e-02 1.704017e-04 3.266945e-04 4.322019e-04 1.590991e-03 4.4366004629e+04 2.1977554665e+05 2.1972389574e+05
169.0845 1.098071e-02 1.611447e-02 1.621486e-04 3.142391e-04 4.331369e-04 1.576433e-03 4.4368363446e+04 2.1978343561e+05 2.1971373586e+05
170.0850 1.083979e-02 1.620973e-02 1.836880e-04 3.067696e-04 4.118546e-04 1.566062e-03 4.4370656555e+04 2.1978269543e+05 2.1971218177e+05
171.0855 1.107364e-02 1.647649e-02 1.541696e-04 3.557228e-04 4.632618e-04 1.566013e-03 4.4372738530e+04 2.1977315764e+05 2.1971938349e+05
172.0860 1.095233e-02 1.596434e-02 1.708952e-04 2.994884e-04 4.115021e-04 1.580868e-03 4.4374967495e+04 2.1975729371e+05 2.1973334411e+05
173.0865 1.096512e-02 1.610266e-02 1.624418e-04 3.271944e-04 4.514037e-04 1.622226e-03 4.4377186288e+04 2.1973816458e+05 2.1975017436e+05
174.0870 1.107663e-02 1.648249e-02 1.775688e-04 3.090690e-04 4.477725e-04 1.603281e-03 4.4379496507e+04 2.1972024631e+05 2.1976554773e+05
175.0875 1.092846e-02 1.626683e-02 1.612596e-04 3.059947e-04 4.532741e-04 1.638748e-03 4.4381868533e+04 2.1970818595e+05 2.1977538589e+05
176.0880 1.117111e-02 1.634432e-02 1.630643e-04 2.987019e-04 4.480795e-04 1.649027e-03 4.4384044938e+04 2.1970421074e+05 2.1977706680e+05
177.0885 1.114808e-02 1.664195e-02 1.713206e-04 2.949296e-04 4.345470e-04 1.677479e-03 4.4386281820e+04 2.1970892683e+05 2.1976992336e+05
178.0890 1.094836e-02 1.579613e-02 1.393291e-04 3.136888e-04 4.414593e-04 1.693350e-03 4.4388640283e+04 2.1972163165e+05 2.1975536872e+05
179.0895 1.111154e-02 1.622791e-02 1.780310e-04 3.075198e-04 4.490884e-04 1.735812e-03 4.4390889898e+04 2.1973768953e+05 2.1973670564e+05
180.0900 1.102054e-02 1.615524e-02 1.642301e-04 2.750509e-04 4.094525e-04 1.677519e-03 4.4393199430e+04 2.1975399518e+05 2.1971824312e+05
181.0905 1.084219e-02 1.596437e-02 1.599281e-04 2.999742e-04 4.326446e-04 1.780779e-03 4.4395410347e+04 2.1976598855e+05 2.1970416133e+05
182.0910 1.124342e-02 1.636874e-02 1.709968e-04 2.999629e-04 4.007032e-04 1.711935e-03 4.4397405375e+04 2.1977008146e+05 2.1969773890e+05
183.0915 1.108248e-02 1.605762e-02 1.633637e-04 3.034471e-04 4.286898e-04 1.771044e-03 4.4399704119e+04 2.1976545904e+05 2.1970021746e+05
184.0920 1.109257e-02 1.641180e-02 1.566258e-04 3.040419e-04 4.303159e-04 1.748831e-03 4.4402008694e+04 2.1975248271e+05 2.1971075663e+05
185.0925 1.124471e-02 1.710382e-02 1.730323e-04 3.406966e-04 4.485794e-04 1.753214e-03 4.4404287527e+04 2.1973413455e+05 2.1972645547e+05
186.0930 1.111443e-02 1.622227e-02 1.462295e-04 3.271809e-04 4.448540e-04 1.735902e-03 4.4406680328e+04 2.1971541659e+05 2.1974325013e+05
187.0935 1.103441e-02 1.620068e-02 1.618432e-04 3.579242e-04 4.952588e-04 1.751565e-03 4.4409019870e+04 2.1969960512e+05 2.1975671125e+05
188.0940 1.098633e-02 1.657727e-02 1.846294e-04 3.204941e-04 4.687294e-04 1.745403e-03 4.4411317922e+04 2.1969056793e+05 2.1976332949e+05
189.0945 1.093342e-02 1.638388e-02 1.610749e-04 3.593390e-04 5.016463e-04 1.780877e-03 4.4413529690e+04 2.1969069065e+05 2.1976109068e+05
190.0950 1.088690e-02 1.603188e-02 1.597328e-04 3.427942e-04 5.050675e-04 1.706474e-03 4.4415737877e+04 2.1969946517e+05 2.1975034597e+05
191.0955 1.112620e-02 1.625829e-02 1.604844e-04 3.334322e-04 4.743211e-04 1.805018e-03 4.4417921203e+04 2.1971389760e+05 2.1973346285e+05
192.0960 1.112666e-02 1.642088e-02 1.671563e-04 3.379573e-04 5.052349e-04 1.806578e-03 4.4420323480e+04 2.1973061341e+05 2.1971420869e+05
193.0965 1.106636e-02 1.624895e-02 1.577487e-04 3.248754e-04 4.640649e-04 1.846634e-03 4.4422663297e+04 2.1974551834e+05 2.1969706762e+05
194.0970 1.089755e-02 1.629788e-02 1.615562e-04 3.007202e-04 4.586861e-04 1.832086e-03 4.4424903480e+04 2.1975451702e+05 2.1968595143e+05
195.0975 1.111837e-02 1.651434e-02 1.731843e-04 2.950519e-04 4.497157e-04 1.863439e-03 4.4426943462e+04 2.1975492824e+05 2.1968326662e+05
196.0980 1.113326e-02 1.630307e-02 1.777665e-04 2.999829e-04 4.451110e-04 1.863504e-03 4.4429128685e+04 2.1974665682e+05 2.1968940102e+05
197.0985 1.095909e-02 1.623378e-02 1.593140e-04 3.147567e-04 4.689823e-04 1.962689e-03 4.4431487956e+04 2.1973114740e+05 2.1970261986e+05
198.0990 1.112361e-02 1.619771e-02 1.769545e-04 2.993976e-04 4.278650e-04 1.866937e-03 4.4433659961e+04 2.1971217181e+05 2.1971942561e+05
199.0995 1.097197e-02 1.595856e-02 1.507188e-04 3.168884e-04 4.586208e-04 1.878863e-03 4.4435943380e+04 2.1969406093e+05 2.1973544368e+05
200.1000 1.097482e-02 1.599835e-02 1.721628e-04 3.279963e-04 4.495506e-04 1.944803e-03 4.4438249757e+04 2.1968065537e+05 2.1974651925e+05
201.1005 1.120098e-02 1.614534e-02 1.415176e-04 3.354594e-04 4.684552e-04 1.910691e-03 4.4440438381e+04 2.1967511872e+05 2.1974968018e+05
202.1010 1.105936e-02 1.614075e-02 1.726402e-04 3.411953e-04 4.906214e-04 1.905417e-03 4.4442655477e+04 2.1967880625e+05 2.1974383657e+05
203.1015 1.120991e-02 1.643883e-02 1.705529e-04 3.365666e-04 4.786980e-04 1.824776e-03 4.4444783694e+04 2.1969014268e+05 2.1973019077e+05
204.1020 1.139704e-02 1.633448e-02 1.636199e-04 3.839388e-04 5.002289e-04 1.884510e-03 4.4446924164e+04 2.1970633238e+05 2.1971177649e+05
205.1025 1.108964e-02 1.652865e-02 1.795600e-04 3.736493e-04 4.894561e-04 1.871711e-03 4.4449381707e+04 2.1972281634e+05 2.1969289352e+05
206.1030 1.101912e-02 1.658599e-02 1.543510e-04 3.871085e-04 5.546580e-04 1.834176e-03 4.4451697662e+04 2.1973559579e+05 2.1967775995e+05
207.1035 1.117498e-02 1.642217e-02 1.795391e-04 3.484786e-04 4.864120e-04 1.938064e-03 4.4453943214e+04 2.1974125503e+05 2.1966988270e+05
208.1040 1.117117e-02 1.660398e-02 1.516394e-04 3.660908e-04 5.311782e-04 1.858128e-03 4.4456425984e+04 2.1973773026e+05 2.1967083935e+05
209.1045 1.123263e-02 1.673602e-02 1.741673e-04 3.582862e-04 5.046375e-04 1.936230e-03 4.4458693147e+04 2.1972602767e+05 2.1968015824e+05
210.1050 1.144883e-02 1.651548e-02 1.762118e-04 3.412607e-04 4.831073e-04 1.958027e-03 4.4460928661e+04 2.1970870476e+05 2.1969523887e+05
211.1055 1.126064e-02 1.674325e-02 1.871040e-04 3.396827e-04 5.241654e-04 2.005573e-03 4.4463418523e+04 2.1968932358e+05 2.1971208107e+05
212.1060 1.137347e-02 1.664349e-02 1.603618e-04 3.281816e-04 4.972139e-04 2.036662e-03 4.4465774312e+04 2.1967280145e+05 2.1972626381e+05
213.1065 1.131272e-02 1.657639e-02 1.753389e-04 3.133333e-04 4.760902e-04 2.044207e-03 4.4468116886e+04 2.1966284992e+05 2.1973392068e+05
214.1070 1.116830e-02 1.637460e-02 1.677730e-04 3.201605e-04 5.065863e-04 2.099571e-03 4.4470500588e+04 2.1966166687e+05 2.1973286777e+05
215.1075 1.128945e-02 1.602618e-02 1.630763e-04 3.455279e-04 5.244112e-04 2.054960e-03 4.4472811393e+04 2.1966915265e+05 2.1972317745e+05
216.1080 1.109083e-02 1.628983e-02 1.825328e-04 3.110573e-04 4.847737e-04 2.139657e-03 4.4475155849e+04 2.1968297722e+05 2.1970698709e+05
217.1085 1.110582e-02 1.618207e-02 1.628526e-04 3.311079e-04 4.730366e-04 2.034701e-03 4.4477328336e+04 2.1969992193e+05 2.1968793019e+05
218.1090 1.121495e-02 1.615411e-02 1.786275e-04 3.604823e-04 5.480256e-04 2.128011e-03 4.4479325141e+04 2.1971534083e+05 2.1967039731e+05
219.1095 1.121903e-02 1.670852e-02 1.833767e-04 3.547075e-04 5.393596e-04 2.069001e-03 4.4481399122e+04 2.1972484773e+05 2.1965855997e+05
220.1100 1.124157e-02 1.655009e-02 1.611260e-04 3.563342e-04 4.815587e-04 2.022847e-03 4.4483733661e+04 2.1972615923e+05 2.1965504755e+05
221.1105 1.144870e-02 1.643003e-02 1.864888e-04 3.675061e-04 5.523033e-04 2.095686e-03 4.4486014080e+04 2.1971854581e+05 2.1966027427e+05
222.1110 1.123416e-02 1.650534e-02 1.684703e-04 3.865389e-04 5.694926e-04 2.020212e-03 4.4488422889e+04 2.1970374514e+05 2.1967275081e+05
223.1115 1.104742e-02 1.591276e-02 1.683136e-04 4.212590e-04 5.367464e-04 2.024579e-03 4.4490611082e+04 2.1968552460e+05 2.1968912687e+05
224.1120 1.130823e-02 1.625334e-02 1.773551e-04 4.124485e-04 5.987050e-04 2.076202e-03 4.4492598508e+04 2.1966717862e+05 2.1970515511e+05
225.1125 1.116600e-02 1.629194e-02 1.597694e-04 4.262022e-04 5.943376e-04 2.012436e-03 4.4494910998e+04 2.1965346453e+05 2.1971668634e+05
226.1130 1.114142e-02 1.626025e-02 1.941988e-04 4.085629e-04 5.603380e-04 2.048691e-03 4.4497357033e+04 2.1964706246e+05 2.1972065332e+05
227.1135 1.136053e-02 1.641270e-02 1.671132e-04 4.311028e-04 6.079723e-04 2.051099e-03 4.4499778654e+04 2.1964930469e+05 2.1971575816e+05
228.1140 1.125934e-02 1.642620e-02 1.805633e-04 3.942925e-04 5.752576e-04 2.146684e-03 4.4502110624e+04 2.1965986549e+05 2.1970292878e+05
229.1145 1.129257e-02 1.629251e-02 1.555088e-04 4.110253e-04 5.560762e-04 2.183394e-03 4.4504394873e+04 2.1967553248e+05 2.1968500155e+05
230.1150 1.115044e-02 1.632900e-02 1.949085e-04 3.696171e-04 5.901708e-04 2.235467e-03 4.4506746368e+04 2.1969219426e+05 2.1966603078e+05
231.1155 1.135151e-02 1.655097e-02 1.576449e-04 3.512407e-04 5.189097e-04 2.192252e-03 4.4509026278e+04 2.1970538793e+05 2.1965040571e+05
232.1160 1.114963e-02 1.623026e-02 1.762704e-04 3.554059e-04 5.454147e-04 2.326638e-03 4.4511474443e+04 2.1971199144e+05 2.1964155610e+05
233.1165 1.114406e-02 1.646813e-02 1.674030e-04 3.547076e-04 5.276814e-04 2.307728e-03 4.4513839567e+04 2.1970963321e+05 2.1964143509e+05
234.1170 1.137336e-02 1.645161e-02 1.652111e-04 3.471328e-04 5.730393e-04 2.355232e-03 4.4516028987e+04 2.1969902219e+05 2.1964969758e+05
235.1175 1.140036e-02 1.634451e-02 1.766758e-04 3.332262e-04 5.264278e-04 2.323351e-03 4.4518319241e+04 2.1968242867e+05 2.1966409254e+05
236.1180 1.136979e-02 1.662726e-02 1.528466e-04 3.689238e-04 5.255497e-04 2.317781e-03 4.4520572042e+04 2.1966332513e+05 2.1968082769e+05
237.1185 1.156165e-02 1.670401e-02 1.919184e-04 3.664014e-04 5.691659e-04 2.273709e-03 4.4522742687e+04 2.1964635589e+05 2.1969550340e+05
238.1190 1.124765e-02 1.636615e-02 1.682714e-04 3.752181e-04 5.886262e-04 2.270652e-03 4.4525048783e+04 2.1963557837e+05 2.1970428923e+05
239.1195 1.138814e-02 1.643395e-02 1.817727e-04 4.135245e-04 5.825672e-04 2.276470e-03 4.4527056830e+04 2.1963294670e+05 2.1970476429e+05
240.1200 1.156218e-02 1.673068e-02 1.687083e-04 4.128857e-04 6.000489e-04 2.255545e-03 4.4529172021e+04 2.1963884391e+05 2.1969657031e+05
241.1205 1.123765e-02 1.631315e-02 1.873484e-04 4.422280e-04 6.412228e-04 2.205462e-03 4.4531488657e+04 2.1965196569e+05 2.1968142795e+05
242.1210 1.138649e-02 1.649783e-02 1.635310e-04 4.942034e-04 6.577452e-04 2.262604e-03 4.4533709416e+04 2.1966811848e+05 2.1966286011e+05
243.1215 1.133645e-02 1.667559e-02 1.658692e-04 4.453855e-04 6.289993e-04 2.181494e-03 4.4536065779e+04 2.1968347384e+05 2.1964516783e+05
244.1220 1.124200e-02 1.675922e-02 1.902391e-04 4.684661e-04 6.795356e-04 2.292982e-03 4.4538374388e+04 2.1969397396e+05 2.1963231196e+05
245.1225 1.154514e-02 1.670508e-02 1.687606e-04 4.465764e-04 6.269276e-04 2.258891e-03 4.4540633064e+04 2.1969664921e+05 2.1962729534e+05
246.1230 1.142435e-02 1.698457e-02 1.842762e-04 4.637784e-04 6.553079e-04 2.260535e-03 4.4543155531e+04 2.1969034336e+05 2.1963099465e+05
247.1235 1.135841e-02 1.623636e-02 1.880101e-04 4.385576e-04 6.394931e-04 2.352876e-03 4.4545533228e+04 2.1967702803e+05 2.1964225659e+05
248.1240 1.124856e-02 1.618109e-02 1.716760e-04 4.033630e-04 6.131979e-04 2.448497e-03 4.4547846699e+04 2.1965907736e+05 2.1965798780e+05
249.1245 1.134798e-02 1.644654e-02 1.632200e-04 3.931031e-04 6.063929e-04 2.420873e-03 4.4550181679e+04 2.1964057814e+05 2.1967398198e+05
250.1250 1.141266e-02 1.635419e-02 1.686724e-04 3.853214e-04 6.096892e-04 2.557631e-03 4.4552686958e+04 2.1962596820e+05 2.1968603341e+05
251.1255 1.128481e-02 1.632666e-02 1.680693e-04 3.703096e-04 5.935274e-04 2.534704e-03 4.4555208990e+04 2.1961870095e+05 2.1969086085e+05
252.1260 1.142432e-02 1.624928e-02 1.669162e-04 3.437525e-04 5.332167e-04 2.598750e-03 4.4557459564e+04 2.1962030445e+05 2.1968698873e+05
253.1265 1.130036e-02 1.644387e-02 1.767384e-04 3.678247e-04 6.087227e-04 2.614076e-03 4.4559758161e+04 2.1962991420e+05 2.1967499685e+05
254.1270 1.135481e-02 1.649446e-02 1.621368e-04 3.516331e-04 5.671913e-04 2.596777e-03 4.4561994566e+04 2.1964494246e+05 2.1965769675e+05
255.1275 1.144464e-02 1.653765e-02 1.518774e-04 3.800037e-04 5.722579e-04 2.606967e-03 4.4564164523e+04 2.1966148183e+05 2.1963893703e+05
256.1280 1.132871e-02 1.623676e-02 1.857425e-04 3.929537e-04 5.999921e-04 2.578295e-03 4.4566369865e+04 2.1967533248e+05 2.1962304464e+05
257.1285 1.134375e-02 1.627223e-02 1.627151e-04 4.178351e-04 6.459941e-04 2.509819e-03 4.4568536375e+04 2.1968256109e+05 2.1961367080e+05
258.1290 1.157645e-02 1.670185e-02 1.617238e-04 4.460164e-04 6.171331e-04 2.535440e-03 4.4570552009e+04 2.1968101131e+05 2.1961286106e+05
259.1295 1.136615e-02 1.657409e-02 1.847629e-04 4.529134e-04 6.584599e-04 2.391568e-03 4.4572883123e+04 2.1967128919e+05 2.1962046127e+05
260.1300 1.147463e-02 1.679800e-02 1.799094e-04 5.463378e-04 7.519212e-04 2.452867e-03 4.4575059576e+04 2.1965493660e+05 2.1963437105e+05
261.1305 1.160873e-02 1.700175e-02 1.698793e-04 5.270866e-04 7.047422e-04 2.407078e-03 4.4577249609e+04 2.1963591548e+05 2.1965113353e+05
262.1310 1.122803e-02 1.649320e-02 1.644028e-04 4.964930e-04 7.225458e-04 2.409883e-03 4.4579768347e+04 2.1961864060e+05 2.1966630121e+05
263.1315 1.135184e-02 1.655059e-02 1.745338e-04 5.618847e-04 7.859669e-04 2.430323e-03 4.4582021506e+04 2.1960664335e+05 2.1967585175e+05
264.1320 1.158876e-02 1.673353e-02 1.666028e-04 5.166332e-04 7.148083e-04 2.470496e-03 4.4584275262e+04 2.1960284497e+05 2.1967728705e+05
265.1325 1.144010e-02 1.692124e-02 1.564345e-04 5.189071e-04 7.819912e-04 2.522107e-03 4.4586889338e+04 2.1960759198e+05 2.1966978978e+05
266.1330 1.154444e-02 1.641451e-02 1.740169e-04 4.705264e-04 6.926043e-04 2.607469e-03 4.4589405369e+04 2.1962006215e+05 2.1965501622e+05
267.1335 1.151194e-02 1.696556e-02 1.809190e-04 4.640625e-04 7.083048e-04 2.657393e-03 4.4591943572e+04 2.1963621304e+05 2.1963609631e+05
268.1340 1.146397e-02 1.694066e-02 1.648150e-04 4.339246e-04 6.614620e-04 2.751559e-03 4.4594467162e+04 2.1965239273e+05 2.1961738405e+05
269.1345 1.158201e-02 1.670473e-02 1.653420e-04 4.285802e-04 6.659670e-04 2.818352e-03 4.4596928690e+04 2.1966425921e+05 2.1960311879e+05
270.1350 1.137566e-02 1.692740e-02 1.666983e-04 3.800463e-04 6.342567e-04 2.894075e-03 4.4599431256e+04 2.1966837474e+05 2.1959652916e+05
271.1355 1.111550e-02 1.622659e-02 1.523116e-04 3.862238e-04 6.196913e-04 2.902167e-03 4.4601832859e+04 2.1966413388e+05 2.1959881187e+05
272.1360 1.122728e-02 1.659942e-02 1.804478e-04 4.000541e-04 6.232744e-04 2.916443e-03 4.4604032655e+04 2.1965140504e+05 2.1960911298e+05
273.1365 1.138192e-02 1.684144e-02 1.515943e-04 3.933015e-04 6.059585e-04 2.854801e-03 4.4606248549e+04 2.1963345413e+05 2.1962468467e+05
274.1370 1.141731e-02 1.635350e-02 1.759961e-04 4.442896e-04 6.368254e-04 2.905056e-03 4.4608427613e+04 2.1961468216e+05 2.1964138054e+05
275.1375 1.149353e-02 1.668753e-02 1.706581e-04 4.485200e-04 6.605035e-04 2.769369e-03 4.4610563964e+04 2.1959881641e+05 2.1965498507e+05
276.1380 1.147981e-02 1.674823e-02 1.661767e-04 5.010682e-04 6.950915e-04 2.718897e-03 4.4612583316e+04 2.1958989105e+05 2.1966185473e+05
277.1385 1.139419e-02 1.652860e-02 1.669066e-04 5.389558e-04 7.405386e-04 2.724899e-03 4.4614655746e+04 2.1958971983e+05 2.1966005340e+05
278.1390 1.148142e-02 1.660643e-02 1.683238e-04 5.584057e-04 7.660553e-04 2.499124e-03 4.4616748110e+04 2.1959782793e+05 2.1964983284e+05
279.1395 1.143162e-02 1.681084e-02 1.701342e-04 6.383994e-04 8.819020e-04 2.615228e-03 4.4618917923e+04 2.1961192783e+05 2.1963342276e+05
280.1400 1.166047e-02 1.683795e-02 1.640937e-04 6.102745e-04 8.108304e-04 2.485091e-03 4.4621183687e+04 2.1962819633e+05 2.1961481483e+05
281.1405 1.160292e-02 1.665983e-02 1.591276e-04 6.185652e-04 8.868631e-04 2.554672e-03 4.4623605384e+04 2.1964256229e+05 2.1959811156e+05
282.1410 1.179132e-02 1.693660e-02 1.862899e-04 5.937693e-04 8.458234e-04 2.550342e-03 4.4626120581e+04 2.1965062417e+05 2.1958728296e+05
283.1415 1.161081e-02 1.619647e-02 1.754594e-04 6.033127e-04 8.668280e-04 2.645682e-03 4.4628775435e+04 2.1965111936e+05 2.1958455818e+05
284.1420 1.151583e-02 1.654390e-02 1.636650e-04 5.666303e-04 8.136562e-04 2.735794e-03 4.4631439363e+04 2.1964258345e+05 2.1959031481e+05
285.1425 1.160374e-02 1.663026e-02 1.778709e-04 5.133558e-04 7.733879e-04 2.923815e-03 4.4633902239e+04 2.1962761783e+05 2.1960271905e+05
286.1430 1.170722e-02 1.689427e-02 1.944477e-04 4.827567e-04 6.896689e-04 2.962133e-03 4.4636365497e+04 2.1960920537e+05 2.1961846993e+05
287.1435 1.161435e-02 1.690258e-02 1.792510e-04 4.650081e-04 6.768082e-04 3.132537e-03 4.4639047605e+04 2.1959169472e+05 2.1963332625e+05
288.1440 1.152962e-02 1.679297e-02 1.883297e-04 4.274790e-04 6.466702e-04 3.211575e-03 4.4641730832e+04 2.1957910604e+05 2.1964328106e+05
289.1445 1.163394e-02 1.685073e-02 1.784542e-04 3.897002e-04 5.786944e-04 3.266441e-03 4.4644267417e+04 2.1957420546e+05 2.1964557566e+05
290.1450 1.163306e-02 1.666773e-02 1.770776e-04 4.218784e-04 6.134654e-04 3.259716e-03 4.4646693666e+04 2.1957820582e+05 2.1963923785e+05
291.1455 1.159184e-02 1.655805e-02 1.855489e-04 4.283018e-04 6.345331e-04 3.279544e-03 4.4648923238e+04 2.1958965690e+05 2.1962557211e+05
292.1460 1.138623e-02 1.652987e-02 1.540612e-04 4.781046e-04 6.894184e-04 3.116489e-03 4.4651045226e+04 2.1960567488e+05 2.1960761293e+05
293.1465 1.148847e-02 1.649390e-02 1.809700e-04 5.516636e-04 7.659456e-04 3.136649e-03 4.4653042270e+04 2.1962174671e+05 2.1958946089e+05
294.1470 1.155412e-02 1.666522e-02 1.646827e-04 5.737732e-04 8.159374e-04 2.882773e-03 4.4655256786e+04 2.1963350817e+05 2.1957545239e+05
295.1475 1.165051e-02 1.667490e-02 1.717630e-04 6.314265e-04 9.228690e-04 2.948325e-03 4.4657472351e+04 2.1963785827e+05 2.1956874006e+05
296.1480 1.179525e-02 1.666728e-02 1.760271e-04 6.165023e-04 8.739820e-04 2.669875e-03 4.4659536952e+04 2.1963364570e+05 2.1957094150e+05
297.1485 1.172740e-02 1.694642e-02 1.720416e-04 7.311813e-04 1.035371e-03 2.687657e-03 4.4661550639e+04 2.1962123725e+05 2.1958110716e+05
298.1490 1.172450e-02 1.697778e-02 2.007970e-04 7.106770e-04 1.020362e-03 2.719364e-03 4.4663615569e+04 2.1960362109e+05 2.1959667212e+05
299.1495 1.159699e-02 1.640277e-02 1.591751e-04 6.701034e-04 9.411781e-04 2.640479e-03 4.4665897841e+04 2.1958485893e+05 2.1961356825e+05
300.1500 1.160694e-02 1.661311e-02 1.654226e-04 7.318612e-04 1.039111e-03 2.833950e-03 4.4668244470e+04 2.1956857744e+05 2.1962721101e+05
301.1505 1.164432e-02 1.681589e-02 1.779167e-04 6.820844e-04 9.193562e-04 2.902134e-03 4.4670857671e+04 2.1955895860e+05 2.1963417210e+05
302.1510 1.167139e-02 1.657489e-02 1.813760e-04 6.250944e-04 8.844385e-04 3.005689e-03 4.4673666371e+04 2.1955816476e+05 2.1963223874e+05
303.1515 1.163238e-02 1.684544e-02 1.570847e-04 5.803738e-04 7.804403e-04 3.242548e-03 4.4676554135e+04 2.1956580780e+05 2.1962161065e+05
304.1520 1.167602e-02 1.666524e-02 1.821150e-04 5.207898e-04 7.280784e-04 3.323655e-03 4.4679348013e+04 2.1958022598e+05 2.1960446316e+05
305.1525 1.153786e-02 1.652970e-02 1.655728e-04 5.023196e-04 6.817128e-04 3.476942e-03 4.4681967988e+04 2.1959754702e+05 2.1958463849e+05
306.1530 1.159697e-02 1.637555e-02 1.714571e-04 4.836451e-04 6.823749e-04 3.565882e-03 4.4684368761e+04 2.1961314928e+05 2.1956655553e+05
307.1535 1.160871e-02 1.623192e-02 1.784800e-04 4.231825e-04 6.605666e-04 3.572562e-03 4.4686790828e+04 2.1962309133e+05 2.1955433326e+05
308.1540 1.141055e-02 1.621516e-02 1.740217e-04 4.634099e-04 6.738182e-04 3.546696e-03 4.4689329908e+04 2.1962439353e+05 2.1955059006e+05
309.1545 1.153810e-02 1.691958e-02 2.039450e-04 4.734095e-04 7.220529e-04 3.551444e-03 4.4691771900e+04 2.1961606486e+05 2.1955604395e+05
310.1550 1.170330e-02 1.671287e-02 1.716111e-04 4.854554e-04 8.017057e-04 3.398625e-03 4.4694116330e+04 2.1960065567e+05 2.1956913838e+05
311.1555 1.175874e-02 1.682284e-02 1.809739e-04 5.978866e-04 8.859130e-04 3.308645e-03 4.4696338296e+04 2.1958112799e+05 2.1958633148e+05
312.1560 1.183426e-02 1.672080e-02 1.755039e-04 6.120016e-04 9.225727e-04 3.166649e-03 4.4698339074e+04 2.1956228276e+05 2.1960324713e+05
313.1565 1.178171e-02 1.657549e-02 1.676743e-04 6.576114e-04 1.038579e-03 3.062185e-03 4.4700253155e+04 2.1954827376e+05 2.1961540426e+05
314.1570 1.167908e-02 1.675827e-02 1.728938e-04 7.422433e-04 1.095185e-03 2.964437e-03 4.4702239183e+04 2.1954200919e+05 2.1961965152e+05
315.1575 1.157431e-02 1.704308e-02 1.635133e-04 7.609951e-04 1.053348e-03 2.918510e-03 4.4704435613e+04 2.1954454088e+05 2.1961481049e+05
316.1580 1.169312e-02 1.692925e-02 1.603059e-04 8.470226e-04 1.189230e-03 2.960948e-03 4.4706706260e+04 2.1955539257e+05 2.1960165608e+05
317.1585 1.181655e-02 1.712053e-02 1.738784e-04 7.541057e-04 1.011176e-03 2.964438e-03 4.4709120881e+04 2.1957116712e+05 2.1958345646e+05
318.1590 1.179875e-02 1.698788e-02 1.552745e-04 7.961728e-04 1.099846e-03 3.124068e-03 4.4711689479e+04 2.1958787560e+05 2.1956409512e+05
319.1595 1.187186e-02 1.698308e-02 1.710635e-04 7.439506e-04 9.480725e-04 3.220304e-03 4.4714244425e+04 2.1960117739e+05 2.1954822347e+05
320.1600 1.196722e-02 1.671577e-02 1.651804e-04 7.277627e-04 9.453390e-04 3.409111e-03 4.4716838374e+04 2.1960767936e+05 2.1953920123e+05
321.1605 1.204730e-02 1.701294e-02 1.743806e-04 6.798569e-04 8.871105e-04 3.606949e-03 4.4719492076e+04 2.1960500554e+05 2.1953897402e+05
322.1610 1.173481e-02 1.735610e-02 1.551791e-04 6.150172e-04 7.772322e-04 3.644328e-03 4.4722413915e+04 2.1959384270e+05 2.1954723757e+05
323.1615 1.168970e-02 1.735145e-02 1.820272e-04 5.706185e-04 7.985375e-04 3.806862e-03 4.4725278050e+04 2.1957666520e+05 2.1956152366e+05
324.1620 1.179954e-02 1.658176e-02 1.853219e-04 5.353544e-04 7.527156e-04 3.905836e-03 4.4728051284e+04 2.1955762873e+05 2.1957809460e+05
325.1625 1.184360e-02 1.723052e-02 1.756460e-04 5.379983e-04 7.833134e-04 3.913734e-03 4.4730667607e+04 2.1954035816e+05 2.1959241139e+05
326.1630 1.174782e-02 1.675053e-02 1.620033e-04 5.210504e-04 8.402199e-04 3.869251e-03 4.4733202620e+04 2.1952985477e+05 2.1960062171e+05
327.1635 1.173903e-02 1.649793e-02 1.852149e-04 5.390014e-04 8.596890e-04 3.791661e-03 4.4735489252e+04 2.1952791642e+05 2.1960040809e+05
328.1640 1.160058e-02 1.669955e-02 1.711012e-04 5.760746e-04 9.627304e-04 3.738012e-03 4.4737681709e+04 2.1953452762e+05 2.1959153845e+05
329.1645 1.162344e-02 1.675469e-02 1.658324e-04 6.263392e-04 1.044088e-03 3.627858e-03 4.4739765175e+04 2.1954800678e+05 2.1957592310e+05
330.1650 1.168458e-02 1.693196e-02 1.767689e-04 6.878516e-04 1.149503e-03 3.470942e-03 4.4741904151e+04 2.1956462825e+05 2.1955705626e+05
331.1655 1.178429e-02 1.691434e-02 1.624311e-04 7.036958e-04 1.080314e-03 3.333810e-03 4.4744078876e+04 2.1958006043e+05 2.1953950448e+05
332.1660 1.171671e-02 1.707022e-02 2.066507e-04 8.021647e-04 1.258912e-03 3.299688e-03 4.4746320847e+04 2.1959001990e+05 2.1952714998e+05
333.1665 1.175226e-02 1.685988e-02 1.679907e-04 7.915543e-04 1.137251e-03 3.271411e-03 4.4748472594e+04 2.1959203323e+05 2.1952313784e+05
334.1670 1.189366e-02 1.729304e-02 1.829022e-04 8.494461e-04 1.201230e-03 3.269077e-03 4.4750628917e+04 2.1958478956e+05 2.1952792159e+05
335.1675 1.179856e-02 1.713722e-02 1.952594e-04 8.666531e-04 1.154588e-03 3.341253e-03 4.4752960333e+04 2.1957027592e+05 2.1954023653e+05
336.1680 1.187906e-02 1.690291e-02 1.731891e-04 8.188053e-04 1.046225e-03 3.471281e-03 4.4755230100e+04 2.1955151049e+05 2.1955677271e+05
337.1685 1.185719e-02 1.718898e-02 1.771141e-04 8.744377e-04 1.112036e-03 3.618126e-03 4.4757720742e+04 2.1953248414e+05 2.1957311001e+05
338.1690 1.202203e-02 1.736863e-02 1.777445e-04 7.890924e-04 9.422848e-04 3.714214e-03 4.4760488562e+04 2.1951747836e+05 2.1958520308e+05
339.1695 1.192709e-02 1.711340e-02 1.877305e-04 7.711869e-04 9.465624e-04 3.852820e-03 4.4763446346e+04 2.1951045969e+05 2.1958938907e+05
340.1700 1.203303e-02 1.735784e-02 1.876018e-04 7.050002e-04 8.704849e-04 4.057494e-03 4.4766308975e+04 2.1951242766e+05 2.1958442053e+05
341.1705 1.205086e-02 1.717281e-02 1.710818e-04 6.748145e-04 8.935379e-04 4.117295e-03 4.4769166405e+04 2.1952296892e+05 2.1957102518e+05
342.1710 1.185328e-02 1.698545e-02 1.661891e-04 6.655940e-04 9.316337e-04 4.119003e-03 4.4771989366e+04 2.1953921879e+05 2.1955214494e+05
343.1715 1.184131e-02 1.725444e-02 1.783098e-04 6.366109e-04 9.338528e-04 4.169495e-03 4.4774734518e+04 2.1955638553e+05 2.1953208957e+05
344.1720 1.185204e-02 1.697031e-02 1.678103e-04 6.577466e-04 1.039791e-03 4.149880e-03 4.4777400759e+04 2.1957061448e+05 2.1951528243e+05
345.1725 1.183735e-02 1.713714e-02 1.727224e-04 6.416498e-04 1.038565e-03 4.021579e-03 4.4780053464e+04 2.1957755026e+05 2.1950565197e+05
346.1730 1.173813e-02 1.693698e-02 1.678603e-04 6.964422e-04 1.202187e-03 3.984180e-03 4.4782658301e+04 2.1957561643e+05 2.1950510694e+05
347.1735 1.187516e-02 1.683982e-02 1.833595e-04 6.918442e-04 1.157950e-03 3.900604e-03 4.4785028612e+04 2.1956469043e+05 2.1951365040e+05
348.1740 1.199156e-02 1.686468e-02 1.687282e-04 7.996213e-04 1.289094e-03 3.816999e-03 4.4787309158e+04 2.1954724168e+05 2.1952866941e+05
349.1745 1.202796e-02 1.756181e-02 1.816718e-04 7.818748e-04 1.189733e-03 3.695608e-03 4.4789542037e+04 2.1952706081e+05 2.1954641596e+05
350.1750 1.201560e-02 1.728302e-02 1.834990e-04 8.462150e-04 1.280177e-03 3.770929e-03 4.4791686472e+04 2.1950932793e+05 2.1956204636e+05
351.1755 1.181599e-02 1.688114e-02 1.808214e-04 9.142961e-04 1.305043e-03 3.754395e-03 4.4793919385e+04 2.1949774760e+05 2.1957165819e+05
352.1760 1.192374e-02 1.732163e-02 1.737905e-04 8.851668e-04 1.118697e-03 3.782267e-03 4.4796139945e+04 2.1949426844e+05 2.1957278214e+05
353.1765 1.198087e-02 1.755196e-02 1.740309e-04 9.830128e-04 1.259771e-03 3.874807e-03 4.4798467882e+04 2.1949984822e+05 2.1956456438e+05
354.1770 1.214160e-02 1.705361e-02 1.807552e-04 9.162370e-04 1.083807e-03 3.898062e-03 4.4800919431e+04 2.1951307360e+05 2.1954915610e+05
355.1775 1.217741e-02 1.760747e-02 1.827508e-04 9.127730e-04 1.054015e-03 4.081782e-03 4.4803442308e+04 2.1952948813e+05 2.1952988804e+05
356.1780 1.191970e-02 1.722781e-02 1.698006e-04 9.314309e-04 1.101750e-03 4.165386e-03 4.4806230724e+04 2.1954555340e+05 2.1951121987e+05
357.1785 1.190038e-02 1.715500e-02 1.700725e-04 8.886813e-04 1.044488e-03 4.111551e-03 4.4808877281e+04 2.1955681858e+05 2.1949745805e+05
358.1790 1.194830e-02 1.728553e-02 1.835575e-04 8.891976e-04 1.074731e-03 4.293822e-03 4.4811484933e+04 2.1955991026e+05 2.1949154359e+05
359.1795 1.198116e-02 1.717834e-02 1.664788e-04 8.126884e-04 1.106294e-03 4.325640e-03 4.4814269614e+04 2.1955410912e+05 2.1949460836e+05
360.1800 1.188209e-02 1.755661e-02 1.980419e-04 8.168469e-04 1.146741e-03 4.300463e-03 4.4817291899e+04 2.1954009221e+05 2.1950545875e+05
361.1805 1.179458e-02 1.713941e-02 1.688460e-04 8.090968e-04 1.187980e-03 4.305140e-03 4.4820334353e+04 2.1952167995e+05 2.1952110046e+05
362.1810 1.209049e-02 1.696649e-02 1.847111e-04 8.003032e-04 1.267343e-03 4.319597e-03 4.4823187297e+04 2.1950249693e+05 2.1953729707e+05
363.1815 1.207772e-02 1.713804e-02 1.703684e-04 7.820204e-04 1.288713e-03 4.397536e-03 4.4826047916e+04 2.1948698889e+05 2.1954980104e+05
364.1820 1.197001e-02 1.724422e-02 1.593116e-04 7.771589e-04 1.298641e-03 4.240170e-03 4.4828749784e+04 2.1947905706e+05 2.1955510127e+05
365.1825 1.215968e-02 1.724755e-02 1.852380e-04 8.290271e-04 1.340536e-03 4.353960e-03 4.4831187954e+04 2.1948010173e+05 2.1955146528e+05
366.1830 1.193641e-02 1.717955e-02 1.802209e-04 8.228268e-04 1.309473e-03 4.235431e-03 4.4833765551e+04 2.1948965432e+05 2.1953955668e+05
367.1835 1.188379e-02 1.742327e-02 1.568482e-04 8.752695e-04 1.383264e-03 4.387842e-03 4.4836234708e+04 2.1950459143e+05 2.1952193539e+05
368.1840 1.224545e-02 1.756930e-02 1.617454e-04 8.748625e-04 1.200745e-03 4.293520e-03 4.4838541319e+04 2.1952131202e+05 2.1950276363e+05
369.1845 1.202013e-02 1.725402e-02 1.756083e-04 9.457733e-04 1.293620e-03 4.482833e-03 4.4840942457e+04 2.1953560348e+05 2.1948619796e+05
370.1850 1.191995e-02 1.733569e-02 1.800593e-04 9.167875e-04 1.182930e-03 4.359943e-03 4.4843249254e+04 2.1954328939e+05 2.1947632743e+05
371.1855 1.237062e-02 1.790077e-02 1.761578e-04 9.809915e-04 1.140288e-03 4.484599e-03 4.4845385516e+04 2.1954178811e+05 2.1947520297e+05
372.1860 1.204449e-02 1.748994e-02 1.877814e-04 1.038430e-03 1.209340e-03 4.475993e-03 4.4847809278e+04 2.1953197251e+05 2.1948287143e+05
373.1865 1.199484e-02 1.743515e-02 1.763256e-04 1.058375e-03 1.213616e-03 4.463224e-03 4.4850081575e+04 2.1951536947e+05 2.1949727659e+05
374.1870 1.216960e-02 1.783653e-02 1.915265e-04 1.090265e-03 1.243852e-03 4.551372e-03 4.4852270130e+04 2.1949552724e+05 2.1951455947e+05
375.1875 1.214439e-02 1.752410e-02 1.752133e-04 1.090603e-03 1.306516e-03 4.413361e-03 4.4854865930e+04 2.1947751661e+05 2.1953020888e+05
376.1880 1.211060e-02 1.787705e-02 1.872001e-04 1.110738e-03 1.378287e-03 4.453395e-03 4.4857754101e+04 2.1946450490e+05 2.1954010654e+05
377.1885 1.234596e-02 1.781555e-02 1.761677e-04 1.111945e-03 1.437239e-03 4.514939e-03 4.4860741972e+04 2.1945992282e+05 2.1954154933e+05
378.1890 1.221418e-02 1.776910e-02 1.706662e-04 1.048293e-03 1.444135e-03 4.367960e-03 4.4863838649e+04 2.1946475706e+05 2.1953382103e+05
379.1895 1.245530e-02 1.770002e-02 1.625847e-04 1.083237e-03 1.591900e-03 4.594325e-03 4.4866766594e+04 2.1947711386e+05 2.1951830414e+05
380.1900 1.229556e-02 1.766540e-02 1.733115e-04 1.024633e-03 1.470857e-03 4.503657e-03 4.4869708922e+04 2.1949403750e+05 2.1949860868e+05
381.1905 1.235762e-02 1.740504e-02 1.781045e-04 1.027985e-03 1.564837e-03 4.717411e-03 4.4872609979e+04 2.1951077080e+05 2.1947893116e+05
382.1910 1.204258e-02 1.747081e-02 1.806645e-04 9.641170e-04 1.477232e-03 4.764258e-03 4.4875859487e+04 2.1952280260e+05 2.1946382385e+05
383.1915 1.222362e-02 1.746654e-02 1.769486e-04 9.816721e-04 1.504695e-03 4.886458e-03 4.4879011160e+04 2.1952694103e+05 2.1945636203e+05
384.1920 1.224739e-02 1.736368e-02 1.643549e-04 9.413224e-04 1.330909e-03 5.004200e-03 4.4882101014e+04 2.1952212673e+05 2.1945813169e+05
385.1925 1.211304e-02 1.734329e-02 1.836582e-04 9.483028e-04 1.372025e-03 5.089654e-03 4.4885066204e+04 2.1950918259e+05 2.1946813026e+05
386.1930 1.216859e-02 1.718704e-02 1.779886e-04 9.311723e-04 1.284275e-03 5.142183e-03 4.4887538198e+04 2.1949110772e+05 2.1948383026e+05
387.1935 1.228552e-02 1.704203e-02 1.718968e-04 9.932392e-04 1.235684e-03 5.128725e-03 4.4889672913e+04 2.1947180485e+05 2.1950099887e+05
388.1940 1.219571e-02 1.696384e-02 2.062528e-04 1.016868e-03 1.284220e-03 5.270506e-03 4.4891829414e+04 2.1945551011e+05 2.1951511301e+05
389.1945 1.221579e-02 1.717003e-02 1.729392e-04 1.057425e-03 1.321695e-03 5.009033e-03 4.4893931290e+04 2.1944602204e+05 2.1952247037e+05
390.1950 1.227606e-02 1.764578e-02 1.812402e-04 1.153514e-03 1.357122e-03 5.029783e-03 4.4896089113e+04 2.1944496431e+05 2.1952105229e+05
391.1955 1.239197e-02 1.776175e-02 1.950970e-04 1.225022e-03 1.491719e-03 4.836853e-03 4.4898390709e+04 2.1945265891e+05 2.1951099450e+05
392.1960 1.231276e-02 1.772403e-02 1.808407e-04 1.234461e-03 1.546753e-03 4.833527e-03 4.4900769420e+04 2.1946660179e+05 2.1949472128e+05
393.1965 1.244190e-02 1.766608e-02 1.847427e-04 1.288282e-03 1.641215e-03 4.677170e-03 4.4903157308e+04 2.1948285965e+05 2.1947601188e+05
394.1970 1.253141e-02 1.798100e-02 1.797182e-04 1.358047e-03 1.720551e-03 4.552053e-03 4.4905631723e+04 2.1949702169e+05 2.1945921124e+05
395.1975 1.235727e-02 1.790967e-02 1.797084e-04 1.384121e-03 1.846401e-03 4.732415e-03 4.4908309680e+04 2.1950546487e+05 2.1944804764e+05
396.1980 1.241031e-02 1.755447e-02 1.810863e-04 1.301140e-03 1.741257e-03 4.635767e-03 4.4911246443e+04 2.1950586921e+05 2.1944498282e+05
397.1985 1.238179e-02 1.785390e-02 1.930914e-04 1.316091e-03 1.870485e-03 4.768739e-03 4.4914585126e+04 2.1949712795e+05 2.1945016834e+05
398.1990 1.222747e-02 1.757549e-02 1.609583e-04 1.276103e-03 1.751368e-03 5.045736e-03 4.4918101387e+04 2.1948175714e+05 2.1946219691e+05
399.1995 1.258035e-02 1.768889e-02 1.796077e-04 1.236295e-03 1.698435e-03 5.154180e-03 4.4921615692e+04 2.1946263056e+05 2.1947754921e+05
400.2000 1.223248e-02 1.770974e-02 1.794345e-04 1.107180e-03 1.587287e-03 5.521471e-03 4.4925330178e+04 2.1944454633e+05 2.1949203482e+05
401.2005 1.217692e-02 1.753259e-02 1.809463e-04 1.039532e-03 1.481817e-03 5.577017e-03 4.4928720468e+04 2.1943183552e+05 2.1950146222e+05
402.2010 1.226776e-02 1.747846e-02 1.973112e-04 1.050236e-03 1.454814e-03 5.867979e-03 4.4931759260e+04 2.1942712221e+05 2.1950301737e+05
403.2015 1.219776e-02 1.743383e-02 1.841311e-04 9.742906e-04 1.303784e-03 5.885889e-03 4.4934864899e+04 2.1943114437e+05 2.1949596857e+05
404.2020 1.212290e-02 1.743298e-02 2.053060e-04 9.981555e-04 1.346900e-03 6.052683e-03 4.4937832541e+04 2.1944278112e+05 2.1948133420e+05
405.2025 1.217335e-02 1.753378e-02 1.740329e-04 1.035992e-03 1.367022e-03 5.977770e-03 4.4940602652e+04 2.1945889101e+05 2.1946241500e+05
406.2030 1.227328e-02 1.768885e-02 1.890392e-04 1.072884e-03 1.380981e-03 5.898382e-03 4.4943023298e+04 2.1947524800e+05 2.1944354912e+05
407.2035 1.249405e-02 1.773645e-02 1.693011e-04 1.138743e-03 1.492889e-03 5.698099e-03 4.4945107088e+04 2.1948738738e+05 2.1942922780e+05
408.2040 1.232341e-02 1.799984e-02 1.843530e-04 1.280100e-03 1.611823e-03 5.504859e-03 4.4946995605e+04 2.1949177560e+05 2.1942283943e+05
409.2045 1.246203e-02 1.808436e-02 1.565619e-04 1.399265e-03 1.790198e-03 5.392726e-03 4.4948764109e+04 2.1948693182e+05 2.1942578643e+05
410.2050 1.245764e-02 1.792189e-02 1.890979e-04 1.487880e-03 1.846014e-03 4.983534e-03 4.4950700163e+04 2.1947377579e+05 2.1943717048e+05
411.2055 1.241835e-02 1.796063e-02 1.761065e-04 1.557520e-03 2.009021e-03 4.971611e-03 4.4952773181e+04 2.1945482881e+05 2.1945396225e+05
412.2060 1.256783e-02 1.833828e-02 1.814450e-04 1.643675e-03 2.051314e-03 4.921844e-03 4.4955221580e+04 2.1943416226e+05 2.1947192232e+05
413.2065 1.248466e-02 1.849002e-02 1.722757e-04 1.717162e-03 2.123387e-03 4.824121e-03 4.4958023894e+04 2.1941690176e+05 2.1948637978e+05
414.2070 1.268676e-02 1.862715e-02 1.737933e-04 1.655912e-03 2.112430e-03 5.107464e-03 4.4961027914e+04 2.1940630340e+05 2.1949369856e+05
415.2075 1.259589e-02 1.840949e-02 1.744165e-04 1.583092e-03 1.979978e-03 5.110788e-03 4.4964444755e+04 2.1940507669e+05 2.1949174440e+05
416.2080 1.240337e-02 1.800971e-02 1.847145e-04 1.562690e-03 1.942352e-03 5.505414e-03 4.4967999450e+04 2.1941295174e+05 2.1948042589e+05
417.2085 1.233390e-02 1.789665e-02 1.622058e-04 1.486531e-03 1.826074e-03 5.839776e-03 4.4971603916e+04 2.1942774263e+05 2.1946208210e+05
418.2090 1.255586e-02 1.811491e-02 1.791920e-04 1.389535e-03 1.712028e-03 6.111793e-03 4.4975251903e+04 2.1944533022e+05 2.1944059264e+05
419.2095 1.249771e-02 1.769833e-02 1.711336e-04 1.240795e-03 1.546142e-03 6.417266e-03 4.4979284072e+04 2.1946145101e+05 2.1942065921e+05
420.2100 1.264667e-02 1.791339e-02 1.802476e-04 1.187958e-03 1.546169e-03 6.731827e-03 4.4983345426e+04 2.1947126658e+05 2.1940648709e+05
421.2105 1.249894e-02 1.792612e-02 1.691045e-04 1.134977e-03 1.442903e-03 6.741682e-03 4.4987133387e+04 2.1947295057e+05 2.1940111917e+05
422.2110 1.225700e-02 1.756287e-02 1.749314e-04 1.132852e-03 1.484447e-03 6.872701e-03 4.4990393237e+04 2.1946579621e+05 2.1940519522e+05
423.2115 1.234966e-02 1.762279e-02 1.905098e-04 1.150469e-03 1.548797e-03 6.747433e-03 4.4992904903e+04 2.1945112323e+05 2.1941733564e+05
424.2120 1.238461e-02 1.760508e-02 1.718613e-04 1.232682e-03 1.669284e-03 6.625301e-03 4.4995115951e+04 2.1943193063e+05 2.1943428491e+05
425.2125 1.230940e-02 1.730706e-02 1.916559e-04 1.328476e-03 1.798397e-03 6.404571e-03 4.4997292919e+04 2.1941252510e+05 2.1945167319e+05
426.2130 1.256854e-02 1.766039e-02 1.728416e-04 1.457901e-03 1.955090e-03 6.077329e-03 4.4999413300e+04 2.1939681774e+05 2.1946501165e+05
427.2135 1.268819e-02 1.782505e-02 1.805733e-04 1.628834e-03 2.155393e-03 5.853456e-03 4.5001541996e+04 2.1938870926e+05 2.1947081935e+05
428.2140 1.285326e-02 1.830905e-02 1.736175e-04 1.749439e-03 2.256659e-03 5.683358e-03 4.5003607044e+04 2.1938937428e+05 2.1946774431e+05
429.2145 1.277853e-02 1.839649e-02 1.757727e-04 1.830623e-03 2.348813e-03 5.321665e-03 4.5005723837e+04 2.1939871690e+05 2.1945643305e+05
430.2150 1.283840e-02 1.821568e-02 1.689327e-04 1.923184e-03 2.430095e-03 5.493152e-03 4.5007700644e+04 2.1941350946e+05 2.1943954037e+05
431.2155 1.291101e-02 1.835344e-02 1.832414e-04 2.004806e-03 2.355434e-03 5.323187e-03 4.5010041230e+04 2.1942958051e+05 2.1942108154e+05
432.2160 1.271575e-02 1.830420e-02 1.677680e-04 2.053788e-03 2.426080e-03 5.684410e-03 4.5012854514e+04 2.1944256633e+05 2.1940528049e+05
433.2165 1.263192e-02 1.819269e-02 1.853456e-04 1.918625e-03 2.195218e-03 5.805665e-03 4.5016144847e+04 2.1944885830e+05 2.1939584918e+05
434.2170 1.272710e-02 1.814254e-02 1.781350e-04 1.864602e-03 2.102223e-03 6.145422e-03 4.5019829048e+04 2.1944649895e+05 2.1939444093e+05
435.2175 1.281316e-02 1.869451e-02 1.732226e-04 1.797320e-03 2.010292e-03 6.684817e-03 4.5023883851e+04 2.1943539093e+05 2.1940104150e+05
436.2180 1.282267e-02 1.842641e-02 1.907292e-04 1.655663e-03 1.835253e-03 6.879953e-03 4.5028260835e+04 2.1941872930e+05 2.1941347255e+05
437.2185 1.265116e-02 1.828803e-02 1.872086e-04 1.540494e-03 1.756576e-03 7.205333e-03 4.5032493282e+04 2.1940019850e+05 2.1942785735e+05
438.2190 1.257353e-02 1.776155e-02 2.090719e-04 1.430280e-03 1.714050e-03 7.516515e-03 4.5036473485e+04 2.1938433267e+05 2.1943994356e+05
439.2195 1.269038e-02 1.759141e-02 1.831499e-04 1.423736e-03 1.755938e-03 7.559167e-03 4.5040259412e+04 2.1937433804e+05 2.1944613664e+05
440.2200 1.253263e-02 1.784056e-02 1.884011e-04 1.389740e-03 1.839026e-03 7.601162e-03 4.5043961375e+04 2.1937230397e+05 2.1944437484e+05
441.2205 1.236403e-02 1.770058e-02 1.916019e-04 1.405413e-03 1.940465e-03 7.494694e-03 4.5047506578e+04 2.1937872685e+05 2.1943455365e+05
442.2210 1.252878e-02 1.815259e-02 1.784769e-04 1.466699e-03 2.108486e-03 7.237568e-03 4.5050559114e+04 2.1939128762e+05 2.1941871040e+05
443.2215 1.267166e-02 1.792040e-02 1.933650e-04 1.563030e-03 2.236643e-03 7.039776e-03 4.5053042784e+04 2.1940709900e+05 2.1940042947e+05
444.2220 1.242907e-02 1.767635e-02 1.877813e-04 1.701526e-03 2.407274e-03 6.836164e-03 4.5055077168e+04 2.1942170836e+05 2.1938395730e+05
445.2225 1.258321e-02 1.820474e-02 1.827622e-04 1.848535e-03 2.517166e-03 6.444014e-03 4.5056826250e+04 2.1943046339e+05 2.1937319886e+05
446.2230 1.282035e-02 1.811211e-02 1.925186e-04 2.004068e-03 2.633625e-03 6.383850e-03 4.5058599234e+04 2.1943110362e+05 2.1937064607e+05
447.2235 1.265619e-02 1.836854e-02 1.804666e-04 2.120780e-03 2.641119e-03 6.233237e-03 4.5060714492e+04 2.1942270134e+05 2.1937693885e+05
448.2240 1.292032e-02 1.844161e-02 1.858988e-04 2.142644e-03 2.588158e-03 6.223389e-03 4.5062897205e+04 2.1940692121e+05 2.1939037330e+05
449.2245 1.305997e-02 1.843584e-02 1.774356e-04 2.244247e-03 2.523083e-03 6.334565e-03 4.5065390022e+04 2.1938721061e+05 2.1940748533e+05
450.2250 1.323739e-02 1.905712e-02 1.961635e-04 2.277106e-03 2.495154e-03 6.501045e-03 4.5068223936e+04 2.1936748927e+05 2.1942396247e+05
451.2255 1.341526e-02 1.908815e-02 1.865134e-04 2.227825e-03 2.333627e-03 6.828749e-03 4.5071364071e+04 2.1935259731e+05 2.1943551997e+05
452.2260 1.321770e-02 1.858707e-02 1.873047e-04 2.157852e-03 2.210671e-03 7.067732e-03 4.5074967939e+04 2.1934605339e+05 2.1943880299e+05
453.2265 1.303514e-02 1.885581e-02 2.107921e-04 2.076306e-03 2.142807e-03 7.484405e-03 4.5078880347e+04 2.1934829986e+05 2.1943248872e+05
454.2270 1.302471e-02 1.887524e-02 1.838399e-04 2.013463e-03 2.098491e-03 7.632952e-03 4.5083051645e+04 2.1935901546e+05 2.1941753219e+05
455.2275 1.318255e-02 1.896672e-02 2.011154e-04 1.882650e-03 2.133299e-03 8.042067e-03 4.5087613216e+04 2.1937475780e+05 2.1939701001e+05
456.2280 1.297375e-02 1.888129e-02 1.837961e-04 1.809204e-03 2.134713e-03 8.053485e-03 4.5092582240e+04 2.1939170989e+05 2.1937528876e+05
457.2285 1.290008e-02 1.839952e-02 1.913655e-04 1.680924e-03 2.201316e-03 8.290807e-03 4.5097243765e+04 2.1940552489e+05 2.1935697800e+05
458.2290 1.288660e-02 1.820130e-02 1.842147e-04 1.723663e-03 2.400770e-03 8.214668e-03 4.5101317124e+04 2.1941268722e+05 2.1934577946e+05
459.2295 1.268706e-02 1.837804e-02 1.962805e-04 1.732249e-03 2.480665e-03 8.168163e-03 4.5104813906e+04 2.1941096665e+05 2.1934398138e+05
460.2300 1.283221e-02 1.828812e-02 1.954537e-04 1.758789e-03 2.595275e-03 8.054069e-03 4.5107890575e+04 2.1940034915e+05 2.1935147585e+05
461.2305 1.282524e-02 1.808114e-02 1.856925e-04 1.837075e-03 2.751442e-03 7.872495e-03 4.5110818178e+04 2.1938297181e+05 2.1936601470e+05
462.2310 1.294867e-02 1.840785e-02 1.974372e-04 1.969813e-03 2.790200e-03 7.728181e-03 4.5113649972e+04 2.1936212756e+05 2.1938381186e+05
463.2315 1.303345e-02 1.838123e-02 1.870908e-04 2.104592e-03 2.850875e-03 7.633544e-03 4.5116225577e+04 2.1934313552e+05 2.1940019160e+05
464.2320 1.295194e-02 1.843125e-02 2.148778e-04 2.231450e-03 2.845881e-03 7.462661e-03 4.5118518208e+04 2.1933010959e+05 2.1941095405e+05
465.2325 1.323079e-02 1.880454e-02 1.832476e-04 2.383337e-03 2.852871e-03 7.557369e-03 4.5120441568e+04 2.1932529848e+05 2.1941347393e+05
466.2330 1.315637e-02 1.857792e-02 2.163833e-04 2.435359e-03 2.747869e-03 7.412986e-03 4.5122541857e+04 2.1932977136e+05 2.1940710142e+05
467.2335 1.318153e-02 1.852427e-02 1.903586e-04 2.514564e-03 2.699810e-03 7.774033e-03 4.5124853213e+04 2.1934124553e+05 2.1939316856e+05
468.2340 1.335482e-02 1.876465e-02 1.924351e-04 2.619454e-03 2.632507e-03 7.631055e-03 4.5127516826e+04 2.1935675934e+05 2.1937485298e+05
469.2345 1.329874e-02 1.895157e-02 2.049886e-04 2.630311e-03 2.598738e-03 8.048090e-03 4.5130619049e+04 2.1937193298e+05 2.1935640161e+05
470.2350 1.347869e-02 1.955473e-02 1.803590e-04 2.614186e-03 2.622110e-03 8.151453e-03 4.5134055408e+04 2.1938246748e+05 2.1934203663e+05
471.2355 1.345688e-02 1.941849e-02 2.012792e-04 2.522021e-03 2.536693e-03 8.332344e-03 4.5138039037e+04 2.1938568914e+05 2.1933490625e+05
472.2360 1.349307e-02 1.928240e-02 1.829889e-04 2.504960e-03 2.668787e-03 8.453018e-03 4.5142230724e+04 2.1938022091e+05 2.1933611056e+05
473.2365 1.350810e-02 1.909866e-02 1.974172e-04 2.495540e-03 2.810634e-03 8.645578e-03 4.5146501861e+04 2.1936714891e+05 2.1934486146e+05
474.2370 1.335297e-02 1.929613e-02 1.877757e-04 2.383945e-03 2.831792e-03 8.582869e-03 4.5151069446e+04 2.1934895273e+05 2.1935850385e+05
475.2375 1.326259e-02 1.920726e-02 1.781576e-04 2.365163e-03 3.008180e-03 8.776059e-03 4.5155664142e+04 2.1933001926e+05 2.1937279471e+05
476.2380 1.324504e-02 1.866463e-02 2.153557e-04 2.274710e-03 3.036181e-03 8.884772e-03 4.5160428852e+04 2.1931455271e+05 2.1938376209e+05
477.2385 1.310279e-02 1.900021e-02 1.710061e-04 2.335937e-03 3.190623e-03 8.857432e-03 4.5165164882e+04 2.1930550009e+05 2.1938789477e+05
478.2390 1.308693e-02 1.875101e-02 1.822195e-04 2.276038e-03 3.178219e-03 8.902604e-03 4.5169424907e+04 2.1930556761e+05 2.1938367301e+05
479.2395 1.319788e-02 1.863605e-02 1.906621e-04 2.286702e-03 3.147665e-03 8.920915e-03 4.5173082702e+04 2.1931411308e+05 2.1937148883e+05
480.2400 1.305585e-02 1.899903e-02 2.040568e-04 2.338720e-03 3.140028e-03 8.942288e-03 4.5176276585e+04 2.1932848093e+05 2.1935379975e+05
481.2405 1.305798e-02 1.854584e-02 1.864057e-04 2.430024e-03 3.078885e-03 9.119221e-03 4.5179035672e+04 2.1934498377e+05 2.1933457830e+05
482.2410 1.319336e-02 1.854326e-02 2.139622e-04 2.482486e-03 2.988969e-03 9.053699e-03 4.5181757835e+04 2.1935851860e+05 2.1931831567e+05
483.2415 1.336520e-02 1.892650e-02 1.853408e-04 2.584405e-03 2.939255e-03 9.248016e-03 4.5184462372e+04 2.1936508183e+05 2.1930872014e+05
484.2420 1.361301e-02 1.936070e-02 1.948954e-04 2.688495e-03 2.832659e-03 9.122071e-03 4.5187092805e+04 2.1936293539e+05 2.1930795003e+05
485.2425 1.347770e-02 1.953442e-02 2.107635e-04 2.725008e-03 2.840132e-03 9.375096e-03 4.5189761679e+04 2.1935222382e+05 2.1931591925e+05
486.2430 1.367172e-02 1.955557e-02 1.773099e-04 2.805445e-03 2.826269e-03 9.171785e-03 4.5192515936e+04 2.1933478465e+05 2.1933061800e+05
487.2435 1.359700e-02 1.960666e-02 2.134314e-04 2.936378e-03 2.904167e-03 9.288398e-03 4.5195533684e+04 2.1931401990e+05 2.1934820903e+05
488.2440 1.356345e-02 1.968904e-02 2.024608e-04 2.998171e-03 3.075533e-03 9.382709e-03 4.5198758179e+04 2.1929473927e+05 2.1936408638e+05
489.2445 1.363390e-02 1.992188e-02 2.043073e-04 3.010829e-03 3.131349e-03 9.188530e-03 4.5202310619e+04 2.1928122278e+05 2.1937403766e+05
490.2450 1.344033e-02 1.944559e-02 2.077211e-04 3.015624e-03 3.303932e-03 9.295283e-03 4.5206158216e+04 2.1927648433e+05 2.1937510642e+05
491.2455 1.362302e-02 1.998105e-02 1.770380e-04 3.070396e-03 3.535328e-03 9.310274e-03 4.5210339465e+04 2.1928035865e+05 2.1936663252e+05
492.2460 1.370528e-02 2.010120e-02 1.962291e-04 3.077306e-03 3.636624e-03 9.327951e-03 4.5215020069e+04 2.1929187606e+05 2.1935026371e+05
493.2465 1.359950e-02 1.966542e-02 1.701200e-04 3.031059e-03 3.723197e-03 9.377243e-03 4.5220083002e+04 2.1930784921e+05 2.1932940686e+05
494.2470 1.364500e-02 1.963345e-02 1.906087e-04 3.003814e-03 3.796051e-03 9.553711e-03 4.5224831974e+04 2.1932408353e+05 2.1930836116e+05
495.2475 1.368855e-02 1.978720e-02 1.966415e-04 3.004782e-03 3.749838e-03 9.800085e-03 4.5229211838e+04 2.1933621590e+05 2.1929168684e+05
496.2480 1.345542e-02 1.976670e-02 1.829690e-04 3.050065e-03 3.859363e-03 9.927201e-03 4.5233649931e+04 2.1934069257e+05 2.1928276967e+05
497.2485 1.373174e-02 1.949410e-02 1.934938e-04 2.905710e-03 3.572383e-03 1.016992e-02 4.5237948304e+04 2.1933571830e+05 2.1928349352e+05
498.2490 1.366398e-02 1.982273e-02 1.776928e-04 2.924360e-03 3.555424e-03 1.040460e-02 4.5242449268e+04 2.1932178165e+05 2.1929269338e+05
499.2495 1.354890e-02 1.951293e-02 2.158871e-04 2.929443e-03 3.409314e-03 1.062898e-02 4.5246795549e+04 2.1930259952e+05 2.1930768878e+05
500.2500 1.352959e-02 1.921072e-02 1.773869e-04 2.969114e-03 3.310535e-03 1.086818e-02 4.5250525880e+04 2.1928246527e+05 2.1932416492e+05
501.2505 1.366785e-02 1.960003e-02 2.219591e-04 2.968989e-03 3.237220e-03 1.094971e-02 4.5253727691e+04 2.1926549855e+05 2.1933767711e+05
502.2510 1.383169e-02 1.931337e-02 1.866264e-04 3.027721e-03 3.253454e-03 1.105137e-02 4.5256799467e+04 2.1925555712e+05 2.1934455564e+05
503.2515 1.361846e-02 1.948179e-02 1.977057e-04 3.122769e-03 3.257671e-03 1.095290e-02 4.5260020663e+04 2.1925403980e+05 2.1934285465e+05
504.2520 1.357821e-02 1.944666e-02 1.870650e-04 3.192325e-03 3.382310e-03 1.097069e-02 4.5263280820e+04 2.1926099552e+05 2.1933262654e+05
505.2525 1.367492e-02 1.964283e-02 2.006268e-04 3.317558e-03 3.535653e-03 1.073881e-02 4.5266407625e+04 2.1927433846e+05 2.1931603629e+05
506.2530 1.398791e-02 1.989656e-02 1.862508e-04 3.447208e-03 3.665761e-03 1.073183e-02 4.5269544872e+04 2.1928989688e+05 2.1929697723e+05
507.2535 1.386080e-02 2.035621e-02 1.799254e-04 3.472400e-03 3.820363e-03 1.046034e-02 4.5273092323e+04 2.1930331317e+05 2.1927993558e+05
508.2540 1.384938e-02 2.025920e-02 2.003417e-04 3.566223e-03 4.065098e-03 1.053594e-02 4.5276957228e+04 2.1931055684e+05 2.1926869719e+05
509.2545 1.380699e-02 1.992722e-02 1.802921e-04 3.660028e-03 4.108399e-03 1.037714e-02 4.5281026676e+04 2.1930960791e+05 2.1926575494e+05
510.2550 1.393351e-02 2.048991e-02 2.111743e-04 3.766089e-03 4.331705e-03 1.029477e-02 4.5285151184e+04 2.1929964639e+05 2.1927115087e+05
511.2555 1.398031e-02 2.045688e-02 1.912540e-04 3.790635e-03 4.365167e-03 1.047068e-02 4.5289371671e+04 2.1928322247e+05 2.1928325321e+05
512.2560 1.418971e-02 2.066847e-02 1.909882e-04 3.740236e-03 4.339138e-03 1.057219e-02 4.5293919836e+04 2.1926320454e+05 2.1929855863e+05
513.2565 1.401828e-02 2.063964e-02 1.940994e-04 3.753456e-03 4.288029e-03 1.089954e-02 4.5299014479e+04 2.1924391136e+05 2.1931271160e+05
514.2570 1.412362e-02 2.018156e-02 1.853729e-04 3.819596e-03 4.311362e-03 1.122548e-02 4.5304166012e+04 2.1922989252e+05 2.1932154676e+05
515.2575 1.396758e-02 2.020727e-02 2.095627e-04 3.738509e-03 4.131886e-03 1.139570e-02 4.5309195704e+04 2.1922418142e+05 2.1932230120e+05
516.2580 1.393791e-02 2.008846e-02 1.948443e-04 3.616984e-03 3.948845e-03 1.183923e-02 4.5313874055e+04 2.1922783706e+05 2.1931401674e+05
517.2585 1.428357e-02 2.022336e-02 2.149319e-04 3.624025e-03 3.930009e-03 1.214644e-02 4.5318497299e+04 2.1923890705e+05 2.1929800914e+05
518.2590 1.406195e-02 2.006778e-02 2.063269e-04 3.579750e-03 3.828297e-03 1.247231e-02 4.5323504436e+04 2.1925424590e+05 2.1927774426e+05
519.2595 1.404008e-02 2.023431e-02 1.920220e-04 3.586875e-03 3.762843e-03 1.269665e-02 4.5328581110e+04 2.1926931846e+05 2.1925743172e+05
520.2600 1.408593e-02 1.986706e-02 2.130615e-04 3.544206e-03 3.844674e-03 1.284246e-02 4.5333381533e+04 2.1928073663e+05 2.1924133075e+05
521.2605 1.403829e-02 1.977820e-02 1.915626e-04 3.567732e-03 3.817724e-03 1.282504e-02 4.5337488039e+04 2.1928515158e+05 2.1923283893e+05
522.2610 1.437289e-02 2.035110e-02 2.098791e-04 3.628643e-03 3.949402e-03 1.291037e-02 4.5341167583e+04 2.1928022480e+05 2.1923357393e+05
523.2615 1.437056e-02 2.041113e-02 1.771120e-04 3.733187e-03 4.162944e-03 1.276771e-02 4.5345033355e+04 2.1926689261e+05 2.1924296800e+05
524.2620 1.401797e-02 2.015871e-02 1.931020e-04 3.892114e-03 4.351497e-03 1.259054e-02 4.5349212642e+04 2.1924753715e+05 2.1925836061e+05
525.2625 1.406100e-02 2.029461e-02 2.034094e-04 4.048145e-03 4.481278e-03 1.229650e-02 4.5353059738e+04 2.1922642287e+05 2.1927555339e+05
526.2630 1.438272e-02 2.039040e-02 1.942866e-04 4.134548e-03 4.729654e-03 1.218421e-02 4.5356568940e+04 2.1920831653e+05 2.1928987532e+05
527.2635 1.440372e-02 2.050311e-02 2.111633e-04 4.253605e-03 4.794009e-03 1.207786e-02 4.5360212235e+04 2.1919681591e+05 2.1929762285e+05
528.2640 1.447275e-02 2.081862e-02 1.724211e-04 4.503417e-03 5.021400e-03 1.203040e-02 4.5364029456e+04 2.1919382171e+05 2.1929653177e+05
529.2645 1.461771e-02 2.108081e-02 2.134504e-04 4.608574e-03 5.061595e-03 1.187644e-02 4.5368110392e+04 2.1919944395e+05 2.1928666996e+05
530.2650 1.439465e-02 2.067229e-02 1.847930e-04 4.698877e-03 5.073781e-03 1.199977e-02 4.5372328782e+04 2.1921215471e+05 2.1926991508e+05
531.2655 1.466948e-02 2.106083e-02 2.221906e-04 4.729675e-03 5.037551e-03 1.217905e-02 4.5376304557e+04 2.1922768881e+05 2.1924999856e+05
532.2660 1.488959e-02 2.148091e-02 2.071723e-04 4.791950e-03 4.915851e-03 1.252345e-02 4.5380570331e+04 2.1924164081e+05 2.1923142589e+05
533.2665 1.468986e-02 2.175301e-02 1.989947e-04 4.829462e-03 4.958777e-03 1.276113e-02 4.5385742574e+04 2.1924949011e+05 2.1921825720e+05
534.2670 1.468032e-02 2.167937e-02 2.038100e-04 4.721130e-03 4.811148e-03 1.319804e-02 4.5391466594e+04 2.1924869485e+05 2.1921324198e+05
535.2675 1.465838e-02 2.131133e-02 1.992282e-04 4.577582e-03 4.623249e-03 1.351548e-02 4.5397446099e+04 2.1923957789e+05 2.1921656506e+05
536.2680 1.442813e-02 2.090334e-02 2.340054e-04 4.540693e-03 4.674385e-03 1.403226e-02 4.5403253795e+04 2.1922407078e+05 2.1922629885e+05
537.2685 1.449929e-02 2.083764e-02 1.996410e-04 4.419441e-03 4.604054e-03 1.432577e-02 4.5408759840e+04 2.1920532733e+05 2.1923952500e+05
538.2690 1.464771e-02 2.120621e-02 2.371561e-04 4.317271e-03 4.598947e-03 1.472512e-02 4.5414523516e+04 2.1918653918e+05 2.1925222127e+05
539.2695 1.463295e-02 2.096756e-02 2.005524e-04 4.244371e-03 4.674059e-03 1.477245e-02 4.5420690487e+04 2.1917214925e+05 2.1926049222e+05
540.2700 1.450765e-02 2.052296e-02 2.253873e-04 4.254570e-03 4.774908e-03 1.501170e-02 4.5426600162e+04 2.1916553885e+05 2.1926129840e+05
541.2705 1.461699e-02 2.062233e-02 2.215845e-04 4.290386e-03 4.930169e-03 1.500592e-02 4.5431826446e+04 2.1916780952e+05 2.1925363529e+05
542.2710 1.431581e-02 2.072982e-02 1.992562e-04 4.346000e-03 5.032413e-03 1.505327e-02 4.5436390789e+04 2.1917822606e+05 2.1923871954e+05
543.2715 1.460607e-02 2.114815e-02 2.263194e-04 4.501923e-03 5.246754e-03 1.489391e-02 4.5440540709e+04 2.1919268845e+05 2.1921969486e+05
544.2720 1.453703e-02 2.108568e-02 2.024934e-04 4.716201e-03 5.394040e-03 1.462100e-02 4.5444762909e+04 2.1920714512e+05 2.1920103507e+05
545.2725 1.434771e-02 2.097339e-02 2.011404e-04 4.832381e-03 5.464588e-03 1.447872e-02 4.5448758971e+04 2.1921730534e+05 2.1918697484e+05
546.2730 1.456186e-02 2.142486e-02 2.075897e-04 5.129032e-03 5.678904e-03 1.446303e-02 4.5452072957e+04 2.1922011005e+05 2.1918037578e+05
547.2735 1.463826e-02 2.173224e-02 2.175691e-04 5.392893e-03 5.708524e-03 1.408640e-02 4.5455074722e+04 2.1921462910e+05 2.1918277649e+05
548.2740 1.512862e-02 2.198559e-02 2.131913e-04 5.531955e-03 5.644010e-03 1.403870e-02 4.5458238493e+04 2.1920033725e+05 2.1919357143e+05
549.2745 1.513900e-02 2.253378e-02 1.941082e-04 5.745654e-03 5.885249e-03 1.427550e-02 4.5462169938e+04 2.1917965615e+05 2.1920981377e+05
550.2750 1.517816e-02 2.235971e-02 2.372011e-04 5.800008e-03 5.650941e-03 1.414522e-02 4.5466688042e+04 2.1915760175e+05 2.1922753731e+05
551.2755 1.517295e-02 2.214460e-02 1.924604e-04 6.017384e-03 5.757492e-03 1.436277e-02 4.5471289577e+04 2.1913886828e+05 2.1924153564e+05
552.2760 1.535807e-02 2.264264e-02 2.597307e-04 6.020153e-03 5.830176e-03 1.461009e-02 4.5476083923e+04 2.1912708481e+05 2.1924811300e+05
553.2765 1.552974e-02 2.289371e-02 1.892626e-04 5.909877e-03 5.698095e-03 1.482858e-02 4.5481559081e+04 2.1912429024e+05 2.1924528073e+05
554.2770 1.570447e-02 2.259857e-02 2.383801e-04 5.773567e-03 5.696212e-03 1.534866e-02 4.5488230850e+04 2.1912986388e+05 2.1923291098e+05
555.2775 1.528504e-02 2.251681e-02 2.314754e-04 5.772920e-03 5.872937e-03 1.575035e-02 4.5495868942e+04 2.1914206359e+05 2.1921303985e+05
556.2780 1.506154e-02 2.172654e-02 2.083476e-04 5.515480e-03 5.706799e-03 1.622553e-02 4.5503560650e+04 2.1915807932e+05 2.1918973028e+05
557.2785 1.534913e-02 2.171313e-02 2.387320e-04 5.379168e-03 5.880069e-03 1.675757e-02 4.5510957137e+04 2.1917290327e+05 2.1916710967e+05
558.2790 1.538105e-02 2.205908e-02 2.220077e-04 5.133000e-03 5.747471e-03 1.701692e-02 4.5518470843e+04 2.1918244482e+05 2.1914992226e+05
559.2795 1.502329e-02 2.173541e-02 2.376036e-04 5.070087e-03 5.901513e-03 1.762259e-02 4.5526277645e+04 2.1918370549e+05 2.1914091450e+05
560.2800 1.511622e-02 2.132222e-02 2.167085e-04 4.970831e-03 5.835339e-03 1.781035e-02 4.5533702005e+04 2.1917593520e+05 2.1914136551e+05
561.2805 1.463685e-02 2.111397e-02 2.385017e-04 5.028425e-03 5.941033e-03 1.802492e-02 4.5540418680e+04 2.1916101987e+05 2.1914970099e+05
562.2810 1.473085e-02 2.105986e-02 2.170482e-04 5.158259e-03 5.942163e-03 1.786284e-02 4.5545646224e+04 2.1914236599e+05 2.1916313818e+05
563.2815 1.517762e-02 2.170647e-02 2.324852e-04 5.331456e-03 6.071579e-03 1.796639e-02 4.5549697705e+04 2.1912305606e+05 2.1917778762e+05
564.2820 1.486515e-02 2.173191e-02 2.237126e-04 5.466774e-03 5.990203e-03 1.787753e-02 4.5553508158e+04 2.1910726873e+05 2.1918992422e+05
565.2825 1.502429e-02 2.174884e-02 2.109491e-04 5.996363e-03 6.278908e-03 1.744133e-02 4.5556948947e+04 2.1909749765e+05 2.1919604938e+05
566.2830 1.520341e-02 2.249487e-02 2.516533e-04 6.307359e-03 6.292230e-03 1.708301e-02 4.5559715508e+04 2.1909540795e+05 2.1919495603e+05
567.2835 1.538167e-02 2.264211e-02 2.122728e-04 6.672612e-03 6.496703e-03 1.692813e-02 4.5561934182e+04 2.1910122320e+05 2.1918663256e+05
568.2840 1.568197e-02 2.339662e-02 2.420928e-04 6.970037e-03 6.601849e-03 1.652524e-02 4.5564099813e+04 2.1911179172e+05 2.1917346043e+05
569.2845 1.612720e-02 2.427304e-02 2.251729e-04 7.283895e-03 6.825401e-03 1.622631e-02 4.5567087847e+04 2.1912289823e+05 2.1915876652e+05
570.2850 1.619304e-02 2.423685e-02 2.238064e-04 7.578034e-03 7.047034e-03 1.625244e-02 4.5571451244e+04 2.1913096999e+05 2.1914610919e+05
571.2855 1.601779e-02 2.432204e-02 2.087077e-04 7.720700e-03 7.272601e-03 1.616763e-02 4.5576940787e+04 2.1913327089e+05 2.1913824336e+05
572.2860 1.643230e-02 2.440781e-02 2.220552e-04 7.584684e-03 7.272041e-03 1.645312e-02 4.5583063685e+04 2.1912834819e+05 2.1913677310e+05
573.2865 1.658712e-02 2.442925e-02 2.337538e-04 7.542146e-03 7.478952e-03 1.699476e-02 4.5590251183e+04 2.1911640610e+05 2.1914116292e+05
574.2870 1.656112e-02 2.475928e-02 2.026401e-04 7.353040e-03 7.430399e-03 1.755929e-02 4.5599054131e+04 2.1909872139e+05 2.1914977311e+05
575.2875 1.634725e-02 2.401546e-02 2.316836e-04 7.016537e-03 7.410361e-03 1.840459e-02 4.5609263979e+04 2.1907952559e+05 2.1915898508e+05
576.2880 1.602710e-02 2.293745e-02 2.146452e-04 6.699280e-03 7.298563e-03 1.920939e-02 4.5620004452e+04 2.1906328964e+05 2.1916485851e+05
577.2885 1.550245e-02 2.242228e-02 2.407378e-04 6.292508e-03 7.064514e-03 2.022060e-02 4.5630388301e+04 2.1905393525e+05 2.1916410662e+05
578.2890 1.554938e-02 2.195446e-02 2.430789e-04 6.040494e-03 6.920030e-03 2.109743e-02 4.5640066809e+04 2.1905339088e+05 2.1915499092e+05
579.2895 1.553275e-02 2.206269e-02 2.178023e-04 5.780724e-03 6.731682e-03 2.192750e-02 4.5649371126e+04 2.1906056440e+05 2.1913827227e+05
580.2900 1.508841e-02 2.190855e-02 2.519744e-04 5.699492e-03 6.522899e-03 2.213182e-02 4.5658264430e+04 2.1907376603e+05 2.1911646890e+05
581.2905 1.483237e-02 2.166938e-02 2.314108e-04 5.822589e-03 6.526052e-03 2.240235e-02 4.5665601121e+04 2.1908943897e+05 2.1909349259e+05
582.2910 1.487767e-02 2.158842e-02 2.552152e-04 5.993931e-03 6.580384e-03 2.245374e-02 4.5670639660e+04 2.1910373420e+05 2.1907405146e+05
583.2915 1.522338e-02 2.203451e-02 2.215498e-04 6.295400e-03 6.574015e-03 2.202963e-02 4.5673718725e+04 2.1911202552e+05 2.1906246996e+05
584.2920 1.550804e-02 2.270142e-02 2.273643e-04 7.000524e-03 7.067276e-03 2.130560e-02 4.5675622803e+04 2.1911066095e+05 2.1906137431e+05
585.2925 1.566454e-02 2.340636e-02 2.381902e-04 7.489217e-03 7.277767e-03 2.039535e-02 4.5677046062e+04 2.1909840946e+05 2.1907189894e+05
586.2930 1.597373e-02 2.367612e-02 2.182258e-04 8.200828e-03 7.748478e-03 1.966033e-02 4.5678379856e+04 2.1907699718e+05 2.1909152981e+05
587.2935 1.653604e-02 2.469352e-02 2.452811e-04 8.742722e-03 8.253489e-03 1.869526e-02 4.5679690648e+04 2.1905041968e+05 2.1911609718e+05
588.2940 1.728749e-02 2.582065e-02 2.323760e-04 9.299161e-03 8.570127e-03 1.788711e-02 4.5681456930e+04 2.1902387099e+05 2.1914013097e+05
589.2945 1.769844e-02 2.663296e-02 2.301102e-04 9.767857e-03 9.121635e-03 1.772205e-02 4.5684584026e+04 2.1900178779e+05 2.1915824395e+05
590.2950 1.779151e-02 2.748574e-02 2.213780e-04 9.898319e-03 9.327552e-03 1.752592e-02 4.5689805455e+04 2.1898783959e+05 2.1916653762e+05
591.2955 1.769261e-02 2.662663e-02 2.220981e-04 9.828317e-03 9.366272e-03 1.813542e-02 4.5697167774e+04 2.1898475246e+05 2.1916244817e+05
592.2960 1.740838e-02 2.636978e-02 2.264416e-04 9.781645e-03 9.565930e-03 1.878326e-02 4.5706402889e+04 2.1899212249e+05 2.1914573518e+05
593.2965 1.761569e-02 2.620114e-02 2.297020e-04 9.367128e-03 9.255608e-03 2.001594e-02 4.5717029998e+04 2.1900748308e+05 2.1911950718e+05
594.2970 1.769822e-02 2.586762e-02 2.254097e-04 8.739177e-03 8.938559e-03 2.143038e-02 4.5729583396e+04 2.1902600714e+05 2.1908833303e+05
595.2975 1.725300e-02 2.529936e-02 2.131424e-04 8.101434e-03 8.491293e-03 2.300973e-02 4.5743904504e+04 2.1904231648e+05 2.1905792973e+05
596.2980 1.670904e-02 2.428566e-02 2.459743e-04 7.505283e-03 8.100412e-03 2.473783e-02 4.5758675872e+04 2.1905267477e+05 2.1903310840e+05
597.2985 1.641934e-02 2.311331e-02 2.114330e-04 6.962704e-03 7.619448e-03 2.607200e-02 4.5772420677e+04 2.1905532113e+05 2.1901717474e+05
598.2990 1.568417e-02 2.241588e-02 2.183567e-04 6.497118e-03 7.287739e-03 2.719502e-02 4.5784163925e+04 2.1904990940e+05 2.1901134418e+05
599.2995 1.529845e-02 2.220308e-02 2.373027e-04 6.376261e-03 7.128608e-03 2.766140e-02 4.5793736551e+04 2.1903691228e+05 2.1901496729e+05
600.3000 1.559957e-02 2.232467e-02 2.261098e-04 6.423378e-03 7.068186e-03 2.799584e-02 4.5801425212e+04 2.1901803851e+05 2.1902581469e+05
601.3005 1.527776e-02 2.186954e-02 2.494061e-04 6.680212e-03 7.220490e-03 2.752604e-02 4.5807659163e+04 2.1899787049e+05 2.1904006993e+05
602.3010 1.540988e-02 2.206742e-02 2.131159e-04 7.348756e-03 7.670987e-03 2.670267e-02 4.5811335595e+04 2.1898053516e+05 2.1905348142e+05
603.3015 1.608817e-02 2.333740e-02 2.619456e-04 8.191522e-03 8.202417e-03 2.506920e-02 4.5812076431e+04 2.1896965020e+05 2.1906297261e+05
604.3020 1.668729e-02 2.489762e-02 2.288827e-04 9.024915e-03 8.806130e-03 2.379724e-02 4.5810975175e+04 2.1896557791e+05 2.1906719284e+05
605.3025 1.711121e-02 2.586413e-02 2.522479e-04 1.005447e-02 9.661884e-03 2.230899e-02 4.5809624220e+04 2.1896716184e+05 2.1906625186e+05
606.3030 1.761576e-02 2.681135e-02 2.201616e-04 1.089415e-02 1.020310e-02 2.052665e-02 4.5809038742e+04 2.1897152925e+05 2.1906202262e+05
607.3035 1.801930e-02 2.727477e-02 2.159969e-04 1.188934e-02 1.099545e-02 1.985733e-02 4.5809754848e+04 2.1897592719e+05 2.1905609168e+05
608.3040 1.843863e-02 2.819361e-02 2.545878e-04 1.238846e-02 1.148649e-02 1.923660e-02 4.5812239372e+04 2.1897788079e+05 2.1905100370e+05
609.3045 1.927637e-02 2.928071e-02 2.152208e-04 1.244357e-02 1.146660e-02 1.916166e-02 4.5817182764e+04 2.1897459377e+05 2.1904861672e+05
610.3050 1.993870e-02 2.987627e-02 2.442234e-04 1.247735e-02 1.164890e-02 2.036372e-02 4.5825497046e+04 2.1896462113e+05 2.1904911822e+05
611.3055 1.970698e-02 3.009807e-02 2.392883e-04 1.214014e-02 1.133053e-02 2.131729e-02 4.5837830765e+04 2.1894924834e+05 2.1905201755e+05
612.3060 1.912497e-02 2.864108e-02 2.229938e-04 1.151000e-02 1.100317e-02 2.353790e-02 4.5852819170e+04 2.1893214551e+05 2.1905450447e+05
613.3065 1.852186e-02 2.736636e-02 2.303412e-04 1.057707e-02 1.030083e-02 2.563256e-02 4.5869300759e+04 2.1891737424e+05 2.1905337145e+05
614.3070 1.816559e-02 2.629854e-02 2.467298e-04 9.651925e-03 9.731483e-03 2.811272e-02 4.5886640956e+04 2.1890808012e+05 2.1904546119e+05
615.3075 1.768376e-02 2.558824e-02 2.671147e-04 8.711434e-03 9.085374e-03 3.038118e-02 4.5904643182e+04 2.1890620525e+05 2.1902954078e+05
616.3080 1.724664e-02 2.491443e-02 2.335242e-04 7.915334e-03 8.508122e-03 3.222620e-02 4.5922639400e+04 2.1891190887e+05 2.1900609945e+05
617.3085 1.642478e-02 2.355985e-02 2.552784e-04 7.342784e-03 8.223480e-03 3.342733e-02 4.5939070305e+04 2.1892491238e+05 2.1897743346e+05
618.3090 1.605173e-02 2.292374e-02 2.345430e-04 7.198950e-03 8.109819e-03 3.388510e-02 4.5951710154e+04 2.1894237559e+05 2.1894762965e+05
619.3095 1.613659e-02 2.264847e-02 2.623594e-04 7.264901e-03 8.160777e-03 3.405550e-02 4.5959764274e+04 2.1895994023e+05 2.1892199548e+05
620.3100 1.618756e-02 2.329814e-02 2.407306e-04 7.804473e-03 8.678794e-03 3.299929e-02 4.5964243871e+04 2.1897155551e+05 2.1890560766e+05
621.3105 1.617191e-02 2.346093e-02 2.451492e-04 8.718535e-03 9.205093e-03 3.146913e-02 4.5966052463e+04 2.1897286862e+05 2.1890247819e+05
622.3110 1.654698e-02 2.421503e-02 2.429198e-04 9.978904e-03 1.022469e-02 2.919852e-02 4.5965560928e+04 2.1896168744e+05 2.1891366473e+05
623.3115 1.742698e-02 2.581447e-02 2.368641e-04 1.118216e-02 1.091185e-02 2.738047e-02 4.5963046135e+04 2.1893875699e+05 2.1893806134e+05
624.3120 1.862821e-02 2.799966e-02 2.627909e-04 1.254078e-02 1.195339e-02 2.486112e-02 4.5959463497e+04 2.1890798379e+05 2.1897109990e+05
625.3125 1.977599e-02 2.990101e-02 2.307286e-04 1.372399e-02 1.262943e-02 2.316608e-02 4.5956367011e+04 2.1887359104e+05 2.1900734428e+05
626.3130 2.024584e-02 3.110973e-02 2.498559e-04 1.492975e-02 1.348442e-02 2.210942e-02 4.5955611009e+04 2.1884101283e+05 2.1903962460e+05
627.3135 2.060024e-02 3.142625e-02 2.571285e-04 1.536866e-02 1.371138e-02 2.134304e-02 4.5958346312e+04 2.1881566378e+05 2.1906200174e+05
628.3140 2.091883e-02 3.175753e-02 2.321790e-04 1.562834e-02 1.395368e-02 2.205775e-02 4.5964657377e+04 2.1880165022e+05 2.1906892326e+05
629.3145 2.110952e-02 3.250134e-02 2.624859e-04 1.545718e-02 1.375452e-02 2.328334e-02 4.5974823942e+04 2.1880132441e+05 2.1905833094e+05
630.3150 2.134118e-02 3.280982e-02 2.398885e-04 1.486128e-02 1.337072e-02 2.516768e-02 4.5989367527e+04 2.1881312286e+05 2.1903142289e+05
631.3155 2.137725e-02 3.221843e-02 2.669292e-04 1.377535e-02 1.274160e-02 2.811858e-02 4.6008199588e+04 2.1883268565e+05 2.1899275757e+05
632.3160 2.034230e-02 3.045233e-02 2.325336e-04 1.252206e-02 1.187059e-02 3.077411e-02 4.6030625551e+04 2.1885543916e+05 2.1894850834e+05
633.3165 1.941544e-02 2.846903e-02 2.680040e-04 1.136562e-02 1.125252e-02 3.404201e-02 4.6053943883e+04 2.1887617497e+05 2.1890501084e+05
634.3170 1.857965e-02 2.686233e-02 2.597711e-04 1.009369e-02 1.043115e-02 3.689375e-02 4.6076104158e+04 2.1889111408e+05 2.1886860503e+05
635.3175 1.792056e-02 2.559110e-02 2.431454e-04 9.018902e-03 9.810011e-03 3.915118e-02 4.6096333852e+04 2.1889638335e+05 2.1884366876e+05
636.3180 1.718999e-02 2.507071e-02 2.664786e-04 8.391489e-03 9.591548e-03 4.024878e-02 4.6114495476e+04 2.1888995670e+05 2.1883230439e+05
637.3185 1.661440e-02 2.379393e-02 2.717840e-04 8.146800e-03 9.473215e-03 4.108028e-02 4.6129502790e+04 2.1887374562e+05 2.1883411569e+05
638.3190 1.626347e-02 2.317587e-02 2.661869e-04 8.477115e-03 9.763122e-03 4.057331e-02 4.6139947033e+04 2.1885185259e+05 2.1884589194e+05
639.3195 1.630523e-02 2.345550e-02 2.570301e-04 9.242706e-03 1.025289e-02 3.914622e-02 4.6144708832e+04 2.1882949496e+05 2.1886348447e+05
640.3200 1.728713e-02 2.477826e-02 2.869365e-04 1.059110e-02 1.128040e-02 3.702089e-02 4.6144210887e+04 2.1880985588e+05 2.1888255152e+05
641.3205 1.809981e-02 2.653498e-02 2.570204e-04 1.209256e-02 1.211100e-02 3.394938e-02 4.6140560094e+04 2.1879509575e+05 2.1890023319e+05
642.3210 1.870092e-02 2.787205e-02 2.619411e-04 1.390918e-02 1.336162e-02 3.164009e-02 4.6135463027e+04 2.1878548924e+05 2.1891384596e+05
643.3215 1.963089e-02 2.931526e-02 2.706051e-04 1.561540e-02 1.444610e-02 2.843623e-02 4.6130056643e+04 2.1878110812e+05 2.1892279134e+05
644.3220 2.067788e-02 3.114223e-02 2.523988e-04 1.736080e-02 1.544929e-02 2.628716e-02 4.6125236918e+04 2.1877999778e+05 2.1892740214e+05
645.3225 2.205618e-02 3.427536e-02 2.741964e-04 1.861319e-02 1.636570e-02 2.514605e-02 4.6122647508e+04 2.1877835696e+05 2.1892940024e+05
646.3230 2.331745e-02 3.633959e-02 2.682088e-04 1.910268e-02 1.654512e-02 2.429823e-02 4.6124967162e+04 2.1877327545e+05 2.1893083367e+05
647.3235 2.354656e-02 3.642976e-02 2.496587e-04 1.943143e-02 1.681778e-02 2.542680e-02 4.6133454079e+04 2.1876308802e+05 2.1893169529e+05
648.3240 2.334896e-02 3.581765e-02 2.490885e-04 1.905511e-02 1.654893e-02 2.707581e-02 4.6147625186e+04 2.1874907340e+05 2.1893151924e+05
649.3245 2.295052e-02 3.528769e-02 2.682526e-04 1.813791e-02 1.603156e-02 2.995526e-02 4.6166344764e+04 2.1873360531e+05 2.1892801221e+05
650.3250 2.246676e-02 3.454772e-02 2.676455e-04 1.658861e-02 1.506609e-02 3.340977e-02 4.6189088273e+04 2.1872008799e+05 2.1891892816e+05
651.3255 2.208166e-02 3.363788e-02 2.525480e-04 1.493653e-02 1.408754e-02 3.706794e-02 4.6215370807e+04 2.1871072911e+05 2.1890211903e+05
652.3260 2.091334e-02 3.142805e-02 2.888462e-04 1.333449e-02 1.331236e-02 4.090988e-02 4.6244005986e+04 2.1870832629e+05 2.1887665446e+05
653.3265 1.944460e-02 2.890242e-02 2.678748e-04 1.168528e-02 1.220282e-02 4.460394e-02 4.6272405336e+04 2.1871434134e+05 2.1884347444e+05
654.3270 1.840626e-02 2.655468e-02 2.884013e-04 1.052553e-02 1.163384e-02 4.671710e-02 4.6297814312e+04 2.1872919806e+05 2.1880439776e+05
655.3275 1.769349e-02 2.535663e-02 2.728698e-04 9.716161e-03 1.120791e-02 4.841763e-02 4.6318350739e+04 2.1874932540e+05 2.1876434331e+05
656.3280 1.755177e-02 2.471593e-02 2.824436e-04 9.452061e-03 1.101402e-02 4.902448e-02 4.6333704090e+04 2.1876920990e+05 2.1872932063e+05
657.3285 1.729580e-02 2.494499e-02 2.915565e-04 9.965172e-03 1.146859e-02 4.813968e-02 4.6344303845e+04 2.1878270254e+05 2.1870524880e+05
658.3290 1.732330e-02 2.487802e-02 2.695388e-04 1.105120e-02 1.209624e-02 4.612695e-02 4.6349357632e+04 2.1878607938e+05 2.1869693390e+05
659.3295 1.781614e-02 2.533841e-02 2.728830e-04 1.286647e-02 1.328421e-02 4.309588e-02 4.6348290500e+04 2.1877750776e+05 2.1870622567e+05
660.3300 1.889828e-02 2.799733e-02 2.940703e-04 1.475088e-02 1.438633e-02 3.980372e-02 4.6341687555e+04 2.1875599725e+05 2.1873295513e+05
661.3305 2.042222e-02 3.045256e-02 2.823385e-04 1.698117e-02 1.588715e-02 3.636568e-02 4.6332732551e+04 2.1872288103e+05 2.1877334319e+05
662.3310 2.173309e-02 3.296343e-02 2.631226e-04 1.907101e-02 1.700115e-02 3.259221e-02 4.6324750683e+04 2.1868116490e+05 2.1882167531e+05
663.3315 2.291363e-02 3.486316e-02 2.604916e-04 2.140420e-02 1.873353e-02 3.056988e-02 4.6319421249e+04 2.1863718383e+05 2.1886895802e+05
664.3320 2.412686e-02 3.709907e-02 2.667886e-04 2.250384e-02 1.919182e-02 2.837331e-02 4.6317899567e+04 2.1859888343e+05 2.1890764328e+05
665.3325 2.545062e-02 3.943233e-02 2.871065e-04 2.322219e-02 1.985662e-02 2.824648e-02 4.6320882847e+04 2.1857199917e+05 2.1892956826e+05
666.3330 2.663952e-02 4.185134e-02 2.683262e-04 2.341700e-02 2.001383e-02 2.947419e-02 4.6330077026e+04 2.1855932968e+05 2.1893086153e+05
667.3335 2.655541e-02 4.150068e-02 2.768037e-04 2.276624e-02 1.960258e-02 3.173124e-02 4.6347157351e+04 2.1856196318e+05 2.1891087439e+05
668.3340 2.542219e-02 3.942301e-02 2.728357e-04 2.150724e-02 1.910993e-02 3.547208e-02 4.6371399262e+04 2.1857747246e+05 2.1887163520e+05
669.3345 2.406059e-02 3.720902e-02 2.761441e-04 1.957058e-02 1.782323e-02 3.978890e-02 4.6400671474e+04 2.1860239868e+05 2.1881847134e+05
670.3350 2.332699e-02 3.525422e-02 2.730269e-04 1.763995e-02 1.673820e-02 4.428800e-02 4.6432477556e+04 2.1863144266e+05 2.1875806989e+05
671.3355 2.283631e-02 3.400605e-02 2.793698e-04 1.549518e-02 1.552839e-02 4.924845e-02 4.6465229901e+04 2.1865736495e+05 2.1869940154e+05
672.3360 2.165334e-02 3.223319e-02 2.937168e-04 1.357500e-02 1.424367e-02 5.334051e-02 4.6498131710e+04 2.1867426397e+05 2.1865046391e+05
673.3365 2.013710e-02 2.951580e-02 2.855455e-04 1.230047e-02 1.361937e-02 5.583063e-02 4.6528637535e+04 2.1867914842e+05 2.1861654248e+05
674.3370 1.850206e-02 2.704743e-02 2.981549e-04 1.136992e-02 1.288561e-02 5.785582e-02 4.6553186241e+04 2.1867220515e+05 2.1860044901e+05
675.3375 1.798422e-02 2.582763e-02 2.988233e-04 1.148690e-02 1.307734e-02 5.836324e-02 4.6569536448e+04 2.1865589199e+05 2.1860078486e+05
676.3380 1.814546e-02 2.593231e-02 3.246579e-04 1.216246e-02 1.335634e-02 5.679062e-02 4.6578196431e+04 2.1863299565e+05 2.1861518498e+05
677.3385 1.873184e-02 2.682524e-02 2.900318e-04 1.368959e-02 1.428560e-02 5.414022e-02 4.6580903972e+04 2.1860586752e+05 2.1863914072e+05
678.3390 1.963677e-02 2.854097e-02 2.965849e-04 1.593240e-02 1.577049e-02 5.042113e-02 4.6578740379e+04 2.1857828203e+05 2.1866776042e+05
679.3395 2.052865e-02 3.045906e-02 2.982214e-04 1.830480e-02 1.718653e-02 4.631524e-02 4.6572089665e+04 2.1855511462e+05 2.1869661454e+05
680.3400 2.207306e-02 3.330152e-02 2.909611e-04 2.097458e-02 1.896785e-02 4.166374e-02 4.6561648313e+04 2.1853872612e+05 2.1872181043e+05
681.3405 2.419808e-02 3.686647e-02 2.843141e-04 2.354704e-02 2.072924e-02 3.767952e-02 4.6549861482e+04 2.1852806856e+05 2.1874179023e+05
682.3410 2.577007e-02 4.002236e-02 2.801652e-04 2.597420e-02 2.241351e-02 3.456674e-02 4.6541231431e+04 2.1851991652e+05 2.1875623244e+05
683.3415 2.676135e-02 4.201980e-02 2.742630e-04 2.709814e-02 2.312159e-02 3.258327e-02 4.6539259269e+04 2.1851095570e+05 2.1876601818e+05
684.3420 2.728155e-02 4.296561e-02 2.668192e-04 2.820098e-02 2.418641e-02 3.272456e-02 4.6544726289e+04 2.1850017413e+05 2.1876983372e+05
685.3425 2.815108e-02 4.435073e-02 2.546950e-04 2.800820e-02 2.389578e-02 3.396502e-02 4.6557581667e+04 2.1848755234e+05 2.1876838441e+05
686.3430 2.909230e-02 4.561255e-02 2.904757e-04 2.708123e-02 2.353083e-02 3.738989e-02 4.6577874675e+04 2.1847343833e+05 2.1876040965e+05
687.3435 2.868480e-02 4.547771e-02 2.853401e-04 2.526124e-02 2.241863e-02 4.180908e-02 4.6606148685e+04 2.1845968904e+05 2.1874556386e+05
688.3440 2.759513e-02 4.312033e-02 2.956795e-04 2.291447e-02 2.078635e-02 4.716087e-02 4.6641124725e+04 2.1844843780e+05 2.1872261043e+05
689.3445 2.550915e-02 3.914649e-02 2.919618e-04 2.071765e-02 1.958969e-02 5.293860e-02 4.6679871090e+04 2.1844413456e+05 2.1868963940e+05
690.3450 2.313614e-02 3.567301e-02 2.913093e-04 1.810319e-02 1.771160e-02 5.892565e-02 4.6718656713e+04 2.1844945911e+05 2.1864731157e+05
691.3455 2.232497e-02 3.352077e-02 3.175136e-04 1.595557e-02 1.631392e-02 6.314794e-02 4.6755186965e+04 2.1846387616e+05 2.1859726121e+05
692.3460 2.165582e-02 3.152998e-02 3.185301e-04 1.428610e-02 1.520304e-02 6.644575e-02 4.6788258405e+04 2.1848424749e+05 2.1854470819e+05
693.3465 2.050683e-02 2.976511e-02 3.211413e-04 1.344379e-02 1.455993e-02 6.862338e-02 4.6816454022e+04 2.1850533246e+05 2.1849629458e+05
694.3470 1.977412e-02 2.805365e-02 3.222279e-04 1.369350e-02 1.474643e-02 6.836053e-02 4.6836911587e+04 2.1852343783e+05 2.1845870376e+05
695.3475 1.936383e-02 2.799297e-02 3.319718e-04 1.467915e-02 1.542720e-02 6.626953e-02 4.6847396608e+04 2.1853391086e+05 2.1843808581e+05
696.3480 1.992120e-02 2.920147e-02 3.247228e-04 1.671838e-02 1.683172e-02 6.280524e-02 4.6847814727e+04 2.1853247446e+05 2.1843840251e+05
697.3485 2.139933e-02 3.133264e-02 3.286727e-04 1.931333e-02 1.856407e-02 5.819971e-02 4.6840885247e+04 2.1851504729e+05 2.1846141828e+05
698.3490 2.285067e-02 3.369022e-02 3.010847e-04 2.224696e-02 2.074977e-02 5.333239e-02 4.6830833595e+04 2.1847998864e+05 2.1850487327e+05
699.3495 2.440979e-02 3.663921e-02 3.071042e-04 2.534516e-02 2.283717e-02 4.740322e-02 4.6820406151e+04 2.1843123163e+05 2.1856255431e+05
700.3500 2.639266e-02 4.050548e-02 2.772926e-04 2.844735e-02 2.506430e-02 4.321380e-02 4.6810218450e+04 2.1837633007e+05 2.1862481376e+05
701.3505 2.837340e-02 4.467192e-02 2.797671e-04 3.077649e-02 2.674920e-02 3.947548e-02 4.6802187467e+04 2.1832501816e+05 2.1868160908e+05
702.3510 3.031381e-02 4.814545e-02 2.923420e-04 3.196750e-02 2.744827e-02 3.787544e-02 4.6799214149e+04 2.1828356802e+05 2.1872373074e+05
703.3515 3.138355e-02 4.958224e-02 2.764459e-04 3.320103e-02 2.849991e-02 3.822789e-02 4.6804684590e+04 2.1825695973e+05 2.1874285953e+05
704.3520 3.114752e-02 4.931180e-02 2.753746e-04 3.276841e-02 2.801903e-02 4.027680e-02 4.6820347122e+04 2.1824757079e+05 2.1873627796e+05
705.3525 3.046029e-02 4.911616e-02 3.074611e-04 3.170649e-02 2.744973e-02 4.436764e-02 4.6845313654e+04 2.1825554355e+05 2.1870265738e+05
706.3530 3.040078e-02 4.821324e-02 2.705056e-04 2.944066e-02 2.574881e-02 4.971695e-02 4.6878181779e+04 2.1827841316e+05 2.1864674198e+05
707.3535 2.997389e-02 4.710926e-02 3.239524e-04 2.686251e-02 2.396215e-02 5.603045e-02 4.6917782943e+04 2.1830964244e+05 2.1857579821e+05
708.3540 2.875557e-02 4.489089e-02 3.145973e-04 2.410227e-02 2.215561e-02 6.289369e-02 4.6962234236e+04 2.1834138793e+05 2.1850005264e+05
709.3545 2.664807e-02 4.079877e-02 3.110212e-04 2.113227e-02 1.996323e-02 6.920904e-02 4.7008195309e+04 2.1836785407e+05 2.1842967221e+05
710.3550 2.413054e-02 3.602892e-02 3.413343e-04 1.893397e-02 1.864995e-02 7.391938e-02 4.7051310752e+04 2.1838499271e+05 2.1837183821e+05
711.3555 2.217346e-02 3.287504e-02 3.265365e-04 1.719469e-02 1.746936e-02 7.765117e-02 4.7087650685e+04 2.1838991750e+05 2.1833228330e+05
712.3560 2.172034e-02 3.125644e-02 3.478899e-04 1.649115e-02 1.711494e-02 7.957034e-02 4.7115662118e+04 2.1838164994e+05 2.1831300455e+05
713.3565 2.127616e-02 3.068112e-02 3.501802e-04 1.673364e-02 1.743527e-02 7.888243e-02 4.7136243967e+04 2.1836076536e+05 2.1831381368e+05
714.3570 2.132049e-02 3.103455e-02 3.241630e-04 1.803147e-02 1.852409e-02 7.635302e-02 4.7148979937e+04 2.1833031403e+05 2.1833147253e+05
715.3575 2.199916e-02 3.198518e-02 3.444826e-04 2.035171e-02 2.016012e-02 7.183180e-02 4.7152550429e+04 2.1829680838e+05 2.1836093604e+05
716.3580 2.324490e-02 3.422469e-02 3.478168e-04 2.328970e-02 2.250376e-02 6.704535e-02 4.7146561129e+04 2.1826570960e+05 2.1839643351e+05
717.3585 2.538227e-02 3.796160e-02 3.142429e-04 2.650882e-02 2.468510e-02 6.075822e-02 4.7133453272e+04 2.1823988135e+05 2.1843337434e+05
718.3590 2.768061e-02 4.155584e-02 3.369300e-04 3.010002e-02 2.722048e-02 5.488142e-02 4.7117983022e+04 2.1821850112e+05 2.1846773141e+05
719.3595 2.918220e-02 4.512987e-02 3.126499e-04 3.353804e-02 2.968314e-02 5.002648e-02 4.7105032488e+04 2.1819963433e+05 2.1849712515e+05
720.3600 3.044421e-02 4.860296e-02 2.714792e-04 3.583233e-02 3.104254e-02 4.612827e-02 4.7097463842e+04 2.1818232600e+05 2.1852018357e+05
721.3605 3.252096e-02 5.212057e-02 3.232182e-04 3.762171e-02 3.234098e-02 4.500413e-02 4.7096154631e+04 2.1816616996e+05 2.1853459914e+05
722.3610 3.472850e-02 5.594607e-02 2.771332e-04 3.861286e-02 3.272288e-02 4.545138e-02 4.7103066088e+04 2.1815029651e+05 2.1854038949e+05
723.3615 3.570244e-02 5.741333e-02 2.919018e-04 3.784151e-02 3.192220e-02 4.770696e-02 4.7120323958e+04 2.1813442819e+05 2.1853779445e+05
724.3620 3.526098e-02 5.683690e-02 3.077470e-04 3.670526e-02 3.122016e-02 5.294281e-02 4.7148432921e+04 2.1811813299e+05 2.1852498112e+05
725.3625 3.376461e-02 5.389617e-02 2.975227e-04 3.429261e-02 2.915191e-02 5.848162e-02 4.7186450125e+04 2.1810511735e+05 2.1850131550e+05
726.3630 3.192457e-02 5.060221e-02 3.174826e-04 3.160872e-02 2.740126e-02 6.590927e-02 4.7230927774e+04 2.1809850297e+05 2.1846430525e+05
727.3635 3.042581e-02 4.812163e-02 3.258405e-04 2.841247e-02 2.521920e-02 7.339531e-02 4.7279200138e+04 2.1810064671e+05 2.1841463456e+05
728.3640 2.922177e-02 4.504665e-02 3.506024e-04 2.519006e-02 2.311497e-02 8.003898e-02 4.7329310211e+04 2.1811178345e+05 2.1835462871e+05
729.3645 2.737406e-02 4.172347e-02 3.522802e-04 2.267162e-02 2.163436e-02 8.485829e-02 4.7378623815e+04 2.1812989791e+05 2.1828891700e+05
730.3650 2.550265e-02 3.764839e-02 3.708727e-04 2.078951e-02 2.064459e-02 8.910268e-02 4.7422286090e+04 2.1815279434e+05 2.1822418775e+05
731.3655 2.389752e-02 3.442201e-02 3.649142e-04 2.007629e-02 2.061128e-02 9.079815e-02 4.7456202040e+04 2.1817710641e+05 2.1816756806e+05
732.3660 2.281153e-02 3.266003e-02 3.777197e-04 2.031297e-02 2.098000e-02 8.986697e-02 4.7478159958e+04 2.1819708554e+05 2.1812693481e+05
733.3665 2.349906e-02 3.291665e-02 3.473717e-04 2.179371e-02 2.243981e-02 8.686872e-02 4.7488823272e+04 2.1820440671e+05 2.1810854081e+05
734.3670 2.422312e-02 3.468112e-02 3.790204e-04 2.423508e-02 2.425340e-02 8.263578e-02 4.7490758818e+04 2.1819336949e+05 2.1811663566e+05
735.3675 2.522580e-02 3.759559e-02 3.347348e-04 2.752222e-02 2.673130e-02 7.693626e-02 4.7485550188e+04 2.1816279305e+05 2.1815080945e+05
736.3680 2.758016e-02 4.137145e-02 3.189624e-04 3.117143e-02 2.917377e-02 7.031008e-02 4.7473901160e+04 2.1811606545e+05 2.1820697951e+05
737.3685 3.009802e-02 4.630984e-02 3.484952e-04 3.514667e-02 3.188674e-02 6.395663e-02 4.7457851634e+04 2.1805922855e+05 2.1827678149e+05
738.3690 3.298055e-02 5.188929e-02 3.171177e-04 3.859741e-02 3.373431e-02 5.850831e-02 4.7441399321e+04 2.1799841654e+05 2.1835070292e+05
739.3695 3.519545e-02 5.610855e-02 3.317765e-04 4.128574e-02 3.543019e-02 5.499104e-02 4.7429812507e+04 2.1794068768e+05 2.1841701179e+05
740.3700 3.637073e-02 5.826675e-02 3.295210e-04 4.361630e-02 3.665308e-02 5.353910e-02 4.7427313903e+04 2.1789350788e+05 2.1846452855e+05
741.3705 3.713096e-02 5.993135e-02 3.007431e-04 4.447321e-02 3.670300e-02 5.364419e-02 4.7435490525e+04 2.1786344712e+05 2.1848504569e+05
742.3710 3.767261e-02 6.206074e-02 3.236325e-04 4.395047e-02 3.625877e-02 5.670583e-02 4.7454517396e+04 2.1785386054e+05 2.1847367884e+05
743.3715 3.859892e-02 6.319547e-02 3.427854e-04 4.254254e-02 3.498207e-02 6.168626e-02 4.7484993442e+04 2.1786385261e+05 2.1843140993e+05
744.3720 3.837924e-02 6.220655e-02 3.340395e-04 3.995552e-02 3.318180e-02 6.759375e-02 4.7527045733e+04 2.1788884690e+05 2.1836426034e+05
745.3725 3.658113e-02 5.814558e-02 3.632139e-04 3.698503e-02 3.129176e-02 7.575324e-02 4.7577997517e+04 2.1792213574e+05 2.1828099117e+05
746.3730 3.369101e-02 5.298847e-02 3.489795e-04 3.359829e-02 2.916957e-02 8.314886e-02 4.7633797450e+04 2.1795760213e+05 2.1819223091e+05
747.3735 3.112334e-02 4.865234e-02 3.567572e-04 3.018327e-02 2.737233e-02 9.037382e-02 4.7689447042e+04 2.1798806224e+05 2.1810805733e+05
748.3740 2.933189e-02 4.451405e-02 3.884846e-04 2.724659e-02 2.575781e-02 9.595869e-02 4.7742081864e+04 2.1800780914e+05 2.1803764269e+05
749.3745 2.806398e-02 4.093850e-02 3.625954e-04 2.507710e-02 2.489861e-02 1.008543e-01 4.7789555939e+04 2.1801167439e+05 2.1798752906e+05
750.3750 2.630040e-02 3.829138e-02 4.179765e-04 2.396081e-02 2.454836e-02 1.027003e-01 4.7829786585e+04 2.1799966375e+05 2.1796092451e+05
751.3755 2.517954e-02 3.622853e-02 3.639645e-04 2.420493e-02 2.518021e-02 1.022122e-01 4.7858550076e+04 2.1797599033e+05 2.1795697500e+05
752.3760 2.556215e-02 3.615134e-02 3.637290e-04 2.556013e-02 2.631837e-02 9.928085e-02 4.7872900697e+04 2.1794614392e+05 2.1797250655e+05
753.3765 2.641083e-02 3.810534e-02 4.102014e-04 2.800836e-02 2.811089e-02 9.512704e-02 4.7873509016e+04 2.1791426283e+05 2.1800264283e+05
754.3770 2.816288e-02 4.136506e-02 3.443512e-04 3.152431e-02 3.040391e-02 8.926299e-02 4.7864090507e+04 2.1788204141e+05 2.1804232142e+05
755.3775 2.998903e-02 4.497118e-02 3.776957e-04 3.565876e-02 3.292384e-02 8.212012e-02 4.7849217457e+04 2.1785057309e+05 2.1808663916e+05
756.3780 3.221070e-02 4.987263e-02 3.668228e-04 4.009312e-02 3.570590e-02 7.513663e-02 4.7831884312e+04 2.1782075826e+05 2.1813083227e+05
757.3785 3.524311e-02 5.565952e-02 3.267556e-04 4.401047e-02 3.783421e-02 6.947535e-02 4.7814489207e+04 2.1779359038e+05 2.1817169095e+05
758.3790 3.871699e-02 6.212110e-02 3.541608e-04 4.733937e-02 3.973657e-02 6.493773e-02 4.7800825117e+04 2.1776825578e+05 2.1820641588e+05
759.3795 4.165075e-02 6.693048e-02 3.474067e-04 4.997411e-02 4.111116e-02 6.267452e-02 4.7795779811e+04 2.1774250065e+05 2.1823337851e+05
760.3800 4.267360e-02 6.937912e-02 3.362938e-04 5.102192e-02 4.146952e-02 6.219287e-02 4.7803287536e+04 2.1771585495e+05 2.1825075252e+05
761.3805 4.250664e-02 7.026995e-02 3.499871e-04 5.103303e-02 4.142153e-02 6.481983e-02 4.7824309903e+04 2.1768935508e+05 2.1825486773e+05
762.3810 4.173134e-02 6.874730e-02 3.414301e-04 4.959406e-02 4.037419e-02 6.969821e-02 4.7858183090e+04 2.1766795254e+05 2.1824240962e+05
763.3815 4.130485e-02 6.696197e-02 3.657511e-04 4.687390e-02 3.885044e-02 7.627727e-02 4.7903429457e+04 2.1765441512e+05 2.1821064043e+05
764.3820 4.059220e-02 6.517049e-02 3.753713e-04 4.340811e-02 3.661950e-02 8.470957e-02 4.7958906584e+04 2.1765004843e+05 2.1815937315e+05
765.3825 3.824192e-02 6.055593e-02 3.836745e-04 3.953712e-02 3.458902e-02 9.285552e-02 4.8022777647e+04 2.1765715570e+05 2.1809036098e+05
766.3830 3.499787e-02 5.475005e-02 4.099152e-04 3.540163e-02 3.222901e-02 1.011173e-01 4.8089274621e+04 2.1767567427e+05 2.1800824646e+05
767.3835 3.216427e-02 4.887602e-02 3.829024e-04 3.198787e-02 3.043795e-02 1.080083e-01 4.8151449839e+04 2.1770554280e+05 2.1791900628e+05
768.3840 3.011275e-02 4.403287e-02 4.199776e-04 2.915243e-02 2.893861e-02 1.141820e-01 4.8203978818e+04 2.1774203238e+05 2.1783200128e+05
769.3845 2.832125e-02 4.139327e-02 4.344375e-04 2.765653e-02 2.832204e-02 1.168051e-01 4.8245637184e+04 2.1777629165e+05 2.1775774589e+05
770.3850 2.756897e-02 3.956632e-02 3.811424e-04 2.761091e-02 2.835564e-02 1.167702e-01 4.8275707159e+04 2.1779818500e+05 2.1770684860e+05
771.3855 2.740183e-02 3.963437e-02 4.487501e-04 2.892359e-02 2.933309e-02 1.147083e-01 4.8293132875e+04 2.1780064974e+05 2.1768686321e+05
772.3860 2.805303e-02 4.139139e-02 4.096186e-04 3.157902e-02 3.115092e-02 1.102279e-01 4.8296645751e+04 2.1778188583e+05 2.1770118444e+05
773.3865 3.080225e-02 4.596184e-02 3.595569e-04 3.549078e-02 3.328019e-02 1.035644e-01 4.8286378367e+04 2.1774196295e+05 2.1774863999e+05
774.3870 3.387537e-02 5.166321e-02 3.981541e-04 4.021455e-02 3.638538e-02 9.556240e-02 4.8266377741e+04 2.1768404336e+05 2.1782313068e+05
775.3875 3.663546e-02 5.730962e-02 3.730251e-04 4.509899e-02 3.918677e-02 8.760949e-02 4.8242807201e+04 2.1761240694e+05 2.1791509684e+05
776.3880 3.917609e-02 6.238438e-02 3.648362e-04 4.992338e-02 4.206733e-02 8.032390e-02 4.8221193987e+04 2.1753540676e+05 2.1801044216e+05
777.3885 4.178629e-02 6.730778e-02 3.503481e-04 5.424587e-02 4.499011e-02 7.485897e-02 4.8205573180e+04 2.1746376278e+05 2.1809397397e+05
778.3890 4.479745e-02 7.275727e-02 3.452583e-04 5.724363e-02 4.655340e-02 7.078117e-02 4.8199319492e+04 2.1740758222e+05 2.1815278150e+05
779.3895 4.733657e-02 7.762355e-02 3.575249e-04 5.867621e-02 4.762132e-02 6.998803e-02 4.8205970779e+04 2.1737286908e+05 2.1817715167e+05
780.3900 4.844340e-02 7.937565e-02 3.778894e-04 5.877433e-02 4.782403e-02 7.235463e-02 4.8228872413e+04 2.1736163196e+05 2.1816328276e+05
781.3905 4.772817e-02 7.786969e-02 3.693271e-04 5.706956e-02 4.670712e-02 7.715794e-02 4.8268338990e+04 2.1737259850e+05 2.1811295709e+05
782.3910 4.583203e-02 7.462526e-02 3.675908e-04 5.422729e-02 4.525791e-02 8.488522e-02 4.8321035066e+04 2.1740194085e+05 2.1803158020e+05
783.3915 4.342782e-02 7.031694e-02 3.896859e-04 5.027048e-02 4.272111e-02 9.413925e-02 4.8383375351e+04 2.1744341798e+05 2.1792937474e+05
784.3920 4.101696e-02 6.564542e-02 3.911437e-04 4.562708e-02 4.009864e-02 1.040555e-01 4.8452258541e+04 2.1748715484e+05 2.1781849984e+05
785.3925 3.880452e-02 5.993933e-02 4.049302e-04 4.068225e-02 3.691378e-02 1.140855e-01 4.8524152118e+04 2.1752371980e+05 2.1771243800e+05
786.3930 3.550723e-02 5.317110e-02 4.201959e-04 3.658633e-02 3.454936e-02 1.227880e-01 4.8594587986e+04 2.1754719752e+05 2.1762170667e+05
787.3935 3.227948e-02 4.832012e-02 4.452934e-04 3.320702e-02 3.235432e-02 1.301114e-01 4.8656388618e+04 2.1755496924e+05 2.1755467233e+05
788.3940 3.066773e-02 4.501945e-02 4.262536e-04 3.148565e-02 3.136464e-02 1.329219e-01 4.8704074537e+04 2.1754912222e+05 2.1751477242e+05
789.3945 3.009623e-02 4.358532e-02 4.432687e-04 3.126623e-02 3.115303e-02 1.338855e-01 4.8734723708e+04 2.1753057341e+05 2.1750332532e+05
790.3950 3.018110e-02 4.433278e-02 4.587996e-04 3.275430e-02 3.225673e-02 1.314866e-01 4.8748909156e+04 2.1750107017e+05 2.1751824030e+05
791.3955 3.141261e-02 4.639671e-02 4.290116e-04 3.588650e-02 3.410971e-02 1.257107e-01 4.8748870759e+04 2.1746291944e+05 2.1755539803e+05
792.3960 3.301164e-02 4.972342e-02 4.412545e-04 4.068891e-02 3.738953e-02 1.181269e-01 4.8736639819e+04 2.1742017562e+05 2.1760815894e+05
793.3965 3.617138e-02 5.556972e-02 4.367846e-04 4.597543e-02 4.084373e-02 1.080778e-01 4.8714552011e+04 2.1737690012e+05 2.1767047121e+05
794.3970 4.061918e-02 6.295504e-02 4.047609e-04 5.159317e-02 4.439858e-02 9.883255e-02 4.8687198932e+04 2.1733416462e+05 2.1773583794e+05
795.3975 4.432552e-02 7.070366e-02 4.147409e-04 5.721829e-02 4.834475e-02 9.045033e-02 4.8661678584e+04 2.1729206341e+05 2.1779840424e+05
796.3980 4.802767e-02 7.630014e-02 3.731511e-04 6.186640e-02 5.135697e-02 8.304044e-02 4.8644148966e+04 2.1725049402e+05 2.1785360692e+05
797.3985 5.027872e-02 8.115707e-02 3.909994e-04 6.525762e-02 5.356536e-02 7.861984e-02 4.8638712363e+04 2.1721043359e+05 2.1789570646e+05
798.3990 5.087129e-02 8.422129e-02 3.597890e-04 6.704001e-02 5.503364e-02 7.801541e-02 4.8648052982e+04 2.1717506754e+05 2.1791927015e+05
799.3995 5.192899e-02 8.628425e-02 3.693538e-04 6.673336e-02 5.465986e-02 8.061406e-02 4.8673411226e+04 2.1714661514e+05 2.1792029465e+05
800.4000 5.236595e-02 8.589481e-02 3.768416e-04 6.461305e-02 5.344236e-02 8.700938e-02 4.8716250374e+04 2.1712741778e+05 2.1789540146e+05
801.4005 5.056062e-02 8.258923e-02 4.301786e-04 6.109274e-02 5.092446e-02 9.569468e-02 4.8775885262e+04 2.1712033965e+05 2.1784378483e+05
802.4010 4.760267e-02 7.679884e-02 3.928056e-04 5.637614e-02 4.776472e-02 1.064532e-01 4.8847631047e+04 2.1712818746e+05 2.1776660039e+05
803.4015 4.439099e-02 7.069099e-02 4.384397e-04 5.095686e-02 4.422123e-02 1.185502e-01 4.8925043993e+04 2.1715166842e+05 2.1766816294e+05
804.4020 4.127543e-02 6.409701e-02 4.575692e-04 4.562226e-02 4.057188e-02 1.294124e-01 4.9002248446e+04 2.1718939407e+05 2.1755637924e+05
805.4025 3.835207e-02 5.793344e-02 4.673785e-04 4.089102e-02 3.747528e-02 1.398009e-01 4.9074210933e+04 2.1723402264e+05 2.1744248743e+05
806.4030 3.525422e-02 5.357633e-02 4.766618e-04 3.742647e-02 3.524922e-02 1.466783e-01 4.9137285352e+04 2.1727640432e+05 2.1733950741e+05
807.4035 3.300124e-02 4.955119e-02 4.764387e-04 3.577904e-02 3.432803e-02 1.495953e-01 4.9187112648e+04 2.1730854413e+05 2.1725989917e+05
808.4040 3.271668e-02 4.800212e-02 4.696209e-04 3.587303e-02 3.462970e-02 1.499659e-01 4.9218789562e+04 2.1732317933e+05 2.1721405734e+05
809.4045 3.344695e-02 4.939948e-02 4.935594e-04 3.777115e-02 3.619897e-02 1.462025e-01 4.9231632458e+04 2.1731506609e+05 2.1720860429e+05
810.4050 3.552143e-02 5.272136e-02 4.467520e-04 4.164926e-02 3.908562e-02 1.392771e-01 4.9227713393e+04 2.1728042517e+05 2.1724511154e+05
811.4055 3.817770e-02 5.776556e-02 4.644194e-04 4.695457e-02 4.287160e-02 1.296369e-01 4.9211182354e+04 2.1721979236e+05 2.1731936187e+05
812.4060 4.098685e-02 6.270980e-02 4.330218e-04 5.276076e-02 4.718008e-02 1.184531e-01 4.9187032530e+04 2.1713966459e+05 2.1742101135e+05
813.4065 4.416118e-02 6.886869e-02 4.215672e-04 5.915038e-02 5.144933e-02 1.087129e-01 4.9159264540e+04 2.1704992177e+05 2.1753440251e+05
814.4070 4.854283e-02 7.635607e-02 3.936463e-04 6.503063e-02 5.561912e-02 9.928913e-02 4.9133591346e+04 2.1696263622e+05 2.1764231372e+05
815.4075 5.262303e-02 8.407659e-02 3.828465e-04 6.950378e-02 5.848454e-02 9.178363e-02 4.9116605201e+04 2.1688822018e+05 2.1772901377e+05
816.4080 5.523031e-02 8.999220e-02 3.881091e-04 7.275494e-02 6.048312e-02 8.849293e-02 4.9114007800e+04 2.1683444628e+05 2.1778115367e+05
817.4085 5.652855e-02 9.261705e-02 3.909407e-04 7.403046e-02 6.096311e-02 8.873207e-02 4.9129375846e+04 2.1680675589e+05 2.1779109867e+05
818.4090 5.665968e-02 9.287542e-02 3.868604e-04 7.321688e-02 6.015203e-02 9.311826e-02 4.9162752060e+04 2.1680692997e+05 2.1775629358e+05
819.4095 5.560129e-02 9.145636e-02 4.197325e-04 7.054771e-02 5.791084e-02 1.007091e-01 4.9212545435e+04 2.1683267296e+05 2.1768061635e+05
820.4100 5.367036e-02 8.813476e-02 4.335092e-04 6.649118e-02 5.473665e-02 1.107474e-01 4.9276357230e+04 2.1687684061e+05 2.1757357030e+05
821.4105 5.074130e-02 8.289803e-02 4.334920e-04 6.113425e-02 5.091933e-02 1.229709e-01 4.9351321526e+04 2.1692841620e+05 2.1744913187e+05
822.4110 4.678274e-02 7.587495e-02 4.603925e-04 5.557309e-02 4.711004e-02 1.352546e-01 4.9432347447e+04 2.1697753035e+05 2.1732216952e+05
823.4115 4.361244e-02 6.798488e-02 4.811849e-04 5.036357e-02 4.360892e-02 1.458786e-01 4.9512413068e+04 2.1701648184e+05 2.1720690516e+05
824.4120 4.059466e-02 6.275385e-02 5.016933e-04 4.581809e-02 4.090100e-02 1.558848e-01 4.9584416219e+04 2.1703853983e+05 2.1711504886e+05
825.4125 3.852518e-02 5.927824e-02 4.765740e-04 4.293342e-02 3.946675e-02 1.607002e-01 4.9644107944e+04 2.1704157306e+05 2.1705434350e+05
826.4130 3.765569e-02 5.614969e-02 4.691236e-04 4.180204e-02 3.925899e-02 1.628920e-01 4.9688602920e+04 2.1702424591e+05 2.1702851756e+05
827.4135 3.676547e-02 5.577064e-02 5.173874e-04 4.248475e-02 4.050001e-02 1.616203e-01 4.9716613646e+04 2.1698871372e+05 2.1703626020e+05
828.4140 3.745071e-02 5.592758e-02 4.670442e-04 4.503702e-02 4.285880e-02 1.567432e-01 4.9727790714e+04 2.1694123060e+05 2.1707223984e+05
829.4145 3.954077e-02 5.871653e-02 4.552029e-04 4.950635e-02 4.647653e-02 1.486608e-01 4.9723120221e+04 2.1688820401e+05 2.1712802910e+05
830.4150 4.303349e-02 6.492564e-02 4.709424e-04 5.478623e-02 5.062046e-02 1.386664e-01 4.9706203643e+04 2.1683399133e+05 2.1719539623e+05
831.4155 4.731591e-02 7.160865e-02 4.227683e-04 6.046900e-02 5.458762e-02 1.276216e-01 4.9682937541e+04 2.1678269264e+05 2.1726614513e+05
832.4160 5.091989e-02 7.834915e-02 4.410892e-04 6.682870e-02 5.890437e-02 1.188714e-01 4.9659154371e+04 2.1673559946e+05 2.1733210755e+05
833.4165 5.386170e-02 8.455094e-02 4.059338e-04 7.186106e-02 6.211898e-02 1.102593e-01 4.9640553561e+04 2.1669473289e+05 2.1738802432e+05
834.4170 5.661151e-02 8.987571e-02 3.996438e-04 7.578087e-02 6.408896e-02 1.042789e-01 4.9631086626e+04 2.1666068255e+05 2.1742834633e+05
835.4175 5.866427e-02 9.529574e-02 4.225335e-04 7.833254e-02 6.532840e-02 1.033442e-01 4.9634616144e+04 2.1663217837e+05 2.1744916030e+05
836.4180 5.986106e-02 9.878767e-02 4.091508e-04 7.878631e-02 6.476874e-02 1.048831e-01 4.9655339696e+04 2.1660924608e+05 2.1744884814e+05
837.4185 5.978636e-02 9.855478e-02 4.363081e-04 7.722049e-02 6.297958e-02 1.105990e-01 4.9694175784e+04 2.1659245520e+05 2.1742594139e+05
838.4190 5.811512e-02 9.593126e-02 4.471093e-04 7.432512e-02 6.046003e-02 1.187208e-01 4.9749155729e+04 2.1658416837e+05 2.1737990396e+05
839.4195 5.543559e-02 9.168174e-02 4.763103e-04 7.017888e-02 5.711843e-02 1.287476e-01 4.9815709650e+04 2.1658708569e+05 2.1731214526e+05
840.4200 5.292858e-02 8.648986e-02 4.561623e-04 6.510994e-02 5.368149e-02 1.401709e-01 4.9888562208e+04 2.1660218722e+05 2.1722616075e+05
841.4205 5.010159e-02 8.083259e-02 5.006670e-04 6.019070e-02 5.042632e-02 1.506166e-01 4.9963303293e+04 2.1662801673e+05 2.1712804195e+05
842.4210 4.693151e-02 7.447355e-02 5.157035e-04 5.578573e-02 4.788973e-02 1.597635e-01 5.0035838348e+04 2.1666004916e+05 2.1702647327e+05
843.4215 4.389202e-02 6.963039e-02 5.301682e-04 5.229809e-02 4.624455e-02 1.673415e-01 5.0101080948e+04 2.1669174315e+05 2.1693171948e+05
844.4220 4.251172e-02 6.604454e-02 5.091010e-04 5.054516e-02 4.590755e-02 1.695969e-01 5.0155059897e+04 2.1671731111e+05 2.1685413088e+05
845.4225 4.237959e-02 6.490712e-02 5.206292e-04 5.007677e-02 4.664478e-02 1.708460e-01 5.0194039559e+04 2.1672888852e+05 2.1680348476e+05
846.4230 4.291949e-02 6.491936e-02 5.257422e-04 5.124322e-02 4.820512e-02 1.680177e-01 5.0217781424e+04 2.1672191162e+05 2.1678655631e+05
847.4235 4.416151e-02 6.587683e-02 4.890785e-04 5.426479e-02 5.107701e-02 1.630633e-01 5.0227221818e+04 2.1669250598e+05 2.1680532311e+05
848.4240 4.574079e-02 6.898261e-02 4.757234e-04 5.851272e-02 5.464266e-02 1.553737e-01 5.0224922907e+04 2.1664133072e+05 2.1685678601e+05
849.4245 4.837181e-02 7.273877e-02 4.705462e-04 6.297572e-02 5.780043e-02 1.465089e-01 5.0213751612e+04 2.1657411740e+05 2.1693312270e+05
850.4250 5.190706e-02 7.846498e-02 4.534022e-04 6.829882e-02 6.143792e-02 1.381225e-01 5.0197992455e+04 2.1649778142e+05 2.1702128398e+05
851.4255 5.538181e-02 8.469093e-02 4.670492e-04 7.331857e-02 6.456726e-02 1.318247e-01 5.0183771850e+04 2.1642052291e+05 2.1710813735e+05
852.4260 5.864919e-02 9.152272e-02 4.379536e-04 7.676302e-02 6.608362e-02 1.248924e-01 5.0176867379e+04 2.1635149768e+05 2.1718075618e+05
853.4265 6.059148e-02 9.670314e-02 4.590662e-04 7.991794e-02 6.770046e-02 1.224005e-01 5.0180100935e+04 2.1629919916e+05 2.1722604218e+05
854.4270 6.117312e-02 9.945296e-02 4.637673e-04 8.125368e-02 6.752974e-02 1.228309e-01 5.0195252826e+04 2.1627065760e+05 2.1723743441e+05
855.4275 6.152774e-02 1.008863e-01 4.468131e-04 8.099993e-02 6.656074e-02 1.254819e-01 5.0222733325e+04 2.1626756031e+05 2.1721167523e+05
856.4280 6.098962e-02 9.980014e-02 4.918075e-04 7.925620e-02 6.469668e-02 1.316549e-01 5.0263000726e+04 2.1628681337e+05 2.1715176721e+05
857.4285 5.869503e-02 9.755400e-02 4.849861e-04 7.656180e-02 6.233842e-02 1.381605e-01 5.0315992484e+04 2.1632139566e+05 2.1706547041e+05
858.4290 5.649190e-02 9.386519e-02 5.359015e-04 7.310934e-02 5.976152e-02 1.471454e-01 5.0378128828e+04 2.1636172740e+05 2.1696421985e+05
859.4295 5.453547e-02 8.936258e-02 5.025928e-04 6.921018e-02 5.738167e-02 1.556059e-01 5.0445058205e+04 2.1639980237e+05 2.1686088549e+05
860.4300 5.249525e-02 8.519484e-02 5.677403e-04 6.556184e-02 5.511314e-02 1.629832e-01 5.0511200434e+04 2.1642846612e+05 2.1676799295e+05
861.4305 5.110637e-02 8.179210e-02 5.241993e-04 6.271805e-02 5.406352e-02 1.697629e-01 5.0571489760e+04 2.1644131976e+05 2.1669562101e+05
862.4310 4.949051e-02 7.845437e-02 5.521520e-04 6.071958e-02 5.348044e-02 1.735577e-01 5.0623913826e+04 2.1643524275e+05 2.1665076691e+05
863.4315 4.803649e-02 7.528882e-02 5.321510e-04 6.034524e-02 5.428244e-02 1.741934e-01 5.0667064196e+04 2.1640969647e+05 2.1663467160e+05
864.4320 4.800284e-02 7.393817e-02 5.301006e-04 6.061975e-02 5.535309e-02 1.741595e-01 5.0698605543e+04 2.1636790002e+05 2.1664497607e+05
865.4325 4.910417e-02 7.480114e-02 5.473115e-04 6.236876e-02 5.736313e-02 1.709748e-01 5.0719369504e+04 2.1631653305e+05 2.1667453506e+05
866.4330 5.119390e-02 7.793184e-02 5.057281e-04 6.544616e-02 6.013860e-02 1.666866e-01 5.0730448271e+04 2.1626225843e+05 2.1671502206e+05
867.4335 5.410662e-02 8.162194e-02 5.090609e-04 6.850037e-02 6.255926e-02 1.604071e-01 5.0734931491e+04 2.1621144703e+05 2.1675903667e+05
868.4340 5.682628e-02 8.508767e-02 4.922789e-04 7.182928e-02 6.494429e-02 1.546506e-01 5.0735771209e+04 2.1616818541e+05 2.1679894209e+05
869.4345 5.815671e-02 8.878732e-02 5.012459e-04 7.579738e-02 6.750423e-02 1.501043e-01 5.0735916572e+04 2.1613556130e+05 2.1682852899e+05
870.4350 5.982297e-02 9.184367e-02 4.861313e-04 7.841808e-02 6.866373e-02 1.465729e-01 5.0738332130e+04 2.1611425258e+05 2.1684546275e+05
871.4355 6.127070e-02 9.530462e-02 4.841065e-04 8.033454e-02 6.942808e-02 1.435676e-01 5.0746632838e+04 2.1610187579e+05 2.1684771708e+05
872.4360 6.216669e-02 9.854324e-02 5.402380e-04 8.194793e-02 6.969497e-02 1.439745e-01 5.0763832984e+04 2.1609356182e+05 2.1683619325e+05
873.4365 6.291006e-02 1.002742e-01 4.800450e-04 8.163847e-02 6.858638e-02 1.459866e-01 5.0791846403e+04 2.1608631125e+05 2.1681422692e+05
874.4370 6.231114e-02 1.010751e-01 5.532477e-04 8.076793e-02 6.730287e-02 1.495608e-01 5.0829553741e+04 2.1607884535e+05 2.1678329994e+05
875.4375 6.136381e-02 1.002924e-01 5.064536e-04 7.915564e-02 6.558585e-02 1.543972e-01 5.0873564054e+04 2.1607215692e+05 2.1674608547e+05
876.4380 5.980995e-02 9.889027e-02 5.182266e-04 7.715294e-02 6.380633e-02 1.594707e-01 5.0920630652e+04 2.1606743088e+05 2.1670441228e+05
877.4385 5.790845e-02 9.547628e-02 5.776339e-04 7.514941e-02 6.239096e-02 1.654622e-01 5.0969176597e+04 2.1606424368e+05 2.1666011110e+05
878.4390 5.603519e-02 9.154266e-02 5.248777e-04 7.299106e-02 6.095881e-02 1.694724e-01 5.1018652584e+04 2.1606151429e+05 2.1661557791e+05
879.4395 5.502538e-02 8.816525e-02 5.848036e-04 7.180782e-02 6.064823e-02 1.734888e-01 5.1066173112e+04 2.1605833669e+05 2.1657195983e+05
880.4400 5.402308e-02 8.718597e-02 5.369759e-04 7.115141e-02 6.089163e-02 1.756498e-01 5.1109025241e+04 2.1605545366e+05 2.1653215473e+05
881.4405 5.479987e-02 8.752637e-02 5.541440e-04 7.112861e-02 6.148717e-02 1.756740e-01 5.1144748389e+04 2.1605159581e+05 2.1649963947e+05
882.4410 5.708325e-02 8.924544e-02 5.416534e-04 7.224245e-02 6.331306e-02 1.743768e-01 5.1172825468e+04 2.1604308742e+05 2.1647768485e+05
883.4415 5.781854e-02 9.039672e-02 5.524044e-04 7.326043e-02 6.486046e-02 1.727344e-01 5.1195362860e+04 2.1602690799e+05 2.1647024280e+05
884.4420 5.815348e-02 9.032386e-02 5.165025e-04 7.545375e-02 6.706949e-02 1.697602e-01 5.1213933638e+04 2.1600095096e+05 2.1647699465e+05
885.4425 5.888843e-02 9.097382e-02 5.418847e-04 7.789270e-02 6.962722e-02 1.669741e-01 5.1229700354e+04 2.1596502564e+05 2.1649570779e+05
886.4430 6.089881e-02 9.176356e-02 5.064321e-04 7.913820e-02 7.065806e-02 1.637668e-01 5.1245681902e+04 2.1592117095e+05 2.1652283582e+05
887.4435 6.284307e-02 9.394190e-02 5.019742e-04 8.066339e-02 7.211422e-02 1.622205e-01 5.1264230530e+04 2.1587300385e+05 2.1655022675e+05
888.4440 6.407261e-02 9.678237e-02 5.625504e-04 8.171524e-02 7.259854e-02 1.626669e-01 5.1287876431e+04 2.1582543502e+05 2.1657170176e+05
889.4445 6.485270e-02 9.772137e-02 4.787747e-04 8.146749e-02 7.208418e-02 1.630551e-01 5.1317314717e+04 2.1578620039e+05 2.1658094510e+05
890.4450 6.378752e-02 9.819670e-02 5.732662e-04 8.125886e-02 7.138356e-02 1.648866e-01 5.1350896303e+04 2.1576170117e+05 2.1657173769e+05
891.4455 6.301753e-02 9.830219e-02 5.237357e-04 8.067289e-02 7.024244e-02 1.688830e-01 5.1386433048e+04 2.1575509393e+05 2.1654213133e+05
892.4460 6.199967e-02 9.815974e-02 5.193860e-04 7.888025e-02 6.799957e-02 1.727702e-01 5.1424053044e+04 2.1576572285e+05 2.1649437074e+05
893.4465 6.063973e-02 9.768493e-02 6.166143e-04 7.788531e-02 6.648323e-02 1.766870e-01 5.1464031188e+04 2.1578747376e+05 2.1643277863e+05
894.4470 5.933527e-02 9.637539e-02 5.481216e-04 7.665461e-02 6.495113e-02 1.802466e-01 5.1505031136e+04 2.1581328820e+05 2.1636677053e+05
895.4475 5.809183e-02 9.569995e-02 6.199900e-04 7.616755e-02 6.391586e-02 1.826127e-01 5.1543792112e+04 2.1583614968e+05 2.1630551039e+05
896.4480 5.816937e-02 9.524062e-02 5.824361e-04 7.634177e-02 6.378424e-02 1.835940e-01 5.1577007958e+04 2.1585002478e+05 2.1625825826e+05
897.4485 5.881815e-02 9.535561e-02 5.675228e-04 7.689155e-02 6.402453e-02 1.827666e-01 5.1602921651e+04 2.1584942018e+05 2.1623260117e+05
898.4490 5.998629e-02 9.646940e-02 5.948414e-04 7.902304e-02 6.595300e-02 1.809383e-01 5.1622117402e+04 2.1582956842e+05 2.1623145051e+05
899.4495 6.066445e-02 9.840747e-02 5.573528e-04 8.113564e-02 6.795402e-02 1.770883e-01 5.1637439213e+04 2.1578928552e+05 2.1625527218e+05
900.4500 6.165143e-02 9.943871e-02 5.964509e-04 8.387601e-02 7.064148e-02 1.729635e-01 5.1651179599e+04 2.1573163508e+05 2.1629785128e+05
901.4505 6.396071e-02 1.019020e-01 5.134386e-04 8.673702e-02 7.379770e-02 1.687154e-01 5.1664590572e+04 2.1566385224e+05 2.1634962815e+05
902.4510 6.688943e-02 1.055248e-01 5.312631e-04 8.836416e-02 7.580289e-02 1.654541e-01 5.1680490454e+04 2.1559458342e+05 2.1640020339e+05
903.4515 6.904320e-02 1.080708e-01 5.215771e-04 9.031222e-02 7.857629e-02 1.633532e-01 5.1702369895e+04 2.1553316043e+05 2.1643681349e+05
904.4520 7.039414e-02 1.082123e-01 5.069816e-04 9.074295e-02 7.955064e-02 1.630390e-01 5.1732484179e+04 2.1548719571e+05 2.1645159048e+05
905.4525 7.026051e-02 1.055461e-01 5.113389e-04 8.971771e-02 7.955827e-02 1.645323e-01 5.1771641142e+04 2.1546293542e+05 2.1643761782e+05
906.4530 6.884009e-02 1.030934e-01 5.558204e-04 8.839791e-02 7.916806e-02 1.700594e-01 5.1817868072e+04 2.1546247302e+05 2.1639189709e+05
907.4535 6.774548e-02 1.007485e-01 5.276291e-04 8.553581e-02 7.683953e-02 1.762616e-01 5.1870305104e+04 2.1548394791e+05 2.1631896074e+05
908.4540 6.630855e-02 9.906163e-02 5.600518e-04 8.209359e-02 7.403961e-02 1.833382e-01 5.1928068114e+04 2.1551956858e+05 2.1622648815e+05
909.4545 6.401985e-02 9.707408e-02 6.213008e-04 7.901018e-02 7.109564e-02 1.914950e-01 5.1988825139e+04 2.1555989038e+05 2.1612625414e+05
910.4550 6.192632e-02 9.494086e-02 5.463060e-04 7.569695e-02 6.752250e-02 1.993436e-01 5.2048028852e+04 2.1559594128e+05 2.1603227145e+05
911.4555 5.971276e-02 9.314904e-02 6.493711e-04 7.316942e-02 6.455325e-02 2.054983e-01 5.2100432814e+04 2.1562120361e+05 2.1595595521e+05
912.4560 5.853942e-02 9.157785e-02 6.311801e-04 7.252734e-02 6.294024e-02 2.089800e-01 5.2141432765e+04 2.1563049318e+05 2.1590630431e+05
913.4565 5.795524e-02 9.215499e-02 5.936165e-04 7.244410e-02 6.167782e-02 2.092970e-01 5.2169277156e+04 2.1561963135e+05 2.1588972088e+05
914.4570 5.724864e-02 9.346287e-02 6.523997e-04 7.492901e-02 6.285908e-02 2.072011e-01 5.2185113827e+04 2.1558746619e+05 2.1590520500e+05
915.4575 5.835056e-02 9.482586e-02 6.428512e-04 7.846731e-02 6.491877e-02 2.008193e-01 5.2189946578e+04 2.1553771772e+05 2.1594942711e+05
916.4580 6.115199e-02 9.736470e-02 6.182068e-04 8.317120e-02 6.823148e-02 1.925828e-01 5.2184959095e+04 2.1547638830e+05 2.1601369678e+05
917.4585 6.447449e-02 1.033636e-01 5.793292e-04 8.939478e-02 7.342276e-02 1.825827e-01 5.2173399700e+04 2.1541026069e+05 2.1608708609e+05
918.4590 6.872975e-02 1.118155e-01 5.696153e-04 9.472006e-02 7.778238e-02 1.717914e-01 5.2159878187e+04 2.1534508788e+05 2.1616112901e+05
919.4595 7.357499e-02 1.177977e-01 5.573418e-04 1.003914e-01 8.335913e-02 1.624249e-01 5.2150914247e+04 2.1528521218e+05 2.1622486161e+05
920.4600 7.587806e-02 1.214138e-01 5.082705e-04 1.043621e-01 8.750366e-02 1.556056e-01 5.2153041295e+04 2.1523357050e+05 2.1627148703e+05
921.4605 7.773274e-02 1.226075e-01 5.226247e-04 1.065152e-01 9.052470e-02 1.521325e-01 5.2169410588e+04 2.1519304600e+05 2.1629368411e+05
922.4610 7.908100e-02 1.228304e-01 5.114904e-04 1.069557e-01 9.245148e-02 1.530484e-01 5.2202099751e+04 2.1516580025e+05 2.1628628829e+05
923.4615 7.896590e-02 1.209608e-01 5.254362e-04 1.041641e-01 9.112519e-02 1.576642e-01 5.2253662827e+04 2.1515232599e+05 2.1624882162e+05
924.4620 7.831976e-02 1.167596e-01 5.126594e-04 9.986611e-02 8.891941e-02 1.681564e-01 5.2323149903e+04 2.1515114058e+05 2.1618085959e+05
925.4625 7.583080e-02 1.114628e-01 5.898188e-04 9.385850e-02 8.458717e-02 1.819938e-01 5.2408120726e+04 2.1516187420e+05 2.1608684997e+05
926.4630 7.097059e-02 1.040521e-01 5.406895e-04 8.647954e-02 7.874878e-02 1.967627e-01 5.2502897928e+04 2.1518550260e+05 2.1597276930e+05
927.4635 6.653502e-02 9.823903e-02 6.187691e-04 7.925412e-02 7.277993e-02 2.124967e-01 5.2597227016e+04 2.1522077525e+05 2.1584626773e+05
928.4640 6.338869e-02 9.261832e-02 6.340200e-04 7.269399e-02 6.648827e-02 2.266490e-01 5.2683587096e+04 2.1526477171e+05 2.1571884608e+05
929.4645 5.874714e-02 8.778063e-02 6.284239e-04 6.759785e-02 6.145520e-02 2.383943e-01 5.2757593087e+04 2.1530981273e+05 2.1560304648e+05
930.4650 5.548775e-02 8.418627e-02 7.431941e-04 6.516241e-02 5.817172e-02 2.445344e-01 5.2814126047e+04 2.1534711041e+05 2.1551179857e+05
931.4655 5.522579e-02 8.282119e-02 6.589911e-04 6.559388e-02 5.704928e-02 2.443029e-01 5.2848322701e+04 2.1536910081e+05 2.1545660120e+05
932.4660 5.468471e-02 8.455755e-02 6.875744e-04 6.862825e-02 5.833138e-02 2.390527e-01 5.2858374703e+04 2.1536980951e+05 2.1544576842e+05
933.4665 5.771761e-02 8.937514e-02 6.747364e-04 7.516486e-02 6.246810e-02 2.276791e-01 5.2843947513e+04 2.1534428263e+05 2.1548289629e+05
934.4670 6.359897e-02 9.779905e-02 6.430255e-04 8.310920e-02 6.806055e-02 2.119511e-01 5.2810241837e+04 2.1528797078e+05 2.1556798329e+05
935.4675 6.838412e-02 1.072289e-01 6.105387e-04 9.311894e-02 7.614240e-02 1.937293e-01 5.2766652916e+04 2.1520154519e+05 2.1569234930e+05
936.4680 7.321429e-02 1.174914e-01 5.666857e-04 1.032618e-01 8.437387e-02 1.742981e-01 5.2720599072e+04 2.1509187563e+05 2.1584246334e+05
937.4685 7.901613e-02 1.264191e-01 5.438044e-04 1.121214e-01 9.210950e-02 1.572152e-01 5.2680152494e+04 2.1497097498e+05 2.1599808655e+05
938.4690 8.433049e-02 1.342290e-01 5.230973e-04 1.197255e-01 9.963729e-02 1.444167e-01 5.2655105086e+04 2.1485231167e+05 2.1613555485e+05
939.4695 8.924081e-02 1.405652e-01 4.858835e-04 1.233837e-01 1.034838e-01 1.370081e-01 5.2653293294e+04 2.1475032614e+05 2.1623476781e+05
940.4700 9.193897e-02 1.426509e-01 4.756958e-04 1.245244e-01 1.061345e-01 1.373617e-01 5.2681348150e+04 2.1467771663e+05 2.1627571945e+05
941.4705 9.081237e-02 1.400574e-01 5.367747e-04 1.214235e-01 1.049018e-01 1.445415e-01 5.2741903052e+04 2.1464489270e+05 2.1624836968e+05
942.4710 8.909656e-02 1.331619e-01 4.836375e-04 1.147326e-01 1.003737e-01 1.584155e-01 5.2830401562e+04 2.1465785740e+05 2.1614923959e+05
943.4715 8.544210e-02 1.247167e-01 5.574219e-04 1.058485e-01 9.418546e-02 1.801984e-01 5.2940465518e+04 2.1471491068e+05 2.1598422798e+05
944.4720 7.907085e-02 1.153805e-01 6.122046e-04 9.436428e-02 8.509073e-02 2.039586e-01 5.3066067383e+04 2.1480717200e+05 2.1577140497e+05
945.4725 7.249460e-02 1.038705e-01 6.204295e-04 8.268365e-02 7.555944e-02 2.280097e-01 5.3197561610e+04 2.1491906449e+05 2.1553415049e+05
946.4730 6.560747e-02 9.267004e-02 7.517598e-04 7.192958e-02 6.628646e-02 2.509703e-01 5.3324587695e+04 2.1503109685e+05 2.1530121513e+05
947.4735 5.937715e-02 8.358325e-02 6.775153e-04 6.349863e-02 5.850401e-02 2.690946e-01 5.3434966308e+04 2.1512642795e+05 2.1510092511e+05
948.4740 5.514971e-02 7.774986e-02 7.854310e-04 5.837995e-02 5.323064e-02 2.809269e-01 5.3517483142e+04 2.1519022776e+05 2.1495803278e+05
949.4745 5.372567e-02 7.506909e-02 7.881850e-04 5.736168e-02 5.123637e-02 2.826935e-01 5.3565654039e+04 2.1521173407e+05 2.1489057943e+05
950.4750 5.396017e-02 7.690286e-02 7.364735e-04 6.088504e-02 5.293680e-02 2.757150e-01 5.3577096324e+04 2.1518370269e+05 2.1490702526e+05
951.4755 5.558523e-02 8.198268e-02 7.602503e-04 6.890768e-02 5.855927e-02 2.604202e-01 5.3553914484e+04 2.1510745825e+05 2.1500445156e+05
952.4760 6.082122e-02 9.051944e-02 6.862396e-04 8.030099e-02 6.716867e-02 2.381740e-01 5.3501069263e+04 2.1499079548e+05 2.1516933836e+05
953.4765 6.764173e-02 1.029166e-01 6.718392e-04 9.359216e-02 7.760695e-02 2.117515e-01 5.3427962473e+04 2.1484743473e+05 2.1537917736e+05
954.4770 7.634846e-02 1.174550e-01 5.568381e-04 1.084205e-01 8.978219e-02 1.835324e-01 5.3346817110e+04 2.1469360579e+05 2.1560534979e+05
955.4775 8.518022e-02 1.337800e-01 5.489131e-04 1.214749e-01 1.006009e-01 1.574185e-01 5.3271837105e+04 2.1454453857e+05 2.1582008577e+05
956.4780 9.334712e-02 1.467369e-01 5.309773e-04 1.325359e-01 1.104199e-01 1.370463e-01 5.3216801137e+04 2.1441603682e+05 2.1599496519e+05
957.4785 9.905299e-02 1.552359e-01 4.835723e-04 1.399901e-01 1.172989e-01 1.246473e-01 5.3192197092e+04 2.1432123114e+05 2.1610787406e+05
958.4790 1.019656e-01 1.591854e-01 4.642614e-04 1.421287e-01 1.197715e-01 1.213196e-01 5.3203981639e+04 2.1427016162e+05 2.1614382338e+05
959.4795 1.023357e-01 1.575823e-01 4.904539e-04 1.399762e-01 1.193476e-01 1.296022e-01 5.3255684994e+04 2.1426525737e+05 2.1609522441e+05
960.4800 9.922531e-02 1.516830e-01 5.293469e-04 1.319295e-01 1.132364e-01 1.460396e-01 5.3348521861e+04 2.1430276548e+05 2.1596758172e+05
961.4805 9.493319e-02 1.417814e-01 5.462488e-04 1.207215e-01 1.047689e-01 1.717564e-01 5.3476747857e+04 2.1437355632e+05 2.1577180048e+05
962.4810 8.806056e-02 1.289918e-01 6.473024e-04 1.064545e-01 9.364241e-02 2.040498e-01 5.3630962096e+04 2.1446752636e+05 2.1552870904e+05
963.4815 7.886729e-02 1.132060e-01 6.219844e-04 9.032138e-02 8.029545e-02 2.359565e-01 5.3798415799e+04 2.1457440903e+05 2.1526350586e+05
964.4820 7.066998e-02 9.861919e-02 7.718598e-04 7.574724e-02 6.834930e-02 2.671476e-01 5.3960983943e+04 2.1468090934e+05 2.1500170071e+05
965.4825 6.334843e-02 8.514822e-02 7.707431e-04 6.308197e-02 5.761705e-02 2.925331e-01 5.4104760495e+04 2.1477496190e+05 2.1477144302e+05
966.4830 5.551634e-02 7.546298e-02 7.659173e-04 5.458806e-02 5.012936e-02 3.096746e-01 5.4217621430e+04 2.1484430630e+05 2.1459583911e+05
967.4835 5.171247e-02 6.930122e-02 9.117198e-04 5.152414e-02 4.736832e-02 3.166244e-01 5.4289400579e+04 2.1487904670e+05 2.1449283843e+05
968.4840 5.064968e-02 6.780927e-02 7.781513e-04 5.366963e-02 4.849211e-02 3.097267e-01 5.4316394744e+04 2.1487356073e+05 2.1447396174e+05
969.4845 5.215450e-02 7.388260e-02 8.094585e-04 6.161831e-02 5.446662e-02 2.933601e-01 5.4297601241e+04 2.1482374256e+05 2.1454054938e+05
970.4850 5.921568e-02 8.476458e-02 7.483437e-04 7.445921e-02 6.493266e-02 2.671672e-01 5.4238176160e+04 2.1473165319e+05 2.1468595063e+05
971.4855 6.794644e-02 9.895088e-02 7.089601e-04 8.996083e-02 7.708712e-02 2.351421e-01 5.4149812958e+04 2.1460255591e+05 2.1489592450e+05
972.4860 7.651223e-02 1.155534e-01 6.455077e-04 1.077209e-01 9.166702e-02 1.996622e-01 5.4046834196e+04 2.1444674264e+05 2.1514589410e+05
973.4865 8.638918e-02 1.329487e-01 5.626909e-04 1.249686e-01 1.057054e-01 1.666239e-01 5.3943549982e+04 2.1427802204e+05 2.1540765391e+05
974.4870 9.571859e-02 1.498882e-01 5.449746e-04 1.391664e-01 1.171656e-01 1.383332e-01 5.3856541308e+04 2.1411388667e+05 2.1564924583e+05
975.4875 1.027535e-01 1.623384e-01 4.694453e-04 1.499559e-01 1.263057e-01 1.206434e-01 5.3801284650e+04 2.1397156682e+05 2.1583815668e+05
976.4880 1.084151e-01 1.710796e-01 4.859510e-04 1.548620e-01 1.301071e-01 1.129513e-01 5.3788859548e+04 2.1386664644e+05 2.1594926752e+05
977.4885 1.103548e-01 1.748848e-01 4.494778e-04 1.539799e-01 1.294838e-01 1.180431e-01 5.3826247249e+04 2.1381108968e+05 2.1596357852e+05
978.4890 1.071955e-01 1.703975e-01 5.292557e-04 1.474364e-01 1.242361e-01 1.355948e-01 5.3913932026e+04 2.1381396762e+05 2.1587379086e+05
979.4895 1.031253e-01 1.598041e-01 5.669156e-04 1.352425e-01 1.139999e-01 1.619350e-01 5.4044347229e+04 2.1387588460e+05 2.1568572391e+05
980.4900 9.674647e-02 1.448422e-01 6.061643e-04 1.200172e-01 1.018725e-01 1.974349e-01 5.4206651223e+04 2.1398863483e+05 2.1541594988e+05
981.4905 8.632970e-02 1.275054e-01 6.865956e-04 1.018145e-01 8.698455e-02 2.353513e-01 5.4389070043e+04 2.1413620714e+05 2.1509518022e+05
982.4910 7.603788e-02 1.095180e-01 7.270023e-04 8.409515e-02 7.273922e-02 2.711014e-01 5.4575727276e+04 2.1429586020e+05 2.1475876858e+05
983.4915 6.683799e-02 9.227159e-02 8.679665e-04 6.905208e-02 6.077879e-02 3.030964e-01 5.4748753896e+04 2.1444447840e+05 2.1444568578e+05
984.4920 5.817921e-02 7.832441e-02 7.894603e-04 5.696259e-02 5.116345e-02 3.247171e-01 5.4892886771e+04 2.1456157547e+05 2.1419361242e+05
985.4925 5.298214e-02 7.035111e-02 8.693848e-04 5.100626e-02 4.692025e-02 3.371571e-01 5.4993173180e+04 2.1462859849e+05 2.1403077716e+05
986.4930 5.192905e-02 6.894256e-02 8.953930e-04 5.117045e-02 4.751499e-02 3.342744e-01 5.5043117919e+04 2.1463413780e+05 2.1397711772e+05
987.4935 5.262604e-02 7.177570e-02 8.085548e-04 5.715560e-02 5.290902e-02 3.188508e-01 5.5042633966e+04 2.1457376400e+05 2.1403825460e+05
988.4940 5.728722e-02 7.919943e-02 8.335236e-04 6.927666e-02 6.335003e-02 2.937159e-01 5.4994554894e+04 2.1445233542e+05 2.1420395266e+05
989.4945 6.536103e-02 9.148336e-02 6.999324e-04 8.542359e-02 7.671024e-02 2.599709e-01 5.4908628135e+04 2.1428397794e+05 2.1445173373e+05
990.4950 7.423658e-02 1.082959e-01 6.849095e-04 1.035835e-01 9.160052e-02 2.229406e-01 5.4799571372e+04 2.1408812213e+05 2.1474799318e+05
991.4955 8.627606e-02 1.279616e-01 6.112700e-04 1.225827e-01 1.070045e-01 1.850678e-01 5.4683610848e+04 2.1388753727e+05 2.1505319047e+05
992.4960 9.664316e-02 1.471762e-01 5.262306e-04 1.392646e-01 1.197908e-01 1.531103e-01 5.4580294371e+04 2.1370413317e+05 2.1532902590e+05
993.4965 1.039358e-01 1.640813e-01 5.203568e-04 1.522995e-01 1.296570e-01 1.296262e-01 5.4506215638e+04 2.1355802385e+05 2.1553964840e+05
994.4970 1.117452e-01 1.749717e-01 4.810457e-04 1.604006e-01 1.353314e-01 1.179037e-01 5.4471121606e+04 2.1346587098e+05 2.1565851173e+05
995.4975 1.140972e-01 1.823909e-01 4.953023e-04 1.618190e-01 1.351028e-01 1.177746e-01 5.4483478835e+04 2.1343599116e+05 2.1567160377e+05
996.4980 1.122786e-01 1.822344e-01 5.105002e-04 1.576426e-01 1.307461e-01 1.313382e-01 5.4545685956e+04 2.1346731931e+05 2.1557683699e+05
997.4985 1.097495e-01 1.742053e-01 5.738189e-04 1.479093e-01 1.218218e-01 1.557480e-01 5.4654828689e+04 2.1354965694e+05 2.1538724844e+05
998.4990 1.030717e-01 1.603963e-01 6.004205e-04 1.332186e-01 1.092158e-01 1.879163e-01 5.4805327094e+04 2.1366648739e+05 2.1512619006e+05
999.4995 9.343104e-02 1.424418e-01 7.039442e-04 1.162047e-01 9.524871e-02 2.263436e-01 5.4983607606e+04 2.1379954134e+05 2.1482299705e+05
1000.5000 8.450671e-02 1.238172e-01 7.174520e-04 9.784005e-02 8.049886e-02 2.627616e-01 5.5172607682e+04 2.1393152425e+05 2.1451174330e+05
1001.5005 7.523083e-02 1.070369e-01 8.200397e-04 8.104127e-02 6.751556e-02 2.969624e-01 5.5355072400e+04 2.1404486327e+05 2.1422465716e+05
1002.5010 6.558231e-02 9.379610e-02 8.806796e-04 6.759436e-02 5.797027e-02 3.228823e-01 5.5515229168e+04 2.1412681582e+05 2.1399059242e+05
1003.5015 5.989979e-02 8.299225e-02 8.091280e-04 5.835165e-02 5.187549e-02 3.382195e-01 5.5638632566e+04 2.1416863654e+05 2.1383202559e+05
1004.5020 5.599008e-02 7.645357e-02 9.330058e-04 5.563598e-02 5.145218e-02 3.419489e-01 5.5715956858e+04 2.1416728688e+05 2.1375997561e+05
1005.5025 5.487041e-02 7.389155e-02 8.191760e-04 5.854882e-02 5.548763e-02 3.316516e-01 5.5743275127e+04 2.1412482065e+05 2.1377810182e+05
1006.5030 5.896781e-02 7.843513e-02 8.128362e-04 6.716468e-02 6.400795e-02 3.110975e-01 5.5721295941e+04 2.1404313831e+05 2.1387962873e+05
1007.5035 6.576793e-02 8.820668e-02 7.664658e-04 8.045910e-02 7.568451e-02 2.820046e-01 5.5659450395e+04 2.1392884435e+05 2.1405081876e+05
1008.5040 7.439164e-02 1.017593e-01 6.522600e-04 9.690862e-02 8.955425e-02 2.482920e-01 5.5570496282e+04 2.1379007002e+05 2.1427103013e+05
1009.5045 8.375688e-02 1.196481e-01 6.845556e-04 1.142564e-01 1.033664e-01 2.124260e-01 5.5468154516e+04 2.1363918840e+05 2.1451511417e+05
1010.5050 9.337012e-02 1.385909e-01 5.454896e-04 1.311676e-01 1.161069e-01 1.795189e-01 5.5366839063e+04 2.1349060372e+05 2.1475491991e+05
1011.5055 1.018593e-01 1.581913e-01 5.642442e-04 1.451271e-01 1.257966e-01 1.544910e-01 5.5281282631e+04 2.1335654658e+05 2.1496372763e+05
1012.5060 1.086009e-01 1.730193e-01 5.036529e-04 1.552641e-01 1.322078e-01 1.383041e-01 5.5226576205e+04 2.1324905726e+05 2.1511704052e+05
1013.5065 1.121199e-01 1.805142e-01 5.147669e-04 1.602934e-01 1.338353e-01 1.333238e-01 5.5213007334e+04 2.1317774502e+05 2.1519678640e+05
1014.5070 1.128546e-01 1.829496e-01 5.491538e-04 1.592464e-01 1.309104e-01 1.391029e-01 5.5244879255e+04 2.1314903048e+05 2.1519158264e+05
1015.5075 1.117702e-01 1.788157e-01 5.736298e-04 1.534152e-01 1.241669e-01 1.563190e-01 5.5321308587e+04 2.1316577331e+05 2.1509862203e+05
1016.5080 1.072858e-01 1.693094e-01 6.031625e-04 1.432759e-01 1.145541e-01 1.812194e-01 5.5436918785e+04 2.1322667982e+05 2.1492576550e+05
1017.5085 1.019901e-01 1.571874e-01 7.057178e-04 1.289095e-01 1.021921e-01 2.125501e-01 5.5581646325e+04 2.1332101764e+05 2.1469180007e+05
1018.5090 9.426551e-02 1.430313e-01 7.211576e-04 1.135150e-01 9.008945e-02 2.452317e-01 5.5745198862e+04 2.1343500311e+05 2.1442087511e+05
1019.5095 8.406584e-02 1.276625e-01 7.775437e-04 9.802376e-02 7.830199e-02 2.757204e-01 5.5914059882e+04 2.1355306357e+05 2.1414296468e+05
1020.5100 7.578009e-02 1.123155e-01 8.727027e-04 8.459521e-02 6.929227e-02 3.030338e-01 5.6071825986e+04 2.1365878102e+05 2.1388706830e+05
1021.5105 6.904038e-02 1.005888e-01 8.556770e-04 7.398988e-02 6.303083e-02 3.202019e-01 5.6206115055e+04 2.1373793213e+05 2.1368091041e+05
1022.5110 6.517200e-02 9.167981e-02 8.663355e-04 6.774515e-02 6.064084e-02 3.300850e-01 5.6307320452e+04 2.1377671909e+05 2.1354559816e+05
1023.5115 6.408640e-02 8.728423e-02 8.942617e-04 6.677442e-02 6.263736e-02 3.285012e-01 5.6370094568e+04 2.1376802897e+05 2.1349394233e+05
1024.5120 6.591770e-02 8.593332e-02 7.886299e-04 7.037895e-02 6.782025e-02 3.158791e-01 5.6392571487e+04 2.1371169815e+05 2.1352923353e+05
1025.5125 6.791110e-02 8.918011e-02 8.101462e-04 7.863156e-02 7.650981e-02 2.968042e-01 5.6375906693e+04 2.1361418419e+05 2.1364225347e+05
1026.5130 7.368982e-02 9.837883e-02 6.865003e-04 9.017989e-02 8.668199e-02 2.720235e-01 5.6325586121e+04 2.1348607376e+05 2.1381587328e+05
1027.5135 8.155055e-02 1.123123e-01 6.893039e-04 1.040329e-01 9.794022e-02 2.440170e-01 5.6253950679e+04 2.1334107687e+05 2.1402491126e+05
1028.5140 8.789115e-02 1.286483e-01 6.313520e-04 1.176876e-01 1.079875e-01 2.158142e-01 5.6176270728e+04 2.1319430885e+05 2.1424212238e+05
1029.5145 9.464720e-02 1.448658e-01 5.939293e-04 1.310806e-01 1.166744e-01 1.915426e-01 5.6104252855e+04 2.1306158252e+05 2.1443848345e+05
1030.5150 1.014379e-01 1.594021e-01 5.820637e-04 1.419348e-01 1.228491e-01 1.737929e-01 5.6047558571e+04 2.1295851516e+05 2.1458989932e+05
1031.5155 1.067616e-01 1.701293e-01 5.231747e-04 1.493235e-01 1.255982e-01 1.631967e-01 5.6014597659e+04 2.1289587553e+05 2.1467916473e+05
1032.5160 1.102253e-01 1.772996e-01 5.875405e-04 1.530324e-01 1.256819e-01 1.606259e-01 5.6010286601e+04 2.1287713097e+05 2.1469743975e+05
1033.5165 1.111798e-01 1.781304e-01 6.001124e-04 1.518950e-01 1.217751e-01 1.669177e-01 5.6038988556e+04 2.1289770719e+05 2.1464694163e+05
1034.5170 1.080421e-01 1.724278e-01 6.403131e-04 1.478128e-01 1.164377e-01 1.805982e-01 5.6102576918e+04 2.1294779063e+05 2.1453510814e+05
1035.5175 1.043850e-01 1.646887e-01 6.872806e-04 1.402355e-01 1.089865e-01 2.000463e-01 5.6195842499e+04 2.1301476949e+05 2.1437764982e+05
1036.5180 1.011182e-01 1.561545e-01 7.305588e-04 1.293215e-01 9.995730e-02 2.234434e-01 5.6312688060e+04 2.1308507034e+05 2.1419381986e+05
1037.5185 9.489701e-02 1.486159e-01 7.718006e-04 1.177807e-01 9.165424e-02 2.463253e-01 5.6446050574e+04 2.1314720931e+05 2.1400264403e+05
1038.5190 8.975410e-02 1.397488e-01 8.308557e-04 1.060231e-01 8.404784e-02 2.699974e-01 5.6584655103e+04 2.1319134441e+05 2.1382378993e+05
1039.5195 8.575802e-02 1.277206e-01 8.227995e-04 9.556931e-02 7.839572e-02 2.885907e-01 5.6718181255e+04 2.1321545810e+05 2.1367156102e+05
1040.5200 7.914926e-02 1.151257e-01 8.158102e-04 8.704221e-02 7.482013e-02 3.017427e-01 5.6836462275e+04 2.1322095539e+05 2.1355511952e+05
1041.5205 7.415171e-02 1.042744e-01 8.597704e-04 8.172370e-02 7.414582e-02 3.100256e-01 5.6929460280e+04 2.1321106982e+05 2.1347757478e+05
1042.5210 7.430400e-02 9.749191e-02 7.974897e-04 7.967245e-02 7.537135e-02 3.088422e-01 5.6993000186e+04 2.1318911334e+05 2.1343941302e+05
1043.5215 7.385176e-02 9.513551e-02 7.736227e-04 8.139793e-02 7.936163e-02 3.018509e-01 5.7029429922e+04 2.1315616243e+05 2.1343764911e+05
1044.5220 7.490197e-02 9.905837e-02 8.004115e-04 8.605297e-02 8.457913e-02 2.901897e-01 5.7039278162e+04 2.1311342053e+05 2.1346924492e+05
1045.5225 8.062189e-02 1.074660e-01 7.006925e-04 9.359964e-02 9.076962e-02 2.738738e-01 5.7024168730e+04 2.1306365682e+05 2.1352950123e+05
1046.5230 8.402503e-02 1.195959e-01 7.213813e-04 1.033555e-01 9.811131e-02 2.546120e-01 5.6990205598e+04 2.1300899604e+05 2.1361278099e+05
1047.5235 8.888750e-02 1.328384e-01 6.479440e-04 1.128561e-01 1.035444e-01 2.347378e-01 5.6942285771e+04 2.1294951255e+05 2.1371493013e+05
1048.5240 9.502893e-02 1.452107e-01 6.302309e-04 1.239033e-01 1.099187e-01 2.170078e-01 5.6889230453e+04 2.1288415955e+05 2.1382592483e+05
1049.5245 9.778084e-02 1.544898e-01 6.446356e-04 1.330127e-01 1.138967e-01 2.031349e-01 5.6842775649e+04 2.1281392312e+05 2.1393806126e+05
1050.5250 1.019246e-01 1.610610e-01 6.312655e-04 1.404048e-01 1.162743e-01 1.920342e-01 5.6810078519e+04 2.1274221836e+05 2.1403871388e+05
1051.5255 1.067901e-01 1.663879e-01 6.412878e-04 1.453497e-01 1.172942e-01 1.865652e-01 5.6795904165e+04 2.1267569292e+05 2.1411505415e+05
1052.5260 1.094323e-01 1.703099e-01 6.682577e-04 1.467756e-01 1.155418e-01 1.878338e-01 5.6805984678e+04 2.1262053907e+05 2.1415714155e+05
1053.5265 1.105759e-01 1.730017e-01 6.639896e-04 1.463051e-01 1.135446e-01 1.927614e-01 5.6842398228e+04 2.1258292004e+05 2.1415581975e+05
1054.5270 1.103434e-01 1.720736e-01 7.053922e-04 1.423627e-01 1.096054e-01 2.039969e-01 5.6903606578e+04 2.1256758631e+05 2.1410904759e+05
1055.5275 1.078167e-01 1.670881e-01 7.492361e-04 1.358654e-01 1.050339e-01 2.178294e-01 5.6987764482e+04 2.1257708981e+05 2.1401724089e+05
1056.5280 1.026538e-01 1.603461e-01 7.586321e-04 1.278762e-01 1.001644e-01 2.338175e-01 5.7090241221e+04 2.1260929773e+05 2.1388605979e+05
1057.5285 9.834485e-02 1.507116e-01 7.816146e-04 1.187113e-01 9.548830e-02 2.517912e-01 5.7205058695e+04 2.1265798993e+05 2.1372647849e+05
1058.5290 9.560435e-02 1.390108e-01 7.803689e-04 1.093357e-01 9.118949e-02 2.670281e-01 5.7326582281e+04 2.1271478193e+05 2.1355336898e+05
1059.5295 9.039273e-02 1.261532e-01 7.848711e-04 1.004601e-01 8.773497e-02 2.819626e-01 5.7447527404e+04 2.1277002108e+05 2.1338339561e+05
1060.5300 8.522048e-02 1.142242e-01 8.207111e-04 9.308321e-02 8.513434e-02 2.928311e-01 5.7558228713e+04 2.1281632454e+05 2.1323297676e+05
1061.5305 8.353066e-02 1.070054e-01 7.671394e-04 8.822983e-02 8.387651e-02 2.981642e-01 5.7648043548e+04 2.1284720518e+05 2.1311624862e+05
1062.5310 8.199599e-02 1.048294e-01 7.772310e-04 8.667295e-02 8.477129e-02 2.992586e-01 5.7711537684e+04 2.1285765019e+05 2.1304355027e+05
1063.5315 7.924342e-02 1.058620e-01 7.619036e-04 8.687592e-02 8.540901e-02 2.962955e-01 5.7748191307e+04 2.1284316431e+05 2.1302297867e+05
1064.5320 7.967717e-02 1.099008e-01 7.191276e-04 9.104446e-02 8.872483e-02 2.877374e-01 5.7759581161e+04 2.1280039315e+05 2.1305306550e+05
1065.5325 8.189906e-02 1.182978e-01 7.551466e-04 9.746953e-02 9.236790e-02 2.743160e-01 5.7748817871e+04 2.1273189485e+05 2.1312938234e+05
1066.5330 8.516377e-02 1.277113e-01 6.857297e-04 1.050716e-01 9.591194e-02 2.591406e-01 5.7719299258e+04 2.1264623042e+05 2.1324111050e+05
1067.5335 9.050745e-02 1.375039e-01 6.957345e-04 1.153936e-01 1.016745e-01 2.424889e-01 5.7674509024e+04 2.1255476823e+05 2.1337149838e+05
1068.5340 9.711924e-02 1.462524e-01 6.739142e-04 1.244605e-01 1.051424e-01 2.268076e-01 5.7622238406e+04 2.1246581437e+05 2.1350779050e+05
1069.5345 1.025704e-01 1.541914e-01 6.610346e-04 1.339549e-01 1.099574e-01 2.114903e-01 5.7573171997e+04 2.1238575721e+05 2.1363193768e+05
1070.5350 1.058571e-01 1.612274e-01 7.264294e-04 1.411827e-01 1.127596e-01 2.007400e-01 5.7535760108e+04 2.1231948188e+05 2.1373180078e+05
1071.5355 1.098558e-01 1.675239e-01 6.594378e-04 1.465952e-01 1.148754e-01 1.944200e-01 5.7517530354e+04 2.1226940702e+05 2.1379545919e+05
1072.5360 1.133926e-01 1.746104e-01 7.434109e-04 1.491995e-01 1.157588e-01 1.922846e-01 5.7524832277e+04 2.1223622646e+05 2.1381646498e+05
1073.5365 1.147416e-01 1.802181e-01 7.185805e-04 1.479352e-01 1.146304e-01 1.975931e-01 5.7562430897e+04 2.1221740882e+05 2.1379366293e+05
1074.5370 1.143934e-01 1.807293e-01 7.346949e-04 1.438148e-01 1.122954e-01 2.055542e-01 5.7631781850e+04 2.1221244173e+05 2.1372859696e+05
1075.5375 1.119409e-01 1.736478e-01 7.714543e-04 1.372947e-01 1.089677e-01 2.195507e-01 5.7727977192e+04 2.1222126355e+05 2.1362573991e+05
1076.5380 1.064829e-01 1.601887e-01 7.367231e-04 1.284571e-01 1.046705e-01 2.362099e-01 5.7844638614e+04 2.1224491271e+05 2.1349158364e+05
1077.5385 1.011347e-01 1.444095e-01 7.371533e-04 1.183042e-01 9.964963e-02 2.532940e-01 5.7971740552e+04 2.1228331290e+05 2.1333389482e+05
1078.5390 9.477487e-02 1.302007e-01 7.819283e-04 1.081250e-01 9.487721e-02 2.721202e-01 5.8101285345e+04 2.1233190199e+05 2.1316249818e+05
1079.5395 8.749409e-02 1.184337e-01 7.637423e-04 9.859567e-02 8.999110e-02 2.873446e-01 5.8227126712e+04 2.1238504958e+05 2.1299087658e+05
1080.5400 8.422973e-02 1.110436e-01 7.638884e-04 9.149124e-02 8.656321e-02 2.980523e-01 5.8338503538e+04 2.1243568530e+05 2.1283312628e+05
1081.5405 8.076906e-02 1.087611e-01 7.738560e-04 8.717681e-02 8.473086e-02 3.051767e-01 5.8426794161e+04 2.1247731248e+05 2.1270509303e+05
1082.5410 7.779225e-02 1.100481e-01 7.527281e-04 8.509473e-02 8.306646e-02 3.066603e-01 5.8484332932e+04 2.1250381326e+05 2.1262267262e+05
1083.5415 7.989260e-02 1.135562e-01 7.522733e-04 8.792964e-02 8.522067e-02 3.000767e-01 5.8506619350e+04 2.1250770058e+05 2.1259483201e+05
1084.5420 8.173225e-02 1.176672e-01 7.752249e-04 9.294954e-02 8.753482e-02 2.891265e-01 5.8496796973e+04 2.1248150286e+05 2.1262991484e+05
1085.5425 8.321317e-02 1.209972e-01 7.245666e-04 1.012007e-01 9.212069e-02 2.736748e-01 5.8461380602e+04 2.1242150049e+05 2.1272449897e+05
1086.5430 8.934778e-02 1.270646e-01 7.810805e-04 1.116651e-01 9.783446e-02 2.554425e-01 5.8405765827e+04 2.1232906060e+05 2.1286848604e+05
1087.5435 9.727891e-02 1.368287e-01 6.804164e-04 1.221606e-01 1.031745e-01 2.365216e-01 5.8340527143e+04 2.1221172991e+05 2.1304520329e+05
1088.5440 1.030103e-01 1.500842e-01 7.599038e-04 1.327857e-01 1.091072e-01 2.175846e-01 5.8278134182e+04 2.1208143446e+05 2.1323121400e+05
1089.5445 1.108631e-01 1.640678e-01 7.004564e-04 1.414362e-01 1.133205e-01 2.038916e-01 5.8227060502e+04 2.1195165920e+05 2.1340360256e+05
1090.5450 1.171767e-01 1.763710e-01 6.756092e-04 1.486069e-01 1.172626e-01 1.935013e-01 5.8198408525e+04 2.1183857032e+05 2.1353750042e+05
1091.5455 1.184352e-01 1.840110e-01 7.653626e-04 1.518642e-01 1.187093e-01 1.898496e-01 5.8199375344e+04 2.1175699568e+05 2.1361410385e+05
1092.5460 1.197961e-01 1.863904e-01 6.709093e-04 1.516082e-01 1.184262e-01 1.927059e-01 5.8231872639e+04 2.1171714197e+05 2.1361896417e+05
1093.5465 1.188311e-01 1.821753e-01 7.665103e-04 1.479055e-01 1.162393e-01 2.007829e-01 5.8298451839e+04 2.1172351367e+05 2.1354716939e+05
1094.5470 1.149101e-01 1.722330e-01 7.473510e-04 1.414244e-01 1.128253e-01 2.155416e-01 5.8397772453e+04 2.1177140739e+05 2.1340362672e+05
1095.5475 1.107059e-01 1.594415e-01 7.225211e-04 1.319944e-01 1.075247e-01 2.320278e-01 5.8523479773e+04 2.1185174730e+05 2.1320371074e+05
1096.5480 1.043988e-01 1.463816e-01 7.673484e-04 1.211298e-01 1.016859e-01 2.518593e-01 5.8664398047e+04 2.1195226201e+05 2.1296881480e+05
1097.5485 9.713656e-02 1.331877e-01 7.531988e-04 1.104556e-01 9.617563e-02 2.710777e-01 5.8807545516e+04 2.1205947554e+05 2.1272550377e+05
1098.5490 9.047708e-02 1.224754e-01 7.735976e-04 1.005037e-01 9.040589e-02 2.873691e-01 5.8940494467e+04 2.1215598299e+05 2.1250292385e+05
1099.5495 8.529286e-02 1.157594e-01 7.725025e-04 9.327328e-02 8.732623e-02 2.995266e-01 5.9053470416e+04 2.1222439266e+05 2.1232553078e+05
1100.5500 8.061488e-02 1.112817e-01 7.782433e-04 8.823527e-02 8.437040e-02 3.064636e-01 5.9139266613e+04 2.1225358051e+05 2.1221461620e+05
1101.5505 7.872329e-02 1.083921e-01 7.653883e-04 8.684704e-02 8.388513e-02 3.074696e-01 5.9192307736e+04 2.1223817378e+05 2.1217925584e+05
1102.5510 8.054573e-02 1.089782e-01 8.086572e-04 8.931918e-02 8.598821e-02 3.000702e-01 5.9210683117e+04 2.1217974038e+05 2.1221945620e+05
1103.5515 8.437117e-02 1.132027e-01 7.511608e-04 9.416743e-02 8.822316e-02 2.888929e-01 5.9195522893e+04 2.1208555487e+05 2.1232728719e+05
1104.5520 8.873550e-02 1.202073e-01 7.351607e-04 1.027565e-01 9.367504e-02 2.732629e-01 5.9153776965e+04 2.1196752847e+05 2.1248319175e+05
1105.5525 9.579612e-02 1.290783e-01 7.864995e-04 1.122807e-01 9.854027e-02 2.551383e-01 5.9093297848e+04 2.1183987108e+05 2.1266636024e+05
1106.5530 1.025302e-01 1.393436e-01 7.043450e-04 1.224548e-01 1.040910e-01 2.366336e-01 5.9026107669e+04 2.1171723652e+05 2.1285044734e+05
1107.5535 1.068932e-01 1.528790e-01 7.899097e-04 1.321649e-01 1.090508e-01 2.195129e-01 5.8965017238e+04 2.1161095965e+05 2.1301162186e+05
1108.5540 1.138536e-01 1.669606e-01 7.085615e-04 1.404713e-01 1.129995e-01 2.074663e-01 5.8918668426e+04 2.1152992632e+05 2.1313048720e+05
1109.5545 1.206692e-01 1.781475e-01 7.404217e-04 1.461604e-01 1.155684e-01 1.993090e-01 5.8898022486e+04 2.1147906822e+05 2.1319461257e+05
1110.5550 1.217344e-01 1.838558e-01 7.606006e-04 1.481290e-01 1.158548e-01 1.969522e-01 5.8911227068e+04 2.1145861106e+05 2.1319915379e+05
1111.5555 1.226537e-01 1.835071e-01 7.016793e-04 1.477958e-01 1.152569e-01 2.006058e-01 5.8957011458e+04 2.1146650641e+05 2.1314409581e+05
1112.5560 1.216000e-01 1.778854e-01 7.758140e-04 1.440248e-01 1.126511e-01 2.094222e-01 5.9032912095e+04 2.1149925462e+05 2.1303706603e+05
1113.5565 1.152886e-01 1.677385e-01 7.015846e-04 1.381241e-01 1.095940e-01 2.221634e-01 5.9135425881e+04 2.1155051774e+05 2.1288849271e+05
1114.5570 1.108884e-01 1.549664e-01 7.550030e-04 1.297054e-01 1.048862e-01 2.369879e-01 5.9255203146e+04 2.1161140681e+05 2.1271407811e+05
1115.5575 1.065495e-01 1.437193e-01 7.430701e-04 1.207791e-01 1.008293e-01 2.535599e-01 5.9384710518e+04 2.1167153427e+05 2.1252922332e+05
1116.5580 9.765211e-02 1.341488e-01 7.557744e-04 1.119000e-01 9.652872e-02 2.681562e-01 5.9517006282e+04 2.1172377280e+05 2.1235162844e+05
1117.5585 9.243188e-02 1.264105e-01 7.565046e-04 1.044643e-01 9.330520e-02 2.810110e-01 5.9637045137e+04 2.1176342432e+05 2.1219631637e+05
1118.5590 9.029097e-02 1.195865e-01 7.448569e-04 9.850934e-02 9.118594e-02 2.888663e-01 5.9734653402e+04 2.1178886288e+05 2.1207693991e+05
1119.5595 8.649605e-02 1.144085e-01 7.298274e-04 9.462931e-02 8.927247e-02 2.932913e-01 5.9804283200e+04 2.1179634047e+05 2.1200403375e+05
1120.5600 8.567284e-02 1.126127e-01 7.546710e-04 9.448023e-02 9.035033e-02 2.923832e-01 5.9841947725e+04 2.1178210419e+05 2.1198165963e+05
1121.5605 8.795994e-02 1.120700e-01 7.957291e-04 9.627821e-02 9.110670e-02 2.852822e-01 5.9849429389e+04 2.1174522239e+05 2.1201216140e+05
1122.5610 8.926139e-02 1.144289e-01 7.120388e-04 1.008227e-01 9.377278e-02 2.767381e-01 5.9831873027e+04 2.1168516071e+05 2.1208887392e+05
1123.5615 9.447488e-02 1.214794e-01 8.369173e-04 1.071906e-01 9.683662e-02 2.647568e-01 5.9794881390e+04 2.1160496173e+05 2.1220216678e+05
1124.5620 1.020190e-01 1.327593e-01 7.382474e-04 1.140813e-01 9.945149e-02 2.516852e-01 5.9747552485e+04 2.1150978867e+05 2.1233857504e+05
1125.5625 1.063123e-01 1.459809e-01 7.751968e-04 1.213076e-01 1.025583e-01 2.389766e-01 5.9702030277e+04 2.1140692394e+05 2.1248085894e+05
1126.5630 1.110016e-01 1.575117e-01 8.137161e-04 1.277240e-01 1.045660e-01 2.282055e-01 5.9665304385e+04 2.1130731096e+05 2.1261163908e+05
1127.5635 1.154492e-01 1.666982e-01 7.060372e-04 1.337225e-01 1.067594e-01 2.211802e-01 5.9643688008e+04 2.1122275669e+05 2.1271181456e+05
1128.5640 1.156019e-01 1.722180e-01 8.391384e-04 1.370448e-01 1.074126e-01 2.164451e-01 5.9644264249e+04 2.1116444331e+05 2.1276747837e+05
1129.5645 1.166982e-01 1.736328e-01 7.472924e-04 1.384060e-01 1.075144e-01 2.152517e-01 5.9668119769e+04 2.1113866554e+05 2.1276837850e+05
1130.5650 1.174931e-01 1.723893e-01 7.489433e-04 1.382250e-01 1.071936e-01 2.183130e-01 5.9716626421e+04 2.1114531006e+05 2.1271227337e+05
1131.5655 1.133039e-01 1.675336e-01 8.118739e-04 1.359732e-01 1.063733e-01 2.235168e-01 5.9790729211e+04 2.1118122896e+05 2.1260508450e+05
1132.5660 1.100838e-01 1.590929e-01 6.807449e-04 1.324535e-01 1.053047e-01 2.300921e-01 5.9882653137e+04 2.1123934656e+05 2.1245896532e+05
1133.5665 1.070525e-01 1.505688e-01 7.656489e-04 1.272203e-01 1.034575e-01 2.386657e-01 5.9983728470e+04 2.1130949258e+05 2.1229180109e+05
1134.5670 1.005589e-01 1.438093e-01 7.244124e-04 1.219953e-01 1.025912e-01 2.476754e-01 6.0087529384e+04 2.1137880770e+05 2.1212289667e+05
1135.5675 9.658243e-02 1.374921e-01 7.009655e-04 1.165567e-01 1.007113e-01 2.550143e-01 6.0185926925e+04 2.1143354014e+05 2.1197392997e+05
1136.5680 9.463167e-02 1.322058e-01 6.957034e-04 1.125382e-01 1.003603e-01 2.613756e-01 6.0273008956e+04 2.1146201595e+05 2.1186043784e+05
1137.5685 9.058132e-02 1.264027e-01 7.132428e-04 1.084121e-01 9.899847e-02 2.654495e-01 6.0346122528e+04 2.1145920589e+05 2.1179472993e+05
1138.5690 8.872094e-02 1.219300e-01 7.116306e-04 1.061276e-01 9.825223e-02 2.679600e-01 6.0398593203e+04 2.1142616498e+05 2.1177809875e+05
1139.5695 9.066397e-02 1.202137e-01 7.703987e-04 1.054581e-01 9.803871e-02 2.674575e-01 6.0428005226e+04 2.1136889805e+05 2.1180639285e+05
1140.5700 9.258462e-02 1.207740e-01 7.257002e-04 1.055206e-01 9.710144e-02 2.644494e-01 6.0437910830e+04 2.1129538189e+05 2.1187058623e+05
1141.5705 9.359892e-02 1.242955e-01 7.233550e-04 1.073252e-01 9.724586e-02 2.622693e-01 6.0433101327e+04 2.1121329587e+05 2.1195579259e+05
1142.5710 9.752132e-02 1.298450e-01 8.218459e-04 1.095743e-01 9.647400e-02 2.571743e-01 6.0419075430e+04 2.1113310000e+05 2.1204763366e+05
1143.5715 1.009526e-01 1.368245e-01 7.485186e-04 1.126948e-01 9.640142e-02 2.523402e-01 6.0402239108e+04 2.1106401792e+05 2.1213005391e+05
1144.5720 1.018401e-01 1.460224e-01 8.603646e-04 1.153616e-01 9.585051e-02 2.475775e-01 6.0388933286e+04 2.1101258385e+05 2.1219178204e+05
1145.5725 1.064811e-01 1.546184e-01 7.857621e-04 1.181722e-01 9.552791e-02 2.438101e-01 6.0381637672e+04 2.1098183069e+05 2.1222501704e+05
1146.5730 1.096504e-01 1.608627e-01 7.991181e-04 1.212676e-01 9.616168e-02 2.410943e-01 6.0386270859e+04 2.1097057805e+05 2.1222735791e+05
1147.5735 1.075643e-01 1.628471e-01 8.594909e-04 1.228897e-01 9.623499e-02 2.376044e-01 6.0407586019e+04 2.1097497350e+05 2.1220240905e+05
1148.5740 1.081416e-01 1.607324e-01 7.597843e-04 1.243874e-01 9.735313e-02 2.358263e-01 6.0441134572e+04 2.1099001893e+05 2.1215413565e+05
1149.5745 1.081918e-01 1.578229e-01 8.168998e-04 1.254585e-01 9.867909e-02 2.350498e-01 6.0485868428e+04 2.1100980227e+05 2.1209005334e+05
1150.5750 1.046831e-01 1.545167e-01 7.423791e-04 1.261040e-01 1.007340e-01 2.332032e-01 6.0541605777e+04 2.1102837331e+05 2.1201830872e+05
1151.5755 1.044464e-01 1.523251e-01 7.151112e-04 1.257489e-01 1.021967e-01 2.330422e-01 6.0603839359e+04 2.1103703755e+05 2.1194799207e+05
1152.5760 1.034131e-01 1.501143e-01 7.178200e-04 1.248008e-01 1.040706e-01 2.337166e-01 6.0671310151e+04 2.1103332041e+05 2.1188489981e+05
1153.5765 9.929970e-02 1.471053e-01 6.994159e-04 1.238061e-01 1.054130e-01 2.339654e-01 6.0741216881e+04 2.1101821796e+05 2.1183276990e+05
1154.5770 9.777992e-02 1.431491e-01 6.572221e-04 1.224069e-01 1.061188e-01 2.347980e-01 6.0805752159e+04 2.1099652808e+05 2.1179214959e+05
1155.5775 9.789398e-02 1.399447e-01 6.487049e-04 1.209174e-01 1.069786e-01 2.367679e-01 6.0860949106e+04 2.1097301568e+05 2.1176110001e+05
1156.5780 9.722108e-02 1.352939e-01 6.642592e-04 1.183343e-01 1.053209e-01 2.384222e-01 6.0908025347e+04 2.1095106106e+05 2.1173917174e+05
1157.5785 9.607562e-02 1.321801e-01 6.743784e-04 1.170764e-01 1.049833e-01 2.419580e-01 6.0946243515e+04 2.1093094832e+05 2.1172204080e+05
1158.5790 9.735145e-02 1.294521e-01 7.661017e-04 1.150968e-01 1.025362e-01 2.435990e-01 6.0976276959e+04 2.1091421072e+05 2.1171042253e+05
1159.5795 9.897315e-02 1.286001e-01 6.662833e-04 1.133992e-01 9.991631e-02 2.462088e-01 6.0998879761e+04 2.1090005156e+05 2.1170237557e+05
1160.5800 9.999170e-02 1.328856e-01 7.712465e-04 1.120639e-01 9.727672e-02 2.505555e-01 6.1015577057e+04 2.1088527078e+05 2.1169814484e+05
1161.5805 1.020739e-01 1.392149e-01 7.983378e-04 1.103772e-01 9.382972e-02 2.521116e-01 6.1030032361e+04 2.1086753633e+05 2.1169945981e+05
1162.5810 1.038803e-01 1.444603e-01 7.675518e-04 1.094954e-01 9.135660e-02 2.552151e-01 6.1045580018e+04 2.1084286739e+05 2.1170574246e+05
1163.5815 1.029445e-01 1.471815e-01 8.679964e-04 1.086344e-01 8.905263e-02 2.561735e-01 6.1065523314e+04 2.1081262085e+05 2.1171610824e+05
1164.5820 1.035464e-01 1.476276e-01 8.036301e-04 1.087241e-01 8.785588e-02 2.572273e-01 6.1087731256e+04 2.1077994071e+05 2.1172623469e+05
1165.5825 1.042907e-01 1.470986e-01 8.540257e-04 1.094081e-01 8.780656e-02 2.565026e-01 6.1113093304e+04 2.1074925659e+05 2.1173146649e+05
1166.5830 1.032486e-01 1.467581e-01 8.321786e-04 1.102803e-01 8.858197e-02 2.533170e-01 6.1143154880e+04 2.1072390246e+05 2.1172804972e+05
1167.5835 1.034549e-01 1.472564e-01 7.703547e-04 1.119866e-01 9.055497e-02 2.505818e-01 6.1176595544e+04 2.1070477357e+05 2.1171309918e+05
1168.5840 1.047705e-01 1.471970e-01 7.853480e-04 1.144146e-01 9.356649e-02 2.444518e-01 6.1213396788e+04 2.1069455396e+05 2.1168622505e+05
1169.5845 1.028649e-01 1.475135e-01 7.419269e-04 1.176082e-01 9.729302e-02 2.384048e-01 6.1252410344e+04 2.1069278031e+05 2.1164932122e+05
1170.5850 1.014929e-01 1.483128e-01 6.898985e-04 1.202146e-01 1.007036e-01 2.332285e-01 6.1289706160e+04 2.1069751275e+05 2.1160725054e+05
1171.5855 1.035309e-01 1.503111e-01 6.732355e-04 1.226054e-01 1.042632e-01 2.271827e-01 6.1323338727e+04 2.1070397632e+05 2.1156549988e+05
1172.5860 1.025238e-01 1.508328e-01 6.801386e-04 1.248995e-01 1.068177e-01 2.222235e-01 6.1357193935e+04 2.1070514861e+05 2.1153072624e+05
1173.5865 1.025184e-01 1.486865e-01 6.287165e-04 1.268920e-01 1.093015e-01 2.188732e-01 6.1390147818e+04 2.1069617553e+05 2.1150726981e+05
1174.5870 1.047696e-01 1.456864e-01 6.781931e-04 1.273422e-01 1.097371e-01 2.171069e-01 6.1421113058e+04 2.1067516195e+05 2.1149789119e+05
1175.5875 1.031540e-01 1.417595e-01 6.150222e-04 1.266018e-01 1.089044e-01 2.178131e-01 6.1452712819e+04 2.1064397082e+05 2.1150017513e+05
1176.5880 1.037721e-01 1.411983e-01 7.054090e-04 1.258263e-01 1.077464e-01 2.212402e-01 6.1482307462e+04 2.1060498085e+05 2.1150895419e+05
1177.5885 1.080911e-01 1.429387e-01 6.986692e-04 1.231909e-01 1.042364e-01 2.243129e-01 6.1511754140e+04 2.1056299676e+05 2.1152016363e+05
1178.5890 1.062275e-01 1.443685e-01 6.683207e-04 1.202049e-01 1.011473e-01 2.311668e-01 6.1546238191e+04 2.1052257108e+05 2.1152600179e+05
1179.5895 1.031067e-01 1.461466e-01 8.041660e-04 1.164061e-01 9.683795e-02 2.380156e-01 6.1584621144e+04 2.1048968652e+05 2.1152155844e+05
1180.5900 1.055351e-01 1.463590e-01 7.427789e-04 1.123130e-01 9.269653e-02 2.450073e-01 6.1623900848e+04 2.1046939336e+05 2.1150190765e+05
1181.5905 1.060316e-01 1.450837e-01 8.212629e-04 1.083147e-01 8.919779e-02 2.525118e-01 6.1666805070e+04 2.1046338112e+05 2.1146523963e+05
1182.5910 1.021658e-01 1.427228e-01 7.954560e-04 1.045870e-01 8.593424e-02 2.568685e-01 6.1714116950e+04 2.1047139577e+05 2.1141361006e+05
1183.5915 1.026820e-01 1.397118e-01 7.910680e-04 1.020863e-01 8.426755e-02 2.623744e-01 6.1759936181e+04 2.1048828540e+05 2.1135135879e+05
1184.5920 1.036443e-01 1.377750e-01 8.599884e-04 1.004724e-01 8.358731e-02 2.629659e-01 6.1804835110e+04 2.1050925515e+05 2.1128646262e+05
1185.5925 9.895413e-02 1.376616e-01 7.672068e-04 1.001553e-01 8.406653e-02 2.619246e-01 6.1848013127e+04 2.1052740579e+05 2.1122748831e+05
1186.5930 9.889332e-02 1.397339e-01 7.867605e-04 1.013837e-01 8.583098e-02 2.594468e-01 6.1883283245e+04 2.1053605008e+05 2.1118261611e+05
1187.5935 1.009499e-01 1.430498e-01 7.529715e-04 1.039941e-01 8.881892e-02 2.519206e-01 6.1912340891e+04 2.1052972385e+05 2.1115840113e+05
1188.5940 9.771398e-02 1.454409e-01 7.450880e-04 1.077455e-01 9.217790e-02 2.458188e-01 6.1937979539e+04 2.1050441635e+05 2.1115812878e+05
1189.5945 9.870175e-02 1.453442e-01 7.023963e-04 1.119474e-01 9.600930e-02 2.373727e-01 6.1957198023e+04 2.1046302152e+05 2.1118010296e+05
1190.5950 1.013756e-01 1.450317e-01 7.143962e-04 1.166217e-01 9.982952e-02 2.277202e-01 6.1970473166e+04 2.1041110667e+05 2.1121824594e+05
1191.5955 1.007182e-01 1.450973e-01 6.627854e-04 1.215824e-01 1.032374e-01 2.193557e-01 6.1980602934e+04 2.1035584489e+05 2.1126371929e+05
1192.5960 1.032787e-01 1.461936e-01 6.458215e-04 1.260184e-01 1.064036e-01 2.124336e-01 6.1987040996e+04 2.1030410031e+05 2.1130729919e+05
1193.5965 1.061455e-01 1.482826e-01 6.585597e-04 1.291309e-01 1.079239e-01 2.067589e-01 6.1994456841e+04 2.1026114937e+05 2.1134124728e+05
1194.5970 1.062894e-01 1.503410e-01 6.438708e-04 1.311091e-01 1.086113e-01 2.045001e-01 6.2007705424e+04 2.1022938097e+05 2.1135877030e+05
1195.5975 1.079278e-01 1.539866e-01 7.067216e-04 1.319684e-01 1.084424e-01 2.045268e-01 6.2027000040e+04 2.1020990044e+05 2.1135647119e+05
1196.5980 1.085438e-01 1.569919e-01 6.668457e-04 1.305303e-01 1.062831e-01 2.068158e-01 6.2055824767e+04 2.1020145080e+05 2.1133516927e+05
1197.5985 1.078773e-01 1.580277e-01 6.961966e-04 1.274316e-01 1.036558e-01 2.135992e-01 6.2094842917e+04 2.1020041017e+05 2.1129664216e+05
1198.5990 1.089974e-01 1.565052e-01 7.611172e-04 1.227144e-01 9.972365e-02 2.206479e-01 6.2143573381e+04 2.1020355307e+05 2.1124549523e+05
1199.5995 1.058012e-01 1.506971e-01 7.664987e-04 1.170810e-01 9.573113e-02 2.310345e-01 6.2202735582e+04 2.1020773393e+05 2.1118547661e+05
1200.6000 1.021043e-01 1.432357e-01 8.014695e-04 1.108224e-01 9.151792e-02 2.408389e-01 6.2268733282e+04 2.1021178822e+05 2.1112027238e+05
1201.6005 1.018158e-01 1.375118e-01 7.572071e-04 1.046911e-01 8.743514e-02 2.498803e-01 6.2335966832e+04 2.1021494095e+05 2.1105273960e+05
1202.6010 9.762713e-02 1.356896e-01 8.320636e-04 9.944021e-02 8.427091e-02 2.598941e-01 6.2404058001e+04 2.1021586413e+05 2.1098546761e+05
1203.6015 9.414245e-02 1.375177e-01 8.042747e-04 9.505544e-02 8.186201e-02 2.640104e-01 6.2469536239e+04 2.1021514849e+05 2.1092242694e+05
1204.6020 9.510387e-02 1.380371e-01 7.745679e-04 9.238119e-02 8.043390e-02 2.685915e-01 6.2525930587e+04 2.1021306413e+05 2.1086736588e+05
1205.6025 9.322388e-02 1.378685e-01 8.223814e-04 9.201567e-02 8.065110e-02 2.681371e-01 6.2573698502e+04 2.1020974561e+05 2.1082392456e+05
1206.6030 9.049742e-02 1.365806e-01 7.526704e-04 9.344028e-02 8.192354e-02 2.638680e-01 6.2609427034e+04 2.1020419694e+05 2.1079611691e+05
1207.6035 9.200190e-02 1.352855e-01 7.689571e-04 9.686691e-02 8.433901e-02 2.588316e-01 6.2628703697e+04 2.1019472434e+05 2.1078590219e+05
1208.6040 9.366305e-02 1.334926e-01 7.075288e-04 1.017693e-01 8.784473e-02 2.485508e-01 6.2635148403e+04 2.1018059444e+05 2.1079443747e+05
1209.6045 9.316669e-02 1.354160e-01 7.255057e-04 1.083536e-01 9.210407e-02 2.365612e-01 6.2631314959e+04 2.1015780006e+05 2.1082101886e+05
1210.6050 9.636168e-02 1.390636e-01 7.137173e-04 1.159101e-01 9.691144e-02 2.246746e-01 6.2618954649e+04 2.1012438862e+05 2.1086379571e+05
1211.6055 1.018310e-01 1.449781e-01 6.918991e-04 1.231234e-01 1.015701e-01 2.120308e-01 6.2602574471e+04 2.1008060136e+05 2.1091969919e+05
1212.6060 1.047183e-01 1.541824e-01 6.691132e-04 1.295472e-01 1.052319e-01 2.008241e-01 6.2588229454e+04 2.1002640374e+05 2.1098379205e+05
1213.6065 1.081875e-01 1.627469e-01 6.666840e-04 1.346953e-01 1.086289e-01 1.938942e-01 6.2579991583e+04 2.0996406619e+05 2.1104893307e+05
1214.6070 1.125895e-01 1.682408e-01 6.903500e-04 1.378342e-01 1.102306e-01 1.879591e-01 6.2582638867e+04 2.0989985633e+05 2.1110692539e+05
1215.6075 1.127197e-01 1.680352e-01 6.411809e-04 1.382641e-01 1.102657e-01 1.879912e-01 6.2602465045e+04 2.0983943195e+05 2.1114737265e+05
1216.6080 1.109796e-01 1.638864e-01 7.106658e-04 1.358723e-01 1.088910e-01 1.931519e-01 6.2640574719e+04 2.0979130030e+05 2.1115924471e+05
1217.6085 1.117585e-01 1.572742e-01 6.957527e-04 1.309719e-01 1.054845e-01 1.999050e-01 6.2695870734e+04 2.0976435656e+05 2.1113380121e+05
1218.6090 1.089767e-01 1.513334e-01 7.451460e-04 1.242189e-01 1.012553e-01 2.132574e-01 6.2767807448e+04 2.0976251791e+05 2.1106627659e+05
1219.6095 1.036885e-01 1.472842e-01 7.411823e-04 1.160039e-01 9.598274e-02 2.260815e-01 6.2852947599e+04 2.0978831836e+05 2.1095939287e+05
1220.6100 1.021008e-01 1.445786e-01 7.353395e-04 1.071917e-01 9.012626e-02 2.412374e-01 6.2942858488e+04 2.0983670446e+05 2.1082264429e+05
1221.6105 9.842623e-02 1.431727e-01 8.108670e-04 9.873987e-02 8.471075e-02 2.559560e-01 6.3033684155e+04 2.0989911417e+05 2.1067107968e+05
1222.6110 9.265517e-02 1.403706e-01 7.930928e-04 9.115747e-02 7.964864e-02 2.664058e-01 6.3119847096e+04 2.0996445393e+05 2.1052386369e+05
1223.6115 8.881507e-02 1.357886e-01 7.916944e-04 8.576715e-02 7.600578e-02 2.771091e-01 6.3192975455e+04 2.1001878185e+05 2.1039908645e+05
1224.6120 8.714651e-02 1.284041e-01 8.277857e-04 8.303339e-02 7.399302e-02 2.799978e-01 6.3250881689e+04 2.1005201599e+05 2.1031234389e+05
1225.6125 8.475056e-02 1.212273e-01 8.041295e-04 8.300894e-02 7.368468e-02 2.792551e-01 6.3290430230e+04 2.1005564516e+05 2.1027354596e+05
1226.6130 8.444826e-02 1.194617e-01 7.986591e-04 8.605331e-02 7.556925e-02 2.742659e-01 6.3308707369e+04 2.1002648794e+05 2.1028530574e+05
1227.6135 8.791723e-02 1.227684e-01 7.650732e-04 9.168096e-02 7.887510e-02 2.621640e-01 6.3305857178e+04 2.0996894540e+05 2.1034427164e+05
1228.6140 9.008563e-02 1.308408e-01 7.709551e-04 1.004009e-01 8.438226e-02 2.478432e-01 6.3285178061e+04 2.0988984762e+05 2.1043998553e+05
1229.6145 9.358077e-02 1.402249e-01 7.351799e-04 1.103236e-01 9.092644e-02 2.316464e-01 6.3251537959e+04 2.0979861173e+05 2.1055959130e+05
1230.6150 9.940245e-02 1.514753e-01 7.064055e-04 1.202462e-01 9.730622e-02 2.129064e-01 6.3211270666e+04 2.0970538479e+05 2.1068718237e+05
1231.6155 1.040143e-01 1.618793e-01 6.714750e-04 1.300778e-01 1.039499e-01 1.966598e-01 6.3173955992e+04 2.0961817920e+05 2.1080561391e+05
1232.6160 1.078704e-01 1.686994e-01 6.584136e-04 1.381119e-01 1.095521e-01 1.835293e-01 6.3147241631e+04 2.0954545040e+05 2.1090059062e+05
1233.6165 1.137455e-01 1.711540e-01 6.504696e-04 1.434907e-01 1.132997e-01 1.729892e-01 6.3137199594e+04 2.0949274222e+05 2.1096049036e+05
1234.6170 1.155067e-01 1.697677e-01 6.162386e-04 1.455314e-01 1.151648e-01 1.709151e-01 6.3150076386e+04 2.0946195531e+05 2.1097757592e+05
1235.6175 1.134877e-01 1.673903e-01 6.551832e-04 1.439155e-01 1.143146e-01 1.733270e-01 6.3188107669e+04 2.0945433529e+05 2.1094895983e+05
1236.6180 1.142576e-01 1.634129e-01 6.631516e-04 1.391967e-01 1.115830e-01 1.817388e-01 6.3249081372e+04 2.0946731712e+05 2.1087589096e+05
1237.6185 1.105317e-01 1.607979e-01 7.010923e-04 1.313592e-01 1.065013e-01 1.969152e-01 6.3332283162e+04 2.0949660981e+05 2.1076498633e+05
1238.6190 1.031269e-01 1.578659e-01 6.846778e-04 1.213707e-01 9.965937e-02 2.135326e-01 6.3433841129e+04 2.0953788278e+05 2.1062643449e+05
1239.6195 9.969088e-02 1.528246e-01 7.232169e-04 1.101975e-01 9.222631e-02 2.343977e-01 6.3543376242e+04 2.0958419644e+05 2.1047301787e+05
1240.6200 9.575545e-02 1.446795e-01 7.787920e-04 9.867548e-02 8.404022e-02 2.536033e-01 6.3655153647e+04 2.0963112497e+05 2.1031932701e+05
1241.6205 8.901198e-02 1.337928e-01 7.790628e-04 8.843692e-02 7.675399e-02 2.705711e-01 6.3761130052e+04 2.0967342111e+05 2.1017838049e+05
1242.6210 8.448021e-02 1.229542e-01 8.131647e-04 8.063173e-02 7.097479e-02 2.849638e-01 6.3850278311e+04 2.0970685899e+05 2.1006167670e+05
1243.6215 8.285303e-02 1.130534e-01 8.149329e-04 7.604386e-02 6.716088e-02 2.909202e-01 6.3916867076e+04 2.0972919837e+05 2.0997836545e+05
1244.6220 7.919558e-02 1.090881e-01 8.290791e-04 7.530554e-02 6.621951e-02 2.923988e-01 6.3957184028e+04 2.0973606017e+05 2.0993442219e+05
1245.6225 7.989571e-02 1.120793e-01 8.436066e-04 7.815011e-02 6.755459e-02 2.867107e-01 6.3968766420e+04 2.0972379564e+05 2.0993424607e+05
1246.6230 8.367851e-02 1.204947e-01 7.849306e-04 8.476015e-02 7.166729e-02 2.730781e-01 6.3954307407e+04 2.0969025704e+05 2.0997846900e+05
1247.6235 8.628656e-02 1.320141e-01 7.783569e-04 9.519447e-02 7.836021e-02 2.556310e-01 6.3919443998e+04 2.0963399867e+05 2.1006413341e+05
1248.6240 9.374089e-02 1.440665e-01 7.522089e-04 1.067407e-01 8.631029e-02 2.351447e-01 6.3869215659e+04 2.0955546379e+05 2.1018540386e+05
1249.6245 1.011550e-01 1.548795e-01 7.009250e-04 1.188034e-01 9.475689e-02 2.121245e-01 6.3813297414e+04 2.0946042065e+05 2.1033003226e+05
1250.6250 1.060892e-01 1.614068e-01 6.874203e-04 1.307666e-01 1.033353e-01 1.915726e-01 6.3761339787e+04 2.0935664798e+05 2.1048124466e+05
1251.6255 1.127760e-01 1.665059e-01 6.538591e-04 1.408343e-01 1.107951e-01 1.740013e-01 6.3720731281e+04 2.0925352981e+05 2.1062017157e+05
1252.6260 1.168382e-01 1.698402e-01 6.531230e-04 1.478334e-01 1.162134e-01 1.611914e-01 6.3702492823e+04 2.0916207029e+05 2.1072711635e+05
1253.6265 1.181762e-01 1.718341e-01 5.965387e-04 1.506375e-01 1.187008e-01 1.571957e-01 6.3712077749e+04 2.0909294744e+05 2.1078483358e+05
1254.6270 1.187262e-01 1.740590e-01 6.222651e-04 1.497112e-01 1.185700e-01 1.590228e-01 6.3751847196e+04 2.0905602038e+05 2.1078052718e+05
1255.6275 1.165599e-01 1.742537e-01 6.201782e-04 1.448557e-01 1.155656e-01 1.685086e-01 6.3821756000e+04 2.0905671169e+05 2.1071006221e+05
1256.6280 1.129541e-01 1.723272e-01 6.327821e-04 1.357316e-01 1.093694e-01 1.849560e-01 6.3915936850e+04 2.0909588655e+05 2.1057844276e+05
1257.6285 1.092004e-01 1.649342e-01 6.584269e-04 1.243714e-01 1.014079e-01 2.049650e-01 6.4028107625e+04 2.0916831145e+05 2.1039792394e+05
1258.6290 1.009124e-01 1.503783e-01 6.957371e-04 1.113834e-01 9.223677e-02 2.287573e-01 6.4151299797e+04 2.0926342220e+05 2.1018817012e+05
1259.6295 9.453433e-02 1.329211e-01 7.538926e-04 9.803636e-02 8.232375e-02 2.515474e-01 6.4273702738e+04 2.0936631608e+05 2.0997270090e+05
1260.6300 8.929220e-02 1.189186e-01 7.680213e-04 8.628815e-02 7.368344e-02 2.717501e-01 6.4385199355e+04 2.0946040751e+05 2.0977491255e+05
1261.6305 8.296439e-02 1.094622e-01 8.183625e-04 7.714309e-02 6.631598e-02 2.874817e-01 6.4477881844e+04 2.0953158775e+05 2.0961776463e+05
1262.6310 8.061063e-02 1.063216e-01 8.157475e-04 7.178711e-02 6.172886e-02 2.957175e-01 6.4543602258e+04 2.0956734335e+05 2.0951915542e+05
1263.6315 8.054144e-02 1.095626e-01 8.679303e-04 7.049248e-02 6.008348e-02 2.976647e-01 6.4578518135e+04 2.0956023160e+05 2.0949047642e+05
1264.6320 8.047493e-02 1.157446e-01 8.400088e-04 7.341678e-02 6.145136e-02 2.902863e-01 6.4583186687e+04 2.0951064742e+05 2.0953425996e+05
1265.6325 8.298632e-02 1.244492e-01 8.097358e-04 8.087299e-02 6.633079e-02 2.756621e-01 6.4557949278e+04 2.0942393050e+05 2.0964258550e+05
1266.6330 8.958008e-02 1.315715e-01 8.152729e-04 9.161762e-02 7.384215e-02 2.569264e-01 6.4508382372e+04 2.0931080530e+05 2.0979991715e+05
1267.6335 9.592653e-02 1.377030e-01 7.574114e-04 1.036385e-01 8.254630e-02 2.329893e-01 6.4445792104e+04 2.0918495616e+05 2.0998467323e+05
1268.6340 1.026025e-01 1.474086e-01 7.062971e-04 1.169150e-01 9.230520e-02 2.081578e-01 6.4380226337e+04 2.0905854069e+05 2.1017084402e+05
1269.6345 1.101604e-01 1.578777e-01 6.739823e-04 1.296667e-01 1.019995e-01 1.856668e-01 6.4322707843e+04 2.0894556084e+05 2.1033413414e+05
1270.6350 1.149533e-01 1.683685e-01 6.315172e-04 1.403171e-01 1.100304e-01 1.662750e-01 6.4283291178e+04 2.0885919348e+05 2.1045412097e+05
1271.6355 1.200467e-01 1.764026e-01 6.134832e-04 1.477959e-01 1.161558e-01 1.534618e-01 6.4267880764e+04 2.0880682755e+05 2.1051624190e+05
1272.6360 1.216412e-01 1.819852e-01 5.994301e-04 1.505749e-01 1.188183e-01 1.485334e-01 6.4281852371e+04 2.0879136892e+05 2.1051460712e+05
1273.6365 1.207604e-01 1.822384e-01 6.018508e-04 1.497859e-01 1.185455e-01 1.510247e-01 6.4327740292e+04 2.0880967449e+05 2.1045008674e+05
1274.6370 1.188585e-01 1.760701e-01 5.943743e-04 1.444845e-01 1.153783e-01 1.612527e-01 6.4403614501e+04 2.0885485822e+05 2.1033158855e+05
1275.6375 1.138157e-01 1.652380e-01 6.292377e-04 1.349058e-01 1.083239e-01 1.786497e-01 6.4505056636e+04 2.0891783483e+05 2.1017316975e+05
1276.6380 1.069256e-01 1.510074e-01 6.313020e-04 1.234527e-01 1.001534e-01 2.003389e-01 6.4624440153e+04 2.0898954244e+05 2.0998978644e+05
1277.6385 1.010450e-01 1.375945e-01 7.096830e-04 1.097249e-01 8.975908e-02 2.252876e-01 6.4750006134e+04 2.0906067755e+05 2.0980054995e+05
1278.6390 9.523195e-02 1.265446e-01 7.572497e-04 9.636116e-02 7.935854e-02 2.491001e-01 6.4872718974e+04 2.0912320681e+05 2.0962205587e+05
1279.6395 8.741013e-02 1.177853e-01 7.685332e-04 8.443082e-02 7.010260e-02 2.693329e-01 6.4983259754e+04 2.0917177099e+05 2.0946998822e+05
1280.6400 8.195075e-02 1.125227e-01 7.993115e-04 7.543191e-02 6.254965e-02 2.849831e-01 6.5070224103e+04 2.0920248110e+05 2.0935698059e+05
1281.6405 7.989240e-02 1.114541e-01 8.376998e-04 7.053255e-02 5.829043e-02 2.936407e-01 6.5126671165e+04 2.0921286133e+05 2.0929159668e+05
1282.6410 7.904633e-02 1.123443e-01 8.508898e-04 6.914032e-02 5.670057e-02 2.937067e-01 6.5150755589e+04 2.0920163457e+05 2.0927984032e+05
1283.6415 8.071411e-02 1.145446e-01 8.299450e-04 7.223548e-02 5.849161e-02 2.847741e-01 6.5143293640e+04 2.0916740751e+05 2.0932169060e+05
1284.6420 8.578447e-02 1.184417e-01 8.035911e-04 8.029307e-02 6.439763e-02 2.701403e-01 6.5108142746e+04 2.0910908415e+05 2.0941185102e+05
1285.6425 9.101093e-02 1.258095e-01 7.835421e-04 9.068565e-02 7.191497e-02 2.495815e-01 6.5054478991e+04 2.0902849479e+05 2.0954212768e+05
1286.6430 9.716745e-02 1.377741e-01 7.564732e-04 1.025490e-01 8.111101e-02 2.251311e-01 6.4990211010e+04 2.0893121033e+05 2.0969779110e+05
1287.6435 1.052515e-01 1.522297e-01 7.104196e-04 1.158126e-01 9.121706e-02 2.011917e-01 6.4924801027e+04 2.0882442339e+05 2.0986112755e+05
1288.6440 1.117490e-01 1.669756e-01 6.605797e-04 1.279079e-01 1.005827e-01 1.787514e-01 6.4871343114e+04 2.0871663352e+05 2.1001420638e+05
1289.6445 1.163355e-01 1.774046e-01 6.410380e-04 1.378802e-01 1.085200e-01 1.611550e-01 6.4839377282e+04 2.0861874098e+05 2.1013790362e+05
1290.6450 1.188364e-01 1.812854e-01 5.827859e-04 1.443870e-01 1.140750e-01 1.498976e-01 6.4835302112e+04 2.0854286027e+05 2.1021496060e+05
1291.6455 1.187102e-01 1.785755e-01 5.751940e-04 1.463591e-01 1.156800e-01 1.463997e-01 6.4861335502e+04 2.0850052412e+05 2.1023243108e+05
1292.6460 1.181266e-01 1.717991e-01 6.021568e-04 1.453573e-01 1.154747e-01 1.503272e-01 6.4916499771e+04 2.0849801637e+05 2.1018167631e+05
1293.6465 1.144679e-01 1.633310e-01 5.799954e-04 1.391674e-01 1.108823e-01 1.612015e-01 6.4998700589e+04 2.0853597192e+05 2.1006636216e+05
1294.6470 1.087786e-01 1.534346e-01 6.126686e-04 1.301652e-01 1.039355e-01 1.790678e-01 6.5102719023e+04 2.0860769570e+05 2.0989612620e+05
1295.6475 1.028760e-01 1.436861e-01 6.472764e-04 1.193442e-01 9.586184e-02 2.006245e-01 6.5220296416e+04 2.0870197022e+05 2.0968953809e+05
1296.6480 9.540153e-02 1.351360e-01 7.074117e-04 1.064124e-01 8.541847e-02 2.237658e-01 6.5341140280e+04 2.0880492954e+05 2.0947224881e+05
1297.6485 8.791953e-02 1.284659e-01 7.163516e-04 9.486776e-02 7.648279e-02 2.451343e-01 6.5454313143e+04 2.0890079007e+05 2.0926854529e+05
1298.6490 8.399329e-02 1.229244e-01 7.740281e-04 8.402535e-02 6.774101e-02 2.634311e-01 6.5549243891e+04 2.0897377395e+05 2.0910486462e+05
1299.6495 8.058584e-02 1.169942e-01 7.681162e-04 7.627576e-02 6.156810e-02 2.767963e-01 6.5620319178e+04 2.0901212587e+05 2.0899945776e+05
1300.6500 7.686468e-02 1.102951e-01 8.356723e-04 7.204523e-02 5.819547e-02 2.826454e-01 6.5664077761e+04 2.0900952742e+05 2.0896321766e+05
1301.6505 7.721720e-02 1.060847e-01 8.364211e-04 7.120629e-02 5.735930e-02 2.806766e-01 6.5677252033e+04 2.0896534502e+05 2.0899725816e+05
1302.6510 8.128101e-02 1.088479e-01 7.940028e-04 7.468442e-02 6.008024e-02 2.716556e-01 6.5661473169e+04 2.0888480624e+05 2.0909198227e+05
1303.6515 8.558092e-02 1.191190e-01 8.151501e-04 8.211469e-02 6.556513e-02 2.574627e-01 6.5623493389e+04 2.0877781935e+05 2.0923157787e+05
1304.6520 9.117857e-02 1.335321e-01 7.670155e-04 9.126822e-02 7.267682e-02 2.379352e-01 6.5571950918e+04 2.0865776276e+05 2.0939651088e+05
1305.6525 9.736927e-02 1.493360e-01 7.607672e-04 1.017883e-01 8.070733e-02 2.164002e-01 6.5515580549e+04 2.0853873954e+05 2.0956422036e+05
1306.6530 1.030259e-01 1.630953e-01 6.874424e-04 1.137094e-01 8.975018e-02 1.955119e-01 6.5464166884e+04 2.0843441772e+05 2.0971209210e+05
1307.6535 1.076068e-01 1.707791e-01 6.629479e-04 1.238413e-01 9.734836e-02 1.768570e-01 6.5425629620e+04 2.0835761160e+05 2.0982292761e+05
1308.6540 1.123580e-01 1.725779e-01 6.341368e-04 1.320930e-01 1.037286e-01 1.628868e-01 6.5406207741e+04 2.0831436335e+05 2.0988268626e+05
1309.6545 1.138354e-01 1.698822e-01 6.045926e-04 1.368458e-01 1.073821e-01 1.538878e-01 6.5412699994e+04 2.0830559828e+05 2.0988568900e+05
1310.6550 1.122530e-01 1.650188e-01 5.960393e-04 1.385618e-01 1.085538e-01 1.517373e-01 6.5446906134e+04 2.0832719275e+05 2.0983226537e+05
1311.6555 1.111768e-01 1.610745e-01 6.054644e-04 1.377938e-01 1.078793e-01 1.563596e-01 6.5505980351e+04 2.0837149503e+05 2.0972969237e+05
1312.6560 1.080918e-01 1.582871e-01 5.798172e-04 1.323879e-01 1.035706e-01 1.657512e-01 6.5586555650e+04 2.0842970953e+05 2.0959334038e+05
1313.6565 1.012933e-01 1.541211e-01 6.340809e-04 1.254553e-01 9.815763e-02 1.810839e-01 6.5682738088e+04 2.0849176693e+05 2.0943835814e+05
1314.6570 9.710182e-02 1.486044e-01 6.500723e-04 1.161161e-01 9.094739e-02 1.988387e-01 6.5785454280e+04 2.0854698634e+05 2.0928377235e+05
1315.6575 9.309464e-02 1.402771e-01 6.977090e-04 1.056384e-01 8.298983e-02 2.170946e-01 6.5888276551e+04 2.0858796689e+05 2.0914497759e+05
1316.6580 8.545152e-02 1.301201e-01 7.359676e-04 9.636376e-02 7.629985e-02 2.342011e-01 6.5984667185e+04 2.0861119408e+05 2.0903210319e+05
1317.6585 8.190187e-02 1.173816e-01 7.423054e-04 8.720176e-02 6.952609e-02 2.490333e-01 6.6063791038e+04 2.0861822694e+05 2.0895295025e+05
1318.6590 8.100163e-02 1.092541e-01 7.540216e-04 8.090197e-02 6.520285e-02 2.593669e-01 6.6120355474e+04 2.0861052851e+05 2.0890784072e+05
1319.6595 8.011274e-02 1.064302e-01 8.366491e-04 7.689117e-02 6.255546e-02 2.634304e-01 6.6153740102e+04 2.0859068437e+05 2.0889687433e+05
1320.6600 8.195331e-02 1.106431e-01 7.791907e-04 7.609989e-02 6.212368e-02 2.621386e-01 6.6163342425e+04 2.0855922790e+05 2.0891729337e+05
1321.6605 8.397859e-02 1.200515e-01 7.913511e-04 7.870068e-02 6.408231e-02 2.562225e-01 6.6153578393e+04 2.0851696533e+05 2.0896521261e+05
1322.6610 8.623906e-02 1.322105e-01 7.732695e-04 8.399182e-02 6.793810e-02 2.454835e-01 6.6129513547e+04 2.0846526050e+05 2.0903585034e+05
1323.6615 9.280639e-02 1.446321e-01 7.491387e-04 9.028249e-02 7.223296e-02 2.311714e-01 6.6095242607e+04 2.0840571052e+05 2.0912346998e+05
1324.6620 9.657379e-02 1.528733e-01 7.750151e-04 9.824392e-02 7.789769e-02 2.162625e-01 6.6059458931e+04 2.0834219386e+05 2.0921841362e+05
1325.6625 9.917516e-02 1.555783e-01 6.858436e-04 1.073458e-01 8.420772e-02 2.002956e-01 6.6028914533e+04 2.0827895596e+05 2.0931040272e+05
1326.6630 1.047576e-01 1.553986e-01 7.022488e-04 1.149967e-01 8.916935e-02 1.859641e-01 6.6006663855e+04 2.0822077876e+05 2.0938931466e+05
1327.6635 1.066801e-01 1.550989e-01 6.321727e-04 1.222082e-01 9.433077e-02 1.751070e-01 6.5999155733e+04 2.0817348414e+05 2.0944285066e+05
1328.6640 1.065309e-01 1.566814e-01 6.611994e-04 1.266773e-01 9.705421e-02 1.660737e-01 6.6009521505e+04 2.0814177453e+05 2.0946443892e+05
1329.6645 1.083922e-01 1.603599e-01 6.244555e-04 1.300099e-01 9.919353e-02 1.622003e-01 6.6037085710e+04 2.0812721365e+05 2.0944855358e+05
1330.6650 1.067610e-01 1.650973e-01 6.204528e-04 1.308306e-01 9.966190e-02 1.635331e-01 6.6084091155e+04 2.0812935358e+05 2.0939710750e+05
1331.6655 1.037020e-01 1.672745e-01 5.856220e-04 1.280916e-01 9.771628e-02 1.678804e-01 6.6148024894e+04 2.0814658549e+05 2.0931643103e+05
1332.6660 1.018295e-01 1.621999e-01 6.109384e-04 1.241727e-01 9.552010e-02 1.764537e-01 6.6223501682e+04 2.0817589335e+05 2.0921339789e+05
1333.6665 9.721643e-02 1.512653e-01 6.395408e-04 1.172454e-01 9.079852e-02 1.880412e-01 6.6306153817e+04 2.0821303815e+05 2.0909991485e+05
1334.6670 9.358777e-02 1.370402e-01 6.548481e-04 1.099290e-01 8.627605e-02 2.007124e-01 6.6389338331e+04 2.0825226522e+05 2.0898434969e+05
1335.6675 9.104904e-02 1.230084e-01 6.738746e-04 1.020833e-01 8.126477e-02 2.140954e-01 6.6467931291e+04 2.0828748639e+05 2.0887700337e+05
1336.6680 8.672241e-02 1.144671e-01 6.868661e-04 9.409836e-02 7.594431e-02 2.266793e-01 6.6538519268e+04 2.0831287686e+05 2.0878656151e+05
1337.6685 8.491507e-02 1.128720e-01 7.444361e-04 8.790737e-02 7.177237e-02 2.370591e-01 6.6595805164e+04 2.0832415194e+05 2.0871937083e+05
1338.6690 8.482334e-02 1.172428e-01 7.551806e-04 8.292309e-02 6.802987e-02 2.437884e-01 6.6637372003e+04 2.0831912470e+05 2.0868189489e+05
1339.6695 8.432976e-02 1.262039e-01 7.626563e-04 8.046437e-02 6.594605e-02 2.474521e-01 6.6663188054e+04 2.0829551964e+05 2.0867654831e+05
1340.6700 8.586553e-02 1.342648e-01 7.845627e-04 8.022557e-02 6.515319e-02 2.470219e-01 6.6673626960e+04 2.0825499008e+05 2.0870332179e+05
1341.6705 8.763562e-02 1.376273e-01 7.564486e-04 8.198556e-02 6.564489e-02 2.426346e-01 6.6671166549e+04 2.0820231899e+05 2.0875725681e+05
1342.6710 8.862754e-02 1.365255e-01 7.743990e-04 8.522356e-02 6.731092e-02 2.348586e-01 6.6659332998e+04 2.0814351175e+05 2.0882909493e+05
1343.6715 9.083626e-02 1.331875e-01 7.358013e-04 9.083811e-02 7.066806e-02 2.247212e-01 6.6641089255e+04 2.0808608762e+05 2.0890574961e+05
1344.6720 9.479025e-02 1.330342e-01 7.223538e-04 9.755938e-02 7.473163e-02 2.124984e-01 6.6621007019e+04 2.0803553608e+05 2.0897545300e+05
1345.6725 9.741702e-02 1.391530e-01 7.222582e-04 1.044245e-01 7.924639e-02 1.996501e-01 6.6604137991e+04 2.0799614900e+05 2.0902877396e+05
1346.6730 9.864904e-02 1.498140e-01 6.748827e-04 1.117727e-01 8.427120e-02 1.872838e-01 6.6594100515e+04 2.0797002407e+05 2.0906023746e+05
1347.6735 1.025592e-01 1.617979e-01 6.696920e-04 1.176552e-01 8.844606e-02 1.754696e-01 6.6592067582e+04 2.0795581927e+05 2.0907070586e+05
1348.6740 1.047870e-01 1.705829e-01 6.144559e-04 1.233861e-01 9.306706e-02 1.677073e-01 6.6601689745e+04 2.0794937950e+05 2.0906207082e+05
1349.6745 1.037060e-01 1.739112e-01 6.178343e-04 1.263153e-01 9.568949e-02 1.627566e-01 6.6625617188e+04 2.0794585773e+05 2.0904047236e+05
1350.6750 1.033053e-01 1.670838e-01 5.875284e-04 1.266940e-01 9.698757e-02 1.609540e-01 6.6663874760e+04 2.0794231026e+05 2.0900877107e+05
1351.6755 1.025253e-01 1.540703e-01 6.021329e-04 1.251993e-01 9.702725e-02 1.644636e-01 6.6716375532e+04 2.0793556449e+05 2.0896780151e+05
1352.6760 1.005888e-01 1.419730e-01 6.232959e-04 1.204893e-01 9.445677e-02 1.710907e-01 6.6781292580e+04 2.0792644307e+05 2.0891791307e+05
1353.6765 9.834714e-02 1.331961e-01 5.986638e-04 1.152155e-01 9.148459e-02 1.812165e-01 6.6854344333e+04 2.0791905432e+05 2.0885594813e+05
1354.6770 9.432268e-02 1.293060e-01 6.473425e-04 1.077560e-01 8.624579e-02 1.938543e-01 6.6931382323e+04 2.0791782918e+05 2.0878338946e+05
1355.6775 9.070268e-02 1.300705e-01 6.617942e-04 1.000760e-01 8.068223e-02 2.074501e-01 6.7006340804e+04 2.0792584029e+05 2.0870142702e+05
1356.6780 8.921283e-02 1.335340e-01 7.683920e-04 9.282329e-02 7.488278e-02 2.204606e-01 6.7074167530e+04 2.0794291208e+05 2.0861561302e+05
1357.6785 8.570913e-02 1.352804e-01 7.111806e-04 8.612188e-02 6.932571e-02 2.317114e-01 6.7132478883e+04 2.0796724566e+05 2.0853405952e+05
1358.6790 8.224394e-02 1.318113e-01 7.470691e-04 8.153875e-02 6.520661e-02 2.402923e-01 6.7178175243e+04 2.0799341634e+05 2.0846505315e+05
1359.6795 8.374507e-02 1.250637e-01 7.634950e-04 7.854393e-02 6.211422e-02 2.440517e-01 6.7207693771e+04 2.0801426960e+05 2.0841765080e+05
1360.6800 8.460435e-02 1.187889e-01 7.739043e-04 7.767530e-02 6.073228e-02 2.444227e-01 6.7222838851e+04 2.0802186353e+05 2.0839790742e+05
1361.6805 8.404890e-02 1.166424e-01 7.694583e-04 7.912668e-02 6.125919e-02 2.396652e-01 6.7225263621e+04 2.0801075928e+05 2.0840888275e+05
1362.6810 8.765447e-02 1.205031e-01 7.249733e-04 8.345211e-02 6.399425e-02 2.313109e-01 6.7214409411e+04 2.0797845853e+05 2.0844960344e+05
1363.6815 9.050895e-02 1.309930e-01 7.482240e-04 8.931733e-02 6.786739e-02 2.197490e-01 6.7195520920e+04 2.0792563288e+05 2.0851654496e+05
1364.6820 9.123833e-02 1.456198e-01 6.947741e-04 9.627126e-02 7.325144e-02 2.060475e-01 6.7173725126e+04 2.0785669771e+05 2.0860170642e+05
1365.6825 9.586823e-02 1.594469e-01 6.915186e-04 1.037867e-01 7.903372e-02 1.916021e-01 6.7151357060e+04 2.0777902857e+05 2.0869474775e+05
1366.6830 9.999272e-02 1.668088e-01 6.608377e-04 1.109641e-01 8.479634e-02 1.778702e-01 6.7135023226e+04 2.0770293058e+05 2.0878288624e+05
1367.6835 1.012908e-01 1.652341e-01 6.114059e-04 1.177234e-01 9.053131e-02 1.672022e-01 6.7130029877e+04 2.0763805832e+05 2.0885221219e+05
1368.6840 1.040487e-01 1.590188e-01 6.179789e-04 1.217607e-01 9.416450e-02 1.585414e-01 6.7138021162e+04 2.0759218765e+05 2.0889185592e+05
1369.6845 1.056889e-01 1.512497e-01 5.799948e-04 1.239690e-01 9.662109e-02 1.550111e-01 6.7161608627e+04 2.0757036648e+05 2.0889215507e+05
1370.6850 1.049779e-01 1.462100e-01 5.939972e-04 1.239032e-01 9.674056e-02 1.565109e-01 6.7201870121e+04 2.0757348493e+05 2.0885058478e+05
1371.6855 1.043631e-01 1.449436e-01 6.049176e-04 1.210840e-01 9.488420e-02 1.619534e-01 6.7257521759e+04 2.0759830070e+05 2.0877052556e+05
1372.6860 1.003149e-01 1.473840e-01 6.256932e-04 1.170212e-01 9.156009e-02 1.717728e-01 6.7327534163e+04 2.0763779408e+05 2.0866067552e+05
1373.6865 9.656265e-02 1.504562e-01 6.142119e-04 1.100769e-01 8.585384e-02 1.844525e-01 6.7405686621e+04 2.0768463201e+05 2.0853590950e+05
1374.6870 9.507820e-02 1.499059e-01 6.956753e-04 1.027559e-01 8.007684e-02 1.987992e-01 6.7485269047e+04 2.0773112747e+05 2.0841002099e+05
1375.6875 8.983589e-02 1.417919e-01 7.127402e-04 9.519161e-02 7.384046e-02 2.117888e-01 6.7563369066e+04 2.0777076971e+05 2.0829795669e+05
1376.6880 8.505346e-02 1.287377e-01 6.876909e-04 8.807031e-02 6.813723e-02 2.243467e-01 6.7631823892e+04 2.0779721542e+05 2.0821046867e+05
1377.6885 8.582774e-02 1.163283e-01 7.666744e-04 8.292094e-02 6.410088e-02 2.327776e-01 6.7684556479e+04 2.0780641998e+05 2.0815347076e+05
1378.6890 8.380074e-02 1.082618e-01 7.483846e-04 7.899608e-02 6.106896e-02 2.369551e-01 6.7722186556e+04 2.0779744607e+05 2.0813002077e+05
1379.6895 8.051140e-02 1.091575e-01 7.764018e-04 7.782649e-02 6.009776e-02 2.378671e-01 6.7742955784e+04 2.0777028905e+05 2.0813793204e+05
1380.6900 8.452126e-02 1.168830e-01 7.494563e-04 7.885008e-02 6.114989e-02 2.333510e-01 6.7745976642e+04 2.0772775567e+05 2.0817369807e+05
1381.6905 8.736717e-02 1.292960e-01 7.203335e-04 8.211128e-02 6.368911e-02 2.254545e-01 6.7737086458e+04 2.0767338043e+05 2.0823162683e+05
1382.6910 8.649991e-02 1.420004e-01 7.330719e-04 8.698673e-02 6.758682e-02 2.146544e-01 6.7721340028e+04 2.0761256661e+05 2.0830428276e+05
1383.6915 9.037879e-02 1.506097e-01 6.750798e-04 9.285886e-02 7.257624e-02 2.026069e-01 6.7698909905e+04 2.0755198524e+05 2.0838262487e+05
1384.6920 9.610661e-02 1.523456e-01 6.796009e-04 9.895930e-02 7.736619e-02 1.897211e-01 6.7675266864e+04 2.0749889650e+05 2.0845716434e+05
1385.6925 9.802153e-02 1.492555e-01 6.402448e-04 1.055637e-01 8.254179e-02 1.781981e-01 6.7657446412e+04 2.0745659259e+05 2.0851771038e+05
1386.6930 9.949796e-02 1.449834e-01 6.497693e-04 1.114512e-01 8.686756e-02 1.689660e-01 6.7649419960e+04 2.0742610706e+05 2.0855705838e+05
1387.6935 1.028964e-01 1.441264e-01 6.133443e-04 1.149490e-01 8.928894e-02 1.619668e-01 6.7654731510e+04 2.0740639412e+05 2.0857087310e+05
1388.6940 1.040689e-01 1.464914e-01 6.151548e-04 1.177216e-01 9.093291e-02 1.598195e-01 6.7676915080e+04 2.0739663982e+05 2.0855616591e+05
1389.6945 1.029053e-01 1.528513e-01 6.168993e-04 1.183163e-01 9.056286e-02 1.610937e-01 6.7716090702e+04 2.0739522061e+05 2.0851572250e+05
1390.6950 1.023754e-01 1.589142e-01 6.123103e-04 1.165902e-01 8.860415e-02 1.659172e-01 6.7769767526e+04 2.0740022001e+05 2.0845429856e+05
1391.6955 9.964573e-02 1.602292e-01 6.239692e-04 1.136017e-01 8.577477e-02 1.734990e-01 6.7835665454e+04 2.0741076723e+05 2.0837772340e+05
1392.6960 9.601193e-02 1.539615e-01 6.467602e-04 1.083248e-01 8.146166e-02 1.834853e-01 6.7908053716e+04 2.0742653897e+05 2.0829328520e+05
1393.6965 9.257929e-02 1.394458e-01 7.074370e-04 1.032197e-01 7.758790e-02 1.937298e-01 6.7981443158e+04 2.0744808819e+05 2.0820504579e+05
1394.6970 8.976383e-02 1.251000e-01 6.684654e-04 9.733334e-02 7.341174e-02 2.026353e-01 6.8050212295e+04 2.0747279628e+05 2.0811905796e+05
1395.6975 8.773143e-02 1.153239e-01 6.739469e-04 9.200140e-02 6.980704e-02 2.118067e-01 6.8109246184e+04 2.0749725114e+05 2.0804031168e+05
1396.6980 8.582717e-02 1.115847e-01 7.196862e-04 8.821638e-02 6.753490e-02 2.166753e-01 6.8156828486e+04 2.0751770542e+05 2.0797498469e+05
1397.6985 8.483307e-02 1.147025e-01 7.000020e-04 8.475822e-02 6.543669e-02 2.192753e-01 6.8190559924e+04 2.0752773055e+05 2.0793153874e+05
1398.6990 8.547985e-02 1.221496e-01 7.331712e-04 8.385589e-02 6.534493e-02 2.197354e-01 6.8208913801e+04 2.0752309924e+05 2.0791477354e+05
1399.6995 8.689033e-02 1.305162e-01 6.878163e-04 8.407421e-02 6.603704e-02 2.162547e-01 6.8214132463e+04 2.0750029421e+05 2.0792942674e+05
1400.7000 8.762228e-02 1.367196e-01 6.902092e-04 8.570002e-02 6.742689e-02 2.109989e-01 6.8208993098e+04 2.0745840822e+05 2.0797451918e+05
1401.7005 9.025145e-02 1.371416e-01 7.147082e-04 8.839272e-02 6.976169e-02 2.042255e-01 6.8196976281e+04 2.0740086459e+05 2.0804354677e+05
1402.7010 9.244800e-02 1.344509e-01 6.785687e-04 9.141781e-02 7.208419e-02 1.970451e-01 6.8183750583e+04 2.0733301434e+05 2.0812558987e+05
1403.7015 9.392366e-02 1.333979e-01 6.887731e-04 9.521249e-02 7.457468e-02 1.894398e-01 6.8173501644e+04 2.0726372987e+05 2.0820553073e+05
1404.7020 9.674681e-02 1.335752e-01 6.474570e-04 9.944799e-02 7.729567e-02 1.827835e-01 6.8168667302e+04 2.0720415055e+05 2.0826872787e+05
1405.7025 9.833539e-02 1.376902e-01 6.707699e-04 1.028296e-01 7.888757e-02 1.769781e-01 6.8172648017e+04 2.0716233346e+05 2.0830460399e+05
1406.7030 9.830292e-02 1.450600e-01 6.485420e-04 1.051542e-01 7.991027e-02 1.743334e-01 6.8187861109e+04 2.0714179872e+05 2.0830674904e+05
1407.7035 9.914237e-02 1.527108e-01 6.608008e-04 1.078266e-01 8.088004e-02 1.726535e-01 6.8214732550e+04 2.0714314889e+05 2.0827424156e+05
1408.7040 9.865043e-02 1.556249e-01 6.559876e-04 1.084376e-01 8.068621e-02 1.729172e-01 6.8252910205e+04 2.0716436171e+05 2.0821359464e+05
1409.7045 9.561888e-02 1.529427e-01 6.391968e-04 1.081242e-01 8.023799e-02 1.755122e-01 6.8300728586e+04 2.0719844773e+05 2.0813318813e+05
1410.7050 9.393359e-02 1.448392e-01 6.247629e-04 1.071216e-01 7.930845e-02 1.779389e-01 6.8354517888e+04 2.0723758197e+05 2.0804409239e+05
1411.7055 9.414119e-02 1.342780e-01 6.717776e-04 1.044744e-01 7.780477e-02 1.825795e-01 6.8410188268e+04 2.0727200392e+05 2.0795793271e+05
1412.7060 9.026799e-02 1.248826e-01 6.777328e-04 1.025408e-01 7.687910e-02 1.860086e-01 6.8466933547e+04 2.0729540301e+05 2.0788299257e+05
1413.7065 8.705592e-02 1.190246e-01 6.124699e-04 9.982022e-02 7.545252e-02 1.896102e-01 6.8518704503e+04 2.0730322164e+05 2.0782735212e+05
1414.7070 8.810767e-02 1.188347e-01 6.668434e-04 9.734009e-02 7.428096e-02 1.931537e-01 6.8560000961e+04 2.0729473775e+05 2.0779413418e+05
1415.7075 8.642902e-02 1.238140e-01 6.770497e-04 9.518136e-02 7.337276e-02 1.945027e-01 6.8592221646e+04 2.0727172725e+05 2.0778432412e+05
1416.7080 8.515078e-02 1.296285e-01 6.569799e-04 9.281925e-02 7.215635e-02 1.962583e-01 6.8614616874e+04 2.0723587856e+05 2.0779668611e+05
1417.7085 8.795343e-02 1.320028e-01 6.904303e-04 9.191577e-02 7.174769e-02 1.963570e-01 6.8627878463e+04 2.0719217703e+05 2.0782545022e+05
1418.7090 8.765050e-02 1.302827e-01 6.427757e-04 9.063504e-02 7.095300e-02 1.956280e-01 6.8636945955e+04 2.0714615389e+05 2.0786439238e+05
1419.7095 8.719479e-02 1.278730e-01 7.076069e-04 8.995630e-02 7.053909e-02 1.947189e-01 6.8641661627e+04 2.0710417501e+05 2.0790369024e+05
1420.7100 9.091958e-02 1.265507e-01 6.572197e-04 8.995401e-02 7.017686e-02 1.936541e-01 6.8642447757e+04 2.0707145505e+05 2.0793513778e+05
1421.7105 9.160147e-02 1.261531e-01 6.933337e-04 8.987648e-02 6.980326e-02 1.919052e-01 6.8645238816e+04 2.0705163490e+05 2.0795301885e+05
1422.7110 9.184133e-02 1.282500e-01 7.121329e-04 9.062346e-02 6.976415e-02 1.906406e-01 6.8651832945e+04 2.0704314785e+05 2.0795423777e+05
1423.7115 9.364510e-02 1.329227e-01 6.761485e-04 9.195800e-02 6.994949e-02 1.892181e-01 6.8663945880e+04 2.0704289327e+05 2.0793967920e+05
1424.7120 9.238836e-02 1.390386e-01 7.054791e-04 9.278605e-02 6.997730e-02 1.876047e-01 6.8684468134e+04 2.0704715185e+05 2.0791319806e+05
1425.7125 9.146204e-02 1.447789e-01 6.871067e-04 9.344275e-02 6.990856e-02 1.875329e-01 6.8711153560e+04 2.0705183914e+05 2.0787973306e+05
1426.7130 9.323889e-02 1.464725e-01 6.909982e-04 9.513839e-02 7.081461e-02 1.859719e-01 6.8742845456e+04 2.0705421360e+05 2.0784378733e+05
1427.7135 9.200034e-02 1.417790e-01 6.867237e-04 9.572859e-02 7.108421e-02 1.855793e-01 6.8780327182e+04 2.0705184754e+05 2.0781087682e+05
1428.7140 8.974316e-02 1.343068e-01 6.644365e-04 9.719890e-02 7.215317e-02 1.841423e-01 6.8820771553e+04 2.0704449465e+05 2.0778129454e+05
1429.7145 8.970193e-02 1.265370e-01 6.602020e-04 9.820285e-02 7.320007e-02 1.822814e-01 6.8859553584e+04 2.0703475809e+05 2.0775532033e+05
1430.7150 8.789395e-02 1.221417e-01 6.737434e-04 9.858625e-02 7.395931e-02 1.811172e-01 6.8895215782e+04 2.0702511860e+05 2.0773189397e+05
1431.7155 8.615452e-02 1.224750e-01 6.389782e-04 1.002314e-01 7.548302e-02 1.784950e-01 6.8925994586e+04 2.0701708228e+05 2.0770956775e+05
1432.7160 8.634354e-02 1.258056e-01 6.187927e-04 1.004980e-01 7.618281e-02 1.769489e-01 6.8951184881e+04 2.0700910450e+05 2.0769115388e+05
1433.7165 8.648431e-02 1.289892e-01 6.308793e-04 1.008776e-01 7.687672e-02 1.750356e-01 6.8971912713e+04 2.0700105976e+05 2.0767743487e+05
1434.7170 8.631717e-02 1.309586e-01 6.587148e-04 1.008682e-01 7.719826e-02 1.730364e-01 6.8987766798e+04 2.0699222876e+05 2.0767034080e+05
1435.7175 8.735296e-02 1.320091e-01 6.141977e-04 1.002491e-01 7.702194e-02 1.729612e-01 6.8997958385e+04 2.0698085759e+05 2.0767103338e+05
1436.7180 8.930142e-02 1.317818e-01 6.542982e-04 9.927671e-02 7.658782e-02 1.728098e-01 6.9005092906e+04 2.0696521842e+05 2.0767945700e+05
1437.7185 9.110903e-02 1.306727e-01 6.101683e-04 9.720738e-02 7.508687e-02 1.739712e-01 6.9013020908e+04 2.0694250003e+05 2.0769504269e+05
1438.7190 9.156878e-02 1.285019e-01 6.891925e-04 9.533644e-02 7.364985e-02 1.767379e-01 6.9025240691e+04 2.0691283017e+05 2.0771333645e+05
1439.7195 9.099116e-02 1.267707e-01 6.561667e-04 9.262862e-02 7.148552e-02 1.804580e-01 6.9043530651e+04 2.0687971983e+05 2.0772955433e+05
1440.7200 9.098684e-02 1.292544e-01 6.842729e-04 8.943256e-02 6.894342e-02 1.840553e-01 6.9066958544e+04 2.0684856388e+05 2.0773706435e+05
1441.7205 9.038376e-02 1.338565e-01 7.207447e-04 8.707540e-02 6.666334e-02 1.895120e-01 6.9095427913e+04 2.0682505050e+05 2.0773017666e+05
1442.7210 8.967264e-02 1.372326e-01 6.895676e-04 8.517749e-02 6.475136e-02 1.931928e-01 6.9129808288e+04 2.0681289908e+05 2.0770689695e+05
1443.7215 8.916100e-02 1.362082e-01 7.426361e-04 8.259346e-02 6.255037e-02 1.968007e-01 6.9168800513e+04 2.0681352494e+05 2.0766838333e+05
1444.7220 8.659223e-02 1.326824e-01 7.034834e-04 8.160942e-02 6.142420e-02 1.994767e-01 6.9210286857e+04 2.0682668719e+05 2.0761593156e+05
1445.7225 8.470834e-02 1.277467e-01 7.447158e-04 8.244692e-02 6.145725e-02 1.998670e-01 6.9249846654e+04 2.0685091257e+05 2.0755438591e+05
1446.7230 8.450562e-02 1.235845e-01 6.764365e-04 8.292687e-02 6.159224e-02 1.994943e-01 6.9283337802e+04 2.0688123755e+05 2.0749234155e+05
1447.7235 8.395004e-02 1.211476e-01 7.042481e-04 8.541800e-02 6.320231e-02 1.950419e-01 6.9311066477e+04 2.0690992221e+05 2.0743723127e+05
1448.7240 8.379697e-02 1.206156e-01 7.015240e-04 8.839454e-02 6.528744e-02 1.901852e-01 6.9332429954e+04 2.0692700748e+05 2.0739904647e+05
1449.7245 8.404871e-02 1.228872e-01 6.686883e-04 9.220119e-02 6.822625e-02 1.832082e-01 6.9346762903e+04 2.0692663815e+05 2.0738418367e+05
1450.7250 8.411270e-02 1.266460e-01 6.455554e-04 9.731715e-02 7.205898e-02 1.747617e-01 6.9353279449e+04 2.0690702298e+05 2.0739548313e+05
1451.7255 8.623205e-02 1.301535e-01 6.254649e-04 1.009813e-01 7.526501e-02 1.666695e-01 6.9351638340e+04 2.0686898141e+05 2.0743342818e+05
1452.7260 8.917908e-02 1.340361e-01 6.302259e-04 1.047933e-01 7.855557e-02 1.582150e-01 6.9344788083e+04 2.0681562598e+05 2.0749148035e+05
1453.7265 9.163102e-02 1.353915e-01 6.225250e-04 1.074779e-01 8.119355e-02 1.522013e-01 6.9338018844e+04 2.0675184379e+05 2.0756075531e+05
1454.7270 9.201792e-02 1.344062e-01 5.831400e-04 1.087811e-01 8.281120e-02 1.483427e-01 6.9336261624e+04 2.0668634041e+05 2.0762868269e+05
1455.7275 9.432122e-02 1.332853e-01 6.001370e-04 1.086130e-01 8.313729e-02 1.473395e-01 6.9340398087e+04 2.0662918997e+05 2.0768158507e+05
1456.7280 9.669748e-02 1.345764e-01 6.216919e-04 1.064079e-01 8.203974e-02 1.496997e-01 6.9353611329e+04 2.0658834721e+05 2.0770808059e+05
1457.7285 9.551490e-02 1.373078e-01 6.428422e-04 1.028099e-01 7.953880e-02 1.561344e-01 6.9379468189e+04 2.0656883019e+05 2.0770096553e+05
1458.7290 9.406360e-02 1.393346e-01 6.297670e-04 9.723208e-02 7.539336e-02 1.647023e-01 6.9418200634e+04 2.0657196698e+05 2.0765932080e+05
1459.7295 9.394991e-02 1.382131e-01 7.138171e-04 9.103005e-02 7.063577e-02 1.753635e-01 6.9467668722e+04 2.0659631200e+05 2.0758611593e+05
1460.7300 8.983621e-02 1.349427e-01 6.957448e-04 8.493409e-02 6.556802e-02 1.877973e-01 6.9526052102e+04 2.0663711353e+05 2.0748929059e+05
1461.7305 8.497212e-02 1.306071e-01 7.245549e-04 7.897832e-02 6.056926e-02 1.983171e-01 6.9587640634e+04 2.0668829220e+05 2.0738041110e+05
1462.7310 8.396605e-02 1.254314e-01 7.562925e-04 7.317773e-02 5.565697e-02 2.087469e-01 6.9645685795e+04 2.0673985262e+05 2.0727337923e+05
1463.7315 8.176863e-02 1.193891e-01 7.397990e-04 7.019858e-02 5.252323e-02 2.150919e-01 6.9699596866e+04 2.0678217174e+05 2.0718038386e+05
1464.7320 7.826602e-02 1.143094e-01 8.221888e-04 6.940799e-02 5.110219e-02 2.182250e-01 6.9745338940e+04 2.0680685624e+05 2.0711313163e+05
1465.7325 7.714032e-02 1.123678e-01 7.047876e-04 7.005373e-02 5.119076e-02 2.170835e-01 6.9777049784e+04 2.0681022035e+05 2.0707944906e+05
1466.7330 7.749615e-02 1.136885e-01 7.416255e-04 7.374250e-02 5.333018e-02 2.102136e-01 6.9792638283e+04 2.0679272159e+05 2.0708116845e+05
1467.7335 7.951967e-02 1.176162e-01 7.303211e-04 7.909837e-02 5.738333e-02 2.011804e-01 6.9791668670e+04 2.0675508672e+05 2.0711716970e+05
1468.7340 8.123803e-02 1.228797e-01 6.825287e-04 8.615446e-02 6.275723e-02 1.876846e-01 6.9778103836e+04 2.0670181987e+05 2.0718172462e+05
1469.7345 8.358377e-02 1.275112e-01 6.623297e-04 9.458917e-02 6.955028e-02 1.727736e-01 6.9755105237e+04 2.0663835487e+05 2.0726528588e+05
1470.7350 8.876067e-02 1.316639e-01 6.010440e-04 1.020398e-01 7.588486e-02 1.567915e-01 6.9726105622e+04 2.0657246587e+05 2.0735726577e+05
1471.7355 9.147071e-02 1.357420e-01 6.095457e-04 1.094600e-01 8.226369e-02 1.426668e-01 6.9697397542e+04 2.0651173309e+05 2.0744415069e+05
1472.7360 9.396904e-02 1.400015e-01 5.606153e-04 1.150797e-01 8.743051e-02 1.321596e-01 6.9673680624e+04 2.0646105883e+05 2.0751577456e+05
1473.7365 9.980177e-02 1.432277e-01 5.722375e-04 1.180936e-01 9.023302e-02 1.250727e-01 6.9660031121e+04 2.0642309086e+05 2.0756419296e+05
1474.7370 1.018697e-01 1.452138e-01 5.360762e-04 1.185155e-01 9.106188e-02 1.238454e-01 6.9664099949e+04 2.0639803742e+05 2.0758355319e+05
1475.7375 9.942302e-02 1.455730e-01 5.984521e-04 1.159738e-01 8.944897e-02 1.281682e-01 6.9689550294e+04 2.0638569064e+05 2.0757125789e+05
1476.7380 9.817703e-02 1.455753e-01 6.059203e-04 1.105860e-01 8.529204e-02 1.386329e-01 6.9733453493e+04 2.0638590637e+05 2.0752723569e+05
1477.7385 9.684175e-02 1.435001e-01 5.975190e-04 1.022284e-01 7.878033e-02 1.528835e-01 6.9793752065e+04 2.0640008617e+05 2.0745433119e+05
1478.7390 9.299772e-02 1.392807e-01 7.236276e-04 9.316155e-02 7.140540e-02 1.704032e-01 6.9868072157e+04 2.0642579463e+05 2.0735710157e+05
1479.7395 8.822306e-02 1.326103e-01 6.773754e-04 8.346020e-02 6.355280e-02 1.886808e-01 6.9951331749e+04 2.0646011025e+05 2.0724383067e+05
1480.7400 8.277935e-02 1.239229e-01 7.627074e-04 7.398785e-02 5.565304e-02 2.059681e-01 7.0036171690e+04 2.0650110197e+05 2.0712363460e+05
1481.7405 7.858176e-02 1.153487e-01 7.589476e-04 6.583819e-02 4.901278e-02 2.209737e-01 7.0113771171e+04 2.0654602926e+05 2.0700622464e+05
1482.7410 7.616694e-02 1.093512e-01 7.872400e-04 6.100863e-02 4.475120e-02 2.296486e-01 7.0177712194e+04 2.0658977671e+05 2.0690207664e+05
1483.7415 7.426599e-02 1.060686e-01 8.260147e-04 5.901648e-02 4.295562e-02 2.340170e-01 7.0223727387e+04 2.0662432554e+05 2.0682332423e+05
1484.7420 7.316384e-02 1.053043e-01 7.350440e-04 5.968537e-02 4.332522e-02 2.311751e-01 7.0250234004e+04 2.0664200719e+05 2.0678072449e+05
1485.7425 7.493776e-02 1.071043e-01 7.778171e-04 6.428291e-02 4.697691e-02 2.222475e-01 7.0255605344e+04 2.0663615454e+05 2.0678007331e+05
1486.7430 7.710644e-02 1.111136e-01 7.351562e-04 7.140569e-02 5.276016e-02 2.089531e-01 7.0241652686e+04 2.0660403127e+05 2.0682375364e+05
1487.7435 7.920295e-02 1.179466e-01 6.770174e-04 8.066751e-02 6.012002e-02 1.908890e-01 7.0211406282e+04 2.0654757794e+05 2.0690753269e+05
1488.7440 8.562304e-02 1.250151e-01 6.309780e-04 9.131100e-02 6.884432e-02 1.714007e-01 7.0168284207e+04 2.0647130564e+05 2.0702151963e+05
1489.7445 9.033029e-02 1.306965e-01 6.095979e-04 1.013029e-01 7.677365e-02 1.511830e-01 7.0122891144e+04 2.0638254511e+05 2.0715243707e+05
1490.7450 9.337746e-02 1.375869e-01 5.841182e-04 1.111902e-01 8.466478e-02 1.338328e-01 7.0081804287e+04 2.0629031967e+05 2.0728166483e+05
1491.7455 9.937010e-02 1.433017e-01 5.631038e-04 1.186911e-01 9.056174e-02 1.207259e-01 7.0049754084e+04 2.0620697088e+05 2.0739224530e+05
1492.7460 1.024220e-01 1.478371e-01 5.289350e-04 1.230215e-01 9.367546e-02 1.123944e-01 7.0034329456e+04 2.0614354313e+05 2.0746838903e+05
1493.7465 1.021988e-01 1.512235e-01 5.272101e-04 1.239915e-01 9.425006e-02 1.108472e-01 7.0039534251e+04 2.0610719132e+05 2.0749827681e+05
1494.7470 1.032519e-01 1.520981e-01 6.087392e-04 1.217687e-01 9.209702e-02 1.166054e-01 7.0066831368e+04 2.0610033722e+05 2.0747643067e+05
1495.7475 1.009969e-01 1.504138e-01 5.567871e-04 1.158088e-01 8.698711e-02 1.282980e-01 7.0118254386e+04 2.0612216572e+05 2.0740452942e+05
1496.7480 9.683883e-02 1.464079e-01 6.261248e-04 1.066198e-01 7.964684e-02 1.441411e-01 7.0189741638e+04 2.0616885788e+05 2.0728992905e+05
1497.7485 9.371830e-02 1.402876e-01 6.968917e-04 9.674179e-02 7.177178e-02 1.639634e-01 7.0274156813e+04 2.0623264903e+05 2.0714451346e+05
1498.7490 8.810669e-02 1.327202e-01 6.568551e-04 8.513040e-02 6.276029e-02 1.840274e-01 7.0366958359e+04 2.0630345358e+05 2.0698647132e+05
1499.7495 8.340801e-02 1.225780e-01 7.782909e-04 7.397527e-02 5.441469e-02 2.035720e-01 7.0459953184e+04 2.0637002004e+05 2.0683287993e+05
1500.7500 7.887371e-02 1.122057e-01 7.412372e-04 6.459647e-02 4.765431e-02 2.194654e-01 7.0546057601e+04 2.0642282588e+05 2.0670002249e+05
1501.7505 7.369839e-02 1.033909e-01 8.227338e-04 5.808957e-02 4.301282e-02 2.296745e-01 7.0618982469e+04 2.0645533161e+05 2.0660062395e+05
1502.7510 7.108933e-02 9.909348e-02 7.950660e-04 5.456417e-02 4.101869e-02 2.355354e-01 7.0671356221e+04 2.0646303070e+05 2.0654320132e+05
1503.7515 7.150636e-02 9.884787e-02 7.813046e-04 5.409695e-02 4.124123e-02 2.334429e-01 7.0701723497e+04 2.0644515639e+05 2.0653159724e+05
1504.7520 7.213369e-02 1.030275e-01 7.760610e-04 5.800108e-02 4.473447e-02 2.257797e-01 7.0710357339e+04 2.0640298423e+05 2.0656332145e+05
1505.7525 7.412572e-02 1.076950e-01 7.472073e-04 6.471705e-02 5.006356e-02 2.128861e-01 7.0698537696e+04 2.0634284495e+05 2.0663293241e+05
1506.7530 7.814093e-02 1.131053e-01 7.104362e-04 7.378432e-02 5.710653e-02 1.954177e-01 7.0668853005e+04 2.0627254254e+05 2.0672973912e+05
1507.7535 8.118411e-02 1.196240e-01 6.638958e-04 8.444597e-02 6.514392e-02 1.762177e-01 7.0626526842e+04 2.0620036346e+05 2.0684063386e+05
1508.7540 8.530562e-02 1.248056e-01 6.368582e-04 9.543174e-02 7.288879e-02 1.560356e-01 7.0578219165e+04 2.0613392075e+05 2.0695226874e+05
1509.7545 9.073369e-02 1.308730e-01 5.797072e-04 1.062983e-01 8.061562e-02 1.387114e-01 7.0530796213e+04 2.0607694700e+05 2.0705156158e+05
1510.7550 9.440006e-02 1.380271e-01 5.849079e-04 1.149466e-01 8.631418e-02 1.238985e-01 7.0493288490e+04 2.0603220488e+05 2.0712966591e+05
1511.7555 9.715118e-02 1.456248e-01 4.986133e-04 1.215138e-01 9.037374e-02 1.134105e-01 7.0470505023e+04 2.0600119453e+05 2.0717935313e+05
1512.7560 1.008599e-01 1.535617e-01 5.711513e-04 1.244508e-01 9.195972e-02 1.087504e-01 7.0464656046e+04 2.0598337510e+05 2.0719828572e+05
1513.7565 1.021672e-01 1.577168e-01 5.521755e-04 1.244865e-01 9.129347e-02 1.110825e-01 7.0479514332e+04 2.0597749564e+05 2.0718639227e+05
1514.7570 9.967586e-02 1.580299e-01 5.496848e-04 1.202931e-01 8.793501e-02 1.188749e-01 7.0517130282e+04 2.0598022554e+05 2.0714683677e+05
1515.7575 9.792942e-02 1.530297e-01 6.248536e-04 1.133295e-01 8.263564e-02 1.311885e-01 7.0575524725e+04 2.0598902249e+05 2.0708221957e+05
1516.7580 9.506961e-02 1.429077e-01 6.196222e-04 1.044848e-01 7.618306e-02 1.477265e-01 7.0651838641e+04 2.0600404695e+05 2.0699561349e+05
1517.7585 8.888675e-02 1.323968e-01 6.790727e-04 9.287427e-02 6.817850e-02 1.665532e-01 7.0741916314e+04 2.0602465005e+05 2.0689204011e+05
1518.7590 8.450303e-02 1.228921e-01 7.150924e-04 8.150837e-02 6.057353e-02 1.858234e-01 7.0837163283e+04 2.0605130206e+05 2.0677556993e+05
1519.7595 8.140966e-02 1.146605e-01 7.241197e-04 7.077337e-02 5.309620e-02 2.027669e-01 7.0930435385e+04 2.0608449806e+05 2.0665413632e+05
1520.7600 7.643190e-02 1.081750e-01 7.660745e-04 6.194545e-02 4.741473e-02 2.165377e-01 7.1016055143e+04 2.0612158691e+05 2.0653629318e+05
1521.7605 7.061016e-02 1.019013e-01 7.818139e-04 5.564162e-02 4.330783e-02 2.270768e-01 7.1087241014e+04 2.0615908073e+05 2.0643248499e+05
1522.7610 6.868872e-02 9.868200e-02 7.785461e-04 5.227276e-02 4.112292e-02 2.302945e-01 7.1138109822e+04 2.0619063994e+05 2.0635304774e+05
1523.7615 6.776647e-02 9.864913e-02 7.890164e-04 5.310037e-02 4.195081e-02 2.287501e-01 7.1166635950e+04 2.0620898025e+05 2.0630653415e+05
1524.7620 6.696004e-02 9.886985e-02 7.613632e-04 5.710148e-02 4.456495e-02 2.212890e-01 7.1173516319e+04 2.0620854893e+05 2.0630080712e+05
1525.7625 7.124173e-02 1.004660e-01 7.211063e-04 6.397764e-02 4.944063e-02 2.079720e-01 7.1158587823e+04 2.0618412274e+05 2.0633844578e+05
1526.7630 7.578009e-02 1.053414e-01 6.963042e-04 7.314584e-02 5.564386e-02 1.917060e-01 7.1125894114e+04 2.0613456489e+05 2.0641718141e+05
1527.7635 7.767638e-02 1.121695e-01 6.729242e-04 8.441627e-02 6.328227e-02 1.723767e-01 7.1081277356e+04 2.0606486080e+05 2.0652828238e+05
1528.7640 8.416371e-02 1.222290e-01 6.517017e-04 9.597686e-02 7.133120e-02 1.531321e-01 7.1027117178e+04 2.0598113854e+05 2.0665939280e+05
1529.7645 8.983970e-02 1.329222e-01 6.090096e-04 1.067151e-01 7.842333e-02 1.345123e-01 7.0973640667e+04 2.0589275585e+05 2.0679495191e+05
1530.7650 9.198727e-02 1.438056e-01 5.494178e-04 1.161834e-01 8.511025e-02 1.189869e-01 7.0930250503e+04 2.0580822874e+05 2.0691746216e+05
1531.7655 9.722606e-02 1.523685e-01 5.986493e-04 1.220598e-01 8.921034e-02 1.081529e-01 7.0901800714e+04 2.0573640665e+05 2.0701246869e+05
1532.7660 1.017399e-01 1.577269e-01 5.509049e-04 1.257404e-01 9.177138e-02 1.033805e-01 7.0894224869e+04 2.0568579441e+05 2.0706602150e+05
1533.7665 1.009493e-01 1.585765e-01 5.645825e-04 1.246884e-01 9.115614e-02 1.047339e-01 7.0911338740e+04 2.0566327848e+05 2.0707163719e+05
1534.7670 1.005527e-01 1.544835e-01 5.621188e-04 1.203929e-01 8.832733e-02 1.118000e-01 7.0951655182e+04 2.0567003523e+05 2.0702628946e+05
1535.7675 9.853943e-02 1.472331e-01 5.741234e-04 1.131794e-01 8.337829e-02 1.251783e-01 7.1013798984e+04 2.0570372620e+05 2.0693371577e+05
1536.7680 9.418764e-02 1.383768e-01 6.482892e-04 1.025376e-01 7.599358e-02 1.423529e-01 7.1095622284e+04 2.0575737330e+05 2.0680388268e+05
1537.7685 8.915401e-02 1.291349e-01 6.522451e-04 9.089552e-02 6.793522e-02 1.628863e-01 7.1192029153e+04 2.0582110111e+05 2.0664913245e+05
1538.7690 8.261468e-02 1.211687e-01 7.052972e-04 7.864012e-02 5.904770e-02 1.831854e-01 7.1296937492e+04 2.0588560576e+05 2.0648588295e+05
1539.7695 7.666249e-02 1.138029e-01 7.183391e-04 6.726105e-02 5.105616e-02 2.022522e-01 7.1400909674e+04 2.0594278306e+05 2.0633022936e+05
1540.7700 7.216698e-02 1.064746e-01 7.854233e-04 5.738200e-02 4.381629e-02 2.187516e-01 7.1494761029e+04 2.0598627535e+05 2.0619782894e+05
1541.7705 6.879407e-02 9.820150e-02 7.693076e-04 5.047551e-02 3.879750e-02 2.286063e-01 7.1571402076e+04 2.0601294945e+05 2.0610000270e+05
1542.7710 6.429431e-02 9.045045e-02 7.992984e-04 4.748146e-02 3.649093e-02 2.336233e-01 7.1624470084e+04 2.0602119406e+05 2.0604382318e+05
1543.7715 6.293861e-02 8.618524e-02 8.024226e-04 4.847928e-02 3.705412e-02 2.311661e-01 7.1649765821e+04 2.0601050086e+05 2.0603183887e+05
1544.7720 6.460535e-02 8.667743e-02 7.839312e-04 5.294631e-02 4.043063e-02 2.218276e-01 7.1647092972e+04 2.0598229891e+05 2.0606252589e+05
1545.7725 6.811366e-02 9.232851e-02 7.339122e-04 6.095930e-02 4.601356e-02 2.070080e-01 7.1619525348e+04 2.0593806173e+05 2.0613112613e+05
1546.7730 7.229931e-02 1.030143e-01 7.089035e-04 7.235792e-02 5.430988e-02 1.872730e-01 7.1572869518e+04 2.0587988378e+05 2.0623008003e+05
1547.7735 7.930298e-02 1.173021e-01 7.186244e-04 8.429210e-02 6.304471e-02 1.658518e-01 7.1512691338e+04 2.0580968856e+05 2.0635213606e+05
1548.7740 8.699814e-02 1.307575e-01 5.913373e-04 9.696046e-02 7.220858e-02 1.433499e-01 7.1448009528e+04 2.0573245190e+05 2.0648590672e+05
1549.7745 9.165387e-02 1.417694e-01 6.094504e-04 1.088007e-01 8.099196e-02 1.230107e-01 7.1387664571e+04 2.0565340610e+05 2.0661881537e+05
1550.7750 9.713976e-02 1.476636e-01 5.754636e-04 1.174551e-01 8.736523e-02 1.071814e-01 7.1338854822e+04 2.0557892450e+05 2.0673786499e+05
1551.7755 1.011015e-01 1.504060e-01 5.369634e-04 1.238025e-01 9.196502e-02 9.765231e-02 7.1310331968e+04 2.0551449787e+05 2.0682753183e+05
1552.7760 1.023333e-01 1.514681e-01 5.596683e-04 1.254215e-01 9.305465e-02 9.447751e-02 7.1308819573e+04 2.0546646392e+05 2.0687637246e+05
1553.7765 1.022349e-01 1.506663e-01 5.544459e-04 1.237449e-01 9.170650e-02 9.835989e-02 7.1336158618e+04 2.0544134830e+05 2.0687417767e+05
1554.7770 1.011688e-01 1.495037e-01 5.725198e-04 1.179659e-01 8.711108e-02 1.095989e-01 7.1390568194e+04 2.0544351000e+05 2.0681813318e+05
1555.7775 9.805456e-02 1.448802e-01 6.325176e-04 1.082975e-01 7.986330e-02 1.255916e-01 7.1469200707e+04 2.0547507957e+05 2.0671142333e+05
1556.7780 9.168279e-02 1.380524e-01 6.230373e-04 9.701819e-02 7.126343e-02 1.465346e-01 7.1565673450e+04 2.0553199069e+05 2.0656288015e+05
1557.7785 8.476224e-02 1.291764e-01 6.904352e-04 8.461960e-02 6.194782e-02 1.678729e-01 7.1672342455e+04 2.0560692019e+05 2.0638777685e+05
1558.7790 7.867454e-02 1.170456e-01 7.369019e-04 7.194955e-02 5.278366e-02 1.896296e-01 7.1780737913e+04 2.0568891122e+05 2.0620466665e+05
1559.7795 7.149238e-02 1.034377e-01 7.746335e-04 6.016667e-02 4.423562e-02 2.089667e-01 7.1883543549e+04 2.0576658941e+05 2.0603299272e+05
1560.7800 6.642388e-02 9.300216e-02 7.598800e-04 5.155888e-02 3.819708e-02 2.225552e-01 7.1971839095e+04 2.0582796572e+05 2.0588995070e+05
1561.7805 6.396895e-02 8.654045e-02 7.893459e-04 4.617854e-02 3.462134e-02 2.311260e-01 7.2037120303e+04 2.0586535188e+05 2.0579102781e+05
1562.7810 6.267967e-02 8.376664e-02 7.925233e-04 4.481320e-02 3.413598e-02 2.315076e-01 7.2075052824e+04 2.0587453799e+05 2.0574623491e+05
1563.7815 6.241288e-02 8.510121e-02 8.031115e-04 4.730262e-02 3.650764e-02 2.253425e-01 7.2082954010e+04 2.0585288868e+05 2.0576009688e+05
1564.7820 6.533175e-02 9.051512e-02 7.622706e-04 5.396480e-02 4.172588e-02 2.125336e-01 7.2061572247e+04 2.0580162899e+05 2.0582980156e+05
1565.7825 6.988184e-02 9.983501e-02 7.338453e-04 6.408241e-02 4.958483e-02 1.941584e-01 7.2016524175e+04 2.0572472573e+05 2.0594631617e+05
1566.7830 7.504890e-02 1.110822e-01 7.196750e-04 7.537769e-02 5.794254e-02 1.734171e-01 7.1956212221e+04 2.0562874554e+05 2.0609640734e+05
1567.7835 8.203059e-02 1.210028e-01 6.117471e-04 8.846783e-02 6.759006e-02 1.504118e-01 7.1890395767e+04 2.0552394771e+05 2.0626042421e+05
1568.7840 8.849095e-02 1.304825e-01 6.536181e-04 1.003774e-01 7.626002e-02 1.296612e-01 7.1827446361e+04 2.0542179314e+05 2.0641919260e+05
1569.7845 9.444363e-02 1.377838e-01 5.848752e-04 1.101644e-01 8.296693e-02 1.124870e-01 7.1775139657e+04 2.0533532458e+05 2.0655296859e+05
1570.7850 9.843240e-02 1.431283e-01 5.605205e-04 1.180940e-01 8.829374e-02 1.004861e-01 7.1740185573e+04 2.0527479075e+05 2.0664420711e+05
1571.7855 1.009033e-01 1.466919e-01 5.521485e-04 1.217418e-01 9.034175e-02 9.430796e-02 7.1727780886e+04 2.0524588407e+05 2.0668320168e+05
1572.7860 1.005475e-01 1.476414e-01 5.236974e-04 1.220344e-01 8.986854e-02 9.564090e-02 7.1742173931e+04 2.0524935835e+05 2.0666468043e+05
1573.7865 9.835914e-02 1.470186e-01 5.765477e-04 1.183100e-01 8.639802e-02 1.035641e-01 7.1783205433e+04 2.0528196165e+05 2.0659184203e+05
1574.7870 9.564667e-02 1.429234e-01 5.832509e-04 1.107445e-01 8.040912e-02 1.164178e-01 7.1848813572e+04 2.0533684146e+05 2.0647437981e+05
1575.7875 9.060422e-02 1.379878e-01 6.014878e-04 1.011321e-01 7.289397e-02 1.342170e-01 7.1934124965e+04 2.0540320280e+05 2.0632643848e+05
1576.7880 8.592610e-02 1.297732e-01 6.321087e-04 8.990502e-02 6.471878e-02 1.534428e-01 7.2031158652e+04 2.0547199921e+05 2.0616580945e+05
1577.7885 8.129704e-02 1.191400e-01 7.060556e-04 7.761699e-02 5.576347e-02 1.734787e-01 7.2131472079e+04 2.0553341649e+05 2.0601065558e+05
1578.7890 7.331737e-02 1.074169e-01 7.218811e-04 6.628569e-02 4.792449e-02 1.915361e-01 7.2228327928e+04 2.0558051343e+05 2.0587511010e+05
1579.7895 6.722365e-02 9.681369e-02 7.597132e-04 5.741817e-02 4.210060e-02 2.060332e-01 7.2311661764e+04 2.0560941877e+05 2.0576972481e+05
1580.7900 6.581320e-02 9.053278e-02 7.671675e-04 5.081691e-02 3.788802e-02 2.162784e-01 7.2374331860e+04 2.0561796999e+05 2.0570168417e+05
1581.7905 6.336745e-02 8.795410e-02 7.688253e-04 4.746619e-02 3.639149e-02 2.190728e-01 7.2416258040e+04 2.0560775321e+05 2.0567296698e+05
1582.7910 6.271899e-02 8.862583e-02 7.837762e-04 4.775386e-02 3.725637e-02 2.167040e-01 7.2434429121e+04 2.0558026572e+05 2.0568277148e+05
1583.7915 6.654888e-02 9.231065e-02 7.431980e-04 5.179144e-02 4.077064e-02 2.082407e-01 7.2428175750e+04 2.0553965744e+05 2.0572698692e+05
1584.7920 7.035340e-02 9.760654e-02 7.585049e-04 5.876763e-02 4.638775e-02 1.946224e-01 7.2401037700e+04 2.0549095222e+05 2.0579957204e+05
1585.7925 7.357466e-02 1.033834e-01 6.857567e-04 6.760419e-02 5.288888e-02 1.782583e-01 7.2358073048e+04 2.0543742734e+05 2.0589297393e+05
1586.7930 7.939109e-02 1.103871e-01 6.357539e-04 7.886796e-02 6.095698e-02 1.590627e-01 7.2305543746e+04 2.0538088947e+05 2.0599683135e+05
1587.7935 8.463702e-02 1.177740e-01 6.583369e-04 8.903586e-02 6.803454e-02 1.412214e-01 7.2252708422e+04 2.0532289317e+05 2.0610275602e+05
1588.7940 8.780195e-02 1.244673e-01 5.884240e-04 9.852726e-02 7.447440e-02 1.251477e-01 7.2208633740e+04 2.0526643636e+05 2.0619945714e+05
1589.7945 9.155654e-02 1.326045e-01 5.917902e-04 1.071419e-01 8.005097e-02 1.122800e-01 7.2176972100e+04 2.0521560802e+05 2.0627658858e+05
1590.7950 9.536956e-02 1.380517e-01 5.548124e-04 1.121641e-01 8.296408e-02 1.035749e-01 7.2162059303e+04 2.0517645268e+05 2.0632729771e+05
1591.7955 9.585404e-02 1.421016e-01 5.480017e-04 1.144719e-01 8.388873e-02 1.010985e-01 7.2166713245e+04 2.0515207636e+05 2.0634491540e+05
1592.7960 9.493826e-02 1.426886e-01 5.740214e-04 1.135146e-01 8.254256e-02 1.039256e-01 7.2191228518e+04 2.0514541679e+05 2.0632698001e+05
1593.7965 9.354229e-02 1.387867e-01 5.765021e-04 1.095097e-01 7.906566e-02 1.117770e-01 7.2234687557e+04 2.0515690285e+05 2.0627397452e+05
1594.7970 8.980123e-02 1.340226e-01 5.833207e-04 1.033574e-01 7.429193e-02 1.230227e-01 7.2294815153e+04 2.0518473690e+05 2.0618929164e+05
1595.7975 8.440589e-02 1.282655e-01 6.123255e-04 9.505808e-02 6.817733e-02 1.372270e-01 7.2366663172e+04 2.0522597273e+05 2.0608079269e+05
1596.7980 8.084000e-02 1.215763e-01 6.697070e-04 8.508762e-02 6.107783e-02 1.531479e-01 7.2443522899e+04 2.0527524106e+05 2.0595923084e+05
1597.7985 7.780956e-02 1.156018e-01 6.897502e-04 7.561972e-02 5.469331e-02 1.678189e-01 7.2520761850e+04 2.0532478584e+05 2.0583647401e+05
1598.7990 7.329412e-02 1.087070e-01 7.083616e-04 6.720234e-02 4.893718e-02 1.815309e-01 7.2593473172e+04 2.0536742777e+05 2.0572590463e+05
1599.7995 6.921877e-02 1.026972e-01 7.167974e-04 5.983423e-02 4.433865e-02 1.924476e-01 7.2655663607e+04 2.0539690772e+05 2.0563874325e+05
1600.8000 6.806113e-02 9.633079e-02 7.565194e-04 5.487920e-02 4.143934e-02 1.980328e-01 7.2702595680e+04 2.0541018746e+05 2.0558247100e+05
1601.8005 6.697969e-02 9.267617e-02 7.565322e-04 5.248685e-02 4.034525e-02 2.005769e-01 7.2732145146e+04 2.0540413311e+05 2.0556123899e+05
1602.8010 6.800144e-02 9.270726e-02 7.166639e-04 5.287681e-02 4.128347e-02 1.984548e-01 7.2745224205e+04 2.0537734370e+05 2.0557489799e+05
1603.8015 6.999011e-02 9.450478e-02 7.718937e-04 5.586419e-02 4.389748e-02 1.917144e-01 7.2744238736e+04 2.0533291180e+05 2.0561919152e+05
1604.8020 7.093788e-02 9.749899e-02 6.681124e-04 6.088426e-02 4.779812e-02 1.818892e-01 7.2732655241e+04 2.0527639872e+05 2.0568616230e+05
1605.8025 7.481211e-02 1.024319e-01 7.163067e-04 6.807986e-02 5.304330e-02 1.691206e-01 7.2711019385e+04 2.0521617119e+05 2.0576461761e+05
1606.8030 7.839310e-02 1.080940e-01 6.866600e-04 7.553800e-02 5.821206e-02 1.563771e-01 7.2683136496e+04 2.0516079733e+05 2.0584429939e+05
1607.8035 8.092423e-02 1.138834e-01 6.396667e-04 8.385542e-02 6.388216e-02 1.424317e-01 7.2654575173e+04 2.0511591023e+05 2.0591438707e+05
1608.8040 8.378512e-02 1.203409e-01 6.312232e-04 9.173535e-02 6.909523e-02 1.300170e-01 7.2628727398e+04 2.0508405452e+05 2.0596801045e+05
1609.8045 8.705258e-02 1.246404e-01 5.954749e-04 9.768614e-02 7.278324e-02 1.199269e-01 7.2610455364e+04 2.0506603122e+05 2.0600154012e+05
1610.8050 8.774994e-02 1.296147e-01 5.907673e-04 1.025531e-01 7.562873e-02 1.132219e-01 7.2602553332e+04 2.0506002524e+05 2.0601266192e+05
1611.8055 8.864372e-02 1.334049e-01 5.921823e-04 1.049365e-01 7.663999e-02 1.101478e-01 7.2604955745e+04 2.0506453883e+05 2.0600376832e+05
1612.8060 9.069575e-02 1.346116e-01 5.869214e-04 1.049109e-01 7.600659e-02 1.106627e-01 7.2618643285e+04 2.0507462088e+05 2.0597869603e+05
1613.8065 8.884261e-02 1.348593e-01 5.653558e-04 1.027974e-01 7.404345e-02 1.145433e-01 7.2645968700e+04 2.0508454130e+05 2.0594222992e+05
1614.8070 8.747310e-02 1.323297e-01 6.089891e-04 9.866255e-02 7.073731e-02 1.220478e-01 7.2684213961e+04 2.0509127162e+05 2.0589878058e+05
1615.8075 8.533366e-02 1.284299e-01 6.104873e-04 9.243710e-02 6.624002e-02 1.320289e-01 7.2730963749e+04 2.0509463654e+05 2.0585130184e+05
1616.8080 8.155984e-02 1.224292e-01 6.402417e-04 8.568585e-02 6.158111e-02 1.424695e-01 7.2783922419e+04 2.0509670044e+05 2.0580065882e+05
1617.8085 7.989790e-02 1.169134e-01 6.789121e-04 7.843457e-02 5.670727e-02 1.541212e-01 7.2837979943e+04 2.0509803718e+05 2.0574833304e+05
1618.8090 7.849520e-02 1.115668e-01 6.840040e-04 7.074199e-02 5.188955e-02 1.651844e-01 7.2892527308e+04 2.0509945017e+05 2.0569566385e+05
1619.8095 7.543256e-02 1.057624e-01 7.421176e-04 6.441667e-02 4.799740e-02 1.735751e-01 7.2946619519e+04 2.0510220414e+05 2.0564310243e+05
1620.8100 7.329124e-02 1.006381e-01 7.415010e-04 5.947532e-02 4.515581e-02 1.813823e-01 7.2994760238e+04 2.0510780468e+05 2.0559225536e+05
1621.8105 7.293324e-02 9.775991e-02 7.269993e-04 5.602337e-02 4.338679e-02 1.850447e-01 7.3034180443e+04 2.0511688079e+05 2.0554562601e+05
1622.8110 7.197464e-02 9.635979e-02 7.525258e-04 5.468667e-02 4.293267e-02 1.866848e-01 7.3063264549e+04 2.0512783167e+05 2.0550661509e+05
1623.8115 7.102103e-02 9.625200e-02 7.135494e-04 5.531733e-02 4.381373e-02 1.846763e-01 7.3083026456e+04 2.0513556756e+05 2.0547983084e+05
1624.8120 7.125174e-02 9.555522e-02 7.275920e-04 5.812371e-02 4.604805e-02 1.786381e-01 7.3093630652e+04 2.0513641524e+05 2.0546899993e+05
1625.8125 7.312546e-02 9.589641e-02 7.190923e-04 6.245980e-02 4.896344e-02 1.722667e-01 7.3094029242e+04 2.0512689812e+05 2.0547681885e+05
1626.8130 7.355894e-02 9.936305e-02 6.893547e-04 6.864360e-02 5.322376e-02 1.618084e-01 7.3086041390e+04 2.0510755231e+05 2.0550270271e+05
1627.8135 7.549966e-02 1.050321e-01 6.405856e-04 7.502274e-02 5.724651e-02 1.506376e-01 7.3069037057e+04 2.0507868308e+05 2.0554589831e+05
1628.8140 8.022715e-02 1.113340e-01 6.589439e-04 8.195031e-02 6.154515e-02 1.394201e-01 7.3046557646e+04 2.0504039259e+05 2.0560217612e+05
1629.8145 8.148968e-02 1.191622e-01 6.259382e-04 8.867221e-02 6.574785e-02 1.297171e-01 7.3024419077e+04 2.0499449710e+05 2.0566606839e+05
1630.8150 8.296067e-02 1.244914e-01 5.950361e-04 9.426628e-02 6.903719e-02 1.205366e-01 7.3004996171e+04 2.0494689520e+05 2.0573044384e+05
1631.8155 8.578201e-02 1.293902e-01 6.069752e-04 9.836840e-02 7.141531e-02 1.134322e-01 7.2989091048e+04 2.0490394374e+05 2.0578648656e+05
1632.8160 8.784221e-02 1.323393e-01 5.555533e-04 1.007714e-01 7.274486e-02 1.098018e-01 7.2980083210e+04 2.0487089064e+05 2.0582646446e+05
1633.8165 8.887560e-02 1.332557e-01 6.184240e-04 1.009391e-01 7.258131e-02 1.095327e-01 7.2981852211e+04 2.0484982452e+05 2.0584508380e+05
1634.8170 8.942092e-02 1.325815e-01 5.907123e-04 9.876302e-02 7.108770e-02 1.127994e-01 7.2996532909e+04 2.0484101956e+05 2.0583944166e+05
1635.8175 8.987407e-02 1.289559e-01 6.128597e-04 9.513005e-02 6.865309e-02 1.181560e-01 7.3025359196e+04 2.0484444080e+05 2.0580869484e+05
1636.8180 8.756866e-02 1.255456e-01 6.329788e-04 8.983899e-02 6.515190e-02 1.274052e-01 7.3067053404e+04 2.0485848738e+05 2.0575507460e+05
1637.8185 8.473408e-02 1.214787e-01 6.356526e-04 8.247207e-02 6.047499e-02 1.377964e-01 7.3119439046e+04 2.0488103056e+05 2.0568364476e+05
1638.8190 8.288166e-02 1.175711e-01 6.898816e-04 7.502372e-02 5.552372e-02 1.494095e-01 7.3179303937e+04 2.0490701615e+05 2.0560030359e+05
1639.8195 7.975227e-02 1.125444e-01 7.061067e-04 6.782840e-02 5.096786e-02 1.619667e-01 7.3244754148e+04 2.0493223297e+05 2.0551260350e+05
1640.8200 7.568898e-02 1.051190e-01 7.092456e-04 6.093627e-02 4.647863e-02 1.718968e-01 7.3312096670e+04 2.0495461920e+05 2.0542808108e+05
1641.8205 7.179731e-02 9.767959e-02 7.351225e-04 5.560699e-02 4.286045e-02 1.815832e-01 7.3374190839e+04 2.0497285642e+05 2.0535202545e+05
1642.8210 6.909691e-02 9.095146e-02 7.538974e-04 5.201898e-02 4.053511e-02 1.865967e-01 7.3426440332e+04 2.0498762533e+05 2.0528914564e+05
1643.8215 6.783221e-02 8.711663e-02 7.522837e-04 5.066997e-02 3.956232e-02 1.881728e-01 7.3464824109e+04 2.0499710800e+05 2.0524366456e+05
1644.8220 6.739263e-02 8.654246e-02 7.507576e-04 5.200216e-02 4.044113e-02 1.871615e-01 7.3487520567e+04 2.0499916539e+05 2.0521885854e+05
1645.8225 6.657119e-02 8.895402e-02 7.036463e-04 5.590113e-02 4.302049e-02 1.801819e-01 7.3494749924e+04 2.0499309651e+05 2.0521730595e+05
1646.8230 6.782738e-02 9.353160e-02 6.932126e-04 6.117922e-02 4.657086e-02 1.701108e-01 7.3485414654e+04 2.0497729325e+05 2.0524067756e+05
1647.8235 7.135087e-02 1.004988e-01 7.085626e-04 6.868336e-02 5.172028e-02 1.580753e-01 7.3460491972e+04 2.0495091785e+05 2.0528739463e+05
1648.8240 7.391803e-02 1.092566e-01 6.281634e-04 7.671239e-02 5.715462e-02 1.447894e-01 7.3425028106e+04 2.0491366519e+05 2.0535562060e+05
1649.8245 7.882451e-02 1.154910e-01 6.403840e-04 8.496484e-02 6.288053e-02 1.302183e-01 7.3384192746e+04 2.0486592439e+05 2.0543993251e+05
1650.8250 8.352654e-02 1.209659e-01 6.191288e-04 9.227372e-02 6.806675e-02 1.171194e-01 7.3344063976e+04 2.0480938762e+05 2.0553273988e+05
1651.8255 8.646073e-02 1.260386e-01 6.002513e-04 9.827861e-02 7.229300e-02 1.067427e-01 7.3310647949e+04 2.0474891687e+05 2.0562351688e+05
1652.8260 8.914881e-02 1.301334e-01 5.793495e-04 1.022171e-01 7.506342e-02 1.005649e-01 7.3287523045e+04 2.0469189303e+05 2.0570071873e+05
1653.8265 9.190703e-02 1.339982e-01 5.543472e-04 1.031982e-01 7.578218e-02 9.807990e-02 7.3279088439e+04 2.0464496303e+05 2.0575371432e+05
1654.8270 9.324858e-02 1.358354e-01 5.888783e-04 1.020683e-01 7.476064e-02 1.000745e-01 7.3290015218e+04 2.0461331960e+05 2.0577317775e+05
1655.8275 9.160218e-02 1.354495e-01 6.055909e-04 9.826357e-02 7.200359e-02 1.077543e-01 7.3322310707e+04 2.0460064424e+05 2.0575392119e+05
1656.8280 8.886338e-02 1.317850e-01 6.121493e-04 9.140574e-02 6.700657e-02 1.181150e-01 7.3374742345e+04 2.0461008695e+05 2.0569525479e+05
1657.8285 8.721648e-02 1.249097e-01 6.683682e-04 8.351470e-02 6.121958e-02 1.323142e-01 7.3441580387e+04 2.0464207120e+05 2.0559950957e+05
1658.8290 8.263279e-02 1.161146e-01 6.765322e-04 7.475024e-02 5.487894e-02 1.482056e-01 7.3518770610e+04 2.0469421273e+05 2.0547531426e+05
1659.8295 7.681141e-02 1.062882e-01 7.324670e-04 6.553075e-02 4.817094e-02 1.627045e-01 7.3600660435e+04 2.0475887661e+05 2.0533564993e+05
1660.8300 7.301241e-02 9.664028e-02 7.289515e-04 5.759939e-02 4.247813e-02 1.775604e-01 7.3679158816e+04 2.0482583223e+05 2.0519510387e+05
1661.8305 6.908699e-02 8.874148e-02 7.584030e-04 5.124687e-02 3.807439e-02 1.868206e-01 7.3750122409e+04 2.0488545302e+05 2.0506982777e+05
1662.8310 6.458220e-02 8.427771e-02 7.569091e-04 4.728542e-02 3.540041e-02 1.936685e-01 7.3806318881e+04 2.0492831674e+05 2.0497433981e+05
1663.8315 6.421701e-02 8.426249e-02 7.746511e-04 4.652962e-02 3.519288e-02 1.950633e-01 7.3841790726e+04 2.0494738929e+05 2.0491975520e+05
1664.8320 6.464584e-02 8.744522e-02 7.354430e-04 4.839899e-02 3.685085e-02 1.902270e-01 7.3856092791e+04 2.0493851462e+05 2.0491340921e+05
1665.8325 6.542253e-02 9.018887e-02 7.314373e-04 5.270261e-02 4.044658e-02 1.811269e-01 7.3849764717e+04 2.0490134862e+05 2.0495597554e+05
1666.8330 6.890708e-02 9.330669e-02 7.075467e-04 5.994326e-02 4.609833e-02 1.687908e-01 7.3824236967e+04 2.0483910522e+05 2.0504085663e+05
1667.8335 7.291209e-02 9.642997e-02 6.548123e-04 6.815111e-02 5.249285e-02 1.537810e-01 7.3784862272e+04 2.0476003213e+05 2.0515666650e+05
1668.8340 7.611450e-02 1.017787e-01 6.601793e-04 7.741298e-02 5.935895e-02 1.366920e-01 7.3738215534e+04 2.0467387440e+05 2.0528644503e+05
1669.8345 8.056612e-02 1.100449e-01 6.129401e-04 8.610223e-02 6.570441e-02 1.213982e-01 7.3689106078e+04 2.0459171089e+05 2.0541280946e+05
1670.8350 8.723168e-02 1.188232e-01 6.119884e-04 9.363601e-02 7.104198e-02 1.085070e-01 7.3644971796e+04 2.0452299664e+05 2.0551939471e+05
1671.8355 8.953473e-02 1.270744e-01 5.719760e-04 9.949922e-02 7.476227e-02 9.956179e-02 7.3613958221e+04 2.0447540671e+05 2.0559354399e+05
1672.8360 9.058536e-02 1.345401e-01 6.016763e-04 1.026586e-01 7.645432e-02 9.441406e-02 7.3599202383e+04 2.0445253877e+05 2.0562779956e+05
1673.8365 9.323655e-02 1.377113e-01 5.729034e-04 1.031589e-01 7.604267e-02 9.451623e-02 7.3601961588e+04 2.0445520325e+05 2.0561992779e+05
1674.8370 9.240744e-02 1.367280e-01 5.890232e-04 1.007690e-01 7.346402e-02 1.003122e-01 7.3625303353e+04 2.0447900369e+05 2.0557318615e+05
1675.8375 8.953686e-02 1.307078e-01 6.269715e-04 9.540635e-02 6.887994e-02 1.094938e-01 7.3669630045e+04 2.0451681672e+05 2.0549496930e+05
1676.8380 8.744808e-02 1.235365e-01 6.548394e-04 8.850731e-02 6.330451e-02 1.230492e-01 7.3730393566e+04 2.0455991673e+05 2.0539434458e+05
1677.8385 8.312729e-02 1.163008e-01 6.662684e-04 8.023284e-02 5.686525e-02 1.376707e-01 7.3803823465e+04 2.0460318028e+05 2.0528226424e+05
1678.8390 7.702642e-02 1.089602e-01 6.920900e-04 7.136857e-02 5.036479e-02 1.526469e-01 7.3883284150e+04 2.0464230258e+05 2.0516933041e+05
1679.8395 7.337704e-02 1.029605e-01 7.267180e-04 6.301625e-02 4.456180e-02 1.669808e-01 7.3960107985e+04 2.0467334797e+05 2.0506523696e+05
1680.8400 7.083472e-02 9.774338e-02 7.339820e-04 5.577773e-02 3.977451e-02 1.776418e-01 7.4029938336e+04 2.0469385316e+05 2.0497856074e+05
1681.8405 6.640238e-02 9.313238e-02 7.504169e-04 5.086425e-02 3.705998e-02 1.860942e-01 7.4088650423e+04 2.0470233415e+05 2.0491472162e+05
1682.8410 6.388667e-02 8.898084e-02 7.638203e-04 4.863885e-02 3.642385e-02 1.885530e-01 7.4131131735e+04 2.0470056147e+05 2.0487686065e+05
1683.8415 6.409638e-02 8.574891e-02 7.382439e-04 4.814880e-02 3.717608e-02 1.866427e-01 7.4153994341e+04 2.0469012671e+05 2.0486633931e+05
1684.8420 6.478726e-02 8.447249e-02 7.745900e-04 5.066880e-02 4.006331e-02 1.808786e-01 7.4158125403e+04 2.0467144973e+05 2.0488124881e+05
1685.8425 6.776232e-02 8.565408e-02 7.201716e-04 5.594462e-02 4.458291e-02 1.714450e-01 7.4145192267e+04 2.0464476195e+05 2.0491914475e+05
1686.8430 7.139261e-02 9.003623e-02 6.734766e-04 6.239016e-02 4.982917e-02 1.589646e-01 7.4119699881e+04 2.0460970280e+05 2.0497676250e+05
1687.8435 7.365815e-02 9.621704e-02 6.908701e-04 7.000760e-02 5.547825e-02 1.452046e-01 7.4086690018e+04 2.0456803941e+05 2.0504827425e+05
1688.8440 7.759835e-02 1.044390e-01 6.361110e-04 7.791739e-02 6.084862e-02 1.322397e-01 7.4049128539e+04 2.0452190089e+05 2.0512694913e+05
1689.8445 8.154128e-02 1.124727e-01 6.223008e-04 8.521588e-02 6.552158e-02 1.202772e-01 7.4013072929e+04 2.0447495192e+05 2.0520518785e+05
1690.8450 8.345058e-02 1.203143e-01 5.954715e-04 9.137512e-02 6.900811e-02 1.111420e-01 7.3984101248e+04 2.0442980512e+05 2.0527517104e+05
1691.8455 8.623453e-02 1.243630e-01 6.181701e-04 9.573857e-02 7.097041e-02 1.045741e-01 7.3965742216e+04 2.0439136871e+05 2.0532930110e+05
1692.8460 8.783962e-02 1.250105e-01 6.080185e-04 9.787600e-02 7.140228e-02 1.018528e-01 7.3960916681e+04 2.0436388025e+05 2.0536072805e+05
1693.8465 8.725050e-02 1.247043e-01 6.038697e-04 9.803887e-02 7.039296e-02 1.034437e-01 7.3970428541e+04 2.0435095751e+05 2.0536425152e+05
1694.8470 8.771819e-02 1.236435e-01 6.040199e-04 9.573457e-02 6.779405e-02 1.079967e-01 7.3993368635e+04 2.0435410828e+05 2.0533854949e+05
1695.8475 8.596816e-02 1.234959e-01 6.305102e-04 9.172103e-02 6.435090e-02 1.156887e-01 7.4029477605e+04 2.0437169645e+05 2.0528552566e+05
1696.8480 8.231284e-02 1.224731e-01 6.541674e-04 8.619798e-02 6.006049e-02 1.244869e-01 7.4077571289e+04 2.0440000982e+05 2.0521142234e+05
1697.8485 7.938164e-02 1.202179e-01 6.889422e-04 7.958921e-02 5.557613e-02 1.357157e-01 7.4133385653e+04 2.0443294948e+05 2.0512458535e+05
1698.8490 7.649811e-02 1.149561e-01 6.955547e-04 7.254811e-02 5.105430e-02 1.465018e-01 7.4193569001e+04 2.0446662478e+05 2.0503436880e+05
1699.8495 7.356254e-02 1.082640e-01 7.012115e-04 6.575089e-02 4.710724e-02 1.560771e-01 7.4253338327e+04 2.0449581731e+05 2.0494970909e+05
1700.8500 7.046819e-02 1.013134e-01 7.329586e-04 5.964869e-02 4.400546e-02 1.656579e-01 7.4308373289e+04 2.0451602950e+05 2.0487835036e+05
1701.8505 6.890461e-02 9.377303e-02 7.186113e-04 5.514485e-02 4.185773e-02 1.709167e-01 7.4356879952e+04 2.0452448517e+05 2.0482558185e+05
1702.8510 6.731885e-02 8.735374e-02 7.338957e-04 5.195717e-02 4.060290e-02 1.744443e-01 7.4396502831e+04 2.0452012589e+05 2.0479401574e+05
1703.8515 6.648889e-02 8.373192e-02 7.596301e-04 5.108713e-02 4.087842e-02 1.751639e-01 7.4424867711e+04 2.0450498351e+05 2.0478248533e+05
1704.8520 6.519109e-02 8.481416e-02 7.000553e-04 5.253612e-02 4.232601e-02 1.726455e-01 7.4440467615e+04 2.0448344946e+05 2.0478844440e+05
1705.8525 6.651865e-02 8.900629e-02 7.156634e-04 5.530543e-02 4.445176e-02 1.669987e-01 7.4442812691e+04 2.0445849375e+05 2.0480913804e+05
1706.8530 6.971803e-02 9.447427e-02 7.156007e-04 5.968610e-02 4.721021e-02 1.587900e-01 7.4433936876e+04 2.0443236698e+05 2.0484102513e+05
1707.8535 7.118019e-02 9.839027e-02 7.088350e-04 6.560281e-02 5.092974e-02 1.501430e-01 7.4417768191e+04 2.0440664564e+05 2.0488040179e+05
1708.8540 7.276544e-02 1.004513e-01 6.608144e-04 7.189524e-02 5.466195e-02 1.399279e-01 7.4396658971e+04 2.0438250348e+05 2.0492425357e+05
1709.8545 7.551975e-02 1.029225e-01 6.496955e-04 7.821702e-02 5.827031e-02 1.293698e-01 7.4371625945e+04 2.0436139186e+05 2.0496859503e+05
1710.8550 7.735365e-02 1.067844e-01 6.492037e-04 8.414580e-02 6.160469e-02 1.204884e-01 7.4345883077e+04 2.0434308821e+05 2.0501024542e+05
1711.8555 7.959941e-02 1.124335e-01 6.255019e-04 8.905386e-02 6.436723e-02 1.123273e-01 7.4322719290e+04 2.0432630708e+05 2.0504726540e+05
1712.8560 8.299908e-02 1.194543e-01 6.192365e-04 9.255259e-02 6.614154e-02 1.070308e-01 7.4305670271e+04 2.0430783041e+05 2.0507857007e+05
1713.8565 8.405816e-02 1.251480e-01 6.248813e-04 9.434733e-02 6.708146e-02 1.043802e-01 7.4300098834e+04 2.0428639671e+05 2.0510278949e+05
1714.8570 8.257624e-02 1.303843e-01 6.197754e-04 9.436031e-02 6.698049e-02 1.041004e-01 7.4307375835e+04 2.0426267938e+05 2.0511787734e+05
1715.8575 8.441101e-02 1.321854e-01 6.269860e-04 9.229582e-02 6.557825e-02 1.064742e-01 7.4325313258e+04 2.0424031475e+05 2.0512124631e+05
1716.8580 8.388803e-02 1.296853e-01 6.438444e-04 8.806521e-02 6.318607e-02 1.133434e-01 7.4355665497e+04 2.0422251204e+05 2.0510977122e+05
1717.8585 8.129275e-02 1.231410e-01 6.527370e-04 8.240101e-02 5.964904e-02 1.211395e-01 7.4399311198e+04 2.0421216120e+05 2.0508075146e+05
1718.8590 7.983082e-02 1.143076e-01 6.733420e-04 7.602219e-02 5.603828e-02 1.313868e-01 7.4452891256e+04 2.0421156451e+05 2.0503173542e+05
1719.8595 7.572679e-02 1.061453e-01 6.975113e-04 6.859285e-02 5.150921e-02 1.432021e-01 7.4514568458e+04 2.0422345999e+05 2.0496316951e+05
1720.8600 7.123077e-02 9.943496e-02 6.908193e-04 6.163332e-02 4.700730e-02 1.532199e-01 7.4579369077e+04 2.0425002206e+05 2.0487703759e+05
1721.8605 6.916737e-02 9.597833e-02 7.363785e-04 5.539917e-02 4.300747e-02 1.642718e-01 7.4640803835e+04 2.0428738226e+05 2.0478003637e+05
1722.8610 6.752879e-02 9.309421e-02 7.710343e-04 5.053207e-02 3.971415e-02 1.719815e-01 7.4696632702e+04 2.0433114024e+05 2.0468242181e+05
1723.8615 6.417389e-02 8.880285e-02 7.015839e-04 4.785070e-02 3.779644e-02 1.770417e-01 7.4743661288e+04 2.0437361387e+05 2.0459590433e+05
1724.8620 6.185468e-02 8.555740e-02 7.857320e-04 4.715351e-02 3.702106e-02 1.780797e-01 7.4777205660e+04 2.0440610552e+05 2.0453221744e+05
1725.8625 6.142500e-02 8.250032e-02 7.297277e-04 4.865244e-02 3.776119e-02 1.750717e-01 7.4793419311e+04 2.0442391311e+05 2.0450001283e+05
1726.8630 6.185210e-02 8.247261e-02 7.157391e-04 5.287954e-02 4.030766e-02 1.697164e-01 7.4790879356e+04 2.0442175415e+05 2.0450398080e+05
1727.8635 6.376939e-02 8.549681e-02 7.219394e-04 5.871761e-02 4.394704e-02 1.592896e-01 7.4772603106e+04 2.0439676542e+05 2.0454565782e+05
1728.8640 6.626009e-02 9.133532e-02 6.883959e-04 6.594929e-02 4.866998e-02 1.461779e-01 7.4742405356e+04 2.0434870813e+05 2.0462108901e+05
1729.8645 7.031657e-02 1.001320e-01 6.671361e-04 7.416388e-02 5.404360e-02 1.332703e-01 7.4703384875e+04 2.0428174114e+05 2.0472158486e+05
1730.8650 7.417003e-02 1.115376e-01 6.404111e-04 8.221436e-02 5.957711e-02 1.190299e-01 7.4660087573e+04 2.0420579635e+05 2.0483498195e+05
1731.8655 7.724430e-02 1.220175e-01 6.274032e-04 8.936167e-02 6.446371e-02 1.067666e-01 7.4616692928e+04 2.0413145895e+05 2.0494737774e+05
1732.8660 8.179758e-02 1.298575e-01 6.144568e-04 9.477597e-02 6.836084e-02 9.667531e-02 7.4579064630e+04 2.0406683188e+05 2.0504491723e+05
1733.8665 8.608095e-02 1.339323e-01 6.229312e-04 9.801697e-02 7.079236e-02 8.988473e-02 7.4554697355e+04 2.0401796960e+05 2.0511516886e+05
1734.8670 8.589523e-02 1.325151e-01 6.011223e-04 9.878701e-02 7.163534e-02 8.822635e-02 7.4550217820e+04 2.0398995171e+05 2.0514839067e+05
1735.8675 8.466768e-02 1.287014e-01 6.008090e-04 9.629620e-02 7.022080e-02 9.179880e-02 7.4565870938e+04 2.0398558422e+05 2.0513933265e+05
1736.8680 8.589540e-02 1.257716e-01 6.141430e-04 9.188542e-02 6.722343e-02 9.835221e-02 7.4600494101e+04 2.0400420278e+05 2.0508704764e+05
1737.8685 8.393096e-02 1.238422e-01 6.639876e-04 8.499014e-02 6.269285e-02 1.107786e-01 7.4653650393e+04 2.0404162144e+05 2.0499762293e+05
1738.8690 7.892127e-02 1.200928e-01 6.591043e-04 7.597012e-02 5.633655e-02 1.250634e-01 7.4724240212e+04 2.0409066151e+05 2.0488198210e+05
1739.8695 7.481910e-02 1.129623e-01 6.874400e-04 6.694302e-02 5.009643e-02 1.401285e-01 7.4806347360e+04 2.0414313752e+05 2.0475201658e+05
1740.8700 6.983412e-02 1.021764e-01 7.399328e-04 5.787374e-02 4.374592e-02 1.572221e-01 7.4892259461e+04 2.0419356128e+05 2.0462126948e+05
1741.8705 6.336262e-02 9.054326e-02 7.276402e-04 4.960051e-02 3.791451e-02 1.704627e-01 7.4974940105e+04 2.0423870997e+05 2.0450110667e+05
1742.8710 5.889789e-02 8.203532e-02 7.302078e-04 4.327013e-02 3.346169e-02 1.812735e-01 7.5044931009e+04 2.0427399666e+05 2.0440110410e+05
1743.8715 5.761536e-02 7.565225e-02 8.008753e-04 3.957381e-02 3.074892e-02 1.871458e-01 7.5097774118e+04 2.0429604849e+05 2.0432945435e+05
1744.8720 5.542229e-02 7.216293e-02 7.507619e-04 3.900120e-02 3.013853e-02 1.876044e-01 7.5131746734e+04 2.0430232931e+05 2.0429185834e+05
1745.8725 5.425658e-02 7.287986e-02 7.618421e-04 4.192496e-02 3.206602e-02 1.836757e-01 7.5142348606e+04 2.0429264445e+05 2.0429078164e+05
1746.8730 5.584617e-02 7.875627e-02 7.460186e-04 4.754214e-02 3.587623e-02 1.727426e-01 7.5127802486e+04 2.0426906721e+05 2.0432648468e+05
1747.8735 5.921141e-02 8.914172e-02 7.112757e-04 5.561948e-02 4.131881e-02 1.584706e-01 7.5089908421e+04 2.0423208572e+05 2.0439614892e+05
1748.8740 6.400380e-02 1.000556e-01 6.927724e-04 6.534082e-02 4.815155e-02 1.421199e-01 7.5034682683e+04 2.0418235496e+05 2.0449475639e+05
1749.8745 6.944193e-02 1.102053e-01 6.412663e-04 7.549472e-02 5.525522e-02 1.236288e-01 7.4971239644e+04 2.0411986507e+05 2.0461486157e+05
1750.8750 7.442973e-02 1.169761e-01 6.551614e-04 8.557378e-02 6.223228e-02 1.062241e-01 7.4908063003e+04 2.0404849116e+05 2.0474488258e+05
1751.8755 8.013467e-02 1.225350e-01 5.956896e-04 9.408945e-02 6.828076e-02 9.115670e-02 7.4851158877e+04 2.0397495200e+05 2.0487101221e+05
1752.8760 8.520772e-02 1.292224e-01 5.941592e-04 1.000292e-01 7.243616e-02 8.033460e-02 7.4807011308e+04 2.0390709267e+05 2.0497860414e+05
1753.8765 8.877958e-02 1.347647e-01 5.807077e-04 1.030341e-01 7.470471e-02 7.509539e-02 7.4783161820e+04 2.0385172237e+05 2.0505410519e+05
1754.8770 9.002556e-02 1.379397e-01 5.824379e-04 1.024459e-01 7.426494e-02 7.624708e-02 7.4785644079e+04 2.0381417433e+05 2.0508731394e+05
1755.8775 8.896728e-02 1.377598e-01 6.141139e-04 9.914270e-02 7.192030e-02 8.207529e-02 7.4817429108e+04 2.0379952423e+05 2.0507061906e+05
1756.8780 8.456556e-02 1.340157e-01 6.260665e-04 9.215880e-02 6.713633e-02 9.500605e-02 7.4875887749e+04 2.0381191060e+05 2.0500249178e+05
1757.8785 8.055929e-02 1.257095e-01 6.420847e-04 8.261505e-02 6.047403e-02 1.101535e-01 7.4955416361e+04 2.0385394421e+05 2.0488631416e+05
1758.8790 7.624409e-02 1.146638e-01 6.739731e-04 7.194838e-02 5.322368e-02 1.289351e-01 7.5049386534e+04 2.0392033334e+05 2.0473175091e+05
1759.8795 6.961031e-02 1.013803e-01 7.392722e-04 6.062333e-02 4.521428e-02 1.491303e-01 7.5151459441e+04 2.0400258626e+05 2.0455516989e+05
1760.8800 6.357636e-02 8.823010e-02 7.111273e-04 5.017798e-02 3.803235e-02 1.657852e-01 7.5253056519e+04 2.0408910319e+05 2.0437516639e+05
1761.8805 5.688082e-02 7.722038e-02 7.699569e-04 4.160472e-02 3.203806e-02 1.805297e-01 7.5343419906e+04 2.0416920557e+05 2.0421169695e+05
1762.8810 5.124603e-02 7.087171e-02 7.805577e-04 3.582957e-02 2.793122e-02 1.899270e-01 7.5413248328e+04 2.0423269779e+05 2.0408346862e+05
1763.8815 5.043371e-02 7.025674e-02 7.890739e-04 3.356807e-02 2.611122e-02 1.934322e-01 7.5455400482e+04 2.0426857157e+05 2.0400625326e+05
1764.8820 5.061163e-02 7.262963e-02 7.892477e-04 3.508107e-02 2.697132e-02 1.911544e-01 7.5469736242e+04 2.0426884044e+05 2.0399051772e+05
1765.8825 5.114415e-02 7.635548e-02 7.488612e-04 3.950083e-02 2.994689e-02 1.811726e-01 7.5458108076e+04 2.0423108737e+05 2.0403926197e+05
1766.8830 5.482445e-02 8.121680e-02 7.244044e-04 4.762124e-02 3.546401e-02 1.671169e-01 7.5420102724e+04 2.0415999036e+05 2.0414519667e+05
1767.8835 6.003489e-02 8.855991e-02 7.020344e-04 5.794698e-02 4.263405e-02 1.491465e-01 7.5359416858e+04 2.0406665436e+05 2.0429435580e+05
1768.8840 6.515860e-02 9.831373e-02 6.707776e-04 6.910956e-02 5.029207e-02 1.286231e-01 7.5283853432e+04 2.0396368743e+05 2.0446759483e+05
1769.8845 7.399335e-02 1.086955e-01 6.544524e-04 8.070357e-02 5.842278e-02 1.086475e-01 7.5202875433e+04 2.0386180764e+05 2.0464290021e+05
1770.8850 8.078209e-02 1.192339e-01 6.220883e-04 9.104496e-02 6.559114e-02 9.028627e-02 7.5130329327e+04 2.0377089459e+05 2.0479970968e+05
1771.8855 8.322383e-02 1.295316e-01 5.932206e-04 9.929493e-02 7.145428e-02 7.641226e-02 7.5076357610e+04 2.0370003665e+05 2.0491934158e+05
1772.8860 8.740646e-02 1.387368e-01 5.893408e-04 1.043246e-01 7.516752e-02 6.824785e-02 7.5044164577e+04 2.0365732818e+05 2.0498863144e+05
1773.8865 9.234135e-02 1.451857e-01 5.671548e-04 1.055088e-01 7.597192e-02 6.610704e-02 7.5037545816e+04 2.0364664908e+05 2.0500129001e+05
1774.8870 9.219361e-02 1.441909e-01 5.926137e-04 1.032500e-01 7.466521e-02 7.059109e-02 7.5062457946e+04 2.0366549194e+05 2.0495761214e+05
1775.8875 8.800448e-02 1.374791e-01 6.218901e-04 9.670940e-02 7.025111e-02 8.202496e-02 7.5118336398e+04 2.0370640714e+05 2.0486502318e+05
1776.8880 8.380543e-02 1.243751e-01 6.374472e-04 8.788902e-02 6.420891e-02 9.731077e-02 7.5200227933e+04 2.0376379182e+05 2.0473250744e+05
1777.8885 7.701974e-02 1.112161e-01 6.546038e-04 7.666598e-02 5.650263e-02 1.175022e-01 7.5300291335e+04 2.0383060964e+05 2.0457318335e+05
1778.8890 6.870811e-02 1.004190e-01 7.127784e-04 6.430435e-02 4.779348e-02 1.383867e-01 7.5408868926e+04 2.0390125352e+05 2.0440176611e+05
1779.8895 6.377547e-02 9.177851e-02 7.066555e-04 5.263170e-02 3.971387e-02 1.577179e-01 7.5515742197e+04 2.0396763842e+05 2.0423410200e+05
1780.8900 5.920088e-02 8.394787e-02 7.920058e-04 4.249617e-02 3.238220e-02 1.749820e-01 7.5613620826e+04 2.0402195715e+05 2.0408688353e+05
1781.8905 5.228462e-02 7.594202e-02 7.818261e-04 3.510022e-02 2.708160e-02 1.867363e-01 7.5694909551e+04 2.0406056919e+05 2.0397343693e+05
1782.8910 4.839974e-02 6.938397e-02 7.840286e-04 3.086876e-02 2.396965e-02 1.934207e-01 7.5748235991e+04 2.0408167381e+05 2.0390345238e+05
1783.8915 4.856829e-02 6.611898e-02 8.042868e-04 3.046243e-02 2.361711e-02 1.927453e-01 7.5768841844e+04 2.0408434327e+05 2.0388197397e+05
1784.8920 4.965918e-02 6.689081e-02 7.786790e-04 3.357360e-02 2.565087e-02 1.851884e-01 7.5758852854e+04 2.0406599546e+05 2.0391063232e+05
1785.8925 5.265909e-02 7.124418e-02 7.702584e-04 4.070288e-02 3.062313e-02 1.727289e-01 7.5722206254e+04 2.0402464376e+05 2.0398584706e+05
1786.8930 5.718058e-02 7.896510e-02 7.656484e-04 5.029298e-02 3.724710e-02 1.552971e-01 7.5664868418e+04 2.0396275767e+05 2.0410063298e+05
1787.8935 6.305378e-02 8.976295e-02 6.996870e-04 6.132738e-02 4.502784e-02 1.352074e-01 7.5592952724e+04 2.0388603176e+05 2.0424318251e+05
1788.8940 7.030994e-02 1.035127e-01 6.669088e-04 7.328627e-02 5.352315e-02 1.142686e-01 7.5513429490e+04 2.0380171024e+05 2.0439873531e+05
1789.8945 7.791555e-02 1.188333e-01 6.511424e-04 8.472128e-02 6.138755e-02 9.503899e-02 7.5435772682e+04 2.0371668674e+05 2.0455214486e+05
1790.8950 8.489087e-02 1.303426e-01 5.962868e-04 9.423528e-02 6.824807e-02 7.947965e-02 7.5371820338e+04 2.0363715228e+05 2.0468788790e+05
1791.8955 8.834244e-02 1.363428e-01 5.983344e-04 1.005039e-01 7.276850e-02 6.845184e-02 7.5331773229e+04 2.0357013907e+05 2.0479121719e+05
1792.8960 8.884014e-02 1.382983e-01 5.689389e-04 1.039362e-01 7.512325e-02 6.404536e-02 7.5319075234e+04 2.0352457729e+05 2.0484795688e+05
1793.8965 9.049381e-02 1.374830e-01 5.790809e-04 1.035985e-01 7.496029e-02 6.570515e-02 7.5334185439e+04 2.0350730038e+05 2.0484926491e+05
1794.8970 8.944197e-02 1.350387e-01 5.928249e-04 9.897717e-02 7.146556e-02 7.416131e-02 7.5377759711e+04 2.0352120667e+05 2.0479307924e+05
1795.8975 8.578555e-02 1.291751e-01 6.336548e-04 9.155006e-02 6.626239e-02 8.789603e-02 7.5448421473e+04 2.0356363163e+05 2.0468328222e+05
1796.8980 7.971551e-02 1.201805e-01 6.403103e-04 8.128547e-02 5.903171e-02 1.054764e-01 7.5540244235e+04 2.0362956811e+05 2.0453163771e+05
1797.8985 7.257960e-02 1.093208e-01 6.955516e-04 7.009155e-02 5.108397e-02 1.246880e-01 7.5643494168e+04 2.0371189330e+05 2.0435318457e+05
1798.8990 6.535314e-02 9.758247e-02 7.111266e-04 5.855984e-02 4.301863e-02 1.446551e-01 7.5747262519e+04 2.0380164042e+05 2.0416717643e+05
1799.8995 6.020608e-02 8.695313e-02 7.532247e-04 4.773377e-02 3.550526e-02 1.621284e-01 7.5842519831e+04 2.0388584507e+05 2.0399435367e+05
1800.9000 5.552471e-02 7.744254e-02 7.781358e-04 3.892177e-02 2.948966e-02 1.753314e-01 7.5923592276e+04 2.0395138747e+05 2.0385410112e+05
1801.9005 5.190601e-02 6.981156e-02 7.818621e-04 3.292286e-02 2.544426e-02 1.844973e-01 7.5984387876e+04 2.0398756734e+05 2.0376201169e+05
1802.9010 4.974064e-02 6.359432e-02 7.997321e-04 3.052747e-02 2.394922e-02 1.871209e-01 7.6019936923e+04 2.0399135153e+05 2.0372661902e+05
1803.9015 4.915746e-02 6.199407e-02 7.759650e-04 3.153985e-02 2.475241e-02 1.833938e-01 7.6026498909e+04 2.0396362770e+05 2.0374948129e+05
1804.9020 5.182370e-02 6.715795e-02 7.840690e-04 3.599088e-02 2.809768e-02 1.750300e-01 7.6004058456e+04 2.0390768397e+05 2.0382501249e+05
1805.9025 5.698955e-02 7.570440e-02 7.556853e-04 4.321595e-02 3.314502e-02 1.612098e-01 7.5958056224e+04 2.0383133787e+05 2.0394243389e+05
1806.9030 6.148494e-02 8.552065e-02 7.059461e-04 5.291163e-02 4.004119e-02 1.444969e-01 7.5897615620e+04 2.0374259222e+05 2.0408592111e+05
1807.9035 6.651054e-02 9.610024e-02 7.068292e-04 6.365963e-02 4.749724e-02 1.252473e-01 7.5829766495e+04 2.0365250368e+05 2.0423801214e+05
1808.9040 7.277979e-02 1.077401e-01 6.681210e-04 7.453313e-02 5.494753e-02 1.073270e-01 7.5759815180e+04 2.0357249023e+05 2.0438058708e+05
1809.9045 8.029847e-02 1.184173e-01 6.472028e-04 8.464310e-02 6.184755e-02 9.126606e-02 7.5696462576e+04 2.0351033203e+05 2.0449836728e+05
1810.9050 8.545463e-02 1.262931e-01 5.962247e-04 9.219948e-02 6.669172e-02 7.833679e-02 7.5648995353e+04 2.0346995727e+05 2.0458120329e+05
1811.9055 8.726674e-02 1.314615e-01 5.967619e-04 9.789030e-02 7.033294e-02 7.108103e-02 7.5623742464e+04 2.0345096712e+05 2.0462187998e+05
1812.9060 8.829375e-02 1.345159e-01 5.934857e-04 9.990968e-02 7.149256e-02 6.844087e-02 7.5623477452e+04 2.0345164052e+05 2.0461957024e+05
1813.9065 8.754442e-02 1.345894e-01 5.863115e-04 9.853190e-02 7.018056e-02 7.208847e-02 7.5647907605e+04 2.0347044570e+05 2.0457625251e+05
1814.9070 8.569140e-02 1.322753e-01 6.024709e-04 9.421602e-02 6.708469e-02 8.084893e-02 7.5694959244e+04 2.0350294689e+05 2.0449775790e+05
1815.9075 8.167737e-02 1.263787e-01 6.121315e-04 8.665683e-02 6.189883e-02 9.312720e-02 7.5762561685e+04 2.0354347682e+05 2.0439380599e+05
1816.9080 7.762146e-02 1.172307e-01 6.686451e-04 7.788242e-02 5.587783e-02 1.087232e-01 7.5845444237e+04 2.0358543363e+05 2.0427391201e+05
1817.9085 7.191116e-02 1.053123e-01 6.629654e-04 6.748553e-02 4.894538e-02 1.257698e-01 7.5937115609e+04 2.0362618875e+05 2.0414865440e+05
1818.9090 6.503523e-02 9.228757e-02 6.974483e-04 5.715738e-02 4.217907e-02 1.414227e-01 7.6028827257e+04 2.0366547952e+05 2.0402631001e+05
1819.9095 6.049244e-02 8.151122e-02 7.400518e-04 4.779581e-02 3.616022e-02 1.564302e-01 7.6110311418e+04 2.0370145125e+05 2.0391516015e+05
1820.9100 5.843368e-02 7.418142e-02 7.700324e-04 3.994635e-02 3.117233e-02 1.682336e-01 7.6177125727e+04 2.0373059667e+05 2.0382340790e+05
1821.9105 5.471008e-02 6.941920e-02 7.678958e-04 3.490498e-02 2.795735e-02 1.745549e-01 7.6228113276e+04 2.0374958229e+05 2.0375760495e+05
1822.9110 5.243271e-02 6.628957e-02 7.777228e-04 3.256401e-02 2.665757e-02 1.769385e-01 7.6258157718e+04 2.0375687451e+05 2.0372289982e+05
1823.9115 5.330053e-02 6.582653e-02 7.824773e-04 3.335479e-02 2.725827e-02 1.747763e-01 7.6263907414e+04 2.0375238913e+05 2.0372182245e+05
1824.9120 5.457383e-02 7.015496e-02 7.590097e-04 3.719590e-02 2.970351e-02 1.672084e-01 7.6246481720e+04 2.0373524088e+05 2.0375469596e+05
1825.9125 5.858764e-02 7.768553e-02 7.573680e-04 4.367907e-02 3.398088e-02 1.562417e-01 7.6208766799e+04 2.0370332833e+05 2.0381978303e+05
1826.9130 6.420314e-02 8.624175e-02 7.196793e-04 5.190193e-02 3.918772e-02 1.411620e-01 7.6158348654e+04 2.0365550727e+05 2.0391296397e+05
1827.9135 6.730534e-02 9.581911e-02 6.937681e-04 6.166012e-02 4.541264e-02 1.262143e-01 7.6101831992e+04 2.0359384026e+05 2.0402566416e+05
1828.9140 7.221462e-02 1.047615e-01 6.836494e-04 7.166205e-02 5.186810e-02 1.102773e-01 7.6044111383e+04 2.0352466572e+05 2.0414677571e+05
1829.9145 7.736620e-02 1.143881e-01 6.282724e-04 8.058227e-02 5.745405e-02 9.577962e-02 7.5990496122e+04 2.0345582227e+05 2.0426332817e+05
1830.9150 8.174538e-02 1.230190e-01 6.341273e-04 8.845853e-02 6.262177e-02 8.435767e-02 7.5948023770e+04 2.0339418134e+05 2.0436156502e+05
1831.9155 8.501396e-02 1.289865e-01 5.962221e-04 9.342488e-02 6.574639e-02 7.611872e-02 7.5923833695e+04 2.0334514502e+05 2.0443116707e+05
1832.9160 8.610798e-02 1.317433e-01 6.137013e-04 9.614977e-02 6.756108e-02 7.333924e-02 7.5921467126e+04 2.0331403560e+05 2.0446234763e+05
1833.9165 8.571934e-02 1.303620e-01 5.877709e-04 9.565056e-02 6.748023e-02 7.491466e-02 7.5941081842e+04 2.0330693174e+05 2.0445017811e+05
1834.9170 8.382134e-02 1.275850e-01 6.216226e-04 9.199264e-02 6.531081e-02 8.024579e-02 7.5980214856e+04 2.0332571394e+05 2.0439433948e+05
1835.9175 8.146332e-02 1.223406e-01 6.329663e-04 8.652660e-02 6.198581e-02 9.075641e-02 7.6035469528e+04 2.0336739010e+05 2.0429970257e+05
1836.9180 7.799779e-02 1.142838e-01 6.331337e-04 7.817993e-02 5.685958e-02 1.034636e-01 7.6105687362e+04 2.0342376030e+05 2.0417804466e+05
1837.9185 7.316413e-02 1.040490e-01 6.779188e-04 6.890760e-02 5.104171e-02 1.179720e-01 7.6186803515e+04 2.0348470939e+05 2.0404230623e+05
1838.9190 6.731429e-02 9.352444e-02 6.816521e-04 5.936915e-02 4.496463e-02 1.336495e-01 7.6271451335e+04 2.0354213100e+05 2.0390679576e+05
1839.9195 6.224458e-02 8.322804e-02 7.341785e-04 4.999165e-02 3.886519e-02 1.482412e-01 7.6351658215e+04 2.0359020461e+05 2.0378502023e+05
1840.9200 5.954502e-02 7.566443e-02 7.303645e-04 4.202685e-02 3.358617e-02 1.592172e-01 7.6420465939e+04 2.0362370743e+05 2.0368783064e+05
1841.9205 5.619458e-02 7.117639e-02 7.681032e-04 3.615116e-02 2.944153e-02 1.687830e-01 7.6473896794e+04 2.0363803284e+05 2.0362337325e+05
1842.9210 5.365573e-02 6.781556e-02 7.795494e-04 3.307168e-02 2.699878e-02 1.734298e-01 7.6509292378e+04 2.0363331003e+05 2.0359542050e+05
1843.9215 5.332730e-02 6.730852e-02 7.976432e-04 3.278013e-02 2.640256e-02 1.728326e-01 7.6523669333e+04 2.0361191607e+05 2.0360337616e+05
1844.9220 5.299427e-02 6.942456e-02 7.622693e-04 3.546447e-02 2.780010e-02 1.684036e-01 7.6516190585e+04 2.0357930542e+05 2.0364293694e+05
1845.9225 5.621415e-02 7.569676e-02 7.495434e-04 4.083852e-02 3.078577e-02 1.586563e-01 7.6487599197e+04 2.0353948679e+05 2.0370805092e+05
1846.9230 6.182379e-02 8.505606e-02 7.369576e-04 4.880476e-02 3.573494e-02 1.467616e-01 7.6442595695e+04 2.0349462377e+05 2.0379150343e+05
1847.9235 6.619000e-02 9.374085e-02 7.290017e-04 5.785388e-02 4.149480e-02 1.310424e-01 7.6389663476e+04 2.0344759630e+05 2.0388658555e+05
1848.9240 6.973913e-02 1.017813e-01 6.815130e-04 6.763876e-02 4.793938e-02 1.148853e-01 7.6333179473e+04 2.0340100366e+05 2.0398502638e+05
1849.9245 7.532624e-02 1.099772e-01 6.688283e-04 7.736121e-02 5.458392e-02 9.950291e-02 7.6277383981e+04 2.0335698646e+05 2.0407886017e+05
1850.9250 7.947142e-02 1.189992e-01 6.417162e-04 8.520887e-02 5.995965e-02 8.603041e-02 7.6229779402e+04 2.0331685812e+05 2.0416148913e+05
1851.9255 8.299871e-02 1.260586e-01 6.235446e-04 9.191540e-02 6.485111e-02 7.665380e-02 7.6197111958e+04 2.0328036467e+05 2.0422546765e+05
1852.9260 8.560571e-02 1.303780e-01 5.999124e-04 9.513975e-02 6.746888e-02 7.080983e-02 7.6184951415e+04 2.0324876256e+05 2.0426642894e+05
1853.9265 8.593387e-02 1.308997e-01 6.032870e-04 9.545699e-02 6.823923e-02 6.994018e-02 7.6196009308e+04 2.0322508317e+05 2.0427857811e+05
1854.9270 8.468689e-02 1.279788e-01 6.168649e-04 9.340616e-02 6.726165e-02 7.478903e-02 7.6228772824e+04 2.0321425051e+05 2.0425758942e+05
1855.9275 8.281973e-02 1.232200e-01 6.033240e-04 8.763158e-02 6.368349e-02 8.376132e-02 7.6280473308e+04 2.0321982885e+05 2.0420319540e+05
1856.9280 7.893876e-02 1.165885e-01 6.438581e-04 7.988515e-02 5.873520e-02 9.649526e-02 7.6348660663e+04 2.0324229519e+05 2.0411675423e+05
1857.9285 7.393719e-02 1.066051e-01 6.570606e-04 7.039506e-02 5.242031e-02 1.123555e-01 7.6428926067e+04 2.0328040091e+05 2.0400432250e+05
1858.9290 6.831386e-02 9.528503e-02 7.222724e-04 6.038332e-02 4.550872e-02 1.285890e-01 7.6516080957e+04 2.0333041484e+05 2.0387419742e+05
1859.9295 6.173116e-02 8.508733e-02 7.208348e-04 5.070086e-02 3.868357e-02 1.437492e-01 7.6601907345e+04 2.0338887100e+05 2.0373722867e+05
1860.9300 5.731513e-02 7.700351e-02 7.665036e-04 4.182176e-02 3.232462e-02 1.585735e-01 7.6676247202e+04 2.0345010683e+05 2.0360686682e+05
1861.9305 5.502550e-02 7.208670e-02 7.974087e-04 3.534176e-02 2.740853e-02 1.688145e-01 7.6734543860e+04 2.0350474395e+05 2.0349730448e+05
1862.9310 5.209540e-02 7.014670e-02 8.038288e-04 3.154945e-02 2.441638e-02 1.739337e-01 7.6774038890e+04 2.0354284643e+05 2.0342234398e+05
1863.9315 5.052186e-02 6.865997e-02 8.037138e-04 3.090145e-02 2.363355e-02 1.745024e-01 7.6791467568e+04 2.0355731496e+05 2.0339203667e+05
1864.9320 5.132351e-02 6.907541e-02 7.848184e-04 3.341486e-02 2.503677e-02 1.695336e-01 7.6784881772e+04 2.0354513432e+05 2.0341079526e+05
1865.9325 5.462771e-02 7.313343e-02 7.686989e-04 3.902789e-02 2.879760e-02 1.605949e-01 7.6755266679e+04 2.0350568049e+05 2.0347666481e+05
1866.9330 5.869359e-02 8.077468e-02 7.643522e-04 4.667550e-02 3.384116e-02 1.463926e-01 7.6708640737e+04 2.0344210386e+05 2.0358282529e+05
1867.9335 6.360970e-02 9.143161e-02 7.106379e-04 5.627172e-02 4.050937e-02 1.303928e-01 7.6651424684e+04 2.0335936036e+05 2.0371645323e+05
1868.9340 6.960306e-02 1.018693e-01 6.993311e-04 6.666560e-02 4.768540e-02 1.131611e-01 7.6590661219e+04 2.0326814448e+05 2.0386166037e+05
1869.9345 7.539794e-02 1.118057e-01 6.804337e-04 7.630713e-02 5.450553e-02 9.685998e-02 7.6532603177e+04 2.0318089211e+05 2.0400053205e+05
1870.9350 7.921882e-02 1.206678e-01 6.318693e-04 8.535069e-02 6.101275e-02 8.280166e-02 7.6483430128e+04 2.0310984643e+05 2.0411511941e+05
1871.9355 8.246617e-02 1.280358e-01 6.387859e-04 9.153678e-02 6.536039e-02 7.221410e-02 7.6448297876e+04 2.0306296903e+05 2.0419291703e+05
1872.9360 8.597004e-02 1.319855e-01 6.176209e-04 9.546236e-02 6.832441e-02 6.676672e-02 7.6433330801e+04 2.0304235482e+05 2.0422487413e+05
1873.9365 8.555272e-02 1.307107e-01 6.202079e-04 9.598459e-02 6.884568e-02 6.657014e-02 7.6444106604e+04 2.0304772152e+05 2.0420905898e+05
1874.9370 8.279313e-02 1.270788e-01 6.145416e-04 9.305081e-02 6.697275e-02 7.165685e-02 7.6479328706e+04 2.0307575919e+05 2.0414826777e+05
1875.9375 8.065150e-02 1.226711e-01 6.179294e-04 8.775423e-02 6.338244e-02 8.126633e-02 7.6534245286e+04 2.0312178912e+05 2.0404970435e+05
1876.9380 7.785114e-02 1.169446e-01 6.640916e-04 7.947085e-02 5.771045e-02 9.542264e-02 7.6604584090e+04 2.0317832156e+05 2.0392618748e+05
1877.9385 7.342253e-02 1.095623e-01 6.895722e-04 6.997031e-02 5.108841e-02 1.109805e-01 7.6686712630e+04 2.0323573508e+05 2.0379153939e+05
1878.9390 6.699989e-02 9.969245e-02 7.098188e-04 5.976217e-02 4.400239e-02 1.274317e-01 7.6774495883e+04 2.0328651178e+05 2.0365989212e+05
1879.9395 6.060881e-02 8.962809e-02 7.404356e-04 4.966913e-02 3.694038e-02 1.444628e-01 7.6858782494e+04 2.0332608347e+05 2.0354265940e+05
1880.9400 5.547075e-02 7.988731e-02 7.751926e-04 4.137194e-02 3.104767e-02 1.573951e-01 7.6932026767e+04 2.0335457504e+05 2.0344748115e+05
1881.9405 5.189449e-02 7.197737e-02 7.765720e-04 3.505709e-02 2.660649e-02 1.665969e-01 7.6987691774e+04 2.0337122166e+05 2.0338039962e+05
1882.9410 5.130066e-02 6.816868e-02 8.102474e-04 3.128935e-02 2.392858e-02 1.715416e-01 7.7022319413e+04 2.0337428719e+05 2.0334512079e+05
1883.9415 5.120227e-02 6.765215e-02 7.916560e-04 3.059990e-02 2.352367e-02 1.713670e-01 7.7036116487e+04 2.0336366595e+05 2.0334271645e+05
1884.9420 5.164579e-02 6.936732e-02 8.070457e-04 3.345128e-02 2.538886e-02 1.659949e-01 7.7028222328e+04 2.0334200581e+05 2.0337168525e+05
1885.9425 5.460028e-02 7.455905e-02 8.040136e-04 3.879709e-02 2.904121e-02 1.555883e-01 7.6998675093e+04 2.0331166480e+05 2.0342884038e+05
1886.9430 5.828992e-02 8.340039e-02 7.575554e-04 4.660372e-02 3.450288e-02 1.420738e-01 7.6951847273e+04 2.0327369990e+05 2.0350870401e+05
1887.9435 6.303457e-02 9.367316e-02 7.446507e-04 5.562161e-02 4.069265e-02 1.264507e-01 7.6894855122e+04 2.0322788533e+05 2.0360569225e+05
1888.9440 6.904308e-02 1.043939e-01 7.104377e-04 6.552096e-02 4.753254e-02 1.108197e-01 7.6835763353e+04 2.0317346147e+05 2.0371199739e+05
1889.9445 7.392818e-02 1.119159e-01 6.515214e-04 7.511647e-02 5.409588e-02 9.506914e-02 7.6782590277e+04 2.0311485986e+05 2.0381858099e+05
1890.9450 7.710932e-02 1.184176e-01 6.617257e-04 8.281913e-02 5.931177e-02 8.222356e-02 7.6739218575e+04 2.0305770427e+05 2.0391521699e+05
1891.9455 8.147522e-02 1.239396e-01 6.351110e-04 8.925575e-02 6.374687e-02 7.328847e-02 7.6708902296e+04 2.0300811481e+05 2.0399037838e+05
1892.9460 8.440479e-02 1.271931e-01 6.504080e-04 9.238926e-02 6.572306e-02 6.819602e-02 7.6697308479e+04 2.0297150023e+05 2.0403611043e+05
1893.9465 8.423937e-02 1.289188e-01 6.218483e-04 9.287906e-02 6.599870e-02 6.851479e-02 7.6707530647e+04 2.0295107628e+05 2.0404522846e+05
1894.9470 8.231323e-02 1.273447e-01 6.216241e-04 9.069748e-02 6.441892e-02 7.366275e-02 7.6740089362e+04 2.0295012085e+05 2.0401444942e+05
1895.9475 7.878803e-02 1.238066e-01 6.330491e-04 8.522742e-02 6.066840e-02 8.309745e-02 7.6792176334e+04 2.0297020879e+05 2.0394500658e+05
1896.9480 7.554459e-02 1.187044e-01 6.772701e-04 7.818027e-02 5.578104e-02 9.477936e-02 7.6858527267e+04 2.0301065168e+05 2.0384168704e+05
1897.9485 7.236793e-02 1.112013e-01 6.928912e-04 6.929489e-02 4.965691e-02 1.092191e-01 7.6933808040e+04 2.0306609390e+05 2.0371548669e+05
1898.9490 6.745075e-02 1.011820e-01 7.086996e-04 5.976606e-02 4.323324e-02 1.253661e-01 7.7013164830e+04 2.0312834787e+05 2.0357977783e+05
1899.9495 6.255552e-02 8.947783e-02 7.760251e-04 5.089280e-02 3.726566e-02 1.386384e-01 7.7090639596e+04 2.0318917347e+05 2.0344878308e+05
1900.9500 5.774697e-02 7.961174e-02 7.774447e-04 4.299510e-02 3.194020e-02 1.503188e-01 7.7158210971e+04 2.0324043859e+05 2.0333639924e+05
1901.9505 5.411415e-02 7.240810e-02 8.012848e-04 3.714168e-02 2.809606e-02 1.595248e-01 7.7210142761e+04 2.0327594779e+05 2.0325363086e+05
1902.9510 5.321342e-02 6.985372e-02 7.929806e-04 3.339243e-02 2.569344e-02 1.641967e-01 7.7243399894e+04 2.0328932818e+05 2.0320901584e+05
1903.9515 5.361209e-02 7.148591e-02 8.239591e-04 3.260532e-02 2.527727e-02 1.639904e-01 7.7258171275e+04 2.0327700380e+05 2.0320624451e+05
1904.9520 5.370246e-02 7.487001e-02 8.067392e-04 3.463240e-02 2.672366e-02 1.595637e-01 7.7255862722e+04 2.0324034947e+05 2.0324422257e+05
1905.9525 5.562002e-02 7.922248e-02 7.708357e-04 3.930767e-02 3.002204e-02 1.511883e-01 7.7236125290e+04 2.0318564206e+05 2.0331628594e+05
1906.9530 5.933230e-02 8.403766e-02 7.610906e-04 4.572179e-02 3.441310e-02 1.403492e-01 7.7200451747e+04 2.0312222344e+05 2.0341201657e+05
1907.9535 6.405495e-02 8.938385e-02 7.218014e-04 5.383934e-02 4.003401e-02 1.274998e-01 7.7154003434e+04 2.0305813109e+05 2.0351821656e+05
1908.9540 6.828713e-02 9.611981e-02 7.332914e-04 6.222991e-02 4.556352e-02 1.127200e-01 7.7104295286e+04 2.0299933817e+05 2.0362267958e+05
1909.9545 7.130549e-02 1.039376e-01 6.692507e-04 7.058095e-02 5.121807e-02 9.976671e-02 7.7057501198e+04 2.0295058662e+05 2.0371341409e+05
1910.9550 7.533472e-02 1.107606e-01 6.803321e-04 7.856215e-02 5.643328e-02 8.837603e-02 7.7018792189e+04 2.0291630103e+05 2.0378130816e+05
1911.9555 7.884070e-02 1.192735e-01 6.637412e-04 8.407114e-02 5.990686e-02 7.925327e-02 7.6991764277e+04 2.0289789000e+05 2.0382199500e+05
1912.9560 8.084372e-02 1.274307e-01 6.390801e-04 8.783044e-02 6.230063e-02 7.439515e-02 7.6978904587e+04 2.0289454746e+05 2.0383362771e+05
1913.9565 8.256806e-02 1.312662e-01 6.302912e-04 8.907477e-02 6.292400e-02 7.320415e-02 7.6982695990e+04 2.0290248834e+05 2.0381933256e+05
1914.9570 8.113825e-02 1.283528e-01 6.478705e-04 8.750744e-02 6.171434e-02 7.592935e-02 7.7005402548e+04 2.0291728261e+05 2.0378356986e+05
1915.9575 7.803696e-02 1.208843e-01 6.655732e-04 8.405584e-02 5.930441e-02 8.202050e-02 7.7045143810e+04 2.0293521560e+05 2.0373008585e+05
1916.9580 7.555340e-02 1.129702e-01 6.373037e-04 7.794812e-02 5.523362e-02 9.205302e-02 7.7097673906e+04 2.0295361806e+05 2.0366344064e+05
1917.9585 7.231975e-02 1.065118e-01 7.060384e-04 7.062672e-02 5.034108e-02 1.039772e-01 7.7159559535e+04 2.0297210491e+05 2.0358700669e+05
1918.9590 6.835187e-02 9.983257e-02 7.008745e-04 6.255836e-02 4.517115e-02 1.157255e-01 7.7227613448e+04 2.0299070810e+05 2.0350529782e+05
1919.9595 6.470105e-02 9.299809e-02 7.313249e-04 5.415908e-02 3.961897e-02 1.284820e-01 7.7296526129e+04 2.0300848663e+05 2.0342325594e+05
1920.9600 6.126443e-02 8.674782e-02 7.757881e-04 4.690252e-02 3.496267e-02 1.398777e-01 7.7360834906e+04 2.0302685268e+05 2.0334468411e+05
1921.9605 5.714059e-02 8.189423e-02 7.788197e-04 4.050143e-02 3.094628e-02 1.486185e-01 7.7415230615e+04 2.0304665873e+05 2.0327477025e+05
1922.9610 5.471397e-02 7.696860e-02 8.183167e-04 3.616171e-02 2.813753e-02 1.542477e-01 7.7455164454e+04 2.0306703303e+05 2.0321802983e+05
1923.9615 5.509587e-02 7.272966e-02 7.740249e-04 3.409107e-02 2.690597e-02 1.568714e-01 7.7478781601e+04 2.0308372237e+05 2.0317958495e+05
1924.9620 5.425003e-02 7.020556e-02 7.947915e-04 3.444928e-02 2.717677e-02 1.556711e-01 7.7488201306e+04 2.0309137320e+05 2.0316407250e+05
1925.9625 5.382917e-02 7.038594e-02 8.102623e-04 3.699451e-02 2.894297e-02 1.509509e-01 7.7483087511e+04 2.0308666228e+05 2.0317420169e+05
1926.9630 5.737132e-02 7.395284e-02 7.721385e-04 4.190459e-02 3.208900e-02 1.427229e-01 7.7462294090e+04 2.0306884746e+05 2.0321001411e+05
1927.9635 6.061592e-02 8.104873e-02 7.861995e-04 4.817146e-02 3.595649e-02 1.318953e-01 7.7428652702e+04 2.0303886077e+05 2.0326980438e+05
1928.9640 6.318185e-02 9.236399e-02 7.228002e-04 5.597815e-02 4.103976e-02 1.204923e-01 7.7386288056e+04 2.0299612470e+05 2.0334878981e+05
1929.9645 6.798345e-02 1.028605e-01 6.978434e-04 6.413956e-02 4.606700e-02 1.077548e-01 7.7340665617e+04 2.0294331225e+05 2.0344084548e+05
1930.9650 7.198198e-02 1.107503e-01 7.098943e-04 7.147994e-02 5.080305e-02 9.557799e-02 7.7298214854e+04 2.0288521600e+05 2.0353663545e+05
1931.9655 7.386129e-02 1.163148e-01 6.568620e-04 7.844048e-02 5.527628e-02 8.576518e-02 7.7263397275e+04 2.0282872780e+05 2.0362430980e+05
1932.9660 7.656144e-02 1.189976e-01 6.481841e-04 8.328414e-02 5.838401e-02 7.774158e-02 7.7239235455e+04 2.0278202055e+05 2.0369310480e+05
1933.9665 7.955358e-02 1.212348e-01 6.456261e-04 8.597803e-02 6.017604e-02 7.337018e-02 7.7228388980e+04 2.0275047515e+05 2.0373331756e+05
1934.9670 8.006672e-02 1.214009e-01 6.608719e-04 8.667095e-02 6.077040e-02 7.252248e-02 7.7234865583e+04 2.0273796605e+05 2.0373885671e+05
1935.9675 7.957034e-02 1.189435e-01 6.330228e-04 8.420053e-02 5.937618e-02 7.615136e-02 7.7258842786e+04 2.0274521930e+05 2.0370897310e+05
1936.9680 7.717582e-02 1.164421e-01 6.926794e-04 8.035600e-02 5.705897e-02 8.276594e-02 7.7298995278e+04 2.0277044873e+05 2.0364530440e+05
1937.9685 7.363939e-02 1.124544e-01 6.626354e-04 7.425501e-02 5.322663e-02 9.154656e-02 7.7352423155e+04 2.0281036294e+05 2.0355547956e+05
1938.9690 7.038536e-02 1.067323e-01 7.096589e-04 6.653061e-02 4.828712e-02 1.037497e-01 7.7414871187e+04 2.0285767111e+05 2.0344948431e+05
1939.9695 6.688101e-02 9.866240e-02 7.154801e-04 5.847911e-02 4.317656e-02 1.168969e-01 7.7483157941e+04 2.0290488675e+05 2.0333858193e+05
1940.9700 6.309068e-02 8.931510e-02 7.476382e-04 5.008706e-02 3.758579e-02 1.292078e-01 7.7552832114e+04 2.0294506599e+05 2.0323474314e+05
1941.9705 5.819441e-02 7.967257e-02 8.213094e-04 4.285644e-02 3.279578e-02 1.399136e-01 7.7618497621e+04 2.0297395241e+05 2.0314654503e+05
1942.9710 5.437207e-02 7.139808e-02 7.471938e-04 3.703125e-02 2.882960e-02 1.493223e-01 7.7672896667e+04 2.0299059784e+05 2.0308063225e+05
1943.9715 5.331510e-02 6.635117e-02 8.167015e-04 3.330236e-02 2.599540e-02 1.550574e-01 7.7710916492e+04 2.0299545725e+05 2.0304042565e+05
1944.9720 5.146311e-02 6.583694e-02 7.860565e-04 3.196572e-02 2.488241e-02 1.567238e-01 7.7732047066e+04 2.0298917305e+05 2.0302691244e+05
1945.9725 5.037881e-02 6.969391e-02 7.942282e-04 3.324182e-02 2.528171e-02 1.543922e-01 7.7735721551e+04 2.0297205747e+05 2.0303951746e+05
1946.9730 5.168277e-02 7.554756e-02 8.141798e-04 3.700101e-02 2.749317e-02 1.478264e-01 7.7721650042e+04 2.0294727519e+05 2.0307576574e+05
1947.9735 5.431268e-02 8.193620e-02 7.598079e-04 4.333125e-02 3.145171e-02 1.385035e-01 7.7691217210e+04 2.0291765158e+05 2.0313181345e+05
1948.9740 5.913086e-02 8.782986e-02 7.634227e-04 5.073808e-02 3.620119e-02 1.257907e-01 7.7647752624e+04 2.0288498269e+05 2.0320383854e+05
1949.9745 6.411462e-02 9.448681e-02 7.338009e-04 5.899140e-02 4.178311e-02 1.118410e-01 7.7596188095e+04 2.0284931073e+05 2.0328647020e+05
1950.9750 6.856337e-02 1.019908e-01 7.081664e-04 6.803530e-02 4.785512e-02 9.780366e-02 7.7543675772e+04 2.0280954166e+05 2.0337360823e+05
1951.9755 7.229761e-02 1.085961e-01 6.822568e-04 7.566318e-02 5.322920e-02 8.517467e-02 7.7496335831e+04 2.0276708934e+05 2.0345908471e+05
1952.9760 7.573918e-02 1.139250e-01 6.635244e-04 8.193903e-02 5.777682e-02 7.446633e-02 7.7459839541e+04 2.0272444602e+05 2.0353462139e+05
1953.9765 7.848928e-02 1.198555e-01 6.475308e-04 8.650644e-02 6.119452e-02 6.776911e-02 7.7438254568e+04 2.0268443336e+05 2.0359217486e+05
1954.9770 8.077998e-02 1.253613e-01 6.142993e-04 8.774359e-02 6.237035e-02 6.552621e-02 7.7435011609e+04 2.0265114666e+05 2.0362546107e+05
1955.9775 8.006576e-02 1.269521e-01 6.565309e-04 8.683726e-02 6.210044e-02 6.688663e-02 7.7453553608e+04 2.0262949124e+05 2.0362815562e+05
1956.9780 7.814209e-02 1.226543e-01 6.422049e-04 8.272197e-02 5.960353e-02 7.328976e-02 7.7492829454e+04 2.0262310504e+05 2.0359786124e+05
1957.9785 7.553875e-02 1.131331e-01 6.955939e-04 7.644703e-02 5.546787e-02 8.390932e-02 7.7549742284e+04 2.0263552610e+05 2.0353334059e+05
1958.9790 7.081875e-02 1.028251e-01 6.796879e-04 6.842982e-02 5.010464e-02 9.730634e-02 7.7619626387e+04 2.0266785183e+05 2.0343714407e+05
1959.9795 6.533710e-02 9.270899e-02 7.425199e-04 5.920647e-02 4.363893e-02 1.118250e-01 7.7696661921e+04 2.0271849852e+05 2.0331619223e+05
1960.9800 6.068819e-02 8.247067e-02 7.505839e-04 5.013100e-02 3.732726e-02 1.264495e-01 7.7774497155e+04 2.0278215581e+05 2.0318100121e+05
1961.9805 5.543324e-02 7.576748e-02 7.565424e-04 4.151413e-02 3.104554e-02 1.406193e-01 7.7847263175e+04 2.0284917177e+05 2.0304636290e+05
1962.9810 5.135924e-02 7.168427e-02 8.505754e-04 3.501040e-02 2.616269e-02 1.513223e-01 7.7908585381e+04 2.0291016374e+05 2.0292759245e+05
1963.9815 4.912983e-02 7.007401e-02 8.093844e-04 3.065665e-02 2.279525e-02 1.577774e-01 7.7952056864e+04 2.0295593388e+05 2.0284039449e+05
1964.9820 4.729401e-02 6.973576e-02 8.703428e-04 2.885092e-02 2.116977e-02 1.597210e-01 7.7974366438e+04 2.0297873162e+05 2.0279676031e+05
1965.9825 4.792674e-02 6.974309e-02 8.225186e-04 3.004058e-02 2.188682e-02 1.568761e-01 7.7973895587e+04 2.0297311209e+05 2.0280307167e+05
1966.9830 5.088777e-02 7.136610e-02 7.953873e-04 3.440225e-02 2.471133e-02 1.495981e-01 7.7952363155e+04 2.0293679608e+05 2.0285902123e+05
1967.9835 5.220274e-02 7.453084e-02 8.274106e-04 4.081310e-02 2.922748e-02 1.383313e-01 7.7914490054e+04 2.0287476333e+05 2.0295727055e+05
1968.9840 5.611465e-02 8.039508e-02 7.400129e-04 4.873135e-02 3.496823e-02 1.238956e-01 7.7863490683e+04 2.0279534520e+05 2.0308422283e+05
1969.9845 6.264467e-02 9.019102e-02 7.227059e-04 5.816265e-02 4.162457e-02 1.085008e-01 7.7804820346e+04 2.0270883576e+05 2.0322247304e+05
1970.9850 6.808670e-02 1.020405e-01 7.185457e-04 6.718260e-02 4.814056e-02 9.298921e-02 7.7747347932e+04 2.0262674071e+05 2.0335513366e+05
1971.9855 7.246584e-02 1.131640e-01 6.740499e-04 7.562805e-02 5.425449e-02 7.906129e-02 7.7697690776e+04 2.0255901130e+05 2.0346601988e+05
1972.9860 7.637845e-02 1.210311e-01 6.922580e-04 8.222655e-02 5.910812e-02 6.908282e-02 7.7660749031e+04 2.0251358008e+05 2.0354300511e+05
1973.9865 7.933676e-02 1.242742e-01 6.438667e-04 8.615971e-02 6.199524e-02 6.292841e-02 7.7641830065e+04 2.0249413537e+05 2.0357864754e+05
1974.9870 8.015901e-02 1.254296e-01 6.334613e-04 8.779112e-02 6.331431e-02 6.076712e-02 7.7644254087e+04 2.0249918125e+05 2.0357002180e+05
1975.9875 7.964394e-02 1.220189e-01 6.486979e-04 8.565610e-02 6.186551e-02 6.466905e-02 7.7669063082e+04 2.0252494597e+05 2.0352096745e+05
1976.9880 7.773421e-02 1.149648e-01 6.973369e-04 8.125701e-02 5.870420e-02 7.310911e-02 7.7715598980e+04 2.0256503289e+05 2.0343754795e+05
1977.9885 7.299390e-02 1.070439e-01 6.751051e-04 7.412589e-02 5.360484e-02 8.526423e-02 7.7779961108e+04 2.0261338841e+05 2.0332994788e+05
1978.9890 6.816885e-02 9.893703e-02 7.324717e-04 6.548492e-02 4.728521e-02 9.924049e-02 7.7855679434e+04 2.0266420462e+05 2.0320902670e+05
1979.9895 6.360918e-02 9.207142e-02 7.256205e-04 5.627555e-02 4.065933e-02 1.148302e-01 7.7934384672e+04 2.0271296802e+05 2.0308622151e+05
1980.9900 5.798417e-02 8.530464e-02 7.685617e-04 4.697615e-02 3.374456e-02 1.304724e-01 7.8009767156e+04 2.0275588992e+05 2.0297310298e+05
1981.9905 5.270136e-02 7.795550e-02 8.156063e-04 3.917482e-02 2.816690e-02 1.427813e-01 7.8076717854e+04 2.0278877256e+05 2.0287877962e+05
1982.9910 4.981370e-02 7.126056e-02 8.008908e-04 3.291749e-02 2.373395e-02 1.517662e-01 7.8128995914e+04 2.0280876305e+05 2.0281102591e+05
1983.9915 4.795146e-02 6.620664e-02 8.594766e-04 2.930062e-02 2.123223e-02 1.568466e-01 7.8162671427e+04 2.0281564325e+05 2.0277367920e+05
1984.9920 4.692298e-02 6.372540e-02 7.940610e-04 2.857891e-02 2.094970e-02 1.570408e-01 7.8175324642e+04 2.0281004000e+05 2.0276843398e+05
1985.9925 4.862930e-02 6.472961e-02 8.214930e-04 3.069826e-02 2.266384e-02 1.522755e-01 7.8166215962e+04 2.0279205690e+05 2.0279481758e+05
1986.9930 5.187992e-02 7.002455e-02 8.252779e-04 3.523034e-02 2.612974e-02 1.436459e-01 7.8138424501e+04 2.0276119101e+05 2.0285027145e+05
1987.9935 5.465570e-02 7.893351e-02 7.691803e-04 4.195384e-02 3.113436e-02 1.311800e-01 7.8097273518e+04 2.0271871667e+05 2.0292957951e+05
1988.9940 5.870814e-02 8.834123e-02 7.878616e-04 5.045341e-02 3.724898e-02 1.172627e-01 7.8046860115e+04 2.0266765819e+05 2.0302529652e+05
1989.9945 6.377394e-02 9.733006e-02 7.476415e-04 5.922986e-02 4.348659e-02 1.030061e-01 7.7992997869e+04 2.0261205364e+05 2.0312884170e+05
1990.9950 6.896666e-02 1.059363e-01 7.129279e-04 6.768837e-02 4.945027e-02 8.873048e-02 7.7942677097e+04 2.0255563175e+05 2.0322998676e+05
1991.9955 7.312796e-02 1.122892e-01 6.675786e-04 7.467703e-02 5.434923e-02 7.777878e-02 7.7902204543e+04 2.0250282501e+05 2.0331869024e+05
1992.9960 7.622356e-02 1.160500e-01 6.906809e-04 8.034863e-02 5.801996e-02 6.937684e-02 7.7876915325e+04 2.0245898248e+05 2.0338470815e+05
1993.9965 7.770776e-02 1.171443e-01 6.338056e-04 8.391304e-02 6.030311e-02 6.493337e-02 7.7869638793e+04 2.0242953463e+05 2.0341987757e+05
1994.9970 7.809942e-02 1.171789e-01 6.517327e-04 8.394675e-02 6.001836e-02 6.569688e-02 7.7880648731e+04 2.0241849161e+05 2.0341949665e+05
1995.9975 7.646278e-02 1.166535e-01 6.668148e-04 8.201880e-02 5.835592e-02 7.016119e-02 7.7910311439e+04 2.0242780831e+05 2.0338100885e+05
1996.9980 7.369770e-02 1.144556e-01 6.549250e-04 7.744502e-02 5.476648e-02 7.853582e-02 7.7957009453e+04 2.0245573081e+05 2.0330831147e+05
1997.9985 7.034109e-02 1.090264e-01 6.997219e-04 7.111386e-02 5.018057e-02 8.937912e-02 7.8017819285e+04 2.0249835320e+05 2.0320839822e+05
1998.9990 6.507813e-02 1.007473e-01 7.204816e-04 6.323278e-02 4.454006e-02 1.026116e-01 7.8086841175e+04 2.0255127500e+05 2.0309195315e+05
1999.9995 6.094285e-02 9.132406e-02 7.657875e-04 5.484758e-02 3.876805e-02 1.160532e-01 7.8156427090e+04 2.0260841982e+05 2.0297097532e+05
2001.0000 5.687369e-02 8.143245e-02 7.740413e-04 4.711572e-02 3.355319e-02 1.280177e-01 7.8220932707e+04 2.0266278411e+05 2.0285825350e+05
2002.0005 5.322688e-02 7.330316e-02 7.973361e-04 4.013469e-02 2.894932e-02 1.380908e-01 7.8275155608e+04 2.0270565343e+05 2.0276642143e+05
2003.0010 5.116683e-02 6.822490e-02 8.305530e-04 3.514842e-02 2.586644e-02 1.455653e-01 7.8316263448e+04 2.0272935221e+05 2.0270473356e+05
2004.0015 4.997711e-02 6.704209e-02 8.081311e-04 3.244383e-02 2.441500e-02 1.486956e-01 7.8342680178e+04 2.0273004884e+05 2.0267900054e+05
2005.0020 4.931140e-02 7.005817e-02 8.216820e-04 3.185206e-02 2.427975e-02 1.481520e-01 7.8352660016e+04 2.0270791847e+05 2.0269066271e+05
2006.0025 5.087118e-02 7.491538e-02 8.291886e-04 3.352914e-02 2.569346e-02 1.444807e-01 7.8345669139e+04 2.0266715784e+05 2.0273609493e+05
2007.0030 5.387795e-02 7.976900e-02 7.837929e-04 3.753661e-02 2.857868e-02 1.366400e-01 7.8324678668e+04 2.0261364890e+05 2.0280786285e+05
2008.0035 5.666283e-02 8.413465e-02 7.853118e-04 4.337482e-02 3.264213e-02 1.272729e-01 7.8293292206e+04 2.0255422837e+05 2.0289555722e+05
2009.0040 5.949241e-02 8.784680e-02 7.773227e-04 5.000266e-02 3.716164e-02 1.161391e-01 7.8255755089e+04 2.0249738957e+05 2.0298733809e+05
2010.0045 6.308603e-02 9.185092e-02 7.488731e-04 5.736590e-02 4.206963e-02 1.040859e-01 7.8215512640e+04 2.0245093809e+05 2.0307090574e+05
2011.0050 6.640772e-02 9.754316e-02 7.151385e-04 6.417029e-02 4.649003e-02 9.350495e-02 7.8176726441e+04 2.0241953395e+05 2.0313721015e+05
2012.0055 7.016443e-02 1.045835e-01 7.093726e-04 7.093330e-02 5.071915e-02 8.377783e-02 7.8144829201e+04 2.0240349398e+05 2.0318029282e+05
2013.0060 7.259991e-02 1.122839e-01 7.004733e-04 7.604442e-02 5.386769e-02 7.665539e-02 7.8124595766e+04 2.0239966986e+05 2.0319985575e+05
2014.0065 7.428523e-02 1.171080e-01 6.800011e-04 7.868983e-02 5.535203e-02 7.287397e-02 7.8118406821e+04 2.0240450231e+05 2.0319838414e+05
2015.0070 7.407727e-02 1.181120e-01 6.875893e-04 7.996883e-02 5.604758e-02 7.210654e-02 7.8127275951e+04 2.0241451436e+05 2.0317873261e+05
2016.0075 7.364555e-02 1.161200e-01 6.955834e-04 7.870420e-02 5.501330e-02 7.407321e-02 7.8150061107e+04 2.0242573437e+05 2.0314587130e+05
2017.0080 7.276676e-02 1.107366e-01 6.974178e-04 7.569282e-02 5.296218e-02 7.999250e-02 7.8185739211e+04 2.0243510213e+05 2.0310295752e+05
2018.0085 6.953502e-02 1.035105e-01 6.887388e-04 7.030168e-02 4.951497e-02 8.823522e-02 7.8233120650e+04 2.0244219452e+05 2.0305296262e+05
2019.0090 6.571177e-02 9.497593e-02 7.452105e-04 6.395812e-02 4.547834e-02 9.790581e-02 7.8288277815e+04 2.0244871873e+05 2.0299649292e+05
2020.0095 6.230128e-02 8.778141e-02 7.442227e-04 5.735515e-02 4.115523e-02 1.085080e-01 7.8346580899e+04 2.0245696296e+05 2.0293435427e+05
2021.0100 5.845984e-02 8.471005e-02 7.835260e-04 5.033184e-02 3.669663e-02 1.188042e-01 7.8403325634e+04 2.0246913843e+05 2.0286873017e+05
2022.0105 5.638396e-02 8.244651e-02 7.936494e-04 4.411707e-02 3.265907e-02 1.286218e-01 7.8453650800e+04 2.0248643280e+05 2.0280298045e+05
2023.0110 5.445780e-02 7.978958e-02 7.752281e-04 3.908993e-02 2.947951e-02 1.358063e-01 7.8495672824e+04 2.0250720541e+05 2.0274244316e+05
2024.0115 5.231909e-02 7.613364e-02 8.208064e-04 3.539040e-02 2.705087e-02 1.407417e-01 7.8527295812e+04 2.0252751204e+05 2.0269326901e+05
2025.0120 5.088469e-02 7.271717e-02 8.209834e-04 3.375286e-02 2.597558e-02 1.424907e-01 7.8546003647e+04 2.0254415273e+05 2.0266030119e+05
2026.0125 5.111832e-02 7.097663e-02 8.050998e-04 3.441757e-02 2.638046e-02 1.407233e-01 7.8550284730e+04 2.0255344342e+05 2.0264766870e+05
2027.0130 5.290491e-02 7.117370e-02 8.271892e-04 3.685687e-02 2.784633e-02 1.370615e-01 7.8540765510e+04 2.0255137339e+05 2.0265838701e+05
2028.0135 5.443475e-02 7.456971e-02 8.062163e-04 4.083913e-02 3.031551e-02 1.299008e-01 7.8521019237e+04 2.0253470726e+05 2.0269316435e+05
2029.0140 5.735363e-02 8.162285e-02 7.882231e-04 4.661828e-02 3.400177e-02 1.199142e-01 7.8493204887e+04 2.0250234301e+05 2.0274955711e+05
2030.0145 6.008099e-02 9.075774e-02 7.679049e-04 5.302884e-02 3.798641e-02 1.102812e-01 7.8460108406e+04 2.0245697925e+05 2.0282291763e+05
2031.0150 6.243646e-02 9.828976e-02 7.333196e-04 6.042593e-02 4.274957e-02 9.970482e-02 7.8425246639e+04 2.0240543311e+05 2.0290467217e+05
2032.0155 6.671366e-02 1.042492e-01 7.233227e-04 6.650553e-02 4.675417e-02 8.960036e-02 7.8391647507e+04 2.0235323355e+05 2.0298639624e+05
2033.0160 7.000085e-02 1.088064e-01 6.964681e-04 7.177048e-02 5.026193e-02 8.141343e-02 7.8364826703e+04 2.0230562480e+05 2.0305743215e+05
2034.0165 7.096604e-02 1.102637e-01 6.959743e-04 7.597822e-02 5.332674e-02 7.496726e-02 7.8350490779e+04 2.0226798344e+05 2.0310815364e+05
2035.0170 7.180443e-02 1.087919e-01 6.772264e-04 7.780963e-02 5.466590e-02 7.176111e-02 7.8349555951e+04 2.0224559853e+05 2.0313180380e+05
2036.0175 7.341390e-02 1.075355e-01 6.754939e-04 7.820487e-02 5.516358e-02 7.187284e-02 7.8361678753e+04 2.0224144075e+05 2.0312325516e+05
2037.0180 7.195413e-02 1.077600e-01 7.062622e-04 7.574058e-02 5.379396e-02 7.514026e-02 7.8387635467e+04 2.0225566552e+05 2.0308376294e+05
2038.0185 6.973483e-02 1.073934e-01 7.091646e-04 7.175506e-02 5.126375e-02 8.145332e-02 7.8426172822e+04 2.0228426078e+05 2.0301769776e+05
2039.0190 6.794965e-02 1.050884e-01 6.896943e-04 6.662123e-02 4.793198e-02 9.017618e-02 7.8474923975e+04 2.0232136421e+05 2.0293342561e+05
2040.0195 6.508050e-02 9.870991e-02 7.478353e-04 5.976540e-02 4.341049e-02 1.005127e-01 7.8531477457e+04 2.0236081187e+05 2.0284141697e+05
2041.0200 5.924739e-02 8.955559e-02 7.559410e-04 5.268031e-02 3.864968e-02 1.119648e-01 7.8591142129e+04 2.0239858234e+05 2.0275030423e+05
2042.0205 5.640426e-02 8.098206e-02 7.837776e-04 4.601998e-02 3.405166e-02 1.225473e-01 7.8646673392e+04 2.0242983519e+05 2.0266833358e+05
2043.0210 5.552483e-02 7.329202e-02 8.205689e-04 3.994077e-02 2.980827e-02 1.316099e-01 7.8694799364e+04 2.0245143137e+05 2.0260260446e+05
2044.0215 5.201229e-02 6.885056e-02 8.158930e-04 3.551553e-02 2.664296e-02 1.382528e-01 7.8734443449e+04 2.0246046463e+05 2.0255750948e+05
2045.0220 4.983547e-02 6.636885e-02 8.171933e-04 3.326255e-02 2.485003e-02 1.416531e-01 7.8761531234e+04 2.0245787276e+05 2.0253514561e+05
2046.0225 5.017838e-02 6.797552e-02 8.287376e-04 3.304598e-02 2.446890e-02 1.421849e-01 7.8772411170e+04 2.0244587308e+05 2.0253546725e+05
2047.0230 5.004815e-02 7.251684e-02 8.148285e-04 3.485431e-02 2.543531e-02 1.383844e-01 7.8767995037e+04 2.0242765648e+05 2.0255680531e+05
2048.0235 5.155953e-02 7.847162e-02 8.105318e-04 3.874211e-02 2.799963e-02 1.312919e-01 7.8748978258e+04 2.0240426095e+05 2.0259646890e+05
2049.0240 5.586513e-02 8.323284e-02 7.761017e-04 4.414241e-02 3.154450e-02 1.226516e-01 7.8718508902e+04 2.0237595677e+05 2.0265146543e+05
2050.0245 5.840541e-02 8.603634e-02 7.723096e-04 5.116475e-02 3.637832e-02 1.112233e-01 7.8682974280e+04 2.0234402726e+05 2.0271666638e+05
2051.0250 6.113810e-02 8.962235e-02 7.528395e-04 5.750207e-02 4.084594e-02 9.967241e-02 7.8644234137e+04 2.0230985212e+05 2.0278737561e+05
2052.0255 6.569903e-02 9.419580e-02 7.219692e-04 6.440120e-02 4.576119e-02 8.864587e-02 7.8605307131e+04 2.0227604612e+05 2.0285612522e+05
2053.0260 6.971222e-02 1.017093e-01 7.418789e-04 7.042955e-02 5.009184e-02 7.881872e-02 7.8572225569e+04 2.0224266378e+05 2.0291768807e+05
2054.0265 7.229383e-02 1.091289e-01 6.719995e-04 7.444919e-02 5.297633e-02 7.190309e-02 7.8550826904e+04 2.0221031687e+05 2.0296746264e+05
2055.0270 7.382308e-02 1.145254e-01 6.876209e-04 7.734777e-02 5.511989e-02 6.848912e-02 7.8544760565e+04 2.0218077604e+05 2.0299959580e+05
2056.0275 7.321222e-02 1.165911e-01 7.022541e-04 7.720650e-02 5.514778e-02 6.834482e-02 7.8556372850e+04 2.0215760548e+05 2.0301067864e+05
2057.0280 7.184858e-02 1.138141e-01 6.982221e-04 7.514680e-02 5.387986e-02 7.194070e-02 7.8583988533e+04 2.0214610387e+05 2.0299611200e+05
2058.0285 7.123989e-02 1.083220e-01 7.041238e-04 7.118898e-02 5.120858e-02 7.893487e-02 7.8624604673e+04 2.0214986601e+05 2.0295405765e+05
2059.0290 6.916791e-02 9.993440e-02 7.266512e-04 6.497644e-02 4.691919e-02 8.853420e-02 7.8676898698e+04 2.0217011670e+05 2.0288603785e+05
2060.0295 6.367893e-02 9.058270e-02 7.339667e-04 5.818452e-02 4.220160e-02 1.001719e-01 7.8737343006e+04 2.0220620127e+05 2.0279548192e+05
2061.0300 5.925140e-02 8.187584e-02 7.739134e-04 5.112705e-02 3.722586e-02 1.114096e-01 7.8799455998e+04 2.0225498455e+05 2.0269014776e+05
2062.0305 5.601395e-02 7.612721e-02 8.022001e-04 4.431977e-02 3.233652e-02 1.224646e-01 7.8856819168e+04 2.0231095981e+05 2.0258071707e+05
2063.0310 5.220787e-02 7.466371e-02 7.814083e-04 3.865916e-02 2.824447e-02 1.311909e-01 7.8905559424e+04 2.0236535724e+05 2.0248010169e+05
2064.0315 5.043791e-02 7.357468e-02 8.288055e-04 3.460305e-02 2.523884e-02 1.377129e-01 7.8942256371e+04 2.0240791371e+05 2.0240218785e+05
2065.0320 4.999689e-02 7.168973e-02 8.174704e-04 3.238497e-02 2.363668e-02 1.406987e-01 7.8965125799e+04 2.0243005028e+05 2.0235836485e+05
2066.0325 4.930967e-02 6.932613e-02 8.354462e-04 3.235443e-02 2.361726e-02 1.393012e-01 7.8973410919e+04 2.0242706285e+05 2.0235493181e+05
2067.0330 4.941262e-02 7.005508e-02 8.262904e-04 3.462807e-02 2.527789e-02 1.349948e-01 7.8964960154e+04 2.0239846326e+05 2.0239184013e+05
2068.0335 5.269976e-02 7.238600e-02 7.798171e-04 3.868079e-02 2.812142e-02 1.279166e-01 7.8940601556e+04 2.0234905356e+05 2.0246342349e+05
2069.0340 5.587046e-02 7.615170e-02 8.329422e-04 4.441806e-02 3.227788e-02 1.177166e-01 7.8905910364e+04 2.0228579608e+05 2.0255873383e+05
2070.0345 5.865503e-02 8.304942e-02 7.676521e-04 5.029578e-02 3.638036e-02 1.069627e-01 7.8866380081e+04 2.0221539445e+05 2.0266516349e+05
2071.0350 6.278100e-02 9.262368e-02 7.852747e-04 5.768636e-02 4.166166e-02 9.535894e-02 7.8826831153e+04 2.0214732197e+05 2.0276682339e+05
2072.0355 6.640388e-02 1.023631e-01 7.590317e-04 6.413461e-02 4.615305e-02 8.508976e-02 7.8791670784e+04 2.0209174430e+05 2.0285189261e+05
2073.0360 6.959563e-02 1.098096e-01 7.355705e-04 6.919874e-02 4.963974e-02 7.651883e-02 7.8764953601e+04 2.0205568395e+05 2.0291040303e+05
2074.0365 7.241839e-02 1.137712e-01 7.137816e-04 7.302085e-02 5.236908e-02 7.169533e-02 7.8750324626e+04 2.0204089342e+05 2.0293641761e+05
2075.0370 7.357176e-02 1.127682e-01 7.055140e-04 7.439173e-02 5.329693e-02 6.928827e-02 7.8752155980e+04 2.0204606563e+05 2.0292943206e+05
2076.0375 7.226543e-02 1.082073e-01 7.105749e-04 7.421269e-02 5.320668e-02 7.077982e-02 7.8771411570e+04 2.0206720098e+05 2.0289090385e+05
2077.0380 6.969770e-02 1.021108e-01 7.187774e-04 7.162649e-02 5.143983e-02 7.556360e-02 7.8805339227e+04 2.0210074980e+05 2.0282668114e+05
2078.0385 6.772566e-02 9.644896e-02 7.442660e-04 6.721191e-02 4.823729e-02 8.311349e-02 7.8850334355e+04 2.0214111205e+05 2.0274440110e+05
2079.0390 6.414820e-02 9.420768e-02 7.228655e-04 6.194467e-02 4.446731e-02 9.283186e-02 7.8903125051e+04 2.0218145778e+05 2.0265343842e+05
2080.0395 6.140574e-02 9.118448e-02 7.634431e-04 5.558418e-02 3.992614e-02 1.028991e-01 7.8959553528e+04 2.0221641589e+05 2.0256468472e+05
2081.0400 5.858716e-02 8.575714e-02 7.885129e-04 4.927400e-02 3.543012e-02 1.128443e-01 7.9015019815e+04 2.0224242998e+05 2.0248680602e+05
2082.0405 5.388699e-02 8.021746e-02 7.802470e-04 4.375254e-02 3.149635e-02 1.218942e-01 7.9064939528e+04 2.0225767592e+05 2.0242595095e+05
2083.0410 5.198132e-02 7.410847e-02 8.077951e-04 3.921005e-02 2.828641e-02 1.287201e-01 7.9103306560e+04 2.0226314473e+05 2.0238567079e+05
2084.0415 5.109155e-02 7.033419e-02 8.271443e-04 3.582965e-02 2.607430e-02 1.327044e-01 7.9127791782e+04 2.0225978076e+05 2.0236705826e+05
2085.0420 5.098632e-02 6.810360e-02 8.283905e-04 3.447010e-02 2.510582e-02 1.335731e-01 7.9138428099e+04 2.0224867625e+05 2.0236909669e+05
2086.0425 5.101364e-02 6.864164e-02 8.423279e-04 3.532593e-02 2.574415e-02 1.318138e-01 7.9136436201e+04 2.0223030857e+05 2.0238932701e+05
2087.0430 5.232869e-02 7.211371e-02 8.181065e-04 3.759700e-02 2.742266e-02 1.266652e-01 7.9122695643e+04 2.0220696324e+05 2.0242501156e+05
2088.0435 5.500090e-02 7.897906e-02 8.187058e-04 4.135426e-02 3.007789e-02 1.193741e-01 7.9098382349e+04 2.0218063843e+05 2.0247213791e+05
2089.0440 5.781172e-02 8.662224e-02 7.835637e-04 4.609411e-02 3.338722e-02 1.112148e-01 7.9067675917e+04 2.0215239068e+05 2.0252697874e+05
2090.0445 6.170658e-02 9.364039e-02 7.945871e-04 5.193440e-02 3.755114e-02 1.018915e-01 7.9035230586e+04 2.0212194260e+05 2.0258517732e+05
2091.0450 6.426354e-02 9.834963e-02 7.653755e-04 5.707258e-02 4.112375e-02 9.342775e-02 7.9006836716e+04 2.0208939892e+05 2.0264308064e+05
2092.0455 6.632717e-02 1.006537e-01 7.757624e-04 6.202177e-02 4.458960e-02 8.546768e-02 7.8986007137e+04 2.0205717460e+05 2.0269423401e+05
2093.0460 6.840521e-02 1.012276e-01 7.416786e-04 6.582541e-02 4.726556e-02 8.046708e-02 7.8974174056e+04 2.0202881777e+05 2.0273273994e+05
2094.0465 6.945601e-02 1.007707e-01 7.471801e-04 6.817294e-02 4.883871e-02 7.732171e-02 7.8973975202e+04 2.0200805004e+05 2.0275317843e+05
2095.0470 6.967514e-02 1.012881e-01 7.307691e-04 6.943463e-02 4.967037e-02 7.634731e-02 7.8986283707e+04 2.0199670603e+05 2.0275151000e+05
2096.0475 6.906660e-02 1.020903e-01 7.039129e-04 6.854043e-02 4.898762e-02 7.855752e-02 7.9010628027e+04 2.0199640771e+05 2.0272719418e+05
2097.0480 6.731079e-02 1.013809e-01 7.593244e-04 6.642644e-02 4.745507e-02 8.267230e-02 7.9044760217e+04 2.0200915749e+05 2.0268100094e+05
2098.0485 6.365462e-02 9.779865e-02 7.349467e-04 6.337096e-02 4.526684e-02 8.903394e-02 7.9085038746e+04 2.0203538264e+05 2.0261698593e+05
2099.0490 6.150981e-02 9.269657e-02 7.515748e-04 5.899909e-02 4.214707e-02 9.566925e-02 7.9127094291e+04 2.0207120689e+05 2.0254231084e+05
2100.0495 5.963246e-02 8.679753e-02 7.489249e-04 5.440174e-02 3.892910e-02 1.028019e-01 7.9168323409e+04 2.0211048017e+05 2.0246524863e+05
2101.0500 5.707869e-02 8.077074e-02 7.644262e-04 4.980647e-02 3.576465e-02 1.097662e-01 7.9206669327e+04 2.0214599147e+05 2.0239522154e+05
2102.0505 5.474715e-02 7.559469e-02 8.234804e-04 4.581562e-02 3.293522e-02 1.157979e-01 7.9239093753e+04 2.0217176597e+05 2.0234037060e+05
2103.0510 5.328279e-02 7.395669e-02 7.944887e-04 4.232677e-02 3.059333e-02 1.196761e-01 7.9263056812e+04 2.0218325366e+05 2.0230698612e+05
2104.0515 5.316677e-02 7.495938e-02 8.297527e-04 4.031970e-02 2.918390e-02 1.219124e-01 7.9276523871e+04 2.0217878499e+05 2.0229803926e+05
2105.0520 5.345169e-02 7.829151e-02 8.242939e-04 3.968433e-02 2.871195e-02 1.226747e-01 7.9280271709e+04 2.0215784682e+05 2.0231389572e+05
2106.0525 5.454657e-02 8.057057e-02 8.114799e-04 3.971809e-02 2.884415e-02 1.206762e-01 7.9276715192e+04 2.0212305865e+05 2.0235156424e+05
2107.0530 5.582906e-02 8.255331e-02 8.474772e-04 4.113636e-02 2.980875e-02 1.174445e-01 7.9267541931e+04 2.0207904555e+05 2.0240376976e+05
2108.0535 5.724698e-02 8.461501e-02 8.217029e-04 4.380798e-02 3.168014e-02 1.131358e-01 7.9254988480e+04 2.0203267520e+05 2.0246122523e+05
2109.0540 5.946447e-02 8.689065e-02 8.119319e-04 4.707842e-02 3.396435e-02 1.081404e-01 7.9240903727e+04 2.0199156293e+05 2.0251436847e+05
2110.0545 6.143440e-02 8.938308e-02 7.694162e-04 5.025746e-02 3.616022e-02 1.027929e-01 7.9228049900e+04 2.0196191735e+05 2.0255516749e+05
2111.0550 6.333522e-02 9.025132e-02 7.963139e-04 5.401459e-02 3.878257e-02 9.711953e-02 7.9218885657e+04 2.0194724192e+05 2.0257757095e+05
2112.0555 6.421493e-02 9.256801e-02 7.870749e-04 5.714104e-02 4.088568e-02 9.334345e-02 7.9214618747e+04 2.0194682219e+05 2.0258040615e+05
2113.0560 6.479711e-02 9.572277e-02 7.873714e-04 6.008976e-02 4.287149e-02 8.954690e-02 7.9216422302e+04 2.0195855105e+05 2.0256489869e+05
2114.0565 6.467141e-02 9.839623e-02 7.603988e-04 6.231297e-02 4.432701e-02 8.685857e-02 7.9223981703e+04 2.0197838570e+05 2.0253608401e+05
2115.0570 6.503036e-02 9.902766e-02 7.469447e-04 6.313877e-02 4.493133e-02 8.632192e-02 7.9236431145e+04 2.0200029705e+05 2.0250101985e+05
2116.0575 6.519370e-02 9.716746e-02 7.544840e-04 6.349752e-02 4.516662e-02 8.666697e-02 7.9253982395e+04 2.0201809070e+05 2.0246600090e+05
2117.0580 6.348958e-02 9.476614e-02 7.556593e-04 6.281646e-02 4.475355e-02 8.772358e-02 7.9275661705e+04 2.0202727851e+05 2.0243673354e+05
2118.0585 6.190729e-02 9.023990e-02 7.672942e-04 6.132231e-02 4.380222e-02 8.994029e-02 7.9299008488e+04 2.0202736168e+05 2.0241595982e+05
2119.0590 6.142811e-02 8.648257e-02 7.351310e-04 5.920635e-02 4.254642e-02 9.290936e-02 7.9321448741e+04 2.0201899725e+05 2.0240373775e+05
2120.0595 5.968383e-02 8.515949e-02 7.956072e-04 5.648812e-02 4.075583e-02 9.643443e-02 7.9343473129e+04 2.0200392867e+05 2.0239842598e+05
2121.0600 5.906821e-02 8.507667e-02 7.887091e-04 5.393878e-02 3.901687e-02 1.001891e-01 7.9364065029e+04 2.0198550084e+05 2.0239673769e+05
2122.0605 5.857963e-02 8.564897e-02 7.870910e-04 5.060423e-02 3.689951e-02 1.033745e-01 7.9383086345e+04 2.0196824983e+05 2.0239579395e+05
2123.0610 5.780144e-02 8.442396e-02 8.330306e-04 4.812087e-02 3.514644e-02 1.068427e-01 7.9399819259e+04 2.0195687892e+05 2.0239160290e+05
2124.0615 5.765127e-02 8.386550e-02 7.926423e-04 4.600482e-02 3.371514e-02 1.100256e-01 7.9413317172e+04 2.0195268671e+05 2.0238263070e+05
2125.0620 5.773914e-02 8.400531e-02 8.378015e-04 4.371369e-02 3.212552e-02 1.117779e-01 7.9424322760e+04 2.0195572834e+05 2.0236936780e+05
2126.0625 5.744308e-02 8.335469e-02 8.169454e-04 4.255828e-02 3.122090e-02 1.138444e-01 7.9433663463e+04 2.0196338044e+05 2.0235276742e+05
2127.0630 5.770543e-02 8.173533e-02 8.222947e-04 4.232089e-02 3.087867e-02 1.141124e-01 7.9442313613e+04 2.0197256116e+05 2.0233568128e+05
2128.0635 5.821548e-02 8.085642e-02 8.221332e-04 4.258908e-02 3.080109e-02 1.140545e-01 7.9449760019e+04 2.0197949431e+05 2.0232131269e+05
2129.0640 5.753041e-02 8.286375e-02 8.258472e-04 4.356356e-02 3.122198e-02 1.128367e-01 7.9456363606e+04 2.0198158774e+05 2.0231201211e+05
2130.0645 5.877491e-02 8.574326e-02 8.230446e-04 4.537128e-02 3.229411e-02 1.102227e-01 7.9461055808e+04 2.0197741212e+05 2.0230975922e+05
2131.0650 5.971081e-02 8.785942e-02 7.908937e-04 4.737818e-02 3.348128e-02 1.078314e-01 7.9463549687e+04 2.0196727111e+05 2.0231585202e+05
2132.0655 5.939445e-02 8.889190e-02 8.176731e-04 5.062369e-02 3.549500e-02 1.037097e-01 7.9465452268e+04 2.0195160198e+05 2.0232890329e+05
2133.0660 5.940719e-02 9.021858e-02 7.749461e-04 5.360838e-02 3.757592e-02 9.924739e-02 7.9465906350e+04 2.0193193887e+05 2.0234735988e+05
2134.0665 6.057934e-02 9.003747e-02 7.873255e-04 5.628570e-02 3.953935e-02 9.529837e-02 7.9464517911e+04 2.0191244062e+05 2.0236759141e+05
2135.0670 6.123852e-02 8.962189e-02 7.834551e-04 5.911974e-02 4.171552e-02 9.087225e-02 7.9463089051e+04 2.0189562689e+05 2.0238545214e+05
2136.0675 6.159233e-02 8.967349e-02 7.599747e-04 6.101416e-02 4.333513e-02 8.691661e-02 7.9462595653e+04 2.0188301494e+05 2.0239858378e+05
2137.0680 6.317071e-02 9.068920e-02 7.414422e-04 6.249440e-02 4.461786e-02 8.406536e-02 7.9463614950e+04 2.0187473914e+05 2.0240488973e+05
2138.0685 6.332168e-02 9.268388e-02 7.583350e-04 6.311360e-02 4.546324e-02 8.273995e-02 7.9467095338e+04 2.0187125548e+05 2.0240396295e+05
2139.0690 6.297548e-02 9.349651e-02 7.778491e-04 6.251939e-02 4.533734e-02 8.261633e-02 7.9473446673e+04 2.0187222241e+05 2.0239672091e+05
2140.0695 6.293982e-02 9.372343e-02 7.638759e-04 6.134091e-02 4.481765e-02 8.380201e-02 7.9483089960e+04 2.0187543445e+05 2.0238405520e+05
2141.0700 6.247669e-02 9.359731e-02 7.559434e-04 5.870415e-02 4.307688e-02 8.629677e-02 7.9497432320e+04 2.0187765243e+05 2.0236845130e+05
2142.0705 6.192172e-02 9.112339e-02 7.824899e-04 5.589282e-02 4.116395e-02 9.126319e-02 7.9517339650e+04 2.0187690216e+05 2.0235047163e+05
2143.0710 6.078889e-02 8.779735e-02 8.061759e-04 5.224927e-02 3.853302e-02 9.695774e-02 7.9542475892e+04 2.0187306225e+05 2.0233114024e+05
2144.0715 6.027232e-02 8.481018e-02 8.241218e-04 4.812061e-02 3.546744e-02 1.021872e-01 7.9571073726e+04 2.0186772843e+05 2.0231003649e+05
2145.0720 5.941811e-02 8.312166e-02 8.223913e-04 4.453570e-02 3.263687e-02 1.090623e-01 7.9600353082e+04 2.0186348600e+05 2.0228587132e+05
2146.0725 5.711421e-02 8.191036e-02 8.305402e-04 4.143165e-02 3.000675e-02 1.141037e-01 7.9629664680e+04 2.0186317372e+05 2.0225857633e+05
2147.0730 5.489363e-02 8.038857e-02 8.321591e-04 3.907895e-02 2.792316e-02 1.184586e-01 7.9655991790e+04 2.0186828788e+05 2.0222865304e+05
2148.0735 5.431104e-02 7.942312e-02 8.414390e-04 3.786733e-02 2.665181e-02 1.210407e-01 7.9677639237e+04 2.0187815362e+05 2.0219771715e+05
2149.0740 5.348550e-02 7.872366e-02 8.510407e-04 3.770701e-02 2.621900e-02 1.215095e-01 7.9693886113e+04 2.0189132477e+05 2.0216895568e+05
2150.0745 5.258775e-02 7.968923e-02 8.428799e-04 3.887984e-02 2.685329e-02 1.201203e-01 7.9702723728e+04 2.0190494018e+05 2.0214636580e+05
2151.0750 5.389086e-02 8.063796e-02 8.535324e-04 4.195218e-02 2.884758e-02 1.158277e-01 7.9703348741e+04 2.0191513294e+05 2.0213428465e+05
2152.0755 5.549009e-02 8.106524e-02 7.808160e-04 4.523482e-02 3.131356e-02 1.102574e-01 7.9696680101e+04 2.0191743984e+05 2.0213777438e+05
2153.0760 5.619142e-02 8.098515e-02 8.068922e-04 4.926992e-02 3.441540e-02 1.036692e-01 7.9684291655e+04 2.0190873331e+05 2.0215847073e+05
2154.0765 5.790552e-02 8.408765e-02 8.068727e-04 5.423236e-02 3.821907e-02 9.536810e-02 7.9667019504e+04 2.0188708536e+05 2.0219525069e+05
2155.0770 6.028397e-02 8.850597e-02 7.755718e-04 5.845298e-02 4.166021e-02 8.765763e-02 7.9647852582e+04 2.0185359370e+05 2.0224524120e+05
2156.0775 6.230110e-02 9.264096e-02 7.362011e-04 6.238698e-02 4.494559e-02 8.100378e-02 7.9630873083e+04 2.0181142866e+05 2.0230164320e+05
2157.0780 6.362292e-02 9.715204e-02 7.581249e-04 6.522565e-02 4.740154e-02 7.587216e-02 7.9619169117e+04 2.0176572425e+05 2.0235669837e+05
2158.0785 6.568102e-02 9.888791e-02 7.409511e-04 6.677109e-02 4.885036e-02 7.249896e-02 7.9614608513e+04 2.0172407898e+05 2.0240151586e+05
2159.0790 6.588267e-02 9.917321e-02 7.215158e-04 6.687512e-02 4.923931e-02 7.200188e-02 7.9618765723e+04 2.0169354186e+05 2.0242773300e+05
2160.0795 6.605112e-02 9.727002e-02 7.422435e-04 6.512842e-02 4.808920e-02 7.369437e-02 7.9631546330e+04 2.0168002290e+05 2.0242959437e+05
2161.0800 6.568809e-02 9.305818e-02 7.564978e-04 6.243048e-02 4.615477e-02 7.917039e-02 7.9653314632e+04 2.0168546919e+05 2.0240391115e+05
2162.0805 6.322313e-02 9.017633e-02 7.855965e-04 5.806978e-02 4.286229e-02 8.584346e-02 7.9684670663e+04 2.0170770733e+05 2.0235288353e+05
2163.0810 6.107728e-02 8.782598e-02 8.161936e-04 5.302995e-02 3.899398e-02 9.387103e-02 7.9723312586e+04 2.0174231618e+05 2.0228169554e+05
2164.0815 5.905131e-02 8.574478e-02 8.263627e-04 4.768968e-02 3.474583e-02 1.034052e-01 7.9765994146e+04 2.0178382302e+05 2.0219915296e+05
2165.0820 5.580856e-02 8.318920e-02 8.382223e-04 4.255737e-02 3.063470e-02 1.116200e-01 7.9809801916e+04 2.0182602622e+05 2.0211595055e+05
2166.0825 5.330232e-02 8.015574e-02 8.712397e-04 3.804199e-02 2.698517e-02 1.197936e-01 7.9849535809e+04 2.0186149244e+05 2.0204295131e+05
2167.0830 5.128750e-02 7.673452e-02 8.471789e-04 3.480912e-02 2.427879e-02 1.249233e-01 7.9882861406e+04 2.0188452107e+05 2.0198913431e+05
2168.0835 4.976074e-02 7.321086e-02 8.670182e-04 3.304945e-02 2.283147e-02 1.278490e-01 7.9906876804e+04 2.0189157496e+05 2.0196016954e+05
2169.0840 4.873808e-02 6.978317e-02 8.925391e-04 3.309702e-02 2.270119e-02 1.280289e-01 7.9919711348e+04 2.0188302021e+05 2.0195766073e+05
2170.0845 4.911067e-02 6.942687e-02 8.603861e-04 3.537899e-02 2.428240e-02 1.248564e-01 7.9921116321e+04 2.0185965077e+05 2.0197942338e+05
2171.0850 5.071777e-02 7.286362e-02 8.334761e-04 3.839027e-02 2.667624e-02 1.192467e-01 7.9911696095e+04 2.0182488126e+05 2.0202165808e+05
2172.0855 5.331713e-02 7.712992e-02 8.258263e-04 4.291400e-02 3.020784e-02 1.114530e-01 7.9893714318e+04 2.0178439575e+05 2.0207726521e+05
2173.0860 5.572531e-02 8.228624e-02 8.193431e-04 4.885495e-02 3.475002e-02 1.015457e-01 7.9869923090e+04 2.0174356891e+05 2.0213859260e+05
2174.0865 5.894531e-02 8.705458e-02 7.840876e-04 5.443662e-02 3.910866e-02 9.208280e-02 7.9842531906e+04 2.0170700281e+05 2.0219915728e+05
2175.0870 6.158464e-02 9.260427e-02 7.619758e-04 5.984054e-02 4.346221e-02 8.302714e-02 7.9815173509e+04 2.0167804641e+05 2.0225197021e+05
2176.0875 6.368490e-02 9.627374e-02 7.769154e-04 6.434320e-02 4.701494e-02 7.523720e-02 7.9792105876e+04 2.0165813475e+05 2.0229253982e+05
2177.0880 6.575506e-02 9.615105e-02 7.600976e-04 6.766002e-02 4.958771e-02 6.943502e-02 7.9777349134e+04 2.0164675718e+05 2.0231785407e+05
2178.0885 6.666115e-02 9.678378e-02 7.415499e-04 6.915333e-02 5.079171e-02 6.702799e-02 7.9773696006e+04 2.0164086899e+05 2.0232665172e+05
2179.0890 6.723606e-02 9.709227e-02 7.495967e-04 6.871776e-02 5.052074e-02 6.703100e-02 7.9782346789e+04 2.0164007201e+05 2.0231873067e+05
2180.0895 6.659144e-02 9.726346e-02 7.364980e-04 6.676678e-02 4.896506e-02 7.143408e-02 7.9802403643e+04 2.0164373347e+05 2.0229483719e+05
2181.0900 6.489121e-02 9.584122e-02 7.735648e-04 6.288798e-02 4.590391e-02 7.752841e-02 7.9833036441e+04 2.0165207513e+05 2.0225749389e+05
2182.0905 6.268135e-02 9.307302e-02 7.830474e-04 5.785062e-02 4.205019e-02 8.591272e-02 7.9872358368e+04 2.0166315159e+05 2.0220917785e+05
2183.0910 5.956549e-02 8.908911e-02 7.880356e-04 5.200212e-02 3.745963e-02 9.595603e-02 7.9917788008e+04 2.0167702714e+05 2.0215290736e+05
2184.0915 5.659205e-02 8.311774e-02 8.302376e-04 4.624902e-02 3.301620e-02 1.055525e-01 7.9965685143e+04 2.0169440040e+05 2.0209142710e+05
2185.0920 5.319451e-02 7.685956e-02 8.820247e-04 4.033781e-02 2.860045e-02 1.153264e-01 8.0011315002e+04 2.0171548525e+05 2.0202886865e+05
2186.0925 5.193168e-02 7.167005e-02 8.621832e-04 3.564847e-02 2.509616e-02 1.224352e-01 8.0050803072e+04 2.0173842838e+05 2.0196947518e+05
2187.0930 5.022278e-02 6.890267e-02 8.903441e-04 3.247818e-02 2.274622e-02 1.279088e-01 8.0081641602e+04 2.0175998894e+05 2.0191886943e+05
2188.0935 4.784077e-02 6.677262e-02 8.893581e-04 3.100489e-02 2.167502e-02 1.298624e-01 8.0102562841e+04 2.0177725188e+05 2.0188278316e+05
2189.0940 4.849870e-02 6.666868e-02 8.562082e-04 3.171744e-02 2.229274e-02 1.283934e-01 8.0110832854e+04 2.0178593864e+05 2.0186570398e+05
2190.0945 5.004430e-02 6.911836e-02 8.796458e-04 3.364735e-02 2.392167e-02 1.248777e-01 8.0106720711e+04 2.0178272377e+05 2.0187130962e+05
2191.0950 5.081479e-02 7.397697e-02 8.859016e-04 3.747057e-02 2.682754e-02 1.178506e-01 8.0092845576e+04 2.0176582232e+05 2.0190001104e+05
2192.0955 5.391335e-02 7.951349e-02 8.689314e-04 4.282826e-02 3.090472e-02 1.090903e-01 8.0070370529e+04 2.0173466589e+05 2.0194987010e+05
2193.0960 5.707179e-02 8.198102e-02 8.128672e-04 4.841174e-02 3.519040e-02 1.000676e-01 8.0043603964e+04 2.0169238738e+05 2.0201639881e+05
2194.0965 5.893119e-02 8.531766e-02 8.098980e-04 5.432557e-02 3.960501e-02 9.005205e-02 8.0015751386e+04 2.0164352453e+05 2.0209096290e+05
2195.0970 6.226148e-02 8.856526e-02 7.787837e-04 5.988434e-02 4.369308e-02 8.114010e-02 7.9988533511e+04 2.0159501924e+05 2.0216365853e+05
2196.0975 6.507537e-02 9.242547e-02 7.804228e-04 6.446678e-02 4.695106e-02 7.364590e-02 7.9966360861e+04 2.0155343582e+05 2.0222464441e+05
2197.0980 6.581684e-02 9.668538e-02 7.593469e-04 6.771181e-02 4.920288e-02 6.882015e-02 7.9953487175e+04 2.0152304474e+05 2.0226565814e+05
2198.0985 6.734574e-02 9.918579e-02 7.367508e-04 6.920616e-02 5.012423e-02 6.644942e-02 7.9951641139e+04 2.0150749813e+05 2.0228135628e+05
2199.0990 6.710180e-02 1.004025e-01 7.848430e-04 6.880276e-02 4.960511e-02 6.780206e-02 7.9961921320e+04 2.0150852635e+05 2.0226948829e+05
2200.0995 6.561145e-02 9.957467e-02 7.762579e-04 6.673674e-02 4.798277e-02 7.105113e-02 7.9983332204e+04 2.0152623767e+05 2.0223146186e+05
2201.1000 6.432005e-02 9.620606e-02 7.904148e-04 6.289426e-02 4.502541e-02 7.717185e-02 8.0013468777e+04 2.0155708702e+05 2.0217260116e+05
2202.1005 6.210061e-02 9.100452e-02 7.902794e-04 5.793922e-02 4.128851e-02 8.506027e-02 8.0050860484e+04 2.0159524447e+05 2.0210039077e+05
2203.1010 5.951002e-02 8.467935e-02 8.460744e-04 5.261310e-02 3.738173e-02 9.416795e-02 8.0093658450e+04 2.0163283355e+05 2.0202361530e+05
2204.1015 5.669925e-02 7.955750e-02 8.256129e-04 4.641879e-02 3.297886e-02 1.036799e-01 8.0138396972e+04 2.0166369721e+05 2.0195162602e+05
2205.1020 5.405385e-02 7.500442e-02 8.484015e-04 4.102831e-02 2.913106e-02 1.116347e-01 8.0181704103e+04 2.0168454714e+05 2.0189087772e+05
2206.1025 5.136119e-02 7.247252e-02 8.991295e-04 3.639626e-02 2.586521e-02 1.193494e-01 8.0219698747e+04 2.0169286857e+05 2.0184676247e+05
2207.1030 5.033925e-02 7.104482e-02 8.934758e-04 3.302170e-02 2.359060e-02 1.239307e-01 8.0249975903e+04 2.0168906106e+05 2.0182171113e+05
2208.1035 4.962553e-02 7.076251e-02 8.637093e-04 3.141896e-02 2.258840e-02 1.263680e-01 8.0271090332e+04 2.0167464322e+05 2.0181543606e+05
2209.1040 4.900931e-02 7.035990e-02 9.006024e-04 3.101974e-02 2.241605e-02 1.261752e-01 8.0282208680e+04 2.0165377434e+05 2.0182587460e+05
2210.1045 4.938666e-02 6.957289e-02 8.974915e-04 3.287240e-02 2.390104e-02 1.227518e-01 8.0282764913e+04 2.0163128172e+05 2.0184799750e+05
2211.1050 5.042801e-02 7.054325e-02 8.814488e-04 3.639173e-02 2.642768e-02 1.174633e-01 8.0272924964e+04 2.0161061672e+05 2.0187744714e+05
2212.1055 5.297204e-02 7.380178e-02 8.292723e-04 4.063024e-02 2.954980e-02 1.104105e-01 8.0254766084e+04 2.0159294230e+05 2.0191088200e+05
2213.1060 5.568315e-02 7.883864e-02 8.482248e-04 4.578118e-02 3.318706e-02 1.016887e-01 8.0231554628e+04 2.0157835655e+05 2.0194554096e+05
2214.1065 5.843597e-02 8.371302e-02 8.332868e-04 5.160028e-02 3.718479e-02 9.291556e-02 8.0205996132e+04 2.0156588186e+05 2.0198007343e+05
2215.1070 6.081699e-02 8.803967e-02 8.173041e-04 5.717609e-02 4.099899e-02 8.409328e-02 8.0180949992e+04 2.0155404826e+05 2.0201405418e+05
2216.1075 6.303281e-02 9.358625e-02 8.057439e-04 6.195234e-02 4.426135e-02 7.673951e-02 8.0158317238e+04 2.0154042876e+05 2.0204689035e+05
2217.1080 6.513304e-02 9.760400e-02 7.895846e-04 6.553912e-02 4.666291e-02 7.129625e-02 8.0141619762e+04 2.0152379668e+05 2.0207749074e+05
2218.1085 6.579339e-02 9.941359e-02 7.761752e-04 6.754175e-02 4.808893e-02 6.795475e-02 8.0134080667e+04 2.0150429210e+05 2.0210361837e+05
2219.1090 6.647611e-02 9.801716e-02 7.664426e-04 6.814793e-02 4.849932e-02 6.666258e-02 8.0137265881e+04 2.0148346109e+05 2.0212161693e+05
2220.1095 6.571690e-02 9.609116e-02 7.599079e-04 6.677572e-02 4.749921e-02 6.894378e-02 8.0151238463e+04 2.0146484930e+05 2.0212739780e+05
2221.1100 6.487700e-02 9.494169e-02 7.874913e-04 6.408386e-02 4.565322e-02 7.287611e-02 8.0174582995e+04 2.0145336890e+05 2.0211652778e+05
2222.1105 6.371991e-02 9.215245e-02 8.353155e-04 5.995714e-02 4.283790e-02 7.949463e-02 8.0205892309e+04 2.0145328655e+05 2.0208701582e+05
2223.1110 6.154232e-02 8.847849e-02 7.972816e-04 5.439667e-02 3.902654e-02 8.766147e-02 8.0244483089e+04 2.0146494039e+05 2.0203963843e+05
2224.1115 5.893657e-02 8.471455e-02 8.386267e-04 4.891056e-02 3.521373e-02 9.631589e-02 8.0288431750e+04 2.0148646980e+05 2.0197692459e+05
2225.1120 5.539960e-02 8.060688e-02 8.492297e-04 4.333794e-02 3.134606e-02 1.056571e-01 8.0334403951e+04 2.0151587784e+05 2.0190469462e+05
2226.1125 5.291327e-02 7.658302e-02 8.525678e-04 3.804192e-02 2.775051e-02 1.134423e-01 8.0377703847e+04 2.0155019607e+05 2.0183012542e+05
2227.1130 5.125977e-02 7.310976e-02 8.922055e-04 3.364158e-02 2.471446e-02 1.202191e-01 8.0414467353e+04 2.0158424169e+05 2.0176161020e+05
2228.1135 5.016175e-02 6.990608e-02 8.990977e-04 3.063914e-02 2.251756e-02 1.247043e-01 8.0443481642e+04 2.0161119071e+05 2.0170774472e+05
2229.1140 4.884923e-02 6.764501e-02 9.101877e-04 2.987965e-02 2.186857e-02 1.262034e-01 8.0463724611e+04 2.0162500545e+05 2.0167498160e+05
2230.1145 4.818559e-02 6.586144e-02 8.793813e-04 3.073760e-02 2.237252e-02 1.255434e-01 8.0473235946e+04 2.0162371000e+05 2.0166755212e+05
2231.1150 4.934812e-02 6.558761e-02 8.921342e-04 3.279696e-02 2.365087e-02 1.215732e-01 8.0470695849e+04 2.0160773039e+05 2.0168600599e+05
2232.1155 5.029836e-02 7.040019e-02 8.911947e-04 3.666198e-02 2.616090e-02 1.155630e-01 8.0456545926e+04 2.0157838249e+05 2.0172703301e+05
2233.1160 5.305466e-02 7.688166e-02 8.543607e-04 4.224982e-02 2.987508e-02 1.077764e-01 8.0433478990e+04 2.0153871016e+05 2.0178544303e+05
2234.1165 5.620006e-02 8.262138e-02 8.412053e-04 4.815193e-02 3.392539e-02 9.801174e-02 8.0405154731e+04 2.0149402440e+05 2.0185476964e+05
2235.1170 5.861680e-02 8.723241e-02 8.130882e-04 5.413125e-02 3.809740e-02 8.839847e-02 8.0375187985e+04 2.0144938080e+05 2.0192640076e+05
2236.1175 6.104218e-02 9.046560e-02 8.154696e-04 6.010580e-02 4.229896e-02 7.909850e-02 8.0346248152e+04 2.0141092274e+05 2.0199120827e+05
2237.1180 6.375379e-02 9.539063e-02 7.688160e-04 6.478798e-02 4.578162e-02 7.119857e-02 8.0320283394e+04 2.0138273658e+05 2.0204220023e+05
2238.1185 6.678247e-02 9.867035e-02 7.840592e-04 6.803385e-02 4.826987e-02 6.507207e-02 8.0301898144e+04 2.0136644752e+05 2.0207446827e+05
2239.1190 6.750828e-02 1.002365e-01 7.510203e-04 6.972209e-02 4.961729e-02 6.226608e-02 8.0294921141e+04 2.0136102953e+05 2.0208591826e+05
2240.1195 6.773470e-02 9.987264e-02 7.689450e-04 6.959419e-02 4.983350e-02 6.213109e-02 8.0301423057e+04 2.0136388817e+05 2.0207658237e+05
2241.1200 6.682640e-02 9.826513e-02 8.053987e-04 6.708158e-02 4.822188e-02 6.594612e-02 8.0320893389e+04 2.0137366174e+05 2.0204847913e+05
2242.1205 6.512783e-02 9.695981e-02 7.933508e-04 6.296076e-02 4.545761e-02 7.159654e-02 8.0352114601e+04 2.0138844816e+05 2.0200413344e+05
2243.1210 6.282571e-02 9.368040e-02 8.058916e-04 5.769166e-02 4.180699e-02 8.036508e-02 8.0392804946e+04 2.0140650704e+05 2.0194770035e+05
2244.1215 6.059411e-02 8.981132e-02 8.437654e-04 5.122851e-02 3.726199e-02 9.080157e-02 8.0440935639e+04 2.0142434912e+05 2.0188432174e+05
2245.1220 5.718934e-02 8.404360e-02 8.508583e-04 4.439976e-02 3.237274e-02 1.011541e-01 8.0494460677e+04 2.0144118245e+05 2.0181827080e+05
2246.1225 5.279618e-02 7.731213e-02 8.617018e-04 3.790955e-02 2.763703e-02 1.118808e-01 8.0547847257e+04 2.0145766065e+05 2.0175303598e+05
2247.1230 4.969927e-02 6.972693e-02 9.159852e-04 3.258416e-02 2.360580e-02 1.205217e-01 8.0595261183e+04 2.0147612851e+05 2.0169169712e+05
2248.1235 4.803322e-02 6.464817e-02 8.797564e-04 2.898530e-02 2.084661e-02 1.267083e-01 8.0632306820e+04 2.0149570671e+05 2.0163794257e+05
2249.1240 4.674621e-02 6.327964e-02 9.200826e-04 2.681876e-02 1.901750e-02 1.305623e-01 8.0657043618e+04 2.0151317960e+05 2.0159683521e+05
2250.1245 4.600259e-02 6.328307e-02 9.017899e-04 2.671500e-02 1.877332e-02 1.300400e-01 8.0669301379e+04 2.0152547129e+05 2.0157290996e+05
2251.1250 4.683325e-02 6.422490e-02 8.954476e-04 2.907791e-02 2.025353e-02 1.266170e-01 8.0667570065e+04 2.0152939565e+05 2.0156987033e+05
2252.1255 4.890616e-02 6.722120e-02 8.779877e-04 3.377601e-02 2.347792e-02 1.197027e-01 8.0652070263e+04 2.0152237893e+05 2.0158999113e+05
2253.1260 5.062518e-02 7.405008e-02 8.474450e-04 3.915675e-02 2.738015e-02 1.103371e-01 8.0624220035e+04 2.0150256035e+05 2.0163430035e+05
2254.1265 5.529138e-02 8.140507e-02 8.401954e-04 4.566540e-02 3.213821e-02 9.943816e-02 8.0586831331e+04 2.0146926887e+05 2.0170003225e+05
2255.1270 5.985386e-02 8.694155e-02 8.488224e-04 5.303444e-02 3.753524e-02 8.730122e-02 8.0546908412e+04 2.0142322332e+05 2.0178160905e+05
2256.1275 6.187123e-02 9.101099e-02 8.131830e-04 5.947108e-02 4.244278e-02 7.608424e-02 8.0509857260e+04 2.0136849397e+05 2.0187091994e+05
2257.1280 6.472215e-02 9.399384e-02 7.920299e-04 6.500335e-02 4.667315e-02 6.667256e-02 8.0478473815e+04 2.0131217682e+05 2.0195611085e+05
2258.1285 6.730716e-02 9.885584e-02 7.630749e-04 6.926386e-02 4.995607e-02 5.989198e-02 8.0456005784e+04 2.0126249413e+05 2.0202501073e+05
2259.1290 7.001275e-02 1.029269e-01 7.911932e-04 7.113726e-02 5.143768e-02 5.646365e-02 8.0445942638e+04 2.0122673988e+05 2.0206808655e+05
2260.1295 7.020069e-02 1.040070e-01 7.905644e-04 7.048342e-02 5.108400e-02 5.700808e-02 8.0452024691e+04 2.0120991856e+05 2.0207854349e+05
2261.1300 6.855855e-02 1.032466e-01 7.719541e-04 6.818564e-02 4.943809e-02 6.050450e-02 8.0474678048e+04 2.0121373133e+05 2.0205319858e+05
2262.1305 6.667524e-02 9.973479e-02 8.000391e-04 6.387126e-02 4.621676e-02 6.830077e-02 8.0510900794e+04 2.0123866289e+05 2.0199409284e+05
2263.1310 6.372359e-02 9.462815e-02 8.149339e-04 5.778203e-02 4.170325e-02 7.836769e-02 8.0557805373e+04 2.0128191598e+05 2.0190739580e+05
2264.1315 5.986474e-02 8.736508e-02 8.271793e-04 5.049737e-02 3.625207e-02 8.997417e-02 8.0611929949e+04 2.0133685410e+05 2.0180320217e+05
2265.1320 5.648158e-02 7.958367e-02 8.699386e-04 4.305750e-02 3.066493e-02 1.022146e-01 8.0669327575e+04 2.0139357139e+05 2.0169393229e+05
2266.1325 5.322854e-02 7.281469e-02 8.989239e-04 3.656477e-02 2.572381e-02 1.131707e-01 8.0726009693e+04 2.0144261483e+05 2.0159240066e+05
2267.1330 4.909537e-02 6.695897e-02 8.907070e-04 3.100008e-02 2.161017e-02 1.222878e-01 8.0776682077e+04 2.0147839112e+05 2.0151021515e+05
2268.1335 4.613483e-02 6.309783e-02 9.434182e-04 2.682586e-02 1.844890e-02 1.291273e-01 8.0815166081e+04 2.0149733802e+05 2.0145577247e+05
2269.1340 4.546569e-02 6.227376e-02 9.185004e-04 2.493937e-02 1.712585e-02 1.314257e-01 8.0838178736e+04 2.0149756458e+05 2.0143344685e+05
2270.1345 4.637473e-02 6.410577e-02 9.354374e-04 2.539179e-02 1.750669e-02 1.309738e-01 8.0845462115e+04 2.0147810037e+05 2.0144439115e+05
2271.1350 4.731148e-02 6.661781e-02 9.036462e-04 2.836552e-02 1.981013e-02 1.258173e-01 8.0839459432e+04 2.0144189191e+05 2.0148515718e+05
2272.1355 4.797602e-02 6.823169e-02 8.774828e-04 3.251317e-02 2.310668e-02 1.179753e-01 8.0821130588e+04 2.0139563332e+05 2.0154903414e+05
2273.1360 5.190965e-02 7.092414e-02 8.719315e-04 3.859707e-02 2.779041e-02 1.078152e-01 8.0790548790e+04 2.0134685379e+05 2.0162552133e+05
2274.1365 5.660409e-02 7.697591e-02 8.583595e-04 4.567040e-02 3.310133e-02 9.552462e-02 8.0751597937e+04 2.0130200881e+05 2.0170493514e+05
2275.1370 5.990835e-02 8.396586e-02 8.096932e-04 5.236202e-02 3.823810e-02 8.407150e-02 8.0710650127e+04 2.0126432433e+05 2.0177931503e+05
2276.1375 6.403163e-02 8.992501e-02 8.139778e-04 5.900282e-02 4.312908e-02 7.296799e-02 8.0672992702e+04 2.0123541057e+05 2.0184168741e+05
2277.1380 6.677840e-02 9.566561e-02 7.967034e-04 6.471634e-02 4.723487e-02 6.447585e-02 8.0643347087e+04 2.0121513630e+05 2.0188762295e+05
2278.1385 6.782354e-02 1.004504e-01 8.035764e-04 6.806860e-02 4.951880e-02 5.855469e-02 8.0625473108e+04 2.0120335535e+05 2.0191500886e+05
2279.1390 6.817123e-02 1.046895e-01 7.831537e-04 6.954949e-02 5.044258e-02 5.598576e-02 8.0619736689e+04 2.0120005960e+05 2.0192228602e+05
2280.1395 7.036792e-02 1.041809e-01 7.754468e-04 6.923613e-02 4.987706e-02 5.734946e-02 8.0627553387e+04 2.0120337765e+05 2.0191024252e+05
2281.1400 6.875024e-02 9.988999e-02 7.958553e-04 6.632431e-02 4.740838e-02 6.249639e-02 8.0651579498e+04 2.0121088395e+05 2.0188121517e+05
2282.1405 6.494625e-02 9.508516e-02 8.303483e-04 6.189529e-02 4.392905e-02 6.993936e-02 8.0689412209e+04 2.0122144801e+05 2.0183645545e+05
2283.1410 6.228085e-02 8.898112e-02 8.416297e-04 5.582032e-02 3.926045e-02 7.980938e-02 8.0735883793e+04 2.0123675259e+05 2.0177849385e+05
2284.1415 5.926496e-02 8.284974e-02 8.726909e-04 4.907859e-02 3.423659e-02 9.095899e-02 8.0786895694e+04 2.0125820535e+05 2.0170998086e+05
2285.1420 5.584622e-02 7.785152e-02 8.945999e-04 4.269183e-02 2.946946e-02 1.018696e-01 8.0838987067e+04 2.0128417307e+05 2.0163538107e+05
2286.1425 5.261986e-02 7.420742e-02 8.763581e-04 3.629763e-02 2.491222e-02 1.116647e-01 8.0888947650e+04 2.0131144902e+05 2.0156140617e+05
2287.1430 4.984160e-02 7.124013e-02 9.174077e-04 3.104385e-02 2.135061e-02 1.195165e-01 8.0933347181e+04 2.0133681314e+05 2.0149431998e+05
2288.1435 4.823153e-02 6.799777e-02 9.064440e-04 2.776267e-02 1.929520e-02 1.244097e-01 8.0967729093e+04 2.0135848929e+05 2.0144035225e+05
2289.1440 4.644311e-02 6.456115e-02 9.351580e-04 2.631889e-02 1.859143e-02 1.268806e-01 8.0989291459e+04 2.0137388301e+05 2.0140537946e+05
2290.1445 4.668235e-02 6.305685e-02 9.276249e-04 2.683349e-02 1.939461e-02 1.247955e-01 8.0996680828e+04 2.0137907853e+05 2.0139366706e+05
2291.1450 4.953009e-02 6.417459e-02 9.077077e-04 2.862312e-02 2.117528e-02 1.206036e-01 8.0990209279e+04 2.0137011144e+05 2.0140777185e+05
2292.1455 5.092710e-02 6.555252e-02 9.251789e-04 3.291009e-02 2.460641e-02 1.134842e-01 8.0974561576e+04 2.0134634396e+05 2.0144587554e+05
2293.1460 5.186881e-02 6.873433e-02 8.992141e-04 3.843202e-02 2.880651e-02 1.042481e-01 8.0950858750e+04 2.0130988941e+05 2.0150425833e+05
2294.1465 5.562481e-02 7.554215e-02 8.789781e-04 4.425099e-02 3.311283e-02 9.461882e-02 8.0919779664e+04 2.0126446733e+05 2.0157626317e+05
2295.1470 5.963620e-02 8.388167e-02 8.565878e-04 5.044861e-02 3.750622e-02 8.436123e-02 8.0886303201e+04 2.0121612811e+05 2.0165304052e+05
2296.1475 6.210076e-02 9.140011e-02 8.310100e-04 5.636136e-02 4.144470e-02 7.573660e-02 8.0855496084e+04 2.0116956915e+05 2.0172583165e+05
2297.1480 6.439138e-02 9.471176e-02 8.185501e-04 6.071216e-02 4.436536e-02 6.801562e-02 8.0831628190e+04 2.0113081146e+05 2.0178640199e+05
2298.1485 6.505901e-02 9.562001e-02 8.215469e-04 6.425583e-02 4.645036e-02 6.335064e-02 8.0816912864e+04 2.0110456968e+05 2.0182631219e+05
2299.1490 6.572252e-02 9.553991e-02 8.047273e-04 6.615306e-02 4.727491e-02 6.125046e-02 8.0811743076e+04 2.0109507897e+05 2.0184054051e+05
2300.1495 6.696860e-02 9.571507e-02 8.114646e-04 6.557700e-02 4.650007e-02 6.183890e-02 8.0816180030e+04 2.0110306283e+05 2.0182782442e+05
2301.1500 6.539757e-02 9.467446e-02 8.493641e-04 6.376895e-02 4.478261e-02 6.522015e-02 8.0832655133e+04 2.0112543436e+05 2.0179011439e+05
2302.1505 6.326643e-02 9.267576e-02 8.370553e-04 6.026333e-02 4.194038e-02 7.110986e-02 8.0860359036e+04 2.0115584520e+05 2.0173384793e+05
2303.1510 6.206040e-02 9.077895e-02 8.503450e-04 5.570338e-02 3.848932e-02 7.871595e-02 8.0896211749e+04 2.0118869331e+05 2.0166652319e+05
2304.1515 5.883192e-02 8.814570e-02 8.743495e-04 5.073437e-02 3.485776e-02 8.702632e-02 8.0937581681e+04 2.0121994478e+05 2.0159632457e+05
2305.1520 5.611710e-02 8.482911e-02 9.037152e-04 4.469399e-02 3.073850e-02 9.567783e-02 8.0980162747e+04 2.0124489242e+05 2.0153178018e+05
2306.1525 5.471739e-02 7.945574e-02 9.140188e-04 3.922453e-02 2.714583e-02 1.038443e-01 8.1021449414e+04 2.0126002713e+05 2.0147844149e+05
2307.1530 5.212346e-02 7.260546e-02 9.029798e-04 3.486173e-02 2.439305e-02 1.105800e-01 8.1060607639e+04 2.0126358191e+05 2.0143977111e+05
2308.1535 4.934902e-02 6.699351e-02 9.462650e-04 3.143955e-02 2.244489e-02 1.157393e-01 8.1094610556e+04 2.0125639298e+05 2.0141636265e+05
2309.1540 4.840477e-02 6.232190e-02 9.381383e-04 2.919916e-02 2.137131e-02 1.178259e-01 8.1120105689e+04 2.0124406237e+05 2.0140605445e+05
2310.1545 4.818195e-02 6.198368e-02 9.331823e-04 2.839704e-02 2.122243e-02 1.184650e-01 8.1134586595e+04 2.0123021545e+05 2.0140573302e+05
2311.1550 4.879034e-02 6.545095e-02 9.406053e-04 2.982910e-02 2.252188e-02 1.158766e-01 8.1138561124e+04 2.0121764849e+05 2.0141260857e+05
2312.1555 4.998714e-02 7.000940e-02 9.089126e-04 3.248876e-02 2.455826e-02 1.117758e-01 8.1133353279e+04 2.0120680588e+05 2.0142615109e+05
2313.1560 5.199697e-02 7.250050e-02 8.929294e-04 3.612252e-02 2.726141e-02 1.055574e-01 8.1121104124e+04 2.0119748315e+05 2.0144582229e+05
2314.1565 5.276182e-02 7.416628e-02 8.902113e-04 4.086606e-02 3.052629e-02 9.777533e-02 8.1103039078e+04 2.0118954081e+05 2.0147083722e+05
2315.1570 5.437322e-02 7.699915e-02 8.735019e-04 4.603898e-02 3.400850e-02 9.034811e-02 8.1079474851e+04 2.0118087094e+05 2.0150082689e+05
2316.1575 5.831307e-02 8.072445e-02 8.413872e-04 5.074065e-02 3.709900e-02 8.238079e-02 8.1053170663e+04 2.0116928737e+05 2.0153562783e+05
2317.1580 6.083523e-02 8.506044e-02 8.241959e-04 5.549888e-02 4.008105e-02 7.526197e-02 8.1028923597e+04 2.0115255590e+05 2.0157366297e+05
2318.1585 6.147249e-02 8.777531e-02 8.300782e-04 5.934636e-02 4.239632e-02 6.961043e-02 8.1010416656e+04 2.0113013953e+05 2.0161299959e+05
2319.1590 6.283398e-02 9.034524e-02 8.411395e-04 6.156878e-02 4.358718e-02 6.542545e-02 8.0998298588e+04 2.0110427763e+05 2.0164970235e+05
2320.1595 6.390608e-02 9.575269e-02 8.484342e-04 6.291553e-02 4.415502e-02 6.378012e-02 8.0992951936e+04 2.0107840112e+05 2.0167821922e+05
2321.1600 6.417940e-02 9.924496e-02 8.491929e-04 6.228338e-02 4.349961e-02 6.456496e-02 8.0996309217e+04 2.0105729066e+05 2.0169462336e+05
2322.1605 6.333390e-02 9.844816e-02 8.229819e-04 6.043673e-02 4.207487e-02 6.737794e-02 8.1009278536e+04 2.0104502456e+05 2.0169481689e+05
2323.1610 6.295500e-02 9.341274e-02 8.717764e-04 5.748726e-02 3.990914e-02 7.199198e-02 8.1032040960e+04 2.0104294284e+05 2.0167643942e+05
2324.1615 6.010165e-02 8.750880e-02 8.920677e-04 5.280483e-02 3.678702e-02 7.900657e-02 8.1063630006e+04 2.0105260047e+05 2.0163905253e+05
2325.1620 5.709259e-02 8.190854e-02 8.661502e-04 4.808876e-02 3.365747e-02 8.619417e-02 8.1100829049e+04 2.0107476223e+05 2.0158345315e+05
2326.1625 5.609196e-02 7.760637e-02 9.164793e-04 4.318936e-02 3.043051e-02 9.390177e-02 8.1139552233e+04 2.0110693495e+05 2.0151479053e+05
2327.1630 5.494292e-02 7.461502e-02 9.181565e-04 3.827138e-02 2.722101e-02 1.014701e-01 8.1178947585e+04 2.0114314906e+05 2.0144115524e+05
2328.1635 5.180776e-02 7.353933e-02 9.050806e-04 3.381217e-02 2.442814e-02 1.073005e-01 8.1218027128e+04 2.0117562484e+05 2.0137180967e+05
2329.1640 4.949639e-02 7.256829e-02 9.324687e-04 3.074921e-02 2.252511e-02 1.126023e-01 8.1252601772e+04 2.0119889163e+05 2.0131510940e+05
2330.1645 4.822804e-02 6.887201e-02 9.734484e-04 2.917575e-02 2.156095e-02 1.148617e-01 8.1279603198e+04 2.0121171600e+05 2.0127743751e+05
2331.1650 4.764749e-02 6.587902e-02 9.061489e-04 2.872264e-02 2.136641e-02 1.156976e-01 8.1295763843e+04 2.0121186952e+05 2.0126251562e+05
2332.1655 4.815575e-02 6.460301e-02 9.389247e-04 2.965106e-02 2.224034e-02 1.134993e-01 8.1301412154e+04 2.0119861372e+05 2.0127058273e+05
2333.1660 4.877247e-02 6.497447e-02 9.028302e-04 3.219923e-02 2.402148e-02 1.092903e-01 8.1297593447e+04 2.0117349225e+05 2.0129911334e+05
2334.1665 5.009872e-02 6.628970e-02 9.115385e-04 3.610579e-02 2.671651e-02 1.030729e-01 8.1285440644e+04 2.0114062125e+05 2.0134300042e+05
2335.1670 5.184137e-02 6.953877e-02 8.843021e-04 4.054315e-02 2.978423e-02 9.547846e-02 8.1265420063e+04 2.0110587939e+05 2.0139574879e+05
2336.1675 5.410581e-02 7.643293e-02 8.616451e-04 4.591351e-02 3.330943e-02 8.737569e-02 8.1238957592e+04 2.0107413720e+05 2.0144997162e+05
2337.1680 5.710461e-02 8.419647e-02 8.668291e-04 5.099007e-02 3.667058e-02 7.905948e-02 8.1209239558e+04 2.0104871119e+05 2.0150076819e+05
2338.1685 5.971669e-02 9.054648e-02 8.378499e-04 5.518110e-02 3.944117e-02 7.184670e-02 8.1181080808e+04 2.0102942855e+05 2.0154469427e+05
2339.1690 6.206714e-02 9.306203e-02 8.441704e-04 5.901204e-02 4.195800e-02 6.591773e-02 8.1158801380e+04 2.0101543568e+05 2.0157879473e+05
2340.1695 6.273542e-02 9.317719e-02 8.527969e-04 6.116881e-02 4.334721e-02 6.199174e-02 8.1145295526e+04 2.0100581913e+05 2.0160178748e+05
2341.1700 6.309333e-02 9.312017e-02 8.194117e-04 6.206582e-02 4.385827e-02 6.039296e-02 8.1140686024e+04 2.0100052217e+05 2.0161167454e+05
2342.1705 6.432326e-02 9.285473e-02 8.814929e-04 6.111602e-02 4.309100e-02 6.174510e-02 8.1145354497e+04 2.0099912736e+05 2.0160811206e+05
2343.1710 6.400512e-02 9.233858e-02 8.345576e-04 5.832624e-02 4.114738e-02 6.586686e-02 8.1161448362e+04 2.0100023757e+05 2.0159152260e+05
2344.1715 6.198337e-02 9.121368e-02 8.477885e-04 5.500405e-02 3.872893e-02 7.123647e-02 8.1189798627e+04 2.0100273686e+05 2.0156211346e+05
2345.1720 5.908804e-02 9.036095e-02 8.787974e-04 5.040408e-02 3.545366e-02 7.911361e-02 8.1227297918e+04 2.0100711458e+05 2.0152168026e+05
2346.1725 5.650472e-02 8.722828e-02 9.055951e-04 4.499420e-02 3.166673e-02 8.750198e-02 8.1270263940e+04 2.0101681313e+05 2.0147161735e+05
2347.1730 5.421945e-02 8.156168e-02 9.284197e-04 3.945843e-02 2.791154e-02 9.579626e-02 8.1315183152e+04 2.0103290302e+05 2.0141422665e+05
2348.1735 5.148070e-02 7.516150e-02 9.526562e-04 3.479355e-02 2.470853e-02 1.043466e-01 8.1358757338e+04 2.0105402504e+05 2.0135294222e+05
2349.1740 4.968307e-02 6.845304e-02 9.633966e-04 3.071794e-02 2.195879e-02 1.099279e-01 8.1398820955e+04 2.0107795781e+05 2.0129284126e+05
2350.1745 4.764038e-02 6.252822e-02 9.373245e-04 2.804407e-02 2.030369e-02 1.145483e-01 8.1431918811e+04 2.0110209587e+05 2.0123873626e+05
2351.1750 4.549012e-02 5.863281e-02 9.496249e-04 2.685638e-02 1.967799e-02 1.159865e-01 8.1454882256e+04 2.0112439876e+05 2.0119607251e+05
2352.1755 4.551586e-02 5.963472e-02 9.455493e-04 2.739107e-02 2.021597e-02 1.145947e-01 8.1464405725e+04 2.0114034864e+05 2.0117031134e+05
2353.1760 4.766773e-02 6.449468e-02 9.504000e-04 2.963009e-02 2.194343e-02 1.109801e-01 8.1460694790e+04 2.0114484856e+05 2.0116654111e+05
2354.1765 4.894418e-02 7.010726e-02 9.269499e-04 3.311882e-02 2.455012e-02 1.045089e-01 8.1446773976e+04 2.0113464765e+05 2.0118807041e+05
2355.1770 5.043326e-02 7.303004e-02 9.053160e-04 3.800143e-02 2.807349e-02 9.662106e-02 8.1424860554e+04 2.0110828323e+05 2.0123437380e+05
2356.1775 5.311040e-02 7.462742e-02 9.024457e-04 4.304027e-02 3.165732e-02 8.786332e-02 8.1396574590e+04 2.0106794274e+05 2.0130131648e+05
2357.1780 5.559726e-02 7.778070e-02 8.954932e-04 4.812352e-02 3.531068e-02 7.903155e-02 8.1364865221e+04 2.0101884054e+05 2.0138001468e+05
2358.1785 5.857087e-02 8.141824e-02 8.640516e-04 5.317110e-02 3.880060e-02 7.097683e-02 8.1333708243e+04 2.0096734293e+05 2.0145979845e+05
2359.1790 6.133335e-02 8.593641e-02 8.516398e-04 5.701236e-02 4.132893e-02 6.435744e-02 8.1307519394e+04 2.0092021609e+05 2.0153025664e+05
2360.1795 6.311312e-02 9.021769e-02 8.288708e-04 5.977834e-02 4.299379e-02 6.014392e-02 8.1290682602e+04 2.0088345068e+05 2.0158135648e+05
2361.1800 6.417605e-02 9.441614e-02 8.722650e-04 6.090027e-02 4.345797e-02 5.870206e-02 8.1284904767e+04 2.0086231864e+05 2.0160604559e+05
2362.1805 6.407898e-02 9.860017e-02 8.260578e-04 6.029228e-02 4.274664e-02 5.980376e-02 8.1290551485e+04 2.0086026692e+05 2.0160089022e+05
2363.1810 6.355177e-02 9.951789e-02 8.572764e-04 5.845583e-02 4.112527e-02 6.284147e-02 8.1307204621e+04 2.0087771881e+05 2.0156676936e+05
2364.1815 6.267768e-02 9.588688e-02 8.528382e-04 5.482474e-02 3.825192e-02 6.976847e-02 8.1333874912e+04 2.0090990029e+05 2.0150949963e+05
2365.1820 6.093230e-02 8.852832e-02 8.808077e-04 5.014721e-02 3.485885e-02 7.672167e-02 8.1370726289e+04 2.0095000795e+05 2.0143662061e+05
2366.1825 5.694705e-02 8.075873e-02 9.122369e-04 4.484905e-02 3.112183e-02 8.547596e-02 8.1414492331e+04 2.0099073205e+05 2.0135703772e+05
2367.1830 5.406365e-02 7.420598e-02 9.337444e-04 3.995336e-02 2.768115e-02 9.398501e-02 8.1459536117e+04 2.0102725505e+05 2.0127919899e+05
2368.1835 5.206257e-02 6.985735e-02 9.459616e-04 3.500401e-02 2.434359e-02 1.012987e-01 8.1502269142e+04 2.0105491315e+05 2.0121173439e+05
2369.1840 4.963208e-02 6.812510e-02 9.308297e-04 3.108894e-02 2.188938e-02 1.076372e-01 8.1540130951e+04 2.0106961119e+05 2.0116089511e+05
2370.1845 4.800767e-02 6.752672e-02 9.920926e-04 2.823847e-02 2.016488e-02 1.112208e-01 8.1570858008e+04 2.0106998198e+05 2.0113111821e+05
2371.1850 4.665158e-02 6.636637e-02 9.485634e-04 2.700672e-02 1.974118e-02 1.129470e-01 8.1591875702e+04 2.0105809185e+05 2.0112295739e+05
2372.1855 4.605292e-02 6.382497e-02 9.935430e-04 2.749512e-02 2.041179e-02 1.115790e-01 8.1601664532e+04 2.0103843903e+05 2.0113412416e+05
2373.1860 4.649935e-02 6.237615e-02 9.530254e-04 2.924537e-02 2.205966e-02 1.074373e-01 8.1599072408e+04 2.0101555968e+05 2.0116034424e+05
2374.1865 4.861280e-02 6.311492e-02 9.298740e-04 3.230922e-02 2.452804e-02 1.018073e-01 8.1585543294e+04 2.0099180687e+05 2.0119657656e+05
2375.1870 5.120247e-02 6.615429e-02 9.373845e-04 3.634733e-02 2.751229e-02 9.467579e-02 8.1564633135e+04 2.0096884976e+05 2.0123822261e+05
2376.1875 5.353955e-02 7.037232e-02 8.928677e-04 4.103576e-02 3.086836e-02 8.704690e-02 8.1539765814e+04 2.0094792559e+05 2.0128120044e+05
2377.1880 5.611092e-02 7.618308e-02 9.095433e-04 4.603538e-02 3.415964e-02 7.870189e-02 8.1513445211e+04 2.0092982268e+05 2.0132233236e+05
2378.1885 5.762641e-02 8.451094e-02 8.622879e-04 5.041164e-02 3.687980e-02 7.182048e-02 8.1487447732e+04 2.0091432261e+05 2.0135979438e+05
2379.1890 6.038624e-02 9.140919e-02 8.782077e-04 5.420612e-02 3.915452e-02 6.614816e-02 8.1464931169e+04 2.0090051468e+05 2.0139200875e+05
2380.1895 6.241315e-02 9.464748e-02 8.750707e-04 5.658166e-02 4.039132e-02 6.275572e-02 8.1449477996e+04 2.0088741337e+05 2.0141833048e+05
2381.1900 6.287234e-02 9.406482e-02 8.472178e-04 5.808076e-02 4.089180e-02 6.097053e-02 8.1443901609e+04 2.0087472969e+05 2.0143663972e+05
2382.1905 6.288430e-02 9.171925e-02 8.812543e-04 5.800580e-02 4.045955e-02 6.126255e-02 8.1448579585e+04 2.0086298178e+05 2.0144470913e+05
2383.1910 6.238483e-02 8.980560e-02 8.715765e-04 5.642029e-02 3.895301e-02 6.473492e-02 8.1462009712e+04 2.0085519335e+05 2.0143989740e+05
2384.1915 6.191441e-02 8.730388e-02 9.006136e-04 5.372017e-02 3.694296e-02 6.874166e-02 8.1483915832e+04 2.0085443456e+05 2.0142020009e+05
2385.1920 5.996006e-02 8.494766e-02 8.785319e-04 4.983005e-02 3.414535e-02 7.509536e-02 8.1513388625e+04 2.0086103508e+05 2.0138600757e+05
2386.1925 5.751745e-02 8.415204e-02 9.483287e-04 4.592295e-02 3.142355e-02 8.140914e-02 8.1548621550e+04 2.0087453557e+05 2.0133866773e+05
2387.1930 5.532317e-02 8.238726e-02 8.978428e-04 4.139194e-02 2.855241e-02 8.841774e-02 8.1586807987e+04 2.0089426614e+05 2.0128249434e+05
2388.1935 5.275256e-02 7.727050e-02 9.426645e-04 3.701004e-02 2.597068e-02 9.514696e-02 8.1624834541e+04 2.0091959436e+05 2.0122231364e+05
2389.1940 5.047851e-02 7.133603e-02 9.730868e-04 3.314880e-02 2.363061e-02 1.001160e-01 8.1659751846e+04 2.0094654439e+05 2.0116426246e+05
2390.1945 4.973251e-02 6.618457e-02 9.452748e-04 3.026616e-02 2.225428e-02 1.042802e-01 8.1688734712e+04 2.0096982296e+05 2.0111436898e+05
2391.1950 4.886363e-02 6.179102e-02 9.913339e-04 2.847421e-02 2.150142e-02 1.062561e-01 8.1711476560e+04 2.0098552801e+05 2.0107829468e+05
2392.1955 4.707903e-02 5.986078e-02 9.380327e-04 2.793049e-02 2.149238e-02 1.061992e-01 8.1726324422e+04 2.0099098390e+05 2.0105981932e+05
2393.1960 4.754442e-02 5.982920e-02 9.366955e-04 2.877527e-02 2.233668e-02 1.042474e-01 8.1731141615e+04 2.0098543131e+05 2.0106048748e+05
2394.1965 4.829033e-02 6.417149e-02 9.570259e-04 3.086890e-02 2.383030e-02 1.008808e-01 8.1726776186e+04 2.0096831278e+05 2.0107984728e+05
2395.1970 4.979151e-02 7.074213e-02 9.186866e-04 3.386858e-02 2.581287e-02 9.595375e-02 8.1714897358e+04 2.0094113402e+05 2.0111559621e+05
2396.1975 5.151474e-02 7.577450e-02 9.372072e-04 3.754820e-02 2.806208e-02 8.987041e-02 8.1697938432e+04 2.0090769938e+05 2.0116328657e+05
2397.1980 5.339149e-02 7.759038e-02 9.372962e-04 4.166325e-02 3.056214e-02 8.337417e-02 8.1677999729e+04 2.0087292152e+05 2.0121652521e+05
2398.1985 5.532277e-02 7.812702e-02 9.132082e-04 4.570578e-02 3.298821e-02 7.748966e-02 8.1656208251e+04 2.0084179813e+05 2.0126823794e+05
2399.1990 5.701410e-02 7.948646e-02 8.846748e-04 4.917910e-02 3.492322e-02 7.173642e-02 8.1634816148e+04 2.0081848628e+05 2.0131186430e+05
2400.1995 5.903398e-02 8.170093e-02 9.173518e-04 5.258246e-02 3.685110e-02 6.688704e-02 8.1615921316e+04 2.0080531989e+05 2.0134205498e+05
2401.2000 6.085911e-02 8.474060e-02 8.980997e-04 5.467834e-02 3.792794e-02 6.386365e-02 8.1602043760e+04 2.0080181788e+05 2.0135740081e+05
2402.2005 6.159906e-02 8.915316e-02 8.701769e-04 5.586674e-02 3.846373e-02 6.239155e-02 8.1595782989e+04 2.0080526659e+05 2.0135803190e+05
2403.2010 6.157873e-02 9.316773e-02 8.788586e-04 5.588139e-02 3.840616e-02 6.207950e-02 8.1598175654e+04 2.0081287378e+05 2.0134655584e+05
2404.2015 6.191511e-02 9.491824e-02 8.949673e-04 5.433417e-02 3.735751e-02 6.475719e-02 8.1608637954e+04 2.0082122382e+05 2.0132682546e+05
2405.2020 6.140491e-02 9.236606e-02 9.141468e-04 5.235658e-02 3.609352e-02 6.767504e-02 8.1628338776e+04 2.0082823632e+05 2.0130147697e+05
2406.2025 5.953086e-02 8.727891e-02 8.932671e-04 4.861638e-02 3.395850e-02 7.339842e-02 8.1655709325e+04 2.0083166842e+05 2.0127360670e+05
2407.2030 5.786951e-02 8.018427e-02 9.460294e-04 4.425886e-02 3.141839e-02 7.940677e-02 8.1689506439e+04 2.0083203785e+05 2.0124330070e+05
2408.2035 5.565765e-02 7.365379e-02 9.244111e-04 4.001335e-02 2.889230e-02 8.570437e-02 8.1727635507e+04 2.0083134909e+05 2.0120956147e+05
2409.2040 5.342949e-02 6.934645e-02 9.252512e-04 3.587312e-02 2.650762e-02 9.247126e-02 8.1766498554e+04 2.0083292714e+05 2.0117160526e+05
2410.2045 5.109861e-02 6.725920e-02 9.414864e-04 3.193608e-02 2.407283e-02 9.790726e-02 8.1804013342e+04 2.0083926792e+05 2.0112987576e+05
2411.2050 4.950836e-02 6.700527e-02 9.421763e-04 2.897889e-02 2.221716e-02 1.025833e-01 8.1837398619e+04 2.0085055972e+05 2.0108608392e+05
2412.2055 4.820318e-02 6.678323e-02 9.852903e-04 2.708602e-02 2.098007e-02 1.054741e-01 8.1864410883e+04 2.0086614379e+05 2.0104417573e+05
2413.2060 4.640069e-02 6.539881e-02 9.516638e-04 2.660730e-02 2.058888e-02 1.066762e-01 8.1882969722e+04 2.0088414541e+05 2.0100879212e+05
2414.2065 4.625365e-02 6.351369e-02 9.497123e-04 2.726545e-02 2.087158e-02 1.053311e-01 8.1890791887e+04 2.0090097751e+05 2.0098511990e+05
2415.2070 4.709805e-02 6.205567e-02 9.579438e-04 2.929823e-02 2.207671e-02 1.015437e-01 8.1887516361e+04 2.0091237139e+05 2.0097742849e+05
2416.2075 4.758048e-02 6.211131e-02 9.606455e-04 3.256269e-02 2.402215e-02 9.694444e-02 8.1874351117e+04 2.0091368346e+05 2.0098887058e+05
2417.2080 4.960279e-02 6.472545e-02 9.388236e-04 3.657036e-02 2.645178e-02 9.086208e-02 8.1852938069e+04 2.0090139553e+05 2.0102059142e+05
2418.2085 5.133524e-02 6.916165e-02 9.187777e-04 4.117730e-02 2.923132e-02 8.310797e-02 8.1826175076e+04 2.0087584389e+05 2.0107067053e+05
2419.2090 5.418095e-02 7.642622e-02 9.263545e-04 4.634749e-02 3.246629e-02 7.527763e-02 8.1795645855e+04 2.0083833004e+05 2.0113439411e+05
2420.2095 5.753582e-02 8.613816e-02 9.050275e-04 5.049553e-02 3.507958e-02 6.843541e-02 8.1764451985e+04 2.0079275125e+05 2.0120586284e+05
2421.2100 5.924956e-02 9.242448e-02 9.082819e-04 5.435948e-02 3.760554e-02 6.215524e-02 8.1737735945e+04 2.0074613158e+05 2.0127598773e+05
2422.2105 6.181614e-02 9.409297e-02 8.929327e-04 5.683525e-02 3.932218e-02 5.785240e-02 8.1718007983e+04 2.0070408119e+05 2.0133614632e+05
2423.2110 6.399075e-02 9.354489e-02 8.887875e-04 5.778057e-02 4.011856e-02 5.576452e-02 8.1708759040e+04 2.0067179165e+05 2.0137714153e+05
2424.2115 6.354775e-02 9.124886e-02 8.829715e-04 5.780488e-02 4.035260e-02 5.574823e-02 8.1712558549e+04 2.0065493623e+05 2.0139115061e+05
2425.2120 6.347430e-02 8.898290e-02 8.753046e-04 5.525710e-02 3.898995e-02 5.915355e-02 8.1728442989e+04 2.0065605470e+05 2.0137530168e+05
2426.2125 6.311232e-02 8.616618e-02 9.458568e-04 5.173204e-02 3.677937e-02 6.427138e-02 8.1756830037e+04 2.0067515026e+05 2.0132933911e+05
2427.2130 6.027386e-02 8.402843e-02 9.319783e-04 4.740861e-02 3.403132e-02 7.182399e-02 8.1796633083e+04 2.0070806526e+05 2.0125844925e+05
2428.2135 5.685762e-02 8.258622e-02 9.331061e-04 4.212014e-02 3.059302e-02 8.043873e-02 8.1844222313e+04 2.0074929045e+05 2.0117160869e+05
2429.2140 5.359724e-02 7.927443e-02 9.313028e-04 3.646145e-02 2.683973e-02 8.891198e-02 8.1895732464e+04 2.0079307746e+05 2.0107924343e+05
2430.2145 5.031637e-02 7.212805e-02 9.477209e-04 3.135833e-02 2.343628e-02 9.782418e-02 8.1946294541e+04 2.0083415621e+05 2.0099171517e+05
2431.2150 4.776626e-02 6.453206e-02 9.834400e-04 2.691991e-02 2.039437e-02 1.048874e-01 8.1991427684e+04 2.0086621929e+05 2.0091873874e+05
2432.2155 4.497195e-02 5.793396e-02 9.537562e-04 2.392029e-02 1.827891e-02 1.099417e-01 8.2027760859e+04 2.0088551605e+05 2.0086696894e+05
2433.2160 4.305530e-02 5.345974e-02 9.775842e-04 2.243376e-02 1.714551e-02 1.122828e-01 8.2051955124e+04 2.0089046642e+05 2.0084043338e+05
2434.2165 4.360089e-02 5.155556e-02 9.935587e-04 2.278375e-02 1.720568e-02 1.111815e-01 8.2061210569e+04 2.0088269301e+05 2.0083984315e+05
2435.2170 4.348097e-02 5.403755e-02 9.903124e-04 2.506764e-02 1.855120e-02 1.081070e-01 8.2055595186e+04 2.0086350223e+05 2.0086350594e+05
2436.2175 4.515926e-02 5.994974e-02 9.543285e-04 2.880549e-02 2.092739e-02 1.017396e-01 8.2035657711e+04 2.0083582310e+05 2.0090816403e+05
2437.2180 4.788194e-02 6.882120e-02 9.541561e-04 3.396006e-02 2.428295e-02 9.298810e-02 8.2003592385e+04 2.0080258912e+05 2.0096891575e+05
2438.2185 5.119411e-02 7.557047e-02 9.637424e-04 4.005104e-02 2.831690e-02 8.361013e-02 8.1963352087e+04 2.0076713786e+05 2.0104020401e+05
2439.2190 5.391984e-02 8.003825e-02 8.959477e-04 4.565837e-02 3.214470e-02 7.344162e-02 8.1919899963e+04 2.0073203374e+05 2.0111623319e+05
2440.2195 5.831864e-02 8.360774e-02 9.323265e-04 5.147285e-02 3.617817e-02 6.347139e-02 8.1877320084e+04 2.0069843392e+05 2.0118926779e+05
2441.2200 6.234426e-02 8.744444e-02 9.087575e-04 5.573582e-02 3.918873e-02 5.622719e-02 8.1840847425e+04 2.0066756489e+05 2.0125344309e+05
2442.2205 6.448955e-02 9.054060e-02 9.205766e-04 5.901576e-02 4.148475e-02 5.069637e-02 8.1816037595e+04 2.0064165155e+05 2.0130202186e+05
2443.2210 6.564372e-02 9.343549e-02 8.993059e-04 6.063856e-02 4.266191e-02 4.820416e-02 8.1805753323e+04 2.0062181636e+05 2.0133038526e+05
2444.2215 6.686421e-02 9.702256e-02 9.084353e-04 5.947414e-02 4.204591e-02 4.967923e-02 8.1811574803e+04 2.0060878301e+05 2.0133578911e+05
2445.2220 6.611603e-02 9.852623e-02 9.306941e-04 5.705391e-02 4.042072e-02 5.342833e-02 8.1834941482e+04 2.0060521104e+05 2.0131569346e+05
2446.2225 6.271980e-02 9.595756e-02 9.046091e-04 5.310257e-02 3.770971e-02 6.123949e-02 8.1873545052e+04 2.0061352304e+05 2.0127077728e+05
2447.2230 6.037978e-02 8.910739e-02 9.285197e-04 4.728448e-02 3.383686e-02 7.045416e-02 8.1923640690e+04 2.0063426378e+05 2.0120376847e+05
2448.2235 5.647860e-02 7.968568e-02 9.348201e-04 4.080505e-02 2.943497e-02 8.077320e-02 8.1982224838e+04 2.0066639737e+05 2.0111864890e+05
2449.2240 5.138080e-02 7.076450e-02 9.933613e-04 3.435050e-02 2.502572e-02 9.199550e-02 8.2043147881e+04 2.0070766531e+05 2.0102197793e+05
2450.2245 4.834325e-02 6.202291e-02 1.003925e-03 2.839670e-02 2.085663e-02 1.014946e-01 8.2100284015e+04 2.0075488534e+05 2.0092264713e+05
2451.2250 4.487769e-02 5.530777e-02 1.012621e-03 2.372270e-02 1.768486e-02 1.093237e-01 8.2149317492e+04 2.0080199856e+05 2.0083059151e+05
2452.2255 4.164100e-02 5.203017e-02 9.969584e-04 2.066826e-02 1.547729e-02 1.141994e-01 8.2185515253e+04 2.0084239301e+05 2.0075683685e+05
2453.2260 4.092229e-02 5.285447e-02 9.956630e-04 1.955378e-02 1.466551e-02 1.157133e-01 8.2204444470e+04 2.0086915046e+05 2.0071117602e+05
2454.2265 4.121807e-02 5.528826e-02 1.015064e-03 2.062685e-02 1.533871e-02 1.140233e-01 8.2205383911e+04 2.0087732755e+05 2.0070097230e+05
2455.2270 4.208222e-02 5.796845e-02 9.731406e-04 2.364845e-02 1.741116e-02 1.083435e-01 8.2188813970e+04 2.0086423441e+05 2.0072950135e+05
2456.2275 4.466352e-02 6.143203e-02 9.729662e-04 2.834688e-02 2.066182e-02 9.994482e-02 8.2156916716e+04 2.0082872695e+05 2.0079470105e+05
2457.2280 4.860219e-02 6.537589e-02 9.929565e-04 3.433080e-02 2.481822e-02 8.981900e-02 8.2113920283e+04 2.0077408193e+05 2.0088912949e+05
2458.2285 5.299952e-02 6.962633e-02 9.348777e-04 4.064106e-02 2.930256e-02 7.847724e-02 8.2065085212e+04 2.0070784948e+05 2.0100101090e+05
2459.2290 5.652394e-02 7.639511e-02 9.657179e-04 4.728519e-02 3.388261e-02 6.731489e-02 8.2015902573e+04 2.0063839737e+05 2.0111548042e+05
2460.2295 6.112822e-02 8.466839e-02 9.149944e-04 5.283249e-02 3.771827e-02 5.782703e-02 8.1971238596e+04 2.0057507017e+05 2.0121831763e+05
2461.2300 6.531282e-02 9.379909e-02 9.114357e-04 5.761990e-02 4.101574e-02 5.047967e-02 8.1937169114e+04 2.0052575456e+05 2.0129604479e+05
2462.2305 6.656378e-02 1.004053e-01 8.950014e-04 6.026801e-02 4.276794e-02 4.644638e-02 8.1918464462e+04 2.0049705215e+05 2.0134011617e+05
2463.2310 6.631904e-02 1.020622e-01 8.957960e-04 6.039156e-02 4.283967e-02 4.597664e-02 8.1917427498e+04 2.0049188802e+05 2.0134581173e+05
2464.2315 6.674122e-02 9.935591e-02 9.003380e-04 5.921739e-02 4.192381e-02 4.865842e-02 8.1933935557e+04 2.0050967729e+05 2.0131219505e+05
2465.2320 6.436630e-02 9.476172e-02 9.145182e-04 5.580314e-02 3.954446e-02 5.514066e-02 8.1967252799e+04 2.0054663751e+05 2.0124450982e+05
2466.2325 6.030851e-02 8.828798e-02 9.172481e-04 5.034582e-02 3.573189e-02 6.377515e-02 8.2015009689e+04 2.0059626090e+05 2.0115162430e+05
2467.2330 5.755712e-02 8.076079e-02 9.295669e-04 4.417342e-02 3.150768e-02 7.451654e-02 8.2072084266e+04 2.0065038026e+05 2.0104432792e+05
2468.2335 5.332957e-02 7.262244e-02 9.783472e-04 3.771249e-02 2.694024e-02 8.581386e-02 8.2133983438e+04 2.0070252005e+05 2.0093522325e+05
2469.2340 4.830045e-02 6.649549e-02 9.792857e-04 3.142053e-02 2.256586e-02 9.597609e-02 8.2194487818e+04 2.0074580755e+05 2.0083608734e+05
2470.2345 4.432594e-02 6.277412e-02 9.980656e-04 2.595736e-02 1.887519e-02 1.048214e-01 8.2246752723e+04 2.0077610226e+05 2.0075673355e+05
2471.2350 4.239349e-02 5.843124e-02 1.028427e-03 2.198955e-02 1.611961e-02 1.111798e-01 8.2286282375e+04 2.0079177802e+05 2.0070420822e+05
2472.2355 4.049446e-02 5.549957e-02 1.023305e-03 1.978727e-02 1.470042e-02 1.141877e-01 8.2310886559e+04 2.0079150530e+05 2.0068207238e+05
2473.2360 3.993193e-02 5.327006e-02 1.012637e-03 1.974029e-02 1.478477e-02 1.139681e-01 8.2319060967e+04 2.0077648418e+05 2.0069018146e+05
2474.2365 4.149372e-02 5.298504e-02 1.021217e-03 2.154569e-02 1.625852e-02 1.092581e-01 8.2309843788e+04 2.0075068458e+05 2.0072524469e+05
2475.2370 4.367524e-02 5.536641e-02 9.936942e-04 2.522770e-02 1.889061e-02 1.025167e-01 8.2284674017e+04 2.0071800658e+05 2.0078147539e+05
2476.2375 4.631685e-02 5.965031e-02 1.007094e-03 3.044385e-02 2.264269e-02 9.322784e-02 8.2247247487e+04 2.0068248846e+05 2.0085186797e+05
2477.2380 5.027002e-02 6.709139e-02 9.644322e-04 3.613480e-02 2.666005e-02 8.296552e-02 8.2202253594e+04 2.0064513447e+05 2.0092985051e+05
2478.2385 5.458237e-02 7.666738e-02 9.353492e-04 4.258197e-02 3.109855e-02 7.230035e-02 8.2156248145e+04 2.0060717479e+05 2.0100809126e+05
2479.2390 5.732056e-02 8.532696e-02 9.368169e-04 4.833412e-02 3.501020e-02 6.288247e-02 8.2114693842e+04 2.0057163875e+05 2.0108048342e+05
2480.2395 6.050631e-02 9.220139e-02 9.457669e-04 5.349516e-02 3.841777e-02 5.506026e-02 8.2080840002e+04 2.0054105766e+05 2.0114057959e+05
2481.2400 6.326997e-02 9.574219e-02 9.097951e-04 5.641941e-02 4.032487e-02 4.992581e-02 8.2058695745e+04 2.0051728429e+05 2.0118408393e+05
2482.2405 6.429065e-02 9.698340e-02 9.319649e-04 5.785857e-02 4.113963e-02 4.825624e-02 8.2051713036e+04 2.0050079784e+05 2.0120634919e+05
2483.2410 6.439420e-02 9.573630e-02 8.976295e-04 5.795555e-02 4.098233e-02 4.937031e-02 8.2061242834e+04 2.0049333707e+05 2.0120436854e+05
2484.2415 6.270711e-02 9.228828e-02 9.465176e-04 5.551502e-02 3.917974e-02 5.380721e-02 8.2086599838e+04 2.0049687448e+05 2.0117745412e+05
2485.2420 5.989075e-02 8.719334e-02 9.530465e-04 5.154042e-02 3.617234e-02 6.064378e-02 8.2125109144e+04 2.0051316695e+05 2.0112586191e+05
2486.2425 5.638150e-02 8.325398e-02 9.461166e-04 4.657324e-02 3.265221e-02 6.972814e-02 8.2172593969e+04 2.0054151664e+05 2.0105285630e+05
2487.2430 5.371199e-02 7.973245e-02 9.927299e-04 4.109837e-02 2.881385e-02 7.891735e-02 8.2224770779e+04 2.0057947923e+05 2.0096517173e+05
2488.2435 5.020627e-02 7.381061e-02 9.536797e-04 3.546649e-02 2.498870e-02 8.816784e-02 8.2277869085e+04 2.0062329981e+05 2.0087214098e+05
2489.2440 4.636352e-02 6.671591e-02 9.654957e-04 3.014102e-02 2.138624e-02 9.673122e-02 8.2327055687e+04 2.0066666939e+05 2.0078413966e+05
2490.2445 4.403328e-02 6.123805e-02 1.018486e-03 2.604334e-02 1.879247e-02 1.025621e-01 8.2366875520e+04 2.0070388583e+05 2.0071058507e+05
2491.2450 4.241035e-02 5.634009e-02 1.023547e-03 2.312540e-02 1.697474e-02 1.067812e-01 8.2393718356e+04 2.0073035188e+05 2.0066014869e+05
2492.2455 4.164021e-02 5.307496e-02 1.017106e-03 2.204644e-02 1.649670e-02 1.075303e-01 8.2406532721e+04 2.0074122585e+05 2.0063844970e+05
2493.2460 4.198709e-02 5.287083e-02 1.007508e-03 2.262481e-02 1.712101e-02 1.056177e-01 8.2405541604e+04 2.0073267564e+05 2.0064819443e+05
2494.2465 4.346713e-02 5.610758e-02 9.925677e-04 2.478652e-02 1.881526e-02 1.011110e-01 8.2392744592e+04 2.0070402891e+05 2.0068797723e+05
2495.2470 4.559928e-02 6.238463e-02 9.960639e-04 2.827037e-02 2.135416e-02 9.469494e-02 8.2369662000e+04 2.0065953236e+05 2.0075231926e+05
2496.2475 4.753753e-02 6.949768e-02 9.643016e-04 3.270797e-02 2.442911e-02 8.717196e-02 8.2338703831e+04 2.0060660347e+05 2.0083260608e+05
2497.2480 5.118899e-02 7.495204e-02 9.633969e-04 3.780007e-02 2.793453e-02 7.840606e-02 8.2303540175e+04 2.0055255978e+05 2.0091822509e+05
2498.2485 5.486543e-02 7.998473e-02 9.600387e-04 4.266104e-02 3.110502e-02 7.050696e-02 8.2268640213e+04 2.0050373655e+05 2.0099843652e+05
2499.2490 5.647011e-02 8.376469e-02 9.621271e-04 4.734392e-02 3.416626e-02 6.365174e-02 8.2239448385e+04 2.0046621363e+05 2.0106260950e+05
2500.2495 5.848142e-02 8.519726e-02 9.192778e-04 5.052475e-02 3.615435e-02 5.811666e-02 8.2218653420e+04 2.0044495576e+05 2.0110343590e+05
2501.2500 6.025413e-02 8.642800e-02 9.477440e-04 5.309718e-02 3.762444e-02 5.517556e-02 8.2207484558e+04 2.0044200041e+05 2.0111588257e+05
2502.2505 6.112503e-02 8.938423e-02 9.231757e-04 5.428582e-02 3.816246e-02 5.466655e-02 8.2207595361e+04 2.0045500319e+05 2.0110078576e+05
2503.2510 6.098713e-02 9.306655e-02 9.185882e-04 5.344114e-02 3.740367e-02 5.612432e-02 8.2219885158e+04 2.0047880881e+05 2.0106332878e+05
2504.2515 5.943687e-02 9.220038e-02 9.527169e-04 5.157646e-02 3.592492e-02 5.981338e-02 8.2243952219e+04 2.0050862204e+05 2.0101021392e+05
2505.2520 5.675425e-02 8.666838e-02 9.511028e-04 4.853342e-02 3.379536e-02 6.511057e-02 8.2277174460e+04 2.0053946508e+05 2.0094944210e+05
2506.2525 5.488740e-02 8.054855e-02 9.407556e-04 4.475958e-02 3.117019e-02 7.172825e-02 8.2315230055e+04 2.0056591146e+05 2.0088800974e+05
2507.2530 5.201492e-02 7.439266e-02 9.632605e-04 4.037737e-02 2.838867e-02 7.861480e-02 8.2355597747e+04 2.0058574139e+05 2.0083158897e+05
2508.2535 4.967653e-02 6.883371e-02 9.639082e-04 3.569405e-02 2.536127e-02 8.535877e-02 8.2395157214e+04 2.0059693241e+05 2.0078450413e+05
2509.2540 4.816067e-02 6.415114e-02 9.987855e-04 3.201400e-02 2.311253e-02 9.111754e-02 8.2430896410e+04 2.0059987754e+05 2.0074827435e+05
2510.2545 4.626536e-02 6.064532e-02 9.905344e-04 2.862593e-02 2.102157e-02 9.577162e-02 8.2460776321e+04 2.0059651931e+05 2.0072416296e+05
2511.2550 4.471499e-02 5.897521e-02 1.038041e-03 2.654705e-02 1.985818e-02 9.801635e-02 8.2482268386e+04 2.0059014963e+05 2.0071085912e+05
2512.2555 4.422316e-02 5.993932e-02 9.925838e-04 2.555958e-02 1.935351e-02 9.905854e-02 8.2492727134e+04 2.0058306844e+05 2.0070751932e+05
2513.2560 4.555482e-02 6.160307e-02 1.028929e-03 2.578156e-02 1.958643e-02 9.764681e-02 8.2492760935e+04 2.0057639608e+05 2.0071328078e+05
2514.2565 4.633655e-02 6.336446e-02 1.004750e-03 2.707091e-02 2.046428e-02 9.509597e-02 8.2484793094e+04 2.0056909004e+05 2.0072767899e+05
2515.2570 4.696101e-02 6.535146e-02 9.863511e-04 2.955181e-02 2.211799e-02 9.092609e-02 8.2470552802e+04 2.0056016016e+05 2.0074985925e+05
2516.2575 4.957004e-02 6.773574e-02 9.995323e-04 3.274138e-02 2.421725e-02 8.541445e-02 8.2451015006e+04 2.0054870969e+05 2.0077893260e+05
2517.2580 5.145354e-02 6.987709e-02 9.701134e-04 3.633177e-02 2.642252e-02 7.973198e-02 8.2428521204e+04 2.0053519806e+05 2.0081325396e+05
2518.2585 5.273965e-02 7.270772e-02 9.851617e-04 4.011065e-02 2.877439e-02 7.386419e-02 8.2405878166e+04 2.0051886760e+05 2.0085059954e+05
2519.2590 5.547858e-02 7.746332e-02 9.630115e-04 4.327711e-02 3.070645e-02 6.863309e-02 8.2385417731e+04 2.0049826936e+05 2.0088868568e+05
2520.2595 5.711578e-02 8.323383e-02 9.625675e-04 4.674924e-02 3.280237e-02 6.458980e-02 8.2370340950e+04 2.0047496888e+05 2.0092334521e+05
2521.2600 5.729136e-02 8.717771e-02 9.596997e-04 4.884395e-02 3.402179e-02 6.140290e-02 8.2362794420e+04 2.0045253220e+05 2.0095164127e+05
2522.2605 5.807676e-02 8.802306e-02 9.699501e-04 4.978332e-02 3.462541e-02 5.993448e-02 8.2362347694e+04 2.0043458909e+05 2.0096931168e+05
2523.2610 5.873223e-02 8.672345e-02 9.715204e-04 5.008043e-02 3.480774e-02 6.034357e-02 8.2369486477e+04 2.0042405397e+05 2.0097275414e+05
2524.2615 5.756568e-02 8.360249e-02 9.665130e-04 4.888702e-02 3.415307e-02 6.191701e-02 8.2384883048e+04 2.0042281392e+05 2.0096042768e+05
2525.2620 5.620561e-02 8.040291e-02 9.510285e-04 4.720652e-02 3.320996e-02 6.508238e-02 8.2407401271e+04 2.0043073259e+05 2.0093154468e+05
2526.2625 5.472895e-02 7.549047e-02 9.819395e-04 4.433945e-02 3.158774e-02 6.932796e-02 8.2435321526e+04 2.0044865117e+05 2.0088833844e+05
2527.2630 5.222610e-02 7.198230e-02 9.479881e-04 4.089861e-02 2.942468e-02 7.404641e-02 8.2466260760e+04 2.0047418620e+05 2.0083472165e+05
2528.2635 5.106194e-02 7.130509e-02 9.800608e-04 3.780834e-02 2.762539e-02 7.902045e-02 8.2497273308e+04 2.0050226344e+05 2.0077630244e+05
2529.2640 4.920222e-02 6.979174e-02 9.946946e-04 3.421183e-02 2.532563e-02 8.441981e-02 8.2527230889e+04 2.0052871437e+05 2.0072138262e+05
2530.2645 4.765911e-02 6.677558e-02 1.008165e-03 3.146177e-02 2.360829e-02 8.829335e-02 8.2554578596e+04 2.0054857149e+05 2.0067630325e+05
2531.2650 4.619023e-02 6.480644e-02 9.903557e-04 2.898583e-02 2.198992e-02 9.154746e-02 8.2576507515e+04 2.0055782083e+05 2.0064683496e+05
2532.2655 4.551043e-02 6.239933e-02 1.044776e-03 2.736554e-02 2.086137e-02 9.363239e-02 8.2591792483e+04 2.0055565404e+05 2.0063522749e+05
2533.2660 4.541167e-02 6.131119e-02 1.021911e-03 2.674517e-02 2.028760e-02 9.492352e-02 8.2598858086e+04 2.0054319302e+05 2.0064112940e+05
2534.2665 4.597521e-02 6.017965e-02 1.015692e-03 2.724259e-02 2.040870e-02 9.342292e-02 8.2598742585e+04 2.0052339669e+05 2.0066165955e+05
2535.2670 4.620505e-02 6.010483e-02 1.031195e-03 2.847875e-02 2.097281e-02 9.126940e-02 8.2592500656e+04 2.0049893137e+05 2.0069242549e+05
2536.2675 4.772060e-02 6.411294e-02 1.019439e-03 3.081309e-02 2.219867e-02 8.786911e-02 8.2580491608e+04 2.0047333173e+05 2.0072773365e+05
2537.2680 4.878124e-02 6.968130e-02 1.046181e-03 3.366148e-02 2.386932e-02 8.321573e-02 8.2564707954e+04 2.0045144101e+05 2.0076278490e+05
2538.2685 5.019673e-02 7.411005e-02 9.874489e-04 3.671436e-02 2.568115e-02 7.868073e-02 8.2545885605e+04 2.0043651555e+05 2.0079408312e+05
2539.2690 5.315196e-02 7.792596e-02 9.985314e-04 4.059721e-02 2.811913e-02 7.351606e-02 8.2526443863e+04 2.0042764799e+05 2.0081913671e+05
2540.2695 5.464813e-02 8.072735e-02 9.728129e-04 4.335169e-02 2.999837e-02 6.829748e-02 8.2510284180e+04 2.0042300744e+05 2.0083844905e+05
2541.2700 5.482316e-02 8.073424e-02 9.824708e-04 4.592188e-02 3.189125e-02 6.437003e-02 8.2498905499e+04 2.0042142549e+05 2.0085115621e+05
2542.2705 5.637012e-02 7.969284e-02 9.694084e-04 4.794686e-02 3.343413e-02 6.165274e-02 8.2492078653e+04 2.0042122490e+05 2.0085761099e+05
2543.2710 5.767616e-02 7.941037e-02 9.471774e-04 4.883370e-02 3.430333e-02 5.999857e-02 8.2491768969e+04 2.0042018301e+05 2.0085859398e+05
2544.2715 5.728969e-02 8.135124e-02 1.015265e-03 4.905841e-02 3.473267e-02 5.962538e-02 8.2499569183e+04 2.0041575110e+05 2.0085441547e+05
2545.2720 5.630129e-02 8.291585e-02 9.392907e-04 4.771650e-02 3.422187e-02 6.155005e-02 8.2515005483e+04 2.0040863399e+05 2.0084588603e+05
2546.2725 5.607414e-02 8.190927e-02 9.881324e-04 4.564667e-02 3.301927e-02 6.419236e-02 8.2537351521e+04 2.0040087956e+05 2.0083198649e+05
2547.2730 5.363219e-02 7.858555e-02 9.718264e-04 4.323661e-02 3.167148e-02 6.847061e-02 8.2565105076e+04 2.0039595089e+05 2.0081128887e+05
2548.2735 5.133075e-02 7.485124e-02 1.004147e-03 3.952895e-02 2.929900e-02 7.378393e-02 8.2595291845e+04 2.0039633667e+05 2.0078349216e+05
2549.2740 4.994673e-02 7.070091e-02 9.895494e-04 3.615794e-02 2.713798e-02 7.894569e-02 8.2626212545e+04 2.0040381260e+05 2.0074753008e+05
2550.2745 4.854280e-02 6.560428e-02 9.869067e-04 3.260547e-02 2.461869e-02 8.399841e-02 8.2655782441e+04 2.0041935162e+05 2.0070543611e+05
2551.2750 4.681991e-02 6.008527e-02 1.065057e-03 2.963627e-02 2.241829e-02 8.883940e-02 8.2682051329e+04 2.0044143026e+05 2.0066005704e+05
2552.2755 4.493652e-02 5.788562e-02 1.006598e-03 2.744367e-02 2.069338e-02 9.267069e-02 8.2702645985e+04 2.0046630635e+05 2.0061636384e+05
2553.2760 4.465922e-02 5.876494e-02 1.048943e-03 2.619331e-02 1.945360e-02 9.403823e-02 8.2715595426e+04 2.0048937409e+05 2.0058050719e+05
2554.2765 4.503545e-02 6.157804e-02 1.042224e-03 2.575766e-02 1.880714e-02 9.471038e-02 8.2719776496e+04 2.0050569514e+05 2.0055885795e+05
2555.2770 4.550046e-02 6.381410e-02 1.046834e-03 2.678257e-02 1.915271e-02 9.311620e-02 8.2716484194e+04 2.0051075165e+05 2.0055611259e+05
2556.2775 4.634228e-02 6.512455e-02 1.033323e-03 2.846106e-02 2.004540e-02 9.053592e-02 8.2706348391e+04 2.0050108228e+05 2.0057508060e+05
2557.2780 4.721790e-02 6.748496e-02 1.004911e-03 3.112161e-02 2.170845e-02 8.610650e-02 8.2690665212e+04 2.0047655496e+05 2.0061395054e+05
2558.2785 4.924620e-02 6.970632e-02 1.012225e-03 3.481432e-02 2.417714e-02 8.037531e-02 8.2670561776e+04 2.0044144240e+05 2.0066736474e+05
2559.2790 5.141493e-02 7.104983e-02 1.011529e-03 3.784990e-02 2.629981e-02 7.463264e-02 8.2648676894e+04 2.0040098652e+05 2.0072853421e+05
2560.2795 5.311578e-02 7.403278e-02 9.998194e-04 4.149248e-02 2.895436e-02 6.914039e-02 8.2628400353e+04 2.0035998754e+05 2.0078760569e+05
2561.2800 5.515183e-02 7.877545e-02 9.785949e-04 4.470615e-02 3.139376e-02 6.398093e-02 8.2612070316e+04 2.0032446557e+05 2.0083658886e+05
2562.2805 5.616572e-02 8.236665e-02 9.900012e-04 4.708687e-02 3.325223e-02 5.988471e-02 8.2602101162e+04 2.0030043879e+05 2.0086869062e+05
2563.2810 5.601087e-02 8.485513e-02 9.735977e-04 4.870971e-02 3.464352e-02 5.750300e-02 8.2599671422e+04 2.0029094983e+05 2.0087935406e+05
2564.2815 5.680271e-02 8.645185e-02 9.789828e-04 4.863820e-02 3.489472e-02 5.733969e-02 8.2604399292e+04 2.0029645030e+05 2.0086819667e+05
2565.2820 5.730555e-02 8.549688e-02 9.782280e-04 4.810520e-02 3.474612e-02 5.811760e-02 8.2618076128e+04 2.0031416571e+05 2.0083691077e+05
2566.2825 5.572838e-02 8.159110e-02 9.655013e-04 4.624935e-02 3.371911e-02 6.150126e-02 8.2640339262e+04 2.0033986148e+05 2.0079098255e+05
2567.2830 5.387614e-02 7.592760e-02 9.694565e-04 4.318625e-02 3.174814e-02 6.621606e-02 8.2669245007e+04 2.0036838565e+05 2.0073674351e+05
2568.2835 5.215721e-02 7.063341e-02 9.623624e-04 3.996349e-02 2.960800e-02 7.092318e-02 8.2701843332e+04 2.0039555530e+05 2.0068007160e+05
2569.2840 4.974181e-02 6.733998e-02 1.013951e-03 3.602620e-02 2.676372e-02 7.684795e-02 8.2734633714e+04 2.0041783845e+05 2.0062761412e+05
2570.2845 4.782978e-02 6.547219e-02 1.021401e-03 3.258780e-02 2.427372e-02 8.343072e-02 8.2765192613e+04 2.0043228303e+05 2.0058390253e+05
2571.2850 4.656624e-02 6.307439e-02 9.926541e-04 2.942988e-02 2.182602e-02 8.781682e-02 8.2792144437e+04 2.0043814826e+05 2.0055298824e+05
2572.2855 4.472007e-02 6.062448e-02 1.069072e-03 2.699862e-02 1.983608e-02 9.114578e-02 8.2814161610e+04 2.0043515471e+05 2.0053611580e+05
2573.2860 4.378969e-02 6.005305e-02 1.044301e-03 2.536232e-02 1.846256e-02 9.397724e-02 8.2828303703e+04 2.0042512968e+05 2.0053269347e+05
2574.2865 4.392480e-02 6.063893e-02 1.049645e-03 2.507747e-02 1.806980e-02 9.411220e-02 8.2833590659e+04 2.0041205871e+05 2.0054038838e+05
2575.2870 4.429269e-02 6.126375e-02 1.066191e-03 2.557709e-02 1.823310e-02 9.319217e-02 8.2829839303e+04 2.0039884459e+05 2.0055713884e+05
2576.2875 4.587248e-02 6.167876e-02 1.032215e-03 2.750484e-02 1.947190e-02 8.971231e-02 8.2818205589e+04 2.0038689290e+05 2.0058004368e+05
2577.2880 4.706348e-02 6.392272e-02 1.031980e-03 3.030088e-02 2.136740e-02 8.508247e-02 8.2801463021e+04 2.0037506237e+05 2.0060719298e+05
2578.2885 4.861163e-02 6.810769e-02 1.037731e-03 3.323701e-02 2.336424e-02 8.011230e-02 8.2781500604e+04 2.0036287304e+05 2.0063705006e+05
2579.2890 5.035986e-02 7.284134e-02 1.030945e-03 3.709034e-02 2.614490e-02 7.412792e-02 8.2760606580e+04 2.0035066449e+05 2.0066729083e+05
2580.2895 5.234444e-02 7.775578e-02 1.002631e-03 4.053339e-02 2.861734e-02 6.861550e-02 8.2740768324e+04 2.0033739632e+05 2.0069747519e+05
2581.2900 5.477790e-02 8.202668e-02 9.881520e-04 4.363885e-02 3.090313e-02 6.397315e-02 8.2724883625e+04 2.0032166803e+05 2.0072608033e+05
2582.2905 5.561816e-02 8.497578e-02 9.958339e-04 4.598664e-02 3.266455e-02 6.008055e-02 8.2716029829e+04 2.0030384669e+05 2.0075116598e+05
2583.2910 5.574515e-02 8.477385e-02 9.853755e-04 4.718774e-02 3.377904e-02 5.825073e-02 8.2714487494e+04 2.0028669168e+05 2.0076970966e+05
2584.2915 5.665992e-02 8.185439e-02 9.985675e-04 4.807458e-02 3.450951e-02 5.719081e-02 8.2720035485e+04 2.0027388124e+05 2.0077752641e+05
2585.2920 5.564137e-02 7.949740e-02 9.943078e-04 4.721853e-02 3.403988e-02 5.902269e-02 8.2732832587e+04 2.0026743248e+05 2.0077239104e+05
2586.2925 5.442901e-02 7.748418e-02 9.960372e-04 4.557150e-02 3.298512e-02 6.172330e-02 8.2752873726e+04 2.0026880663e+05 2.0075225609e+05
2587.2930 5.373836e-02 7.589606e-02 1.007431e-03 4.322102e-02 3.144065e-02 6.505055e-02 8.2778892458e+04 2.0027850564e+05 2.0071769276e+05
2588.2935 5.170650e-02 7.311968e-02 1.018319e-03 4.007110e-02 2.920687e-02 7.029302e-02 8.2808888112e+04 2.0029657154e+05 2.0067165069e+05
2589.2940 4.929188e-02 7.027037e-02 1.018950e-03 3.703061e-02 2.710857e-02 7.595540e-02 8.2839371171e+04 2.0032133787e+05 2.0061820587e+05
2590.2945 4.882544e-02 6.780731e-02 1.028735e-03 3.354305e-02 2.461400e-02 8.019189e-02 8.2867002912e+04 2.0034959348e+05 2.0056416042e+05
2591.2950 4.700519e-02 6.575880e-02 1.023608e-03 3.059382e-02 2.251534e-02 8.455851e-02 8.2890599881e+04 2.0037606632e+05 2.0051598100e+05
2592.2955 4.456633e-02 6.247505e-02 1.020022e-03 2.818384e-02 2.078815e-02 8.858032e-02 8.2909615416e+04 2.0039526084e+05 2.0048018473e+05
2593.2960 4.429546e-02 5.911737e-02 1.056567e-03 2.667171e-02 1.963265e-02 9.055804e-02 8.2922746562e+04 2.0040281964e+05 2.0046121724e+05
2594.2965 4.463064e-02 5.828171e-02 1.047562e-03 2.596632e-02 1.908037e-02 9.158957e-02 8.2928954043e+04 2.0039721506e+05 2.0046090622e+05
2595.2970 4.441252e-02 6.052886e-02 1.065883e-03 2.637344e-02 1.922798e-02 8.994456e-02 8.2928728521e+04 2.0037983787e+05 2.0047819922e+05
2596.2975 4.613827e-02 6.385364e-02 1.061787e-03 2.750579e-02 1.996210e-02 8.813265e-02 8.2921229938e+04 2.0035316745e+05 2.0051020277e+05
2597.2980 4.756918e-02 6.693744e-02 1.055547e-03 2.934720e-02 2.111532e-02 8.530521e-02 8.2909241864e+04 2.0032144654e+05 2.0055205358e+05
2598.2985 4.812099e-02 6.956838e-02 1.050637e-03 3.222402e-02 2.301130e-02 8.088920e-02 8.2895450875e+04 2.0028886269e+05 2.0059702872e+05
2599.2990 4.935122e-02 7.282041e-02 1.026742e-03 3.496332e-02 2.484917e-02 7.628468e-02 8.2880084632e+04 2.0026062706e+05 2.0063884247e+05
2600.2995 5.071250e-02 7.496521e-02 1.051260e-03 3.804165e-02 2.693087e-02 7.197537e-02 8.2865521781e+04 2.0024120050e+05 2.0067105495e+05
2601.3000 5.197930e-02 7.639156e-02 1.034184e-03 4.072674e-02 2.874544e-02 6.778544e-02 8.2853241743e+04 2.0023304585e+05 2.0069030791e+05
2602.3005 5.403660e-02 7.763691e-02 1.024246e-03 4.306973e-02 3.045334e-02 6.423795e-02 8.2844680339e+04 2.0023498854e+05 2.0069548604e+05
2603.3010 5.516553e-02 7.942071e-02 9.922151e-04 4.516882e-02 3.189195e-02 6.159838e-02 8.2841754995e+04 2.0024379641e+05 2.0068809400e+05
2604.3015 5.513921e-02 7.887276e-02 1.014091e-03 4.585882e-02 3.249950e-02 6.060945e-02 8.2844133064e+04 2.0025771074e+05 2.0067187105e+05
2605.3020 5.510604e-02 7.781957e-02 1.021153e-03 4.620237e-02 3.285843e-02 5.967864e-02 8.2851809645e+04 2.0027224580e+05 2.0065019245e+05
2606.3025 5.437643e-02 7.813556e-02 9.954610e-04 4.540439e-02 3.251493e-02 6.097421e-02 8.2863960644e+04 2.0028280425e+05 2.0062757792e+05
2607.3030 5.437612e-02 7.783440e-02 1.016406e-03 4.392477e-02 3.161724e-02 6.359746e-02 8.2880673172e+04 2.0028665577e+05 2.0060695692e+05
2608.3035 5.250080e-02 7.590059e-02 1.010686e-03 4.197839e-02 3.041864e-02 6.666539e-02 8.2902696809e+04 2.0028356955e+05 2.0058962747e+05
2609.3040 5.089533e-02 7.206082e-02 1.006909e-03 3.903726e-02 2.847968e-02 6.970209e-02 8.2927571908e+04 2.0027559611e+05 2.0057565105e+05
2610.3045 4.941811e-02 6.946466e-02 1.039911e-03 3.620997e-02 2.665610e-02 7.463697e-02 8.2952006687e+04 2.0026576975e+05 2.0056255889e+05
2611.3050 4.833023e-02 6.740462e-02 1.024293e-03 3.320469e-02 2.463990e-02 7.899219e-02 8.2974792217e+04 2.0025857557e+05 2.0054850943e+05
2612.3055 4.780459e-02 6.470267e-02 1.054580e-03 3.064233e-02 2.289997e-02 8.243923e-02 8.2994742097e+04 2.0025718156e+05 2.0053160756e+05
2613.3060 4.679755e-02 6.167005e-02 1.072627e-03 2.833495e-02 2.119348e-02 8.584547e-02 8.3011441738e+04 2.0026212692e+05 2.0051181747e+05
2614.3065 4.496595e-02 6.026009e-02 1.062647e-03 2.683811e-02 2.001689e-02 8.764246e-02 8.3024882724e+04 2.0027228241e+05 2.0048991694e+05
2615.3070 4.485987e-02 6.078648e-02 1.092559e-03 2.602442e-02 1.931202e-02 8.910789e-02 8.3032885561e+04 2.0028557409e+05 2.0046854531e+05
2616.3075 4.577544e-02 6.335678e-02 1.071256e-03 2.608381e-02 1.914120e-02 8.915692e-02 8.3035468074e+04 2.0029845584e+05 2.0045164579e+05
2617.3080 4.625703e-02 6.457720e-02 1.081947e-03 2.708693e-02 1.957486e-02 8.740595e-02 8.3033800797e+04 2.0030771847e+05 2.0044349236e+05
2618.3085 4.692762e-02 6.655173e-02 1.055638e-03 2.871259e-02 2.044148e-02 8.521619e-02 8.3027539135e+04 2.0030846477e+05 2.0044777770e+05
2619.3090 4.806894e-02 6.830965e-02 1.034480e-03 3.121750e-02 2.206563e-02 8.165825e-02 8.3017929948e+04 2.0029895704e+05 2.0046548873e+05
2620.3095 4.850611e-02 6.966061e-02 1.092534e-03 3.378384e-02 2.370846e-02 7.717846e-02 8.3006087680e+04 2.0028005808e+05 2.0049563144e+05
2621.3100 5.023740e-02 7.073151e-02 1.037700e-03 3.702546e-02 2.591219e-02 7.267123e-02 8.2992267269e+04 2.0025426185e+05 2.0053376253e+05
2622.3105 5.201738e-02 7.244622e-02 1.045768e-03 4.004740e-02 2.803760e-02 6.816436e-02 8.2979018131e+04 2.0022499322e+05 2.0057467594e+05
2623.3110 5.216816e-02 7.499940e-02 1.050905e-03 4.237845e-02 2.977823e-02 6.424294e-02 8.2969042925e+04 2.0019623257e+05 2.0061227643e+05
2624.3115 5.385508e-02 7.817969e-02 1.006335e-03 4.475978e-02 3.157928e-02 6.036129e-02 8.2962607025e+04 2.0017257420e+05 2.0064027208e+05
2625.3120 5.492886e-02 8.006360e-02 1.009509e-03 4.594074e-02 3.260267e-02 5.835730e-02 8.2960594468e+04 2.0015851036e+05 2.0065507967e+05
2626.3125 5.446037e-02 8.057513e-02 1.038264e-03 4.658833e-02 3.329966e-02 5.791616e-02 8.2963953207e+04 2.0015569178e+05 2.0065411177e+05
2627.3130 5.447859e-02 7.993537e-02 1.006590e-03 4.599135e-02 3.311095e-02 5.821405e-02 8.2972540760e+04 2.0016362186e+05 2.0063810926e+05
2628.3135 5.437914e-02 7.860139e-02 1.028271e-03 4.430716e-02 3.219629e-02 5.973224e-02 8.2986952654e+04 2.0017877363e+05 2.0060946967e+05
2629.3140 5.245494e-02 7.487609e-02 1.040539e-03 4.224527e-02 3.093240e-02 6.356681e-02 8.3007407721e+04 2.0019824717e+05 2.0057170014e+05
2630.3145 5.147891e-02 7.024777e-02 1.013905e-03 3.917766e-02 2.893085e-02 6.794233e-02 8.3031632229e+04 2.0021832853e+05 2.0052995548e+05
2631.3150 5.040651e-02 6.739345e-02 1.060928e-03 3.580887e-02 2.665931e-02 7.282514e-02 8.3057997110e+04 2.0023514734e+05 2.0048859655e+05
2632.3155 4.853654e-02 6.585113e-02 1.062830e-03 3.234368e-02 2.417040e-02 7.769479e-02 8.3084926457e+04 2.0024680652e+05 2.0045180975e+05
2633.3160 4.735056e-02 6.441419e-02 1.069575e-03 2.919237e-02 2.181198e-02 8.258312e-02 8.3110159498e+04 2.0025213974e+05 2.0042257120e+05
2634.3165 4.591854e-02 6.250532e-02 1.089718e-03 2.646342e-02 1.973093e-02 8.725989e-02 8.3132107880e+04 2.0025169031e+05 2.0040245054e+05
2635.3170 4.460842e-02 6.054184e-02 1.085999e-03 2.457373e-02 1.811674e-02 9.035455e-02 8.3149440281e+04 2.0024690854e+05 2.0039139168e+05
2636.3175 4.367726e-02 6.060256e-02 1.120149e-03 2.369541e-02 1.724400e-02 9.133946e-02 8.3160755193e+04 2.0023947993e+05 2.0038815522e+05
2637.3180 4.349901e-02 6.049210e-02 1.114445e-03 2.377440e-02 1.709512e-02 9.149254e-02 8.3164826237e+04 2.0023232084e+05 2.0039133698e+05
2638.3185 4.429126e-02 5.994988e-02 1.077380e-03 2.506890e-02 1.777566e-02 8.969629e-02 8.3162272392e+04 2.0022643817e+05 2.0039961472e+05
2639.3190 4.606470e-02 6.078066e-02 1.068246e-03 2.707992e-02 1.909859e-02 8.580366e-02 8.3153755138e+04 2.0022133225e+05 2.0041241117e+05
2640.3195 4.678735e-02 6.340207e-02 1.040750e-03 3.029488e-02 2.122462e-02 8.119539e-02 8.3140563502e+04 2.0021628154e+05 2.0042904854e+05
2641.3200 4.843201e-02 6.781521e-02 1.051028e-03 3.375080e-02 2.366739e-02 7.607172e-02 8.3123119729e+04 2.0021007776e+05 2.0044989686e+05
2642.3205 5.075260e-02 7.174884e-02 1.059944e-03 3.731393e-02 2.629208e-02 6.976422e-02 8.3103980219e+04 2.0020176433e+05 2.0047494148e+05
2643.3210 5.186254e-02 7.593012e-02 1.062399e-03 4.105293e-02 2.897877e-02 6.365985e-02 8.3085674221e+04 2.0018920967e+05 2.0050350982e+05
2644.3215 5.377798e-02 7.977362e-02 1.014398e-03 4.399279e-02 3.126636e-02 5.935650e-02 8.3069671904e+04 2.0017154520e+05 2.0053445745e+05
2645.3220 5.562220e-02 8.141457e-02 1.016663e-03 4.643701e-02 3.318679e-02 5.535483e-02 8.3059217168e+04 2.0015036191e+05 2.0056464644e+05
2646.3225 5.587626e-02 8.104247e-02 1.021758e-03 4.752481e-02 3.414125e-02 5.273929e-02 8.3055924315e+04 2.0012808738e+05 2.0059048545e+05
2647.3230 5.634169e-02 7.870894e-02 1.010922e-03 4.758712e-02 3.442915e-02 5.249313e-02 8.3060563817e+04 2.0010775196e+05 2.0060695570e+05
2648.3235 5.659142e-02 7.766200e-02 1.038939e-03 4.653420e-02 3.381646e-02 5.457649e-02 8.3072730121e+04 2.0009304540e+05 2.0060958322e+05
2649.3240 5.529975e-02 7.722954e-02 1.032540e-03 4.401906e-02 3.213904e-02 5.809588e-02 8.3092708408e+04 2.0008810247e+05 2.0059549747e+05
2650.3245 5.321288e-02 7.568182e-02 1.039128e-03 4.093429e-02 2.999630e-02 6.286248e-02 8.3119162522e+04 2.0009537213e+05 2.0056338817e+05
2651.3250 5.147760e-02 7.257550e-02 1.064409e-03 3.715288e-02 2.724800e-02 6.871731e-02 8.3149562642e+04 2.0011518839e+05 2.0051538915e+05
2652.3255 4.933760e-02 6.934625e-02 1.072915e-03 3.314452e-02 2.435143e-02 7.566789e-02 8.3182215682e+04 2.0014393980e+05 2.0045608807e+05
2653.3260 4.707676e-02 6.601420e-02 1.077694e-03 2.905112e-02 2.130515e-02 8.171925e-02 8.3214539956e+04 2.0017792511e+05 2.0039253971e+05
2654.3265 4.511466e-02 6.135543e-02 1.101754e-03 2.565881e-02 1.872735e-02 8.704511e-02 8.3243620961e+04 2.0021177731e+05 2.0033248536e+05
2655.3270 4.376825e-02 5.720024e-02 1.120310e-03 2.307178e-02 1.678647e-02 9.094221e-02 8.3266745978e+04 2.0023968471e+05 2.0028388519e+05
2656.3275 4.266523e-02 5.528029e-02 1.116364e-03 2.149531e-02 1.548553e-02 9.356582e-02 8.3282000838e+04 2.0025636738e+05 2.0025331891e+05
2657.3280 4.236204e-02 5.544683e-02 1.132146e-03 2.138549e-02 1.533233e-02 9.346022e-02 8.3288840211e+04 2.0025844486e+05 2.0024460634e+05
2658.3285 4.256502e-02 5.675943e-02 1.114691e-03 2.234309e-02 1.594273e-02 9.172439e-02 8.3286786984e+04 2.0024551806e+05 2.0025905979e+05
2659.3290 4.407551e-02 5.979146e-02 1.065260e-03 2.486772e-02 1.761931e-02 8.788890e-02 8.3276470408e+04 2.0021891308e+05 2.0029401581e+05
2660.3295 4.516199e-02 6.441930e-02 1.102769e-03 2.802703e-02 1.989828e-02 8.275779e-02 8.3259953480e+04 2.0018241408e+05 2.0034461570e+05
2661.3300 4.723950e-02 6.908191e-02 1.088924e-03 3.179054e-02 2.262267e-02 7.614382e-02 8.3239294970e+04 2.0014145202e+05 2.0040355512e+05
2662.3305 5.046584e-02 7.272159e-02 1.080956e-03 3.600140e-02 2.567821e-02 6.930726e-02 8.3216044562e+04 2.0010285395e+05 2.0046250118e+05
2663.3310 5.295905e-02 7.382408e-02 1.084662e-03 3.992173e-02 2.857443e-02 6.347151e-02 8.3193393768e+04 2.0007228332e+05 2.0051386762e+05
2664.3315 5.322381e-02 7.534372e-02 1.046971e-03 4.348304e-02 3.125793e-02 5.729974e-02 8.3174757382e+04 2.0005300115e+05 2.0055111800e+05
2665.3320 5.483859e-02 7.777001e-02 1.047479e-03 4.601009e-02 3.314279e-02 5.305108e-02 8.3160492598e+04 2.0004595192e+05 2.0057071955e+05
2666.3325 5.726139e-02 7.953543e-02 1.044197e-03 4.780784e-02 3.451435e-02 5.040582e-02 8.3153647740e+04 2.0005001573e+05 2.0057160203e+05
2667.3330 5.670005e-02 8.124135e-02 1.032141e-03 4.812530e-02 3.470918e-02 5.051600e-02 8.3156727110e+04 2.0006144443e+05 2.0055633208e+05
2668.3335 5.526528e-02 8.240714e-02 1.030071e-03 4.698868e-02 3.391824e-02 5.206584e-02 8.3169580084e+04 2.0007645415e+05 2.0052877190e+05
2669.3340 5.532539e-02 8.126871e-02 1.055977e-03 4.486326e-02 3.232108e-02 5.529252e-02 8.3190504318e+04 2.0009154051e+05 2.0049332539e+05
2670.3345 5.415594e-02 7.856728e-02 1.040513e-03 4.150734e-02 2.993733e-02 6.064059e-02 8.3218309967e+04 2.0010425895e+05 2.0045457784e+05
2671.3350 5.108376e-02 7.304793e-02 1.097403e-03 3.756322e-02 2.704796e-02 6.785629e-02 8.3250635219e+04 2.0011438127e+05 2.0041540019e+05
2672.3355 4.820518e-02 6.577778e-02 1.059384e-03 3.320357e-02 2.391575e-02 7.393622e-02 8.3285004890e+04 2.0012263785e+05 2.0037754158e+05
2673.3360 4.637980e-02 6.053966e-02 1.125626e-03 2.920530e-02 2.103874e-02 8.018665e-02 8.3318034373e+04 2.0012866043e+05 2.0034142755e+05
2674.3365 4.403529e-02 5.746746e-02 1.104248e-03 2.553586e-02 1.839289e-02 8.590293e-02 8.3347823906e+04 2.0013492280e+05 2.0030785340e+05
2675.3370 4.215761e-02 5.647929e-02 1.102641e-03 2.270831e-02 1.629401e-02 9.016919e-02 8.3371837260e+04 2.0014244036e+05 2.0027778480e+05
2676.3375 4.188317e-02 5.740864e-02 1.144945e-03 2.111806e-02 1.519489e-02 9.205771e-02 8.3388160678e+04 2.0015054876e+05 2.0025338980e+05
2677.3380 4.220086e-02 5.870318e-02 1.137783e-03 2.062392e-02 1.481821e-02 9.281981e-02 8.3395691561e+04 2.0015781499e+05 2.0023800582e+05
2678.3385 4.225685e-02 5.986841e-02 1.146516e-03 2.167581e-02 1.556509e-02 9.100433e-02 8.3394614003e+04 2.0016218004e+05 2.0023416805e+05
2679.3390 4.269131e-02 5.977328e-02 1.129542e-03 2.363873e-02 1.706219e-02 8.749315e-02 8.3385106088e+04 2.0016185905e+05 2.0024396847e+05
2680.3395 4.472788e-02 5.944913e-02 1.108031e-03 2.662867e-02 1.931423e-02 8.216740e-02 8.3368214040e+04 2.0015446943e+05 2.0026754162e+05
2681.3400 4.609147e-02 6.136270e-02 1.094695e-03 3.032800e-02 2.196037e-02 7.652938e-02 8.3346893804e+04 2.0013824053e+05 2.0030358551e+05
2682.3405 4.842604e-02 6.659984e-02 1.073246e-03 3.429015e-02 2.484457e-02 7.022500e-02 8.3324205392e+04 2.0011207898e+05 2.0034916283e+05
2683.3410 5.119738e-02 7.138153e-02 1.076782e-03 3.840229e-02 2.771313e-02 6.321416e-02 8.3302874340e+04 2.0007997011e+05 2.0039955066e+05
2684.3415 5.302231e-02 7.638139e-02 1.062101e-03 4.183869e-02 3.018037e-02 5.812660e-02 8.3284556231e+04 2.0004551774e+05 2.0044928797e+05
2685.3420 5.465064e-02 8.055662e-02 1.040541e-03 4.474981e-02 3.215765e-02 5.390922e-02 8.3270918988e+04 2.0001396663e+05 2.0049186799e+05
2686.3425 5.596906e-02 8.335210e-02 1.022757e-03 4.643845e-02 3.330059e-02 5.153370e-02 8.3263394949e+04 1.9998990887e+05 2.0052159062e+05
2687.3430 5.546406e-02 8.279236e-02 1.055346e-03 4.697095e-02 3.361891e-02 5.051026e-02 8.3264524360e+04 1.9997729291e+05 2.0053356824e+05
2688.3435 5.473251e-02 7.886375e-02 1.063397e-03 4.628864e-02 3.304935e-02 5.163921e-02 8.3274780209e+04 1.9997771383e+05 2.0052483932e+05
2689.3440 5.414641e-02 7.447003e-02 1.032178e-03 4.425672e-02 3.158731e-02 5.514190e-02 8.3293090249e+04 1.9999104106e+05 2.0049519401e+05
2690.3445 5.274360e-02 7.217280e-02 1.046451e-03 4.143239e-02 2.954814e-02 6.000006e-02 8.3318313201e+04 2.0001522050e+05 2.0044731076e+05
2691.3450 5.128959e-02 7.042524e-02 1.070667e-03 3.780243e-02 2.690498e-02 6.494017e-02 8.3348161163e+04 2.0004705951e+05 2.0038742370e+05
2692.3455 4.917575e-02 6.811709e-02 1.091075e-03 3.398483e-02 2.419832e-02 7.131217e-02 8.3379634098e+04 2.0008144868e+05 2.0032342202e+05
2693.3460 4.716527e-02 6.622312e-02 1.101137e-03 2.999728e-02 2.139968e-02 7.749653e-02 8.3410146215e+04 2.0011205661e+05 2.0026401739e+05
2694.3465 4.438373e-02 6.352084e-02 1.130723e-03 2.659137e-02 1.897461e-02 8.242436e-02 8.3438319587e+04 2.0013425123e+05 2.0021624791e+05
2695.3470 4.287045e-02 6.020547e-02 1.110305e-03 2.387955e-02 1.721740e-02 8.659827e-02 8.3461253101e+04 2.0014445126e+05 2.0018518208e+05
2696.3475 4.225680e-02 5.619508e-02 1.105228e-03 2.194239e-02 1.586272e-02 8.942157e-02 8.3477689163e+04 2.0014221961e+05 2.0017305816e+05
2697.3480 4.212410e-02 5.395553e-02 1.117538e-03 2.133452e-02 1.555521e-02 8.962493e-02 8.3487776181e+04 2.0012768693e+05 2.0017871357e+05
2698.3485 4.213501e-02 5.422929e-02 1.117495e-03 2.154676e-02 1.581273e-02 8.920922e-02 8.3490109186e+04 2.0010474676e+05 2.0019925267e+05
2699.3490 4.371875e-02 5.599196e-02 1.148019e-03 2.319546e-02 1.698098e-02 8.604850e-02 8.3484683790e+04 2.0007869965e+05 2.0022947468e+05
2700.3495 4.467814e-02 5.953080e-02 1.107793e-03 2.576338e-02 1.882815e-02 8.214099e-02 8.3472118970e+04 2.0005432224e+05 2.0026443647e+05
2701.3500 4.521876e-02 6.377387e-02 1.099267e-03 2.903228e-02 2.107420e-02 7.704717e-02 8.3454708193e+04 2.0003444437e+05 2.0029962557e+05
2702.3505 4.768716e-02 6.889011e-02 1.113239e-03 3.266885e-02 2.363849e-02 7.106014e-02 8.3434129939e+04 2.0001984337e+05 2.0033164565e+05
2703.3510 4.997411e-02 7.351322e-02 1.089617e-03 3.622680e-02 2.608466e-02 6.587146e-02 8.3413949846e+04 2.0000986596e+05 2.0035868192e+05
2704.3515 5.153213e-02 7.522730e-02 1.061972e-03 3.970874e-02 2.848602e-02 6.039304e-02 8.3397044270e+04 2.0000445112e+05 2.0037960865e+05
2705.3520 5.361293e-02 7.521083e-02 1.042894e-03 4.232502e-02 3.033417e-02 5.620142e-02 8.3383537541e+04 2.0000193666e+05 2.0039468170e+05
2706.3525 5.497817e-02 7.562011e-02 1.089760e-03 4.422664e-02 3.158563e-02 5.296650e-02 8.3375033090e+04 2.0000041635e+05 2.0040400472e+05
2707.3530 5.553177e-02 7.636348e-02 1.049210e-03 4.514797e-02 3.222903e-02 5.150396e-02 8.3372892180e+04 1.9999796077e+05 2.0040802238e+05
2708.3535 5.482998e-02 7.684117e-02 1.063274e-03 4.488852e-02 3.198671e-02 5.236985e-02 8.3378070942e+04 1.9999396889e+05 2.0040680357e+05
2709.3540 5.346725e-02 7.674278e-02 1.080253e-03 4.375643e-02 3.111275e-02 5.459904e-02 8.3391433840e+04 1.9998850528e+05 2.0039943188e+05
2710.3545 5.229292e-02 7.655463e-02 1.071881e-03 4.139528e-02 2.941264e-02 5.746530e-02 8.3412159232e+04 1.9998303109e+05 2.0038518500e+05
2711.3550 5.120499e-02 7.521146e-02 1.095466e-03 3.824886e-02 2.722998e-02 6.249362e-02 8.3437712779e+04 1.9998070604e+05 2.0036304444e+05
2712.3555 4.929316e-02 7.136364e-02 1.095678e-03 3.465672e-02 2.473873e-02 6.775910e-02 8.3466518578e+04 1.9998485895e+05 2.0033272604e+05
2713.3560 4.766611e-02 6.491326e-02 1.103685e-03 3.116268e-02 2.234937e-02 7.340297e-02 8.3495790251e+04 1.9999683813e+05 2.0029482628e+05
2714.3565 4.583669e-02 5.964627e-02 1.132746e-03 2.753182e-02 1.983207e-02 7.866316e-02 8.3523299115e+04 2.0001554306e+05 2.0025185616e+05
2715.3570 4.293731e-02 5.674676e-02 1.132905e-03 2.473775e-02 1.790389e-02 8.277682e-02 8.3547314161e+04 2.0003891222e+05 2.0020704712e+05
2716.3575 4.247540e-02 5.519003e-02 1.143104e-03 2.276468e-02 1.653164e-02 8.549325e-02 8.3565699447e+04 2.0006282485e+05 2.0016575127e+05
2717.3580 4.193682e-02 5.599025e-02 1.127363e-03 2.146084e-02 1.555685e-02 8.771751e-02 8.3578128849e+04 2.0008197493e+05 2.0013413350e+05
2718.3585 4.152614e-02 5.852240e-02 1.142909e-03 2.160805e-02 1.564332e-02 8.718046e-02 8.3584715558e+04 2.0009149598e+05 2.0011728895e+05
2719.3590 4.217332e-02 6.187469e-02 1.158805e-03 2.253630e-02 1.632363e-02 8.526440e-02 8.3583681921e+04 2.0008880226e+05 2.0011948911e+05
2720.3595 4.395837e-02 6.375834e-02 1.136316e-03 2.456553e-02 1.773513e-02 8.202877e-02 8.3575251164e+04 2.0007370314e+05 2.0014147788e+05
2721.3600 4.493463e-02 6.307121e-02 1.100814e-03 2.727491e-02 1.968500e-02 7.744744e-02 8.3561139765e+04 2.0004847360e+05 2.0018073233e+05
2722.3605 4.597765e-02 6.253495e-02 1.107883e-03 3.048251e-02 2.199050e-02 7.250567e-02 8.3543030177e+04 2.0001538399e+05 2.0023149942e+05
2723.3610 4.801049e-02 6.478985e-02 1.112432e-03 3.413491e-02 2.453921e-02 6.703076e-02 8.3523198956e+04 1.9997885555e+05 2.0028583748e+05
2724.3615 4.988157e-02 6.851075e-02 1.098809e-03 3.735293e-02 2.689596e-02 6.158674e-02 8.3504826697e+04 1.9994488022e+05 2.0033593581e+05
2725.3620 5.135477e-02 7.206493e-02 1.098353e-03 4.031068e-02 2.895098e-02 5.696906e-02 8.3490162370e+04 1.9991865580e+05 2.0037468625e+05
2726.3625 5.352528e-02 7.759320e-02 1.071912e-03 4.253396e-02 3.057505e-02 5.333277e-02 8.3480154133e+04 1.9990248657e+05 2.0039765111e+05
2727.3630 5.471156e-02 8.119063e-02 1.092926e-03 4.369235e-02 3.139892e-02 5.183514e-02 8.3476456621e+04 1.9989852585e+05 2.0040312531e+05
2728.3635 5.389250e-02 8.161853e-02 1.058638e-03 4.404272e-02 3.162888e-02 5.147774e-02 8.3480399693e+04 1.9990642657e+05 2.0039143648e+05
2729.3640 5.300329e-02 7.751096e-02 1.081853e-03 4.294482e-02 3.093643e-02 5.258825e-02 8.3491550198e+04 1.9992359428e+05 2.0036532426e+05
2730.3645 5.252344e-02 7.191235e-02 1.133069e-03 4.089346e-02 2.943781e-02 5.578537e-02 8.3509177205e+04 1.9994561775e+05 2.0032826585e+05
2731.3650 5.085661e-02 6.844062e-02 1.066087e-03 3.816276e-02 2.749755e-02 6.050025e-02 8.3533201624e+04 1.9996731183e+05 2.0028460791e+05
2732.3655 4.865116e-02 6.571643e-02 1.086752e-03 3.486516e-02 2.516324e-02 6.568934e-02 8.3562006655e+04 1.9998581939e+05 2.0023947336e+05
2733.3660 4.751371e-02 6.465378e-02 1.073402e-03 3.114315e-02 2.235025e-02 7.177257e-02 8.3591787627e+04 1.9999878486e+05 2.0019777737e+05
2734.3665 4.536537e-02 6.353510e-02 1.147351e-03 2.799373e-02 2.001371e-02 7.612021e-02 8.3620574007e+04 2.0000703805e+05 2.0016251732e+05
2735.3670 4.339666e-02 6.274069e-02 1.159359e-03 2.496228e-02 1.773032e-02 8.103434e-02 8.3644937661e+04 2.0000977296e+05 2.0013664871e+05
2736.3675 4.214460e-02 6.172849e-02 1.139293e-03 2.270921e-02 1.605746e-02 8.459014e-02 8.3663303821e+04 2.0000828751e+05 2.0012079280e+05
2737.3680 4.120344e-02 5.851763e-02 1.179413e-03 2.165622e-02 1.525055e-02 8.553095e-02 8.3675978629e+04 2.0000411653e+05 2.0011435843e+05
2738.3685 4.067798e-02 5.596122e-02 1.123171e-03 2.127951e-02 1.504955e-02 8.635862e-02 8.3681664682e+04 1.9999757888e+05 2.0011634923e+05
2739.3690 4.191858e-02 5.531765e-02 1.144597e-03 2.224864e-02 1.576660e-02 8.412374e-02 8.3680337239e+04 1.9999047042e+05 2.0012472444e+05
2740.3695 4.278479e-02 5.632758e-02 1.169484e-03 2.395306e-02 1.703549e-02 8.080769e-02 8.3672533230e+04 1.9998378331e+05 2.0013868916e+05
2741.3700 4.487844e-02 5.986126e-02 1.118687e-03 2.653254e-02 1.897976e-02 7.667845e-02 8.3658488783e+04 1.9997657288e+05 2.0015757991e+05
2742.3705 4.661993e-02 6.417526e-02 1.123156e-03 2.985559e-02 2.144917e-02 7.163640e-02 8.3640481665e+04 1.9996830069e+05 2.0018107873e+05
2743.3710 4.756687e-02 6.814563e-02 1.095171e-03 3.312402e-02 2.387793e-02 6.595287e-02 8.3621920838e+04 1.9995697723e+05 2.0020902028e+05
2744.3715 4.933133e-02 7.269306e-02 1.069004e-03 3.648272e-02 2.644173e-02 6.046622e-02 8.3604453714e+04 1.9994113265e+05 2.0023964522e+05
2745.3720 5.114555e-02 7.497035e-02 1.108022e-03 3.921590e-02 2.851971e-02 5.650983e-02 8.3590248095e+04 1.9992219027e+05 2.0027077866e+05
2746.3725 5.271426e-02 7.473368e-02 1.075468e-03 4.114711e-02 2.997961e-02 5.333120e-02 8.3582209227e+04 1.9990128764e+05 2.0029905869e+05
2747.3730 5.326131e-02 7.455914e-02 1.100309e-03 4.235144e-02 3.091669e-02 5.120835e-02 8.3581302427e+04 1.9988095209e+05 2.0032015498e+05
2748.3735 5.391737e-02 7.283299e-02 1.094339e-03 4.235928e-02 3.090655e-02 5.136616e-02 8.3587551149e+04 1.9986508445e+05 2.0033021148e+05
2749.3740 5.254379e-02 7.199470e-02 1.088782e-03 4.150582e-02 3.013585e-02 5.298767e-02 8.3600815852e+04 1.9985741756e+05 2.0032545744e+05
2750.3745 5.060129e-02 7.066641e-02 1.081135e-03 3.978681e-02 2.874358e-02 5.671788e-02 8.3619486756e+04 1.9986108958e+05 2.0030421840e+05
2751.3750 4.968068e-02 7.023495e-02 1.123005e-03 3.720526e-02 2.664468e-02 6.067077e-02 8.3642190555e+04 1.9987566223e+05 2.0026774020e+05
2752.3755 4.759190e-02 7.054988e-02 1.099636e-03 3.403067e-02 2.411726e-02 6.589917e-02 8.3667951347e+04 1.9989863323e+05 2.0021987860e+05
2753.3760 4.596616e-02 6.783849e-02 1.140403e-03 3.100002e-02 2.177081e-02 7.076405e-02 8.3694966608e+04 1.9992728209e+05 2.0016621182e+05
2754.3765 4.475957e-02 6.322973e-02 1.160288e-03 2.777930e-02 1.927303e-02 7.585441e-02 8.3719875346e+04 1.9995693347e+05 2.0011420827e+05
2755.3770 4.321105e-02 5.820794e-02 1.176737e-03 2.525676e-02 1.738647e-02 7.941238e-02 8.3740410786e+04 1.9998342992e+05 2.0007018031e+05
2756.3775 4.183529e-02 5.549308e-02 1.194064e-03 2.348210e-02 1.610903e-02 8.169986e-02 8.3754189013e+04 2.0000180940e+05 2.0004005242e+05
2757.3780 4.220842e-02 5.553109e-02 1.109847e-03 2.249622e-02 1.545664e-02 8.325308e-02 8.3760430852e+04 2.0000732085e+05 2.0002808869e+05
2758.3785 4.203389e-02 5.601702e-02 1.165091e-03 2.269812e-02 1.571314e-02 8.212607e-02 8.3761530387e+04 1.9999891998e+05 2.0003550022e+05
2759.3790 4.171462e-02 5.807580e-02 1.160830e-03 2.345319e-02 1.643237e-02 8.016450e-02 8.3757827133e+04 1.9997644586e+05 2.0006124851e+05
2760.3795 4.410551e-02 6.228355e-02 1.150315e-03 2.517648e-02 1.786509e-02 7.677653e-02 8.3748938215e+04 1.9994337733e+05 2.0010058595e+05
2761.3800 4.567778e-02 6.622567e-02 1.141045e-03 2.749863e-02 1.982224e-02 7.288413e-02 8.3737038631e+04 1.9990641475e+05 2.0014710762e+05
2762.3805 4.664923e-02 6.787477e-02 1.131037e-03 2.987458e-02 2.179350e-02 6.823943e-02 8.3724008854e+04 1.9987202117e+05 2.0019364491e+05
2763.3810 4.872250e-02 6.695206e-02 1.134197e-03 3.258251e-02 2.400253e-02 6.361306e-02 8.3710816867e+04 1.9984575638e+05 2.0023248738e+05
2764.3815 4.995829e-02 6.672674e-02 1.123095e-03 3.492877e-02 2.587631e-02 6.016317e-02 8.3700146957e+04 1.9983013737e+05 2.0025805740e+05
2765.3820 5.009826e-02 6.685639e-02 1.126754e-03 3.696366e-02 2.739833e-02 5.688122e-02 8.3694156400e+04 1.9982737325e+05 2.0026668791e+05
2766.3825 5.046023e-02 6.902563e-02 1.096312e-03 3.847425e-02 2.846673e-02 5.475071e-02 8.3692759308e+04 1.9983594884e+05 2.0025827823e+05
2767.3830 5.192181e-02 7.061172e-02 1.111888e-03 3.900353e-02 2.866346e-02 5.431962e-02 8.3696866186e+04 1.9985237271e+05 2.0023641103e+05
2768.3835 5.084633e-02 7.343615e-02 1.121528e-03 3.891348e-02 2.837581e-02 5.484820e-02 8.3707633970e+04 1.9987100447e+05 2.0020623418e+05
2769.3840 4.964552e-02 7.406949e-02 1.092375e-03 3.800980e-02 2.749246e-02 5.699627e-02 8.3722932994e+04 1.9988820972e+05 2.0017380460e+05
2770.3845 4.869405e-02 7.067263e-02 1.131856e-03 3.639990e-02 2.597560e-02 5.960706e-02 8.3740849265e+04 1.9990201406e+05 2.0014403728e+05
2771.3850 4.688560e-02 6.616982e-02 1.136944e-03 3.431853e-02 2.422977e-02 6.313359e-02 8.3759676446e+04 1.9990987931e+05 2.0011998133e+05
2772.3855 4.531508e-02 6.145889e-02 1.159341e-03 3.216049e-02 2.242219e-02 6.679168e-02 8.3778336565e+04 1.9991116568e+05 2.0010270759e+05
2773.3860 4.460930e-02 5.879763e-02 1.172261e-03 2.979004e-02 2.055745e-02 7.085887e-02 8.3795297920e+04 1.9990643122e+05 2.0009185161e+05
2774.3865 4.381281e-02 5.835345e-02 1.177453e-03 2.791512e-02 1.917892e-02 7.311343e-02 8.3810258346e+04 1.9989864282e+05 2.0008562294e+05
2775.3870 4.308068e-02 5.907580e-02 1.161608e-03 2.640391e-02 1.806816e-02 7.516792e-02 8.3821123010e+04 1.9989093962e+05 2.0008271143e+05
2776.3875 4.269791e-02 6.108297e-02 1.151024e-03 2.548676e-02 1.752957e-02 7.626300e-02 8.3826935859e+04 1.9988541081e+05 2.0008196357e+05
2777.3880 4.398142e-02 6.306426e-02 1.172576e-03 2.511931e-02 1.744378e-02 7.585152e-02 8.3827930722e+04 1.9988226834e+05 2.0008307016e+05
2778.3885 4.411365e-02 6.383329e-02 1.166791e-03 2.519740e-02 1.776101e-02 7.510401e-02 8.3826023601e+04 1.9988083240e+05 2.0008620678e+05
2779.3890 4.424245e-02 6.195114e-02 1.176313e-03 2.602676e-02 1.866356e-02 7.319004e-02 8.3822782989e+04 1.9987974482e+05 2.0009132594e+05
2780.3895 4.501867e-02 6.091235e-02 1.186909e-03 2.708457e-02 1.980333e-02 7.125440e-02 8.3818354310e+04 1.9987694651e+05 2.0009848165e+05
2781.3900 4.673823e-02 6.136122e-02 1.152548e-03 2.826105e-02 2.092269e-02 6.816816e-02 8.3814030856e+04 1.9987193959e+05 2.0010735386e+05
2782.3905 4.723658e-02 6.388436e-02 1.137638e-03 2.977439e-02 2.221047e-02 6.586019e-02 8.3810496841e+04 1.9986412910e+05 2.0011722025e+05
2783.3910 4.812819e-02 6.524812e-02 1.141533e-03 3.115760e-02 2.330960e-02 6.417998e-02 8.3808460963e+04 1.9985443835e+05 2.0012776018e+05
2784.3915 4.893167e-02 6.694237e-02 1.154103e-03 3.262106e-02 2.432024e-02 6.182497e-02 8.3809043594e+04 1.9984303398e+05 2.0013760037e+05
2785.3920 4.811545e-02 6.941993e-02 1.115159e-03 3.366916e-02 2.496575e-02 6.060263e-02 8.3812053886e+04 1.9983146070e+05 2.0014523648e+05
2786.3925 4.755831e-02 6.975839e-02 1.147111e-03 3.435630e-02 2.526594e-02 6.002310e-02 8.3817446050e+04 1.9982254826e+05 2.0014868595e+05
2787.3930 4.792591e-02 6.823481e-02 1.164215e-03 3.470787e-02 2.525237e-02 6.024653e-02 8.3824437652e+04 1.9981824286e+05 2.0014622893e+05
2788.3935 4.792491e-02 6.475788e-02 1.137843e-03 3.455882e-02 2.487338e-02 6.097357e-02 8.3833710995e+04 1.9981940328e+05 2.0013719057e+05
2789.3940 4.723306e-02 6.320809e-02 1.128797e-03 3.412506e-02 2.428657e-02 6.156474e-02 8.3844241064e+04 1.9982531323e+05 2.0012182143e+05
2790.3945 4.651550e-02 6.293913e-02 1.134053e-03 3.347920e-02 2.359668e-02 6.271603e-02 8.3854088481e+04 1.9983609175e+05 2.0010163649e+05
2791.3950 4.572362e-02 6.197697e-02 1.162260e-03 3.282922e-02 2.288135e-02 6.415169e-02 8.3861971567e+04 1.9985103220e+05 2.0007944610e+05
2792.3955 4.576368e-02 6.211664e-02 1.132525e-03 3.189651e-02 2.210476e-02 6.579300e-02 8.3867437490e+04 1.9986571284e+05 2.0005934051e+05
2793.3960 4.545763e-02 6.454404e-02 1.138706e-03 3.105271e-02 2.143211e-02 6.603072e-02 8.3871566984e+04 1.9987533294e+05 2.0004521315e+05
2794.3965 4.568467e-02 6.620291e-02 1.160361e-03 3.032583e-02 2.095375e-02 6.666513e-02 8.3874589047e+04 1.9987680424e+05 2.0004007752e+05
2795.3970 4.585885e-02 6.579503e-02 1.162212e-03 2.961820e-02 2.064274e-02 6.738582e-02 8.3877320659e+04 1.9986942076e+05 2.0004503270e+05
2796.3975 4.611633e-02 6.390627e-02 1.169903e-03 2.884476e-02 2.030762e-02 6.745478e-02 8.3879374376e+04 1.9985471237e+05 2.0005876043e+05
2797.3980 4.679317e-02 6.240310e-02 1.161374e-03 2.841993e-02 2.029996e-02 6.753953e-02 8.3881007642e+04 1.9983466277e+05 2.0007765912e+05
2798.3985 4.709684e-02 6.264733e-02 1.198419e-03 2.813125e-02 2.032576e-02 6.720987e-02 8.3883406631e+04 1.9981282134e+05 2.0009714932e+05
2799.3990 4.624839e-02 6.272927e-02 1.169372e-03 2.777979e-02 2.032591e-02 6.764459e-02 8.3887613023e+04 1.9979377428e+05 2.0011228363e+05
2800.3995 4.614196e-02 6.287363e-02 1.159181e-03 2.761807e-02 2.035986e-02 6.725270e-02 8.3893869866e+04 1.9978131560e+05 2.0011865030e+05
2801.4000 4.626444e-02 6.428503e-02 1.169481e-03 2.771776e-02 2.053442e-02 6.766284e-02 8.3901273964e+04 1.9977796643e+05 2.0011367394e+05
2802.4005 4.604408e-02 6.607403e-02 1.157273e-03 2.774725e-02 2.058180e-02 6.796406e-02 8.3909916487e+04 1.9978440648e+05 2.0009778235e+05
2803.4010 4.593009e-02 6.629650e-02 1.180430e-03 2.794666e-02 2.062517e-02 6.726942e-02 8.3919080130e+04 1.9979972696e+05 2.0007352286e+05
2804.4015 4.559035e-02 6.418498e-02 1.175032e-03 2.815324e-02 2.072119e-02 6.744632e-02 8.3927357956e+04 1.9982022385e+05 2.0004548171e+05
2805.4020 4.523864e-02 6.035569e-02 1.161840e-03 2.871489e-02 2.095588e-02 6.718485e-02 8.3934790922e+04 1.9984125072e+05 2.0001855809e+05
2806.4025 4.405420e-02 5.888926e-02 1.167363e-03 2.921370e-02 2.113534e-02 6.664505e-02 8.3940394178e+04 1.9985750008e+05 1.9999765376e+05
2807.4030 4.418416e-02 5.952732e-02 1.172845e-03 2.993181e-02 2.141338e-02 6.595318e-02 8.3943761326e+04 1.9986486412e+05 1.9998649259e+05
2808.4035 4.494045e-02 6.090925e-02 1.155033e-03 3.076749e-02 2.176709e-02 6.444067e-02 8.3945173964e+04 1.9986186148e+05 1.9998739842e+05
2809.4040 4.541138e-02 6.369357e-02 1.156254e-03 3.143859e-02 2.212090e-02 6.359663e-02 8.3944568439e+04 1.9984777495e+05 2.0000070281e+05
2810.4045 4.551623e-02 6.609029e-02 1.141851e-03 3.231190e-02 2.261631e-02 6.272241e-02 8.3942160279e+04 1.9982557678e+05 2.0002408652e+05
2811.4050 4.619982e-02 6.759871e-02 1.128801e-03 3.284938e-02 2.295556e-02 6.131995e-02 8.3937790102e+04 1.9979992827e+05 2.0005353379e+05
2812.4055 4.671724e-02 6.674906e-02 1.136529e-03 3.319827e-02 2.322421e-02 5.955008e-02 8.3932302461e+04 1.9977623705e+05 2.0008328466e+05
2813.4060 4.673918e-02 6.542760e-02 1.152502e-03 3.348778e-02 2.348017e-02 5.925731e-02 8.3927204863e+04 1.9975753318e+05 2.0010752251e+05
2814.4065 4.776459e-02 6.489186e-02 1.179131e-03 3.327454e-02 2.342936e-02 5.881358e-02 8.3924555829e+04 1.9974596506e+05 2.0012181925e+05
2815.4070 4.825794e-02 6.505823e-02 1.173855e-03 3.274890e-02 2.323444e-02 5.888864e-02 8.3925554978e+04 1.9974352190e+05 2.0012326775e+05
2816.4075 4.795519e-02 6.586167e-02 1.149145e-03 3.220488e-02 2.305901e-02 5.977412e-02 8.3930420577e+04 1.9975002289e+05 2.0011161670e+05
2817.4080 4.828346e-02 6.808687e-02 1.168110e-03 3.107524e-02 2.232070e-02 6.095540e-02 8.3938553648e+04 1.9976288946e+05 2.0008977913e+05
2818.4085 4.802481e-02 6.912046e-02 1.197993e-03 2.959936e-02 2.140134e-02 6.322355e-02 8.3950368512e+04 1.9977884564e+05 2.0006180152e+05
2819.4090 4.662645e-02 6.840569e-02 1.167312e-03 2.834125e-02 2.060285e-02 6.524373e-02 8.3965622566e+04 1.9979415902e+05 2.0003212187e+05
2820.4095 4.486077e-02 6.534964e-02 1.178091e-03 2.698249e-02 1.969069e-02 6.787470e-02 8.3982617773e+04 1.9980616932e+05 2.0000493342e+05
2821.4100 4.421059e-02 6.079604e-02 1.181341e-03 2.576692e-02 1.882355e-02 7.006968e-02 8.3999750787e+04 1.9981313190e+05 1.9998278128e+05
2822.4105 4.293342e-02 5.781778e-02 1.195125e-03 2.488113e-02 1.817497e-02 7.145310e-02 8.4016302986e+04 1.9981446062e+05 1.9996678252e+05
2823.4110 4.251424e-02 5.618480e-02 1.190349e-03 2.419993e-02 1.766697e-02 7.278594e-02 8.4030631321e+04 1.9981041343e+05 1.9995725741e+05
2824.4115 4.249683e-02 5.694996e-02 1.185192e-03 2.436170e-02 1.772657e-02 7.317973e-02 8.4041262898e+04 1.9980313602e+05 1.9995337408e+05
2825.4120 4.195093e-02 5.783553e-02 1.156825e-03 2.485745e-02 1.791053e-02 7.248852e-02 8.4047356742e+04 1.9979578684e+05 1.9995454686e+05
2826.4125 4.169343e-02 5.959344e-02 1.178428e-03 2.598764e-02 1.862378e-02 7.064961e-02 8.4047893964e+04 1.9978974469e+05 1.9995944850e+05
2827.4130 4.267343e-02 6.293193e-02 1.180136e-03 2.740875e-02 1.959095e-02 6.818807e-02 8.4042459343e+04 1.9978520908e+05 1.9996762743e+05
2828.4135 4.378809e-02 6.334122e-02 1.184447e-03 2.910228e-02 2.068819e-02 6.568599e-02 8.4033396841e+04 1.9978235687e+05 1.9997884086e+05
2829.4140 4.433629e-02 6.206266e-02 1.165038e-03 3.100595e-02 2.202848e-02 6.288445e-02 8.4022661405e+04 1.9977926559e+05 1.9999281814e+05
2830.4145 4.603201e-02 6.275162e-02 1.143252e-03 3.256972e-02 2.320450e-02 5.885667e-02 8.4011280702e+04 1.9977366690e+05 2.0000934732e+05
2831.4150 4.733652e-02 6.388392e-02 1.144703e-03 3.403919e-02 2.425635e-02 5.626048e-02 8.4000195104e+04 1.9976588601e+05 2.0002735900e+05
2832.4155 4.784741e-02 6.700900e-02 1.152511e-03 3.527650e-02 2.513322e-02 5.471401e-02 8.3990215077e+04 1.9975573336e+05 2.0004580443e+05
2833.4160 5.005035e-02 6.920745e-02 1.173834e-03 3.566801e-02 2.542709e-02 5.292879e-02 8.3983451399e+04 1.9974326078e+05 2.0006367332e+05
2834.4165 4.996902e-02 7.136353e-02 1.126062e-03 3.565981e-02 2.548651e-02 5.292420e-02 8.3982001215e+04 1.9972889632e+05 2.0007859819e+05
2835.4170 4.959770e-02 7.247833e-02 1.171941e-03 3.511224e-02 2.506059e-02 5.383148e-02 8.3986803551e+04 1.9971451345e+05 2.0008790321e+05
2836.4175 4.850393e-02 7.188661e-02 1.167644e-03 3.360550e-02 2.400952e-02 5.583555e-02 8.3997900975e+04 1.9970340718e+05 2.0008876067e+05
2837.4180 4.807314e-02 6.952198e-02 1.177952e-03 3.162480e-02 2.270118e-02 5.884028e-02 8.4014013591e+04 1.9969889075e+05 2.0007841803e+05
2838.4185 4.785143e-02 6.598983e-02 1.204414e-03 2.959454e-02 2.123252e-02 6.222433e-02 8.4034084524e+04 1.9970304634e+05 2.0005575250e+05
2839.4190 4.631529e-02 6.234892e-02 1.180443e-03 2.713798e-02 1.957681e-02 6.649533e-02 8.4056983821e+04 1.9971594539e+05 2.0002198193e+05
2840.4195 4.414465e-02 5.918280e-02 1.201934e-03 2.493315e-02 1.799112e-02 6.980441e-02 8.4080740853e+04 1.9973668019e+05 1.9997977087e+05
2841.4200 4.247933e-02 5.666401e-02 1.200943e-03 2.329774e-02 1.685190e-02 7.262873e-02 8.4102303618e+04 1.9976287104e+05 1.9993373866e+05
2842.4205 4.152633e-02 5.640867e-02 1.194958e-03 2.196025e-02 1.590353e-02 7.526866e-02 8.4119428274e+04 1.9978935678e+05 1.9989045398e+05
2843.4210 4.109841e-02 5.820796e-02 1.224217e-03 2.153529e-02 1.559684e-02 7.629684e-02 8.4131419657e+04 1.9981070616e+05 1.9985638353e+05
2844.4215 4.072324e-02 5.951496e-02 1.198901e-03 2.166862e-02 1.563568e-02 7.592311e-02 8.4138483023e+04 1.9982183790e+05 1.9983796446e+05
2845.4220 4.143163e-02 5.828664e-02 1.188558e-03 2.259159e-02 1.638264e-02 7.394713e-02 8.4139907245e+04 1.9982015763e+05 1.9983859043e+05
2846.4225 4.188731e-02 5.639669e-02 1.198935e-03 2.409866e-02 1.745614e-02 7.160064e-02 8.4134920357e+04 1.9980577860e+05 1.9985842162e+05
2847.4230 4.294305e-02 5.574713e-02 1.195220e-03 2.621479e-02 1.897728e-02 6.823466e-02 8.4123972171e+04 1.9978081232e+05 1.9989408924e+05
2848.4235 4.417289e-02 5.781571e-02 1.197848e-03 2.846921e-02 2.061187e-02 6.398028e-02 8.4108874932e+04 1.9974889403e+05 1.9993992715e+05
2849.4240 4.547135e-02 6.058699e-02 1.185302e-03 3.081134e-02 2.222424e-02 5.946527e-02 8.4092484457e+04 1.9971514290e+05 1.9998866513e+05
2850.4245 4.699746e-02 6.411271e-02 1.168644e-03 3.319014e-02 2.389186e-02 5.599514e-02 8.4077071865e+04 1.9968422384e+05 2.0003272805e+05
2851.4250 4.814416e-02 6.864161e-02 1.184101e-03 3.510568e-02 2.515533e-02 5.339198e-02 8.4064620598e+04 1.9966090322e+05 2.0006598044e+05
2852.4255 4.992515e-02 7.214075e-02 1.171355e-03 3.621720e-02 2.587171e-02 5.056200e-02 8.4056245049e+04 1.9964918172e+05 2.0008435584e+05
2853.4260 5.055901e-02 7.430279e-02 1.161395e-03 3.675511e-02 2.627502e-02 5.002014e-02 8.4052562854e+04 1.9964965673e+05 2.0008623780e+05
2854.4265 5.063107e-02 7.360676e-02 1.164902e-03 3.647279e-02 2.593471e-02 5.023435e-02 8.4055036247e+04 1.9966063526e+05 2.0007322888e+05
2855.4270 5.027482e-02 6.980105e-02 1.187732e-03 3.527635e-02 2.509133e-02 5.201559e-02 8.4064271261e+04 1.9967816893e+05 2.0004824929e+05
2856.4275 4.912194e-02 6.696422e-02 1.168808e-03 3.352240e-02 2.381501e-02 5.505004e-02 8.4079449168e+04 1.9969767279e+05 2.0001514655e+05
2857.4280 4.780045e-02 6.461574e-02 1.187073e-03 3.142574e-02 2.230295e-02 5.864139e-02 8.4099540726e+04 1.9971605559e+05 1.9997811150e+05
2858.4285 4.619401e-02 6.294127e-02 1.164178e-03 2.861298e-02 2.036621e-02 6.317118e-02 8.4122658487e+04 1.9973078873e+05 1.9994177519e+05
2859.4290 4.514777e-02 6.265363e-02 1.205223e-03 2.609032e-02 1.855101e-02 6.669707e-02 8.4147096529e+04 1.9973961104e+05 1.9990938397e+05
2860.4295 4.380720e-02 6.286805e-02 1.202560e-03 2.390939e-02 1.701005e-02 7.055579e-02 8.4171230692e+04 1.9974144639e+05 1.9988373834e+05
2861.4300 4.233722e-02 6.117579e-02 1.212753e-03 2.181513e-02 1.559151e-02 7.392319e-02 8.4192504210e+04 1.9973914204e+05 1.9986612393e+05
2862.4305 4.105238e-02 5.737683e-02 1.244051e-03 2.070447e-02 1.490526e-02 7.548107e-02 8.4208829939e+04 1.9973553028e+05 1.9985555135e+05
2863.4310 4.007720e-02 5.337196e-02 1.253760e-03 2.020616e-02 1.463405e-02 7.594878e-02 8.4218665903e+04 1.9973230297e+05 1.9985108523e+05
2864.4315 4.088264e-02 5.062357e-02 1.237951e-03 2.049492e-02 1.500569e-02 7.517459e-02 8.4221813579e+04 1.9972974011e+05 1.9985131458e+05
2865.4320 4.109635e-02 5.146332e-02 1.224063e-03 2.164396e-02 1.588038e-02 7.352240e-02 8.4219122374e+04 1.9972775466e+05 1.9985551566e+05
2866.4325 4.220297e-02 5.334592e-02 1.236397e-03 2.357036e-02 1.727474e-02 7.050406e-02 8.4211518829e+04 1.9972581312e+05 1.9986372873e+05
2867.4330 4.285953e-02 5.781753e-02 1.176664e-03 2.563882e-02 1.874699e-02 6.648457e-02 8.4199906620e+04 1.9972234483e+05 1.9987691377e+05
2868.4335 4.449024e-02 6.294071e-02 1.204909e-03 2.827943e-02 2.056042e-02 6.212247e-02 8.4185073707e+04 1.9971599113e+05 1.9989535744e+05
2869.4340 4.698202e-02 6.687314e-02 1.208364e-03 3.090112e-02 2.232579e-02 5.838471e-02 8.4168809431e+04 1.9970523803e+05 1.9991946472e+05
2870.4345 4.740647e-02 6.754987e-02 1.214697e-03 3.307482e-02 2.378057e-02 5.468619e-02 8.4154894711e+04 1.9969025380e+05 1.9994800073e+05
2871.4350 4.777519e-02 6.713445e-02 1.196736e-03 3.485317e-02 2.495797e-02 5.144066e-02 8.4143918052e+04 1.9967163199e+05 1.9997773363e+05
2872.4355 4.989026e-02 6.717806e-02 1.194914e-03 3.606872e-02 2.576721e-02 4.980078e-02 8.4136489627e+04 1.9965141036e+05 2.0000427865e+05
2873.4360 5.004688e-02 6.800080e-02 1.176584e-03 3.666584e-02 2.600015e-02 4.895141e-02 8.4134982490e+04 1.9963366419e+05 2.0002322867e+05
2874.4365 5.000992e-02 6.847091e-02 1.174016e-03 3.627832e-02 2.571487e-02 4.980308e-02 8.4139261298e+04 1.9962142346e+05 2.0003095872e+05
2875.4370 5.021788e-02 6.930149e-02 1.207526e-03 3.517755e-02 2.480432e-02 5.151071e-02 8.4149261063e+04 1.9961669400e+05 2.0002537332e+05
2876.4375 4.923601e-02 6.967906e-02 1.165521e-03 3.363964e-02 2.363960e-02 5.456659e-02 8.4165169988e+04 1.9962014967e+05 2.0000608654e+05
2877.4380 4.690687e-02 6.997819e-02 1.235471e-03 3.115456e-02 2.189060e-02 5.799110e-02 8.4185398501e+04 1.9963226657e+05 1.9997491955e+05
2878.4385 4.606039e-02 6.767607e-02 1.205861e-03 2.894110e-02 2.033691e-02 6.167397e-02 8.4207019357e+04 1.9965228400e+05 1.9993455316e+05
2879.4390 4.526441e-02 6.244070e-02 1.231894e-03 2.634836e-02 1.859353e-02 6.594055e-02 8.4229297651e+04 1.9967682835e+05 1.9989017766e+05
2880.4395 4.321101e-02 5.750254e-02 1.207857e-03 2.368600e-02 1.686875e-02 6.985242e-02 8.4251738943e+04 1.9970043817e+05 1.9984715534e+05
2881.4400 4.200998e-02 5.402393e-02 1.248849e-03 2.191210e-02 1.577356e-02 7.233852e-02 8.4271857782e+04 1.9971952891e+05 1.9980999983e+05
2882.4405 4.147539e-02 5.162712e-02 1.240125e-03 2.068544e-02 1.499668e-02 7.400222e-02 8.4287576123e+04 1.9973167690e+05 1.9978336956e+05
2883.4410 4.065718e-02 5.129308e-02 1.221776e-03 2.003853e-02 1.470362e-02 7.480140e-02 8.4297742237e+04 1.9973524079e+05 1.9977020745e+05
2884.4415 4.060346e-02 5.349000e-02 1.232752e-03 2.025057e-02 1.491990e-02 7.475273e-02 8.4301763209e+04 1.9972863188e+05 1.9977183172e+05
2885.4420 4.195222e-02 5.752821e-02 1.261644e-03 2.122696e-02 1.564664e-02 7.279931e-02 8.4300128412e+04 1.9971225435e+05 1.9978768915e+05
2886.4425 4.168160e-02 5.972798e-02 1.195322e-03 2.276248e-02 1.675327e-02 6.998944e-02 8.4294659273e+04 1.9968963150e+05 1.9981507577e+05
2887.4430 4.249437e-02 5.947854e-02 1.200235e-03 2.505823e-02 1.837814e-02 6.663375e-02 8.4285321798e+04 1.9966464540e+05 1.9984905590e+05
2888.4435 4.451480e-02 5.922400e-02 1.211721e-03 2.718136e-02 1.983792e-02 6.305185e-02 8.4272319687e+04 1.9964133943e+05 1.9988456357e+05
2889.4440 4.502053e-02 5.998491e-02 1.185951e-03 2.949845e-02 2.137417e-02 5.910441e-02 8.4258512281e+04 1.9962330113e+05 1.9991608098e+05
2890.4445 4.657762e-02 6.172052e-02 1.238567e-03 3.178499e-02 2.289520e-02 5.520160e-02 8.4244788450e+04 1.9961204074e+05 1.9993975277e+05
2891.4450 4.852967e-02 6.421455e-02 1.237261e-03 3.360616e-02 2.404857e-02 5.215358e-02 8.4232948288e+04 1.9960798124e+05 1.9995380104e+05
2892.4455 4.843538e-02 6.669147e-02 1.204992e-03 3.514215e-02 2.492125e-02 5.008706e-02 8.4225317334e+04 1.9961041834e+05 1.9995793732e+05
2893.4460 4.923476e-02 6.988465e-02 1.211732e-03 3.586655e-02 2.536663e-02 4.915244e-02 8.4221272852e+04 1.9961676622e+05 1.9995395911e+05
2894.4465 5.051810e-02 7.274767e-02 1.217786e-03 3.583988e-02 2.522523e-02 4.879364e-02 8.4221999432e+04 1.9962373058e+05 1.9994468772e+05
2895.4470 4.929884e-02 7.312381e-02 1.196467e-03 3.500404e-02 2.466105e-02 5.017247e-02 8.4229184867e+04 1.9962875049e+05 1.9993289999e+05
2896.4475 4.866157e-02 7.062610e-02 1.217553e-03 3.335231e-02 2.349543e-02 5.281179e-02 8.4241827137e+04 1.9962981524e+05 1.9992049228e+05
2897.4480 4.949489e-02 6.561751e-02 1.216605e-03 3.158043e-02 2.232085e-02 5.561420e-02 8.4259207292e+04 1.9962739168e+05 1.9990729908e+05
2898.4485 4.720656e-02 6.137506e-02 1.193862e-03 2.894327e-02 2.060101e-02 5.988544e-02 8.4280382290e+04 1.9962328897e+05 1.9989284713e+05
2899.4490 4.526892e-02 5.844597e-02 1.239059e-03 2.626087e-02 1.881106e-02 6.333231e-02 8.4303176822e+04 1.9962054832e+05 1.9987521128e+05
2900.4495 4.499040e-02 5.691947e-02 1.272252e-03 2.399753e-02 1.730521e-02 6.723730e-02 8.4325473635e+04 1.9962085998e+05 1.9985329107e+05
2901.4500 4.312754e-02 5.659612e-02 1.245034e-03 2.179072e-02 1.583222e-02 7.071673e-02 8.4347260754e+04 1.9962560206e+05 1.9982775698e+05
2902.4505 4.110693e-02 5.729443e-02 1.240317e-03 2.011709e-02 1.474882e-02 7.298052e-02 8.4365819578e+04 1.9963556833e+05 1.9979995481e+05
2903.4510 4.098176e-02 5.727328e-02 1.269348e-03 1.930738e-02 1.416082e-02 7.469411e-02 8.4378935452e+04 1.9964953989e+05 1.9977279139e+05
2904.4515 4.100630e-02 5.588903e-02 1.236491e-03 1.920426e-02 1.412084e-02 7.462797e-02 8.4386749680e+04 1.9966481824e+05 1.9975024585e+05
2905.4520 4.003013e-02 5.343035e-02 1.227436e-03 1.974654e-02 1.454795e-02 7.366847e-02 8.4389235336e+04 1.9967773355e+05 1.9973638161e+05
2906.4525 4.111530e-02 5.329362e-02 1.295453e-03 2.123706e-02 1.557798e-02 7.151807e-02 8.4385158884e+04 1.9968327678e+05 1.9973432328e+05
2907.4530 4.268106e-02 5.331003e-02 1.212625e-03 2.303914e-02 1.683178e-02 6.844873e-02 8.4376080306e+04 1.9967989296e+05 1.9974616076e+05
2908.4535 4.255651e-02 5.525453e-02 1.246956e-03 2.566317e-02 1.858548e-02 6.444732e-02 8.4363606083e+04 1.9966665231e+05 1.9977108445e+05
2909.4540 4.439924e-02 5.981046e-02 1.236500e-03 2.835264e-02 2.039393e-02 5.993827e-02 8.4347538410e+04 1.9964404422e+05 1.9980716029e+05
2910.4545 4.677195e-02 6.547881e-02 1.207875e-03 3.083592e-02 2.207160e-02 5.575246e-02 8.4330481642e+04 1.9961478572e+05 1.9985023690e+05
2911.4550 4.728516e-02 6.880457e-02 1.220300e-03 3.327011e-02 2.370113e-02 5.231686e-02 8.4315880861e+04 1.9958329641e+05 1.9989454476e+05
2912.4555 4.839753e-02 7.006800e-02 1.227551e-03 3.503419e-02 2.492802e-02 4.922927e-02 8.4304487813e+04 1.9955435989e+05 1.9993392315e+05
2913.4560 4.993503e-02 6.932886e-02 1.206646e-03 3.597813e-02 2.561952e-02 4.688658e-02 8.4297561109e+04 1.9953308978e+05 1.9996205381e+05
2914.4565 4.971047e-02 6.894614e-02 1.204128e-03 3.610497e-02 2.579837e-02 4.720101e-02 8.4296202007e+04 1.9952266152e+05 1.9997391609e+05
2915.4570 4.952916e-02 6.768421e-02 1.205329e-03 3.549183e-02 2.536525e-02 4.793313e-02 8.4301277161e+04 1.9952515824e+05 1.9996705736e+05
2916.4575 4.956260e-02 6.500488e-02 1.221698e-03 3.421745e-02 2.452479e-02 4.983043e-02 8.4312913001e+04 1.9953969317e+05 1.9994201235e+05
2917.4580 4.871219e-02 6.357511e-02 1.213695e-03 3.182192e-02 2.283531e-02 5.372065e-02 8.4330790227e+04 1.9956208851e+05 1.9990274312e+05
2918.4585 4.677351e-02 6.420980e-02 1.243982e-03 2.943464e-02 2.119189e-02 5.712512e-02 8.4354015517e+04 1.9958809505e+05 1.9985425802e+05
2919.4590 4.566628e-02 6.483338e-02 1.248281e-03 2.671723e-02 1.921638e-02 6.218398e-02 8.4379170871e+04 1.9961327341e+05 1.9980396890e+05
2920.4595 4.431175e-02 6.319412e-02 1.251193e-03 2.383490e-02 1.720735e-02 6.665553e-02 8.4405155169e+04 1.9963382466e+05 1.9975878137e+05
2921.4600 4.200879e-02 5.897175e-02 1.259918e-03 2.122194e-02 1.539758e-02 7.095727e-02 8.4430087065e+04 1.9964658855e+05 1.9972382439e+05
2922.4605 4.083844e-02 5.419967e-02 1.259298e-03 1.940381e-02 1.407082e-02 7.413279e-02 8.4451280915e+04 1.9964985686e+05 1.9970171011e+05
2923.4610 3.918855e-02 5.053475e-02 1.264193e-03 1.835612e-02 1.332202e-02 7.575358e-02 8.4467579654e+04 1.9964494499e+05 1.9969260470e+05
2924.4615 3.906461e-02 4.876888e-02 1.237760e-03 1.792692e-02 1.304898e-02 7.632232e-02 8.4476816509e+04 1.9963407226e+05 1.9969501631e+05
2925.4620 3.988090e-02 4.960042e-02 1.270441e-03 1.862403e-02 1.344923e-02 7.527175e-02 8.4478622924e+04 1.9962043315e+05 1.9970619435e+05
2926.4625 4.025408e-02 5.295067e-02 1.246239e-03 2.019872e-02 1.452904e-02 7.247912e-02 8.4473810005e+04 1.9960624828e+05 1.9972380194e+05
2927.4630 4.121716e-02 5.748054e-02 1.261889e-03 2.261091e-02 1.623051e-02 6.855147e-02 8.4462668716e+04 1.9959319670e+05 1.9974571189e+05
2928.4635 4.262983e-02 6.057661e-02 1.235020e-03 2.527517e-02 1.810153e-02 6.390326e-02 8.4446237849e+04 1.9958303891e+05 1.9977049557e+05
2929.4640 4.428404e-02 6.259384e-02 1.245114e-03 2.823001e-02 2.024210e-02 5.923837e-02 8.4426686314e+04 1.9957477552e+05 1.9979664291e+05
2930.4645 4.585806e-02 6.354196e-02 1.241008e-03 3.124704e-02 2.239763e-02 5.464352e-02 8.4406974429e+04 1.9956691168e+05 1.9982300734e+05
2931.4650 4.719428e-02 6.464768e-02 1.233171e-03 3.363638e-02 2.412171e-02 4.977799e-02 8.4389848807e+04 1.9955787677e+05 1.9984850759e+05
2932.4655 4.870073e-02 6.525235e-02 1.203427e-03 3.540039e-02 2.543329e-02 4.685961e-02 8.4377148448e+04 1.9954691273e+05 1.9987126953e+05
2933.4660 5.042990e-02 6.670180e-02 1.227459e-03 3.644539e-02 2.621475e-02 4.508694e-02 8.4370300301e+04 1.9953457794e+05 1.9988907244e+05
2934.4665 5.040699e-02 6.807706e-02 1.210431e-03 3.671694e-02 2.643820e-02 4.447040e-02 8.4370759591e+04 1.9952306793e+05 1.9989971164e+05
2935.4670 5.039664e-02 6.976377e-02 1.231147e-03 3.581638e-02 2.577065e-02 4.603241e-02 8.4377954634e+04 1.9951338363e+05 1.9990149773e+05
2936.4675 4.986268e-02 6.959129e-02 1.209802e-03 3.397154e-02 2.445196e-02 4.890478e-02 8.4392347465e+04 1.9950817968e+05 1.9989275212e+05
2937.4680 4.785846e-02 6.774289e-02 1.233193e-03 3.183812e-02 2.291886e-02 5.266120e-02 8.4413792582e+04 1.9950875173e+05 1.9987210001e+05
2938.4685 4.573018e-02 6.493989e-02 1.238535e-03 2.873893e-02 2.060953e-02 5.788552e-02 8.4439754237e+04 1.9951677215e+05 1.9984024719e+05
2939.4690 4.478907e-02 6.132679e-02 1.257511e-03 2.567467e-02 1.844059e-02 6.268089e-02 8.4467756003e+04 1.9953261542e+05 1.9979840209e+05
2940.4695 4.296416e-02 5.801912e-02 1.250864e-03 2.257851e-02 1.620545e-02 6.786506e-02 8.4495667592e+04 1.9955470101e+05 1.9975053748e+05
2941.4700 4.112508e-02 5.395491e-02 1.298851e-03 2.007336e-02 1.435284e-02 7.162316e-02 8.4521434182e+04 1.9958037435e+05 1.9970167376e+05
2942.4705 3.971236e-02 5.152491e-02 1.253686e-03 1.826239e-02 1.305269e-02 7.459113e-02 8.4542206687e+04 1.9960494367e+05 1.9965793255e+05
2943.4710 3.907809e-02 5.126277e-02 1.285034e-03 1.707826e-02 1.219857e-02 7.634507e-02 8.4555587840e+04 1.9962465808e+05 1.9962537907e+05
2944.4715 3.824408e-02 5.187209e-02 1.306639e-03 1.717081e-02 1.220588e-02 7.629494e-02 8.4561289216e+04 1.9963567032e+05 1.9960868964e+05
2945.4720 3.871578e-02 5.343950e-02 1.290218e-03 1.818159e-02 1.296473e-02 7.411285e-02 8.4559096305e+04 1.9963462889e+05 1.9961128871e+05
2946.4725 4.068022e-02 5.443514e-02 1.262400e-03 1.991064e-02 1.423377e-02 7.110363e-02 8.4549818323e+04 1.9962022834e+05 1.9963382885e+05
2947.4730 4.210316e-02 5.573429e-02 1.254494e-03 2.234501e-02 1.595060e-02 6.673335e-02 8.4535559421e+04 1.9959370914e+05 1.9967361661e+05
2948.4735 4.339537e-02 5.739577e-02 1.270130e-03 2.539544e-02 1.816870e-02 6.173638e-02 8.4517403680e+04 1.9955926785e+05 1.9972491710e+05
2949.4740 4.587531e-02 5.901748e-02 1.261459e-03 2.834159e-02 2.035993e-02 5.656046e-02 8.4496721210e+04 1.9952273906e+05 1.9978042066e+05
2950.4745 4.733084e-02 6.157472e-02 1.229228e-03 3.105119e-02 2.234889e-02 5.175679e-02 8.4476827772e+04 1.9948960102e+05 1.9983190173e+05
2951.4750 4.812520e-02 6.488372e-02 1.229091e-03 3.353612e-02 2.409533e-02 4.774408e-02 8.4460632942e+04 1.9946416103e+05 1.9987189106e+05
2952.4755 4.904928e-02 6.791483e-02 1.256721e-03 3.527983e-02 2.534671e-02 4.518495e-02 8.4450185660e+04 1.9944944631e+05 1.9989522885e+05
2953.4760 5.022841e-02 7.059272e-02 1.261026e-03 3.616659e-02 2.594739e-02 4.358162e-02 8.4446733448e+04 1.9944725515e+05 1.9989935653e+05
2954.4765 5.030769e-02 7.083618e-02 1.240128e-03 3.576802e-02 2.570308e-02 4.431619e-02 8.4450902305e+04 1.9945728784e+05 1.9988496715e+05
2955.4770 4.943881e-02 7.059363e-02 1.226648e-03 3.475508e-02 2.499276e-02 4.587241e-02 8.4462369374e+04 1.9947634607e+05 1.9985503374e+05
2956.4775 4.868211e-02 6.950039e-02 1.244753e-03 3.298018e-02 2.373409e-02 4.910332e-02 8.4479630947e+04 1.9949986919e+05 1.9981490669e+05
2957.4780 4.733976e-02 6.601626e-02 1.263426e-03 3.018706e-02 2.170859e-02 5.359277e-02 8.4502155671e+04 1.9952347379e+05 1.9977080171e+05
2958.4785 4.493405e-02 6.089308e-02 1.270416e-03 2.747722e-02 1.979610e-02 5.820571e-02 8.4528517434e+04 1.9954354053e+05 1.9972738872e+05
2959.4790 4.281000e-02 5.717892e-02 1.272091e-03 2.430288e-02 1.755559e-02 6.347691e-02 8.4555628675e+04 1.9955699576e+05 1.9968926844e+05
2960.4795 4.145808e-02 5.581506e-02 1.307968e-03 2.156773e-02 1.555222e-02 6.772679e-02 8.4581507604e+04 1.9956283375e+05 1.9965882935e+05
2961.4800 3.988346e-02 5.552719e-02 1.287661e-03 1.928532e-02 1.394276e-02 7.100121e-02 8.4604317078e+04 1.9956214988e+05 1.9963771604e+05
2962.4805 3.996407e-02 5.418797e-02 1.310177e-03 1.750214e-02 1.269766e-02 7.369932e-02 8.4620992825e+04 1.9955732043e+05 1.9962644662e+05
2963.4810 3.908113e-02 5.281198e-02 1.324326e-03 1.690503e-02 1.221827e-02 7.449651e-02 8.4631229612e+04 1.9955056427e+05 1.9962400678e+05
2964.4815 3.769712e-02 5.157814e-02 1.291471e-03 1.718783e-02 1.247835e-02 7.376479e-02 8.4633806064e+04 1.9954413216e+05 1.9962906627e+05
2965.4820 3.952059e-02 5.064474e-02 1.298742e-03 1.813180e-02 1.315749e-02 7.158800e-02 8.4628242306e+04 1.9953844841e+05 1.9964016373e+05
2966.4825 4.003742e-02 5.177233e-02 1.265938e-03 2.006759e-02 1.451904e-02 6.849547e-02 8.4617228352e+04 1.9953324991e+05 1.9965564647e+05
2967.4830 4.091802e-02 5.397247e-02 1.265184e-03 2.259656e-02 1.630315e-02 6.477833e-02 8.4602601594e+04 1.9952714461e+05 1.9967493632e+05
2968.4835 4.395060e-02 5.817175e-02 1.307970e-03 2.507220e-02 1.807874e-02 5.983594e-02 8.4585338006e+04 1.9951872077e+05 1.9969797337e+05
2969.4840 4.549204e-02 6.229551e-02 1.259129e-03 2.791717e-02 2.006827e-02 5.503944e-02 8.4568203841e+04 1.9950771986e+05 1.9972382399e+05
2970.4845 4.637945e-02 6.530855e-02 1.241710e-03 3.062283e-02 2.198533e-02 5.108956e-02 8.4552339107e+04 1.9949408744e+05 1.9975151246e+05
2971.4850 4.797442e-02 6.743449e-02 1.255923e-03 3.263051e-02 2.338729e-02 4.807459e-02 8.4539097959e+04 1.9947797856e+05 1.9977918951e+05
2972.4855 4.896717e-02 6.912838e-02 1.236529e-03 3.406276e-02 2.443307e-02 4.554038e-02 8.4531066099e+04 1.9946049544e+05 1.9980361263e+05
2973.4860 4.832574e-02 6.992563e-02 1.272654e-03 3.442519e-02 2.468829e-02 4.464644e-02 8.4530005327e+04 1.9944397790e+05 1.9982122304e+05
2974.4865 4.852759e-02 6.872517e-02 1.273387e-03 3.442561e-02 2.465545e-02 4.532045e-02 8.4535978095e+04 1.9943162387e+05 1.9982781930e+05
2975.4870 4.846018e-02 6.726682e-02 1.276269e-03 3.328593e-02 2.384815e-02 4.733273e-02 8.4548511242e+04 1.9942628207e+05 1.9982111988e+05
2976.4875 4.787162e-02 6.639592e-02 1.262587e-03 3.132432e-02 2.251179e-02 5.021966e-02 8.4566752292e+04 1.9942995395e+05 1.9980003304e+05
2977.4880 4.612220e-02 6.478971e-02 1.250307e-03 2.917544e-02 2.102304e-02 5.368472e-02 8.4588922538e+04 1.9944371323e+05 1.9976552970e+05
2978.4885 4.441297e-02 6.132915e-02 1.266084e-03 2.641103e-02 1.907857e-02 5.804118e-02 8.4612283216e+04 1.9946663057e+05 1.9972148033e+05
2979.4890 4.257790e-02 5.783758e-02 1.286277e-03 2.393056e-02 1.732956e-02 6.183295e-02 8.4635579592e+04 1.9949441206e+05 1.9967269094e+05
2980.4895 4.079230e-02 5.568179e-02 1.271309e-03 2.147250e-02 1.564073e-02 6.559708e-02 8.4656958779e+04 1.9952180212e+05 1.9962569252e+05
2981.4900 4.011344e-02 5.377193e-02 1.290527e-03 1.932941e-02 1.415792e-02 6.888410e-02 8.4675149164e+04 1.9954363306e+05 1.9958674710e+05
2982.4905 3.911356e-02 5.216178e-02 1.329189e-03 1.808769e-02 1.325186e-02 7.054049e-02 8.4689376713e+04 1.9955652852e+05 1.9956089847e+05
2983.4910 3.881148e-02 5.135397e-02 1.319499e-03 1.745131e-02 1.279944e-02 7.122987e-02 8.4697913291e+04 1.9955772322e+05 1.9955188057e+05
2984.4915 3.928614e-02 5.115854e-02 1.323417e-03 1.740086e-02 1.274560e-02 7.079226e-02 8.4699865284e+04 1.9954727764e+05 1.9956047541e+05
2985.4920 3.931546e-02 5.245441e-02 1.327406e-03 1.856910e-02 1.348761e-02 6.917525e-02 8.4695779406e+04 1.9952692238e+05 1.9958428261e+05
2986.4925 3.975726e-02 5.396981e-02 1.302383e-03 2.016138e-02 1.459090e-02 6.658058e-02 8.4686407092e+04 1.9950037648e+05 1.9961938866e+05
2987.4930 4.149114e-02 5.518174e-02 1.300035e-03 2.198654e-02 1.583657e-02 6.298222e-02 8.4673238010e+04 1.9947204129e+05 1.9965987313e+05
2988.4935 4.257428e-02 5.831278e-02 1.263890e-03 2.463393e-02 1.759136e-02 5.935825e-02 8.4659284381e+04 1.9944490994e+05 1.9969900405e+05
2989.4940 4.327877e-02 6.225841e-02 1.282489e-03 2.705707e-02 1.926933e-02 5.546531e-02 8.4645860691e+04 1.9942357222e+05 1.9973180058e+05
2990.4945 4.617067e-02 6.567018e-02 1.289863e-03 2.919181e-02 2.071691e-02 5.221123e-02 8.4633207775e+04 1.9941075079e+05 1.9975456424e+05
2991.4950 4.781434e-02 6.739882e-02 1.290807e-03 3.116167e-02 2.210973e-02 4.874751e-02 8.4623976281e+04 1.9940773195e+05 1.9976544766e+05
2992.4955 4.739330e-02 6.792219e-02 1.256798e-03 3.231364e-02 2.293010e-02 4.708839e-02 8.4618487024e+04 1.9941338351e+05 1.9976515134e+05
2993.4960 4.797016e-02 6.729570e-02 1.291003e-03 3.329225e-02 2.363421e-02 4.599855e-02 8.4617213739e+04 1.9942472487e+05 1.9975494789e+05
2994.4965 4.715573e-02 6.597824e-02 1.282589e-03 3.318255e-02 2.362290e-02 4.626003e-02 8.4621343964e+04 1.9943825358e+05 1.9973813935e+05
2995.4970 4.678631e-02 6.499485e-02 1.279355e-03 3.231146e-02 2.311768e-02 4.719492e-02 8.4631066502e+04 1.9944964253e+05 1.9971769989e+05
2996.4975 4.602098e-02 6.449200e-02 1.279366e-03 3.098302e-02 2.223063e-02 4.962666e-02 8.4645559884e+04 1.9945673751e+05 1.9969644518e+05
2997.4980 4.563401e-02 6.318880e-02 1.258991e-03 2.908125e-02 2.099253e-02 5.252830e-02 8.4663884928e+04 1.9945907525e+05 1.9967666946e+05
2998.4985 4.465472e-02 6.129038e-02 1.278716e-03 2.705310e-02 1.962372e-02 5.567885e-02 8.4684387064e+04 1.9945729969e+05 1.9965914658e+05
2999.4990 4.295765e-02 5.870692e-02 1.280842e-03 2.455206e-02 1.794014e-02 5.936460e-02 8.4704987961e+04 1.9945384227e+05 1.9964393406e+05
