# t WEx WEy WEz WBx WBy WBz Sux2 Suy2 Suz2  (raw grid/particle sums)
0.0000 0.000000e+00 0.000000e+00 0.000000e+00 0.000000e+00 0.000000e+00 0.000000e+00 4.3995078629e+04 2.1991020963e+05 2.1997725360e+05
1.0005 7.816969e-03 1.305131e-02 1.823809e-04 2.347460e-04 2.602327e-04 3.626342e-04 4.3992819976e+04 2.1990522656e+05 2.1997141922e+05
2.0010 9.891010e-03 1.512384e-02 1.606667e-04 2.299434e-04 2.176872e-04 2.955010e-04 4.3994613116e+04 2.1991472256e+05 2.1995769585e+05
3.0015 8.448828e-03 1.381680e-02 1.745622e-04 1.913268e-04 2.257811e-04 2.883441e-04 4.3998068658e+04 2.1993146125e+05 2.1993868418e+05
4.0020 1.032025e-02 1.570532e-02 1.722507e-04 1.951175e-04 2.153468e-04 2.932649e-04 4.3999485315e+04 2.1994827913e+05 2.1991885565e+05
5.0025 1.000729e-02 1.543615e-02 1.714656e-04 1.911783e-04 2.077793e-04 3.211179e-04 4.4001542481e+04 2.1996257520e+05 2.1990273471e+05
6.0030 9.195378e-03 1.506668e-02 1.744993e-04 2.151675e-04 2.291522e-04 3.299545e-04 4.4004034188e+04 2.1996921571e+05 2.1989406303e+05
7.0035 1.035335e-02 1.608096e-02 1.650259e-04 2.242069e-04 2.340278e-04 3.438779e-04 4.4005893839e+04 2.1996580955e+05 2.1989468255e+05
8.0040 1.010389e-02 1.555045e-02 1.737570e-04 2.069508e-04 2.289946e-04 3.530046e-04 4.4008276938e+04 2.1995449869e+05 2.1990396487e+05
9.0045 9.473825e-03 1.531052e-02 1.639371e-04 2.162932e-04 2.249694e-04 3.648437e-04 4.4010861778e+04 2.1993685809e+05 2.1991937425e+05
10.0050 1.030480e-02 1.600955e-02 1.805219e-04 1.986968e-04 2.287250e-04 3.553599e-04 4.4012859587e+04 2.1991668688e+05 2.1993689866e+05
11.0055 1.034124e-02 1.606739e-02 1.527466e-04 1.955449e-04 2.324905e-04 3.941695e-04 4.4015200465e+04 2.1989919519e+05 2.1995196412e+05
12.0060 9.682588e-03 1.543643e-02 1.726770e-04 2.019602e-04 2.219506e-04 3.888343e-04 4.4017784672e+04 2.1988861573e+05 2.1996054155e+05
13.0065 1.018260e-02 1.598454e-02 1.625593e-04 2.118056e-04 2.490027e-04 3.839387e-04 4.4019783095e+04 2.1988645033e+05 2.1996026934e+05
14.0070 1.012135e-02 1.567480e-02 1.768287e-04 1.871112e-04 2.175079e-04 4.052285e-04 4.4021900560e+04 2.1989380684e+05 2.1995094265e+05
15.0075 9.743879e-03 1.545912e-02 1.546395e-04 2.184819e-04 2.635531e-04 4.104301e-04 4.4024186908e+04 2.1990814537e+05 2.1993453604e+05
16.0080 1.023914e-02 1.604205e-02 1.541281e-04 2.019000e-04 2.237624e-04 4.162348e-04 4.4026242532e+04 2.1992528077e+05 2.1991495401e+05
17.0085 1.043437e-02 1.583757e-02 1.700653e-04 1.770396e-04 2.402907e-04 4.387699e-04 4.4028471750e+04 2.1994129995e+05 2.1989667474e+05
18.0090 9.814431e-03 1.508427e-02 1.743621e-04 1.788601e-04 2.274308e-04 4.035346e-04 4.4030966196e+04 2.1995220723e+05 2.1988390583e+05
19.0095 1.014846e-02 1.569755e-02 1.579903e-04 2.070654e-04 2.363338e-04 4.378447e-04 4.4032895300e+04 2.1995427178e+05 2.1987946074e+05
20.0100 1.027957e-02 1.570042e-02 1.653065e-04 2.239113e-04 2.480128e-04 4.545670e-04 4.4034865695e+04 2.1994753184e+05 2.1988413748e+05
21.0105 1.002119e-02 1.564849e-02 1.560807e-04 1.892367e-04 2.439103e-04 4.682823e-04 4.4037275863e+04 2.1993279316e+05 2.1989659709e+05
22.0110 1.023175e-02 1.546846e-02 1.503336e-04 2.008841e-04 2.486329e-04 4.779024e-04 4.4039510446e+04 2.1991375631e+05 2.1991341799e+05
23.0115 1.045520e-02 1.560365e-02 1.445992e-04 2.098359e-04 2.410293e-04 4.718833e-04 4.4041701788e+04 2.1989459086e+05 2.1993022644e+05
24.0120 1.022438e-02 1.496099e-02 1.670110e-04 1.988470e-04 2.445469e-04 4.873101e-04 4.4043930467e+04 2.1988026754e+05 2.1994268029e+05
25.0125 1.029572e-02 1.486987e-02 1.655164e-04 2.017437e-04 2.486025e-04 5.146709e-04 4.4046018426e+04 2.1987347193e+05 2.1994755196e+05
26.0130 1.056660e-02 1.578714e-02 1.525753e-04 2.122440e-04 2.426780e-04 5.023341e-04 4.4048057288e+04 2.1987498468e+05 2.1994333695e+05
27.0135 1.030469e-02 1.569874e-02 1.719062e-04 2.159131e-04 2.502491e-04 5.125292e-04 4.4050386366e+04 2.1988543795e+05 2.1993069981e+05
28.0140 1.034962e-02 1.562663e-02 1.519973e-04 2.260734e-04 2.820153e-04 5.100219e-04 4.4052566234e+04 2.1990138948e+05 2.1991253442e+05
29.0145 1.057633e-02 1.593724e-02 1.816582e-04 1.942899e-04 2.335553e-04 5.345221e-04 4.4054679856e+04 2.1991851653e+05 2.1989306860e+05
30.0150 1.026003e-02 1.550011e-02 1.602326e-04 2.178864e-04 2.607453e-04 5.386765e-04 4.4057073297e+04 2.1993289158e+05 2.1987663276e+05
31.0155 1.024145e-02 1.530489e-02 1.739217e-04 2.042938e-04 2.619840e-04 5.422935e-04 4.4059252324e+04 2.1994040863e+05 2.1986701944e+05
32.0160 1.045286e-02 1.562572e-02 1.765635e-04 2.025648e-04 2.570687e-04 5.172276e-04 4.4061340383e+04 2.1993876027e+05 2.1986636570e+05
33.0165 1.023939e-02 1.561266e-02 1.796826e-04 2.062871e-04 2.790920e-04 5.370965e-04 4.4063631555e+04 2.1992834840e+05 2.1987457078e+05
34.0170 1.021799e-02 1.585168e-02 1.741174e-04 2.058390e-04 2.735373e-04 5.603415e-04 4.4065890462e+04 2.1991117653e+05 2.1988938165e+05
35.0175 1.043274e-02 1.582943e-02 1.681146e-04 2.277259e-04 2.721184e-04 5.484162e-04 4.4067960374e+04 2.1989162690e+05 2.1990679840e+05
36.0180 1.048435e-02 1.598213e-02 1.813520e-04 2.011884e-04 2.853553e-04 5.629217e-04 4.4070123577e+04 2.1987383782e+05 2.1992230661e+05
37.0185 1.036233e-02 1.583708e-02 1.627708e-04 1.987219e-04 2.597824e-04 5.686345e-04 4.4072403275e+04 2.1986207622e+05 2.1993191316e+05
38.0190 1.050096e-02 1.576152e-02 1.738169e-04 2.302293e-04 2.757192e-04 5.972640e-04 4.4074570276e+04 2.1985882835e+05 2.1993291914e+05
39.0195 1.034794e-02 1.588135e-02 1.543596e-04 2.267906e-04 2.691616e-04 6.147214e-04 4.4076891973e+04 2.1986461939e+05 2.1992483529e+05
40.0200 1.033186e-02 1.579097e-02 1.765814e-04 1.957841e-04 2.581712e-04 5.892622e-04 4.4079129429e+04 2.1987795470e+05 2.1990933830e+05
41.0205 1.052282e-02 1.599233e-02 1.648568e-04 2.221199e-04 2.434847e-04 6.381747e-04 4.4081276856e+04 2.1989495525e+05 2.1989003064e+05
42.0210 1.058759e-02 1.566673e-02 1.479361e-04 2.209815e-04 2.682931e-04 6.304829e-04 4.4083626733e+04 2.1991136570e+05 2.1987133815e+05
43.0215 1.038710e-02 1.571670e-02 1.829396e-04 2.139798e-04 2.400301e-04 6.257564e-04 4.4085967885e+04 2.1992283425e+05 2.1985759770e+05
44.0220 1.035712e-02 1.570536e-02 1.629290e-04 2.262556e-04 2.961353e-04 6.407398e-04 4.4088109733e+04 2.1992645679e+05 2.1985186492e+05
45.0225 1.051322e-02 1.581767e-02 1.627930e-04 2.073827e-04 2.408025e-04 6.295318e-04 4.4090233606e+04 2.1992074500e+05 2.1985533283e+05
46.0230 1.033170e-02 1.559364e-02 1.631075e-04 2.341423e-04 2.747551e-04 6.518299e-04 4.4092525710e+04 2.1990725360e+05 2.1986672769e+05
47.0235 1.042041e-02 1.583235e-02 1.761316e-04 2.091187e-04 2.834240e-04 6.010753e-04 4.4094696236e+04 2.1988864646e+05 2.1988306769e+05
48.0240 1.054305e-02 1.567532e-02 1.629568e-04 2.208987e-04 2.966305e-04 6.489467e-04 4.4096903918e+04 2.1986931143e+05 2.1990011024e+05
49.0245 1.029040e-02 1.576497e-02 1.602437e-04 2.461474e-04 2.928237e-04 6.459095e-04 4.4099265341e+04 2.1985370923e+05 2.1991343647e+05
50.0250 1.039665e-02 1.553397e-02 1.565972e-04 2.100875e-04 2.876751e-04 6.830850e-04 4.4101378533e+04 2.1984569467e+05 2.1991944641e+05
51.0255 1.039322e-02 1.548473e-02 1.571283e-04 2.244338e-04 3.117640e-04 6.342673e-04 4.4103518795e+04 2.1984668231e+05 2.1991633064e+05
52.0260 1.040040e-02 1.582639e-02 1.793165e-04 2.138776e-04 3.078456e-04 6.857182e-04 4.4105695333e+04 2.1985591638e+05 2.1990470311e+05
53.0265 1.047158e-02 1.570329e-02 1.608734e-04 2.289598e-04 2.784745e-04 6.729599e-04 4.4107915143e+04 2.1987128132e+05 2.1988715910e+05
54.0270 1.052661e-02 1.555749e-02 1.793349e-04 2.119476e-04 3.039660e-04 7.007504e-04 4.4110183008e+04 2.1988849949e+05 2.1986767758e+05
55.0275 1.052472e-02 1.536235e-02 1.825790e-04 2.124075e-04 2.669602e-04 7.200705e-04 4.4112437687e+04 2.1990329800e+05 2.1985074367e+05
56.0280 1.048823e-02 1.576692e-02 1.659016e-04 2.366776e-04 2.888724e-04 7.325712e-04 4.4114585364e+04 2.1991147430e+05 2.1984020172e+05
57.0285 1.046127e-02 1.564362e-02 1.730039e-04 2.160466e-04 2.726547e-04 7.583462e-04 4.4116727013e+04 2.1991123358e+05 2.1983842215e+05
58.0290 1.058812e-02 1.589750e-02 1.643969e-04 2.218477e-04 2.656323e-04 7.454975e-04 4.4118846347e+04 2.1990172631e+05 2.1984562392e+05
59.0295 1.047150e-02 1.605295e-02 2.005495e-04 2.138707e-04 2.795380e-04 7.498935e-04 4.4121135047e+04 2.1988522709e+05 2.1985977128e+05
60.0300 1.051351e-02 1.577971e-02 1.661538e-04 2.440838e-04 3.077713e-04 7.751661e-04 4.4123322859e+04 2.1986585088e+05 2.1987709205e+05
61.0305 1.060622e-02 1.574037e-02 1.690683e-04 2.294111e-04 2.846180e-04 7.211855e-04 4.4125477715e+04 2.1984771610e+05 2.1989306371e+05
62.0310 1.037518e-02 1.590671e-02 1.637691e-04 2.178853e-04 3.109805e-04 7.919524e-04 4.4127786019e+04 2.1983498640e+05 2.1990349264e+05
63.0315 1.068064e-02 1.591280e-02 1.695311e-04 2.187124e-04 2.913680e-04 7.352743e-04 4.4129900767e+04 2.1983066802e+05 2.1990555432e+05
64.0320 1.063792e-02 1.567431e-02 1.518692e-04 2.498399e-04 3.438230e-04 7.643890e-04 4.4132044184e+04 2.1983578156e+05 2.1989839519e+05
65.0325 1.045062e-02 1.596305e-02 1.509373e-04 2.056077e-04 2.905903e-04 7.774651e-04 4.4134280585e+04 2.1984838879e+05 2.1988357427e+05
66.0330 1.058566e-02 1.570639e-02 1.852213e-04 2.347539e-04 3.136999e-04 7.708874e-04 4.4136398629e+04 2.1986545683e+05 2.1986434680e+05
67.0335 1.076229e-02 1.588520e-02 1.585480e-04 2.304947e-04 3.121053e-04 7.833126e-04 4.4138547605e+04 2.1988221591e+05 2.1984529760e+05
68.0340 1.062749e-02 1.582973e-02 1.667862e-04 2.233199e-04 2.980773e-04 7.896015e-04 4.4140862333e+04 2.1989455851e+05 2.1983073819e+05
69.0345 1.055238e-02 1.556283e-02 1.667384e-04 2.267379e-04 3.068006e-04 8.344822e-04 4.4143202040e+04 2.1989911871e+05 2.1982397460e+05
70.0350 1.055972e-02 1.552561e-02 1.832170e-04 2.348503e-04 3.007332e-04 8.292714e-04 4.4145518757e+04 2.1989439541e+05 2.1982641030e+05
71.0355 1.046712e-02 1.556766e-02 1.579308e-04 2.409847e-04 3.171239e-04 8.419501e-04 4.4147731326e+04 2.1988137474e+05 2.1983718257e+05
72.0360 1.076998e-02 1.581414e-02 1.444550e-04 2.358119e-04 2.903850e-04 8.271561e-04 4.4149825789e+04 2.1986281941e+05 2.1985342879e+05
73.0365 1.072484e-02 1.542775e-02 1.724510e-04 2.305662e-04 3.155211e-04 8.512367e-04 4.4152036176e+04 2.1984339327e+05 2.1987080814e+05
74.0370 1.045497e-02 1.539176e-02 1.686971e-04 2.386024e-04 3.010810e-04 8.732616e-04 4.4154354350e+04 2.1982720774e+05 2.1988480249e+05
75.0375 1.043478e-02 1.560966e-02 1.841335e-04 2.541257e-04 3.356089e-04 8.431712e-04 4.4156571873e+04 2.1981805986e+05 2.1989169593e+05
76.0380 1.065957e-02 1.576447e-02 1.560812e-04 2.356290e-04 3.107232e-04 8.573272e-04 4.4158729043e+04 2.1981782344e+05 2.1988959539e+05
77.0385 1.042364e-02 1.582354e-02 1.635314e-04 2.360619e-04 3.352559e-04 8.865739e-04 4.4161078821e+04 2.1982644952e+05 2.1987864807e+05
78.0390 1.053499e-02 1.590414e-02 1.711557e-04 2.476273e-04 3.216614e-04 9.163349e-04 4.4163258532e+04 2.1984148013e+05 2.1986136925e+05
79.0395 1.071249e-02 1.572819e-02 1.613422e-04 2.308713e-04 3.377456e-04 8.498050e-04 4.4165450534e+04 2.1985897991e+05 2.1984169697e+05
80.0400 1.069848e-02 1.604156e-02 1.557258e-04 2.443641e-04 3.344156e-04 8.956982e-04 4.4167754107e+04 2.1987406249e+05 2.1982417126e+05
81.0405 1.066534e-02 1.600726e-02 1.824746e-04 2.351172e-04 3.391741e-04 9.175404e-04 4.4169992705e+04 2.1988321131e+05 2.1981277038e+05
82.0410 1.058513e-02 1.571009e-02 1.828880e-04 2.367850e-04 3.366188e-04 8.876119e-04 4.4172181249e+04 2.1988398928e+05 2.1980997643e+05
83.0415 1.061261e-02 1.579466e-02 1.667847e-04 2.346448e-04 3.396703e-04 9.178456e-04 4.4174352083e+04 2.1987551426e+05 2.1981623254e+05
84.0420 1.055107e-02 1.576785e-02 1.684487e-04 2.225726e-04 3.143976e-04 9.394159e-04 4.4176568543e+04 2.1985975431e+05 2.1982981283e+05
85.0425 1.066110e-02 1.577207e-02 1.609397e-04 2.423415e-04 3.371143e-04 9.619740e-04 4.4178749632e+04 2.1984028811e+05 2.1984700655e+05
86.0430 1.057981e-02 1.548085e-02 1.769560e-04 2.303291e-04 3.106977e-04 9.624978e-04 4.4181111810e+04 2.1982187154e+05 2.1986330678e+05
87.0435 1.077798e-02 1.597155e-02 1.579915e-04 2.321805e-04 3.307150e-04 9.633859e-04 4.4183397406e+04 2.1980806826e+05 2.1987449416e+05
88.0440 1.071820e-02 1.613622e-02 1.507389e-04 2.514314e-04 3.096228e-04 9.961865e-04 4.4185656084e+04 2.1980266357e+05 2.1987756312e+05
89.0445 1.057312e-02 1.598159e-02 1.779504e-04 2.511274e-04 3.485591e-04 9.776445e-04 4.4187898132e+04 2.1980664037e+05 2.1987145271e+05
90.0450 1.071145e-02 1.638405e-02 1.664140e-04 2.402002e-04 3.200552e-04 9.950999e-04 4.4190151235e+04 2.1981814960e+05 2.1985745682e+05
91.0455 1.081921e-02 1.610001e-02 1.592037e-04 2.286838e-04 3.358211e-04 9.602650e-04 4.4192471658e+04 2.1983476510e+05 2.1983863291e+05
92.0460 1.071603e-02 1.593160e-02 1.743430e-04 2.481683e-04 3.401486e-04 9.909726e-04 4.4194808501e+04 2.1985183326e+05 2.1981936442e+05
93.0465 1.064640e-02 1.609483e-02 1.383015e-04 2.578462e-04 3.771589e-04 1.009133e-03 4.4197089670e+04 2.1986477351e+05 2.1980410588e+05
94.0470 1.067747e-02 1.591171e-02 1.817043e-04 2.347658e-04 3.361730e-04 1.018740e-03 4.4199392019e+04 2.1987029294e+05 2.1979626448e+05
95.0475 1.085544e-02 1.585610e-02 1.533007e-04 2.562472e-04 3.615557e-04 1.007322e-03 4.4201684090e+04 2.1986672047e+05 2.1979749834e+05
96.0480 1.077931e-02 1.565332e-02 1.860824e-04 2.375123e-04 3.453815e-04 1.015213e-03 4.4204029398e+04 2.1985473776e+05 2.1980727120e+05
97.0485 1.072896e-02 1.570148e-02 1.879751e-04 2.287358e-04 3.336868e-04 1.038467e-03 4.4206263224e+04 2.1983691323e+05 2.1982289491e+05
98.0490 1.079646e-02 1.604417e-02 1.672661e-04 2.334143e-04 3.405053e-04 1.067161e-03 4.4208454690e+04 2.1981714189e+05 2.1984027231e+05
99.0495 1.058675e-02 1.573948e-02 1.681449e-04 2.383732e-04 3.331323e-04 1.076337e-03 4.4210810518e+04 2.1980047092e+05 2.1985481569e+05
100.0500 1.055418e-02 1.563895e-02 1.817936e-04 2.536333e-04 2.923820e-04 1.085264e-03 4.4213045021e+04 2.1979044316e+05 2.1986271236e+05
101.0505 1.076832e-02 1.600324e-02 1.873387e-04 2.386547e-04 3.422906e-04 1.115212e-03 4.4215123981e+04 2.1978906102e+05 2.1986172831e+05
102.0510 1.072634e-02 1.592794e-02 1.676668e-04 2.409504e-04 3.064378e-04 1.063794e-03 4.4217374517e+04 2.1979667473e+05 2.1985191951e+05
103.0515 1.056411e-02 1.578054e-02 1.772693e-04 2.644603e-04 3.161710e-04 1.105974e-03 4.4219613385e+04 2.1981114433e+05 2.1983531214e+05
104.0520 1.065893e-02 1.574993e-02 1.591656e-04 2.549695e-04 3.486562e-04 1.086329e-03 4.4221781617e+04 2.1982850722e+05 2.1981576920e+05
105.0525 1.074314e-02 1.606652e-02 1.815743e-04 2.480134e-04 3.625262e-04 1.037972e-03 4.4223997352e+04 2.1984401377e+05 2.1979781367e+05
106.0530 1.075003e-02 1.586707e-02 1.534852e-04 2.809855e-04 3.867222e-04 1.077122e-03 4.4226301357e+04 2.1985395513e+05 2.1978564516e+05
107.0535 1.088139e-02 1.588277e-02 1.916552e-04 2.621898e-04 3.963878e-04 1.026039e-03 4.4228594305e+04 2.1985530015e+05 2.1978195357e+05
108.0540 1.074586e-02 1.600158e-02 1.844385e-04 2.590264e-04 3.766759e-04 1.041557e-03 4.4230926922e+04 2.1984766009e+05 2.1978732686e+05
109.0545 1.086778e-02 1.598210e-02 1.735529e-04 2.749834e-04 4.041271e-04 1.067212e-03 4.4233122876e+04 2.1983262366e+05 2.1980009079e+05
110.0550 1.087032e-02 1.589350e-02 1.748625e-04 2.591406e-04 3.858111e-04 1.077348e-03 4.4235334154e+04 2.1981365115e+05 2.1981686540e+05
111.0555 1.081161e-02 1.570758e-02 1.732019e-04 2.597676e-04 3.872257e-04 1.086631e-03 4.4237649357e+04 2.1979509296e+05 2.1983323792e+05
112.0560 1.070706e-02 1.589997e-02 1.862660e-04 2.696035e-04 3.732489e-04 1.135352e-03 4.4240009718e+04 2.1978099569e+05 2.1984494090e+05
113.0565 1.088938e-02 1.595547e-02 1.622696e-04 2.563712e-04 3.309654e-04 1.170893e-03 4.4242182507e+04 2.1977477839e+05 2.1984884257e+05
114.0570 1.080333e-02 1.592711e-02 1.513465e-04 2.570724e-04 3.448761e-04 1.183924e-03 4.4244481195e+04 2.1977771911e+05 2.1984366064e+05
115.0575 1.084596e-02 1.610258e-02 1.693901e-04 2.466321e-04 3.365015e-04 1.211948e-03 4.4246812589e+04 2.1978845656e+05 2.1983048391e+05
116.0580 1.066690e-02 1.598970e-02 1.771163e-04 2.496202e-04 3.324583e-04 1.246171e-03 4.4249131853e+04 2.1980457187e+05 2.1981218382e+05
117.0585 1.069039e-02 1.559876e-02 1.747903e-04 2.587503e-04 3.514911e-04 1.247216e-03 4.4251300517e+04 2.1982177368e+05 2.1979294665e+05
118.0590 1.071325e-02 1.597208e-02 1.780254e-04 2.788086e-04 3.630999e-04 1.207113e-03 4.4253473273e+04 2.1983516809e+05 2.1977724981e+05
119.0595 1.085232e-02 1.582673e-02 1.704834e-04 2.410702e-04 3.298732e-04 1.234927e-03 4.4255608640e+04 2.1984149097e+05 2.1976876591e+05
120.0600 1.093155e-02 1.615841e-02 1.903633e-04 2.699890e-04 4.263619e-04 1.191068e-03 4.4257850767e+04 2.1983865702e+05 2.1976914305e+05
121.0605 1.087511e-02 1.629638e-02 1.708073e-04 2.746128e-04 3.923960e-04 1.161492e-03 4.4260161139e+04 2.1982742446e+05 2.1977809654e+05
122.0610 1.088746e-02 1.589634e-02 1.714607e-04 2.821159e-04 4.427350e-04 1.202207e-03 4.4262499383e+04 2.1981025568e+05 2.1979302123e+05
123.0615 1.088109e-02 1.601990e-02 1.789188e-04 2.762005e-04 4.124916e-04 1.138093e-03 4.4264738504e+04 2.1979087016e+05 2.1981014145e+05
124.0620 1.102530e-02 1.616971e-02 1.811421e-04 2.831381e-04 4.383661e-04 1.178268e-03 4.4266847724e+04 2.1977382884e+05 2.1982490799e+05
125.0625 1.088509e-02 1.580322e-02 1.617284e-04 2.850914e-04 4.037684e-04 1.229886e-03 4.4269070105e+04 2.1976328346e+05 2.1983348613e+05
126.0630 1.077942e-02 1.602917e-02 1.891679e-04 2.774362e-04 3.910083e-04 1.219090e-03 4.4271387712e+04 2.1976097341e+05 2.1983347537e+05
127.0635 1.083568e-02 1.580093e-02 1.659856e-04 2.642646e-04 4.072396e-04 1.249582e-03 4.4273693666e+04 2.1976756090e+05 2.1982459870e+05
128.0640 1.080079e-02 1.595754e-02 1.702325e-04 2.629277e-04 3.838698e-04 1.332314e-03 4.4275904410e+04 2.1978109170e+05 2.1980877705e+05
129.0645 1.082657e-02 1.584957e-02 1.586335e-04 2.827926e-04 3.462342e-04 1.306706e-03 4.4278068629e+04 2.1979821933e+05 2.1978959904e+05
130.0650 1.087894e-02 1.631405e-02 1.607554e-04 2.699926e-04 3.662526e-04 1.335192e-03 4.4280218455e+04 2.1981393226e+05 2.1977145907e+05
131.0655 1.094928e-02 1.604744e-02 2.043039e-04 2.578798e-04 3.588767e-04 1.330720e-03 4.4282462651e+04 2.1982468393e+05 2.1975857413e+05
132.0660 1.080988e-02 1.581155e-02 1.679087e-04 2.455359e-04 3.237483e-04 1.318091e-03 4.4284832442e+04 2.1982721545e+05 2.1975383904e+05
133.0665 1.089923e-02 1.586505e-02 1.892610e-04 2.612782e-04 3.771242e-04 1.358513e-03 4.4287027238e+04 2.1982070715e+05 2.1975804407e+05
134.0670 1.092994e-02 1.593993e-02 1.665877e-04 2.803437e-04 3.992669e-04 1.316079e-03 4.4289247909e+04 2.1980652857e+05 2.1977000397e+05
135.0675 1.070260e-02 1.581857e-02 1.902930e-04 2.592810e-04 3.632834e-04 1.337422e-03 4.4291561129e+04 2.1978784876e+05 2.1978647695e+05
136.0680 1.096410e-02 1.623694e-02 1.585598e-04 2.943908e-04 4.444178e-04 1.371173e-03 4.4293792168e+04 2.1976864537e+05 2.1980312543e+05
137.0685 1.096277e-02 1.617315e-02 1.780553e-04 2.882851e-04 3.863918e-04 1.297400e-03 4.4296100728e+04 2.1975390064e+05 2.1981564271e+05
138.0690 1.084886e-02 1.608412e-02 1.793831e-04 2.733014e-04 4.161869e-04 1.328821e-03 4.4298379382e+04 2.1974670904e+05 2.1982062629e+05
139.0695 1.099448e-02 1.650247e-02 1.674811e-04 2.954346e-04 4.385295e-04 1.336500e-03 4.4300531802e+04 2.1974832786e+05 2.1981659489e+05
140.0700 1.088557e-02 1.640476e-02 1.642860e-04 2.940754e-04 4.212367e-04 1.331368e-03 4.4302829148e+04 2.1975844630e+05 2.1980426261e+05
141.0705 1.090197e-02 1.604860e-02 1.679078e-04 2.851286e-04 4.132530e-04 1.318617e-03 4.4305065281e+04 2.1977430309e+05 2.1978636189e+05
142.0710 1.097553e-02 1.597517e-02 1.879315e-04 2.819077e-04 4.081843e-04 1.341240e-03 4.4307278666e+04 2.1979142238e+05 2.1976700211e+05
143.0715 1.093824e-02 1.593439e-02 1.752641e-04 2.921985e-04 4.028567e-04 1.423518e-03 4.4309588452e+04 2.1980547386e+05 2.1975063689e+05
144.0720 1.092151e-02 1.616994e-02 1.513575e-04 2.720430e-04 4.063676e-04 1.367655e-03 4.4311857828e+04 2.1981276246e+05 2.1974102148e+05
145.0725 1.106790e-02 1.608326e-02 1.646433e-04 2.772842e-04 3.570289e-04 1.394929e-03 4.4314053537e+04 2.1981132556e+05 2.1974022703e+05
146.0730 1.099028e-02 1.619298e-02 1.821105e-04 2.676364e-04 3.678180e-04 1.488447e-03 4.4316319187e+04 2.1980096147e+05 2.1974823121e+05
147.0735 1.098139e-02 1.628480e-02 1.867215e-04 2.603161e-04 3.745945e-04 1.446204e-03 4.4318606617e+04 2.1978408551e+05 2.1976278584e+05
148.0740 1.099935e-02 1.631240e-02 1.761182e-04 2.657249e-04 3.525211e-04 1.405312e-03 4.4320847082e+04 2.1976467689e+05 2.1978000736e+05
149.0745 1.078060e-02 1.584623e-02 1.731768e-04 2.637568e-04 3.682641e-04 1.484794e-03 4.4323089690e+04 2.1974735293e+05 2.1979537683e+05
150.0750 1.094541e-02 1.611708e-02 1.719345e-04 2.839504e-04 3.891852e-04 1.443934e-03 4.4325223002e+04 2.1973560726e+05 2.1980482331e+05
151.0755 1.110842e-02 1.606944e-02 1.692669e-04 2.525652e-04 3.654418e-04 1.478861e-03 4.4327432707e+04 2.1973241439e+05 2.1980576414e+05
152.0760 1.110276e-02 1.600175e-02 1.785123e-04 2.990258e-04 4.213078e-04 1.433515e-03 4.4329721485e+04 2.1973820603e+05 2.1979762062e+05
153.0765 1.096312e-02 1.624979e-02 1.748174e-04 2.798678e-04 3.938793e-04 1.467180e-03 4.4331982284e+04 2.1975127058e+05 2.1978229794e+05
154.0770 1.103025e-02 1.608710e-02 1.924887e-04 2.825692e-04 4.178814e-04 1.418101e-03 4.4334171005e+04 2.1976814415e+05 2.1976321312e+05
155.0775 1.092389e-02 1.617658e-02 1.554001e-04 3.026536e-04 4.160505e-04 1.447744e-03 4.4336456899e+04 2.1978429561e+05 2.1974480610e+05
156.0780 1.098611e-02 1.614498e-02 1.598593e-04 2.872071e-04 4.413243e-04 1.471247e-03 4.4338731608e+04 2.1979548225e+05 2.1973131624e+05
157.0785 1.089251e-02 1.618644e-02 1.701151e-04 2.984508e-04 4.201530e-04 1.469953e-03 4.4341009269e+04 2.1979882253e+05 2.1972574208e+05
158.0790 1.107835e-02 1.628771e-02 1.695531e-04 2.906648e-04 4.172271e-04 1.438196e-03 4.4343264924e+04 2.1979293868e+05 2.1972923362e+05
159.0795 1.089604e-02 1.600237e-02 1.722021e-04 2.820276e-04 4.221887e-04 1.530639e-03 4.4345579287e+04 2.1977945710e+05 2.1974057919e+05
160.0800 1.093102e-02 1.618297e-02 1.535699e-04 3.067533e-04 4.258855e-04 1.512268e-03 4.4347866895e+04 2.1976099479e+05 2.1975668300e+05
161.0805 1.099704e-02 1.647043e-02 1.730522e-04 2.817223e-04 4.074061e-04 1.480782e-03 4.4350165813e+04 2.1974184875e+05 2.1977338860e+05
162.0810 1.098111e-02 1.622538e-02 1.613155e-04 3.019368e-04 3.993151e-04 1.609737e-03 4.4352461286e+04 2.1972668076e+05 2.1978631817e+05
163.0815 1.109981e-02 1.607775e-02 1.797073e-04 2.729683e-04 3.950874e-04 1.544822e-03 4.4354741828e+04 2.1971871497e+05 2.1979202984e+05
164.0820 1.100244e-02 1.628327e-02 1.480183e-04 3.105685e-04 4.104469e-04 1.586593e-03 4.4356976628e+04 2.1971966016e+05 2.1978880374e+05
165.0825 1.091411e-02 1.602323e-02 1.638891e-04 2.802864e-04 3.931723e-04 1.617274e-03 4.4359174503e+04 2.1972922024e+05 2.1977721176e+05
166.0830 1.111244e-02 1.637482e-02 1.591582e-04 3.136615e-04 4.220967e-04 1.564941e-03 4.4361378033e+04 2.1974421167e+05 2.1975976378e+05
167.0835 1.096230e-02 1.619700e-02 1.520212e-04 3.057303e-04 3.767937e-04 1.590563e-03 4.4363698802e+04 2.1976130911e+05 2.1974051970e+05
168.0840 1.106255e-02 1.620851e-02 1.704022e-04 3.266926e-04 4.322003e-04 1.591038e-03 4.4366004819e+04 2.1977554677e+05 2.1972389571e+05
169.0845 1.098081e-02 1.611442e-02 1.621484e-04 3.142389e-04 4.331367e-04 1.576443e-03 4.4368363587e+04 2.1978343582e+05 2.1971373575e+05
170.0850 1.083982e-02 1.620966e-02 1.836860e-04 3.067699e-04 4.118544e-04 1.566076e-03 4.4370656694e+04 2.1978269573e+05 2.1971218162e+05
171.0855 1.107360e-02 1.647644e-02 1.541694e-04 3.557220e-04 4.632607e-04 1.566003e-03 4.4372738658e+04 2.1977315792e+05 2.1971938334e+05
172.0860 1.095235e-02 1.596434e-02 1.708948e-04 2.994880e-04 4.115021e-04 1.580871e-03 4.4374967578e+04 2.1975729391e+05 2.1973334400e+05
173.0865 1.096507e-02 1.610262e-02 1.624413e-04 3.271936e-04 4.514036e-04 1.622229e-03 4.4377186395e+04 2.1973816472e+05 2.1975017436e+05
174.0870 1.107657e-02 1.648247e-02 1.775695e-04 3.090680e-04 4.477731e-04 1.603285e-03 4.4379496581e+04 2.1972024630e+05 2.1976554786e+05
175.0875 1.092846e-02 1.626680e-02 1.612598e-04 3.059933e-04 4.532737e-04 1.638781e-03 4.4381868583e+04 2.1970818585e+05 2.1977538611e+05
176.0880 1.117108e-02 1.634437e-02 1.630652e-04 2.987025e-04 4.480800e-04 1.649062e-03 4.4384044988e+04 2.1970421056e+05 2.1977706709e+05
177.0885 1.114802e-02 1.664186e-02 1.713204e-04 2.949300e-04 4.345502e-04 1.677490e-03 4.4386281935e+04 2.1970892661e+05 2.1976992363e+05
178.0890 1.094843e-02 1.579604e-02 1.393295e-04 3.136881e-04 4.414604e-04 1.693370e-03 4.4388640426e+04 2.1972163148e+05 2.1975536893e+05
179.0895 1.111159e-02 1.622784e-02 1.780316e-04 3.075182e-04 4.490859e-04 1.735805e-03 4.4390889980e+04 2.1973768952e+05 2.1973670573e+05
180.0900 1.102057e-02 1.615518e-02 1.642301e-04 2.750516e-04 4.094535e-04 1.677526e-03 4.4393199509e+04 2.1975399533e+05 2.1971824311e+05
181.0905 1.084211e-02 1.596439e-02 1.599269e-04 2.999733e-04 4.326457e-04 1.780786e-03 4.4395410459e+04 2.1976598878e+05 2.1970416123e+05
182.0910 1.124332e-02 1.636873e-02 1.709961e-04 2.999622e-04 4.007038e-04 1.711914e-03 4.4397405495e+04 2.1977008174e+05 2.1969773875e+05
183.0915 1.108251e-02 1.605760e-02 1.633632e-04 3.034453e-04 4.286883e-04 1.771024e-03 4.4399704254e+04 2.1976545922e+05 2.1970021727e+05
184.0920 1.109256e-02 1.641182e-02 1.566250e-04 3.040420e-04 4.303175e-04 1.748812e-03 4.4402008797e+04 2.1975248293e+05 2.1971075645e+05
185.0925 1.124466e-02 1.710393e-02 1.730326e-04 3.406950e-04 4.485774e-04 1.753275e-03 4.4404287553e+04 2.1973413472e+05 2.1972645535e+05
186.0930 1.111439e-02 1.622229e-02 1.462291e-04 3.271797e-04 4.448526e-04 1.735911e-03 4.4406680398e+04 2.1971541667e+05 2.1974325012e+05
187.0935 1.103452e-02 1.620066e-02 1.618419e-04 3.579227e-04 4.952582e-04 1.751572e-03 4.4409019860e+04 2.1969960505e+05 2.1975671140e+05
188.0940 1.098640e-02 1.657728e-02 1.846293e-04 3.204945e-04 4.687299e-04 1.745420e-03 4.4411317913e+04 2.1969056776e+05 2.1976332979e+05
189.0945 1.093338e-02 1.638391e-02 1.610735e-04 3.593381e-04 5.016468e-04 1.780886e-03 4.4413529672e+04 2.1969069042e+05 2.1976109109e+05
190.0950 1.088696e-02 1.603188e-02 1.597329e-04 3.427946e-04 5.050676e-04 1.706497e-03 4.4415737859e+04 2.1969946489e+05 2.1975034639e+05
191.0955 1.112639e-02 1.625808e-02 1.604845e-04 3.334331e-04 4.743234e-04 1.805030e-03 4.4417921148e+04 2.1971389743e+05 2.1973346318e+05
192.0960 1.112663e-02 1.642089e-02 1.671555e-04 3.379576e-04 5.052348e-04 1.806651e-03 4.4420323385e+04 2.1973061337e+05 2.1971420890e+05
193.0965 1.106628e-02 1.624903e-02 1.577475e-04 3.248756e-04 4.640673e-04 1.846653e-03 4.4422663228e+04 2.1974551845e+05 2.1969706768e+05
194.0970 1.089745e-02 1.629794e-02 1.615555e-04 3.007213e-04 4.586878e-04 1.832098e-03 4.4424903377e+04 2.1975451728e+05 2.1968595134e+05
195.0975 1.111847e-02 1.651443e-02 1.731837e-04 2.950535e-04 4.497170e-04 1.863443e-03 4.4426943324e+04 2.1975492862e+05 2.1968326642e+05
196.0980 1.113321e-02 1.630295e-02 1.777664e-04 2.999820e-04 4.451088e-04 1.863540e-03 4.4429128688e+04 2.1974665722e+05 2.1968940075e+05
197.0985 1.095906e-02 1.623372e-02 1.593149e-04 3.147558e-04 4.689828e-04 1.962712e-03 4.4431487945e+04 2.1973114775e+05 2.1970261963e+05
198.0990 1.112356e-02 1.619765e-02 1.769540e-04 2.993979e-04 4.278648e-04 1.866966e-03 4.4433659907e+04 2.1971217212e+05 2.1971942545e+05
199.0995 1.097187e-02 1.595860e-02 1.507177e-04 3.168896e-04 4.586194e-04 1.878877e-03 4.4435943255e+04 2.1969406112e+05 2.1973544363e+05
200.1000 1.097511e-02 1.599832e-02 1.721615e-04 3.279950e-04 4.495512e-04 1.944802e-03 4.4438249544e+04 2.1968065535e+05 2.1974651935e+05
201.1005 1.120102e-02 1.614537e-02 1.415164e-04 3.354602e-04 4.684583e-04 1.910749e-03 4.4440438273e+04 2.1967511850e+05 2.1974968045e+05
202.1010 1.105945e-02 1.614087e-02 1.726399e-04 3.411941e-04 4.906166e-04 1.905521e-03 4.4442655404e+04 2.1967880584e+05 2.1974383695e+05
203.1015 1.120994e-02 1.643897e-02 1.705535e-04 3.365665e-04 4.787010e-04 1.824903e-03 4.4444783712e+04 2.1969014213e+05 2.1973019117e+05
204.1020 1.139699e-02 1.633462e-02 1.636178e-04 3.839387e-04 5.002253e-04 1.884559e-03 4.4446924217e+04 2.1970633190e+05 2.1971177680e+05
205.1025 1.108966e-02 1.652865e-02 1.795597e-04 3.736500e-04 4.894577e-04 1.871848e-03 4.4449381737e+04 2.1972281608e+05 2.1969289370e+05
206.1030 1.101921e-02 1.658599e-02 1.543495e-04 3.871068e-04 5.546540e-04 1.834214e-03 4.4451697629e+04 2.1973559591e+05 2.1967775990e+05
207.1035 1.117501e-02 1.642208e-02 1.795395e-04 3.484790e-04 4.864141e-04 1.938158e-03 4.4453943181e+04 2.1974125542e+05 2.1966988240e+05
208.1040 1.117126e-02 1.660426e-02 1.516370e-04 3.660892e-04 5.311749e-04 1.858143e-03 4.4456426004e+04 2.1973773051e+05 2.1967083890e+05
209.1045 1.123278e-02 1.673598e-02 1.741672e-04 3.582873e-04 5.046391e-04 1.936303e-03 4.4458693232e+04 2.1972602797e+05 2.1968015776e+05
210.1050 1.144862e-02 1.651563e-02 1.762118e-04 3.412621e-04 4.831073e-04 1.958028e-03 4.4460928879e+04 2.1970870501e+05 2.1969523842e+05
211.1055 1.126063e-02 1.674305e-02 1.871009e-04 3.396839e-04 5.241701e-04 2.005616e-03 4.4463418648e+04 2.1968932377e+05 2.1971208072e+05
212.1060 1.137354e-02 1.664339e-02 1.603628e-04 3.281804e-04 4.972149e-04 2.036753e-03 4.4465774216e+04 2.1967280161e+05 2.1972626363e+05
213.1065 1.131267e-02 1.657640e-02 1.753379e-04 3.133344e-04 4.760942e-04 2.044258e-03 4.4468116834e+04 2.1966284991e+05 2.1973392067e+05
214.1070 1.116836e-02 1.637459e-02 1.677731e-04 3.201578e-04 5.065850e-04 2.099684e-03 4.4470500531e+04 2.1966166668e+05 2.1973286792e+05
215.1075 1.128962e-02 1.602626e-02 1.630753e-04 3.455274e-04 5.244108e-04 2.055019e-03 4.4472811327e+04 2.1966915223e+05 2.1972317772e+05
216.1080 1.109107e-02 1.628978e-02 1.825307e-04 3.110567e-04 4.847723e-04 2.139800e-03 4.4475155779e+04 2.1968297674e+05 2.1970698738e+05
217.1085 1.110603e-02 1.618180e-02 1.628507e-04 3.311085e-04 4.730401e-04 2.034818e-03 4.4477328378e+04 2.1969992152e+05 2.1968793045e+05
218.1090 1.121480e-02 1.615453e-02 1.786282e-04 3.604822e-04 5.480182e-04 2.128096e-03 4.4479325175e+04 2.1971534040e+05 2.1967039743e+05
219.1095 1.121893e-02 1.670854e-02 1.833763e-04 3.547072e-04 5.393574e-04 2.069026e-03 4.4481399246e+04 2.1972484749e+05 2.1965855991e+05
220.1100 1.124174e-02 1.655033e-02 1.611253e-04 3.563341e-04 4.815528e-04 2.022963e-03 4.4483733695e+04 2.1972615893e+05 2.1965504734e+05
221.1105 1.144909e-02 1.642967e-02 1.864894e-04 3.675037e-04 5.522975e-04 2.095717e-03 4.4486014292e+04 2.1971854583e+05 2.1966027392e+05
222.1110 1.123415e-02 1.650538e-02 1.684707e-04 3.865409e-04 5.694920e-04 2.020235e-03 4.4488423149e+04 2.1970374508e+05 2.1967275039e+05
223.1115 1.104714e-02 1.591303e-02 1.683120e-04 4.212571e-04 5.367400e-04 2.024666e-03 4.4490611284e+04 2.1968552445e+05 2.1968912657e+05
224.1120 1.130814e-02 1.625330e-02 1.773554e-04 4.124498e-04 5.987054e-04 2.076345e-03 4.4492598620e+04 2.1966717840e+05 2.1970515496e+05
225.1125 1.116607e-02 1.629197e-02 1.597686e-04 4.262028e-04 5.943354e-04 2.012537e-03 4.4494911021e+04 2.1965346416e+05 2.1971668629e+05
226.1130 1.114118e-02 1.626034e-02 1.941981e-04 4.085632e-04 5.603391e-04 2.048719e-03 4.4497357184e+04 2.1964706206e+05 2.1972065338e+05
227.1135 1.136040e-02 1.641267e-02 1.671123e-04 4.311016e-04 6.079703e-04 2.051150e-03 4.4499778679e+04 2.1964930427e+05 2.1971575833e+05
228.1140 1.125917e-02 1.642616e-02 1.805616e-04 3.942933e-04 5.752616e-04 2.146782e-03 4.4502110618e+04 2.1965986496e+05 2.1970292901e+05
229.1145 1.129244e-02 1.629242e-02 1.555067e-04 4.110241e-04 5.560768e-04 2.183473e-03 4.4504394858e+04 2.1967553196e+05 2.1968500179e+05
230.1150 1.115054e-02 1.632894e-02 1.949085e-04 3.696151e-04 5.901692e-04 2.235439e-03 4.4506746314e+04 2.1969219385e+05 2.1966603091e+05
231.1155 1.135132e-02 1.655082e-02 1.576446e-04 3.512413e-04 5.189110e-04 2.192428e-03 4.4509026363e+04 2.1970538761e+05 2.1965040576e+05
232.1160 1.114913e-02 1.623062e-02 1.762707e-04 3.554044e-04 5.454119e-04 2.326719e-03 4.4511474530e+04 2.1971199114e+05 2.1964155608e+05
233.1165 1.114400e-02 1.646774e-02 1.674074e-04 3.547018e-04 5.276707e-04 2.307934e-03 4.4513839528e+04 2.1970963316e+05 2.1964143500e+05
234.1170 1.137331e-02 1.645156e-02 1.652102e-04 3.471296e-04 5.730331e-04 2.355353e-03 4.4516028774e+04 2.1969902217e+05 2.1964969747e+05
235.1175 1.140073e-02 1.634430e-02 1.766765e-04 3.332240e-04 5.264213e-04 2.323443e-03 4.4518318713e+04 2.1968242890e+05 2.1966409235e+05
236.1180 1.136997e-02 1.662769e-02 1.528453e-04 3.689242e-04 5.255441e-04 2.317942e-03 4.4520571425e+04 2.1966332519e+05 2.1968082754e+05
237.1185 1.156148e-02 1.670409e-02 1.919201e-04 3.663969e-04 5.691626e-04 2.273839e-03 4.4522742428e+04 2.1964635608e+05 2.1969550332e+05
238.1190 1.124784e-02 1.636610e-02 1.682715e-04 3.752143e-04 5.886247e-04 2.270763e-03 4.4525048290e+04 2.1963557862e+05 2.1970428921e+05
239.1195 1.138825e-02 1.643349e-02 1.817706e-04 4.135238e-04 5.825680e-04 2.276791e-03 4.4527056218e+04 2.1963294716e+05 2.1970476430e+05
240.1200 1.156226e-02 1.673083e-02 1.687093e-04 4.128855e-04 6.000551e-04 2.255649e-03 4.4529171342e+04 2.1963884417e+05 2.1969657047e+05
241.1205 1.123763e-02 1.631334e-02 1.873492e-04 4.422290e-04 6.412309e-04 2.205599e-03 4.4531488113e+04 2.1965196574e+05 2.1968142824e+05
242.1210 1.138667e-02 1.649777e-02 1.635301e-04 4.941982e-04 6.577515e-04 2.262607e-03 4.4533708971e+04 2.1966811831e+05 2.1966286048e+05
243.1215 1.133684e-02 1.667549e-02 1.658681e-04 4.453832e-04 6.290065e-04 2.181629e-03 4.4536065284e+04 2.1968347374e+05 2.1964516817e+05
244.1220 1.124203e-02 1.675941e-02 1.902355e-04 4.684683e-04 6.795544e-04 2.292874e-03 4.4538374120e+04 2.1969397391e+05 2.1963231213e+05
245.1225 1.154455e-02 1.670504e-02 1.687623e-04 4.465727e-04 6.269258e-04 2.259006e-03 4.4540632983e+04 2.1969664939e+05 2.1962729535e+05
246.1230 1.142381e-02 1.698499e-02 1.842711e-04 4.637742e-04 6.553081e-04 2.260558e-03 4.4543155447e+04 2.1969034336e+05 2.1963099446e+05
247.1235 1.135852e-02 1.623637e-02 1.880092e-04 4.385566e-04 6.394981e-04 2.352899e-03 4.4545532932e+04 2.1967702835e+05 2.1964225621e+05
248.1240 1.124887e-02 1.618106e-02 1.716772e-04 4.033609e-04 6.131935e-04 2.448621e-03 4.4547846418e+04 2.1965907745e+05 2.1965798728e+05
249.1245 1.134831e-02 1.644710e-02 1.632184e-04 3.931027e-04 6.063980e-04 2.420883e-03 4.4550181425e+04 2.1964057805e+05 2.1967398143e+05
250.1250 1.141318e-02 1.635418e-02 1.686744e-04 3.853201e-04 6.096924e-04 2.557663e-03 4.4552686693e+04 2.1962596837e+05 2.1968603288e+05
251.1255 1.128533e-02 1.632668e-02 1.680667e-04 3.703087e-04 5.935288e-04 2.534843e-03 4.4555208888e+04 2.1961870082e+05 2.1969086038e+05
252.1260 1.142458e-02 1.624960e-02 1.669160e-04 3.437496e-04 5.332198e-04 2.598738e-03 4.4557459382e+04 2.1962030423e+05 2.1968698837e+05
253.1265 1.130060e-02 1.644393e-02 1.767359e-04 3.678294e-04 6.087372e-04 2.614268e-03 4.4559757853e+04 2.1962991399e+05 2.1967499661e+05
254.1270 1.135439e-02 1.649490e-02 1.621365e-04 3.516343e-04 5.672041e-04 2.596878e-03 4.4561994340e+04 2.1964494226e+05 2.1965769669e+05
255.1275 1.144447e-02 1.653782e-02 1.518748e-04 3.800086e-04 5.722630e-04 2.606934e-03 4.4564164008e+04 2.1966148180e+05 2.1963893715e+05
256.1280 1.132883e-02 1.623671e-02 1.857429e-04 3.929573e-04 6.000013e-04 2.578261e-03 4.4566369147e+04 2.1967533249e+05 2.1962304479e+05
257.1285 1.134361e-02 1.627255e-02 1.627130e-04 4.178307e-04 6.459928e-04 2.509684e-03 4.4568536178e+04 2.1968256074e+05 2.1961367101e+05
258.1290 1.157589e-02 1.670225e-02 1.617236e-04 4.460202e-04 6.171379e-04 2.535751e-03 4.4570551981e+04 2.1968101067e+05 2.1961286132e+05
259.1295 1.136618e-02 1.657430e-02 1.847595e-04 4.529113e-04 6.584565e-04 2.391861e-03 4.4572882761e+04 2.1967128861e+05 2.1962046154e+05
260.1300 1.147434e-02 1.679783e-02 1.799117e-04 5.463392e-04 7.519252e-04 2.452811e-03 4.4575059547e+04 2.1965493616e+05 2.1963437128e+05
261.1305 1.160849e-02 1.700237e-02 1.698790e-04 5.270802e-04 7.047434e-04 2.406982e-03 4.4577249108e+04 2.1963591494e+05 2.1965113374e+05
262.1310 1.122800e-02 1.649330e-02 1.644081e-04 4.964925e-04 7.225498e-04 2.409801e-03 4.4579768326e+04 2.1961863991e+05 2.1966630122e+05
263.1315 1.135131e-02 1.655088e-02 1.745320e-04 5.618870e-04 7.859804e-04 2.430396e-03 4.4582021653e+04 2.1960664322e+05 2.1967585144e+05
264.1320 1.158884e-02 1.673357e-02 1.666003e-04 5.166310e-04 7.148133e-04 2.470456e-03 4.4584275163e+04 2.1960284490e+05 2.1967728642e+05
265.1325 1.143967e-02 1.692128e-02 1.564379e-04 5.189027e-04 7.819827e-04 2.521905e-03 4.4586889477e+04 2.1960759248e+05 2.1966978890e+05
266.1330 1.154441e-02 1.641450e-02 1.740148e-04 4.705241e-04 6.926211e-04 2.607370e-03 4.4589405566e+04 2.1962006245e+05 2.1965501524e+05
267.1335 1.151257e-02 1.696558e-02 1.809193e-04 4.640592e-04 7.083001e-04 2.657229e-03 4.4591943904e+04 2.1963621305e+05 2.1963609537e+05
268.1340 1.146403e-02 1.694075e-02 1.648145e-04 4.339205e-04 6.614769e-04 2.751311e-03 4.4594467435e+04 2.1965239297e+05 2.1961738316e+05
269.1345 1.158234e-02 1.670416e-02 1.653422e-04 4.285762e-04 6.659676e-04 2.818413e-03 4.4596928886e+04 2.1966425944e+05 2.1960311808e+05
270.1350 1.137542e-02 1.692744e-02 1.667005e-04 3.800427e-04 6.342617e-04 2.893814e-03 4.4599431657e+04 2.1966837467e+05 2.1959652875e+05
271.1355 1.111554e-02 1.622604e-02 1.523079e-04 3.862224e-04 6.196926e-04 2.901758e-03 4.4601833623e+04 2.1966413347e+05 2.1959881174e+05
272.1360 1.122674e-02 1.659923e-02 1.804469e-04 4.000603e-04 6.232815e-04 2.915869e-03 4.4604033435e+04 2.1965140456e+05 2.1960911312e+05
273.1365 1.138124e-02 1.684123e-02 1.515957e-04 3.932942e-04 6.059516e-04 2.854627e-03 4.4606249549e+04 2.1963345317e+05 2.1962468508e+05
274.1370 1.141760e-02 1.635411e-02 1.759864e-04 4.442934e-04 6.368324e-04 2.904799e-03 4.4608428440e+04 2.1961468018e+05 2.1964138106e+05
275.1375 1.149360e-02 1.668773e-02 1.706576e-04 4.485176e-04 6.605060e-04 2.769415e-03 4.4610564843e+04 2.1959881455e+05 2.1965498547e+05
276.1380 1.148088e-02 1.674729e-02 1.661737e-04 5.010663e-04 6.950908e-04 2.718204e-03 4.4612584467e+04 2.1958988987e+05 2.1966185456e+05
277.1385 1.139401e-02 1.652878e-02 1.669074e-04 5.389631e-04 7.405446e-04 2.724612e-03 4.4614657473e+04 2.1958971927e+05 2.1966005253e+05
278.1390 1.148021e-02 1.660651e-02 1.683194e-04 5.584113e-04 7.660512e-04 2.498916e-03 4.4616750072e+04 2.1959782813e+05 2.1964983147e+05
279.1395 1.143143e-02 1.681017e-02 1.701365e-04 6.384119e-04 8.819276e-04 2.614726e-03 4.4618919705e+04 2.1961192853e+05 2.1963342089e+05
280.1400 1.166048e-02 1.683761e-02 1.640903e-04 6.102746e-04 8.108207e-04 2.485157e-03 4.4621184973e+04 2.1962819739e+05 2.1961481268e+05
281.1405 1.160276e-02 1.666020e-02 1.591318e-04 6.185716e-04 8.868826e-04 2.554446e-03 4.4623606370e+04 2.1964256320e+05 2.1959810936e+05
282.1410 1.179045e-02 1.693705e-02 1.862923e-04 5.937745e-04 8.458495e-04 2.550454e-03 4.4626122035e+04 2.1965062482e+05 2.1958728117e+05
283.1415 1.160980e-02 1.619623e-02 1.754580e-04 6.033066e-04 8.668359e-04 2.645649e-03 4.4628777092e+04 2.1965111932e+05 2.1958455725e+05
284.1420 1.151474e-02 1.654404e-02 1.636707e-04 5.666208e-04 8.136523e-04 2.735663e-03 4.4631440980e+04 2.1964258203e+05 2.1959031504e+05
285.1425 1.160277e-02 1.663000e-02 1.778709e-04 5.133512e-04 7.733953e-04 2.923846e-03 4.4633903903e+04 2.1962761600e+05 2.1960272030e+05
286.1430 1.170782e-02 1.689398e-02 1.944437e-04 4.827453e-04 6.896689e-04 2.962045e-03 4.4636366504e+04 2.1960920248e+05 2.1961847190e+05
287.1435 1.161352e-02 1.690306e-02 1.792546e-04 4.649867e-04 6.767801e-04 3.131729e-03 4.4639048833e+04 2.1959169168e+05 2.1963332853e+05
288.1440 1.152959e-02 1.679281e-02 1.883264e-04 4.274655e-04 6.466596e-04 3.211103e-03 4.4641731718e+04 2.1957910323e+05 2.1964328313e+05
289.1445 1.163410e-02 1.685058e-02 1.784548e-04 3.896838e-04 5.786900e-04 3.265881e-03 4.4644267734e+04 2.1957420397e+05 2.1964557678e+05
290.1450 1.163329e-02 1.666825e-02 1.770678e-04 4.218789e-04 6.134657e-04 3.259902e-03 4.4646693828e+04 2.1957820519e+05 2.1963923766e+05
291.1455 1.159102e-02 1.655705e-02 1.855464e-04 4.282948e-04 6.345375e-04 3.279101e-03 4.4648923771e+04 2.1958965911e+05 2.1962557062e+05
292.1460 1.138617e-02 1.652961e-02 1.540678e-04 4.781027e-04 6.894154e-04 3.116173e-03 4.4651045308e+04 2.1960567712e+05 2.1960761061e+05
293.1465 1.148893e-02 1.649342e-02 1.809697e-04 5.516668e-04 7.659449e-04 3.136296e-03 4.4653042339e+04 2.1962174939e+05 2.1958945834e+05
294.1470 1.155498e-02 1.666536e-02 1.646834e-04 5.737598e-04 8.159348e-04 2.881973e-03 4.4655256927e+04 2.1963350992e+05 2.1957545024e+05
295.1475 1.165085e-02 1.667506e-02 1.717632e-04 6.314271e-04 9.228679e-04 2.948207e-03 4.4657472829e+04 2.1963785873e+05 2.1956873877e+05
296.1480 1.179438e-02 1.666699e-02 1.760234e-04 6.165156e-04 8.740031e-04 2.669603e-03 4.4659538063e+04 2.1963364534e+05 2.1957094124e+05
297.1485 1.172775e-02 1.694723e-02 1.720440e-04 7.311905e-04 1.035377e-03 2.686793e-03 4.4661551954e+04 2.1962123451e+05 2.1958110803e+05
298.1490 1.172368e-02 1.697791e-02 2.008027e-04 7.106870e-04 1.020395e-03 2.718724e-03 4.4663618179e+04 2.1960361669e+05 2.1959667405e+05
299.1495 1.159621e-02 1.640183e-02 1.591616e-04 6.701000e-04 9.411856e-04 2.639586e-03 4.4665900524e+04 2.1958485492e+05 2.1961357053e+05
300.1500 1.160759e-02 1.661267e-02 1.654314e-04 7.318805e-04 1.039145e-03 2.833033e-03 4.4668246133e+04 2.1956857414e+05 2.1962721271e+05
301.1505 1.164339e-02 1.681652e-02 1.779119e-04 6.820836e-04 9.193643e-04 2.901481e-03 4.4670858703e+04 2.1955895727e+05 2.1963417273e+05
302.1510 1.167093e-02 1.657429e-02 1.813712e-04 6.250990e-04 8.844504e-04 3.005437e-03 4.4673667382e+04 2.1955816529e+05 2.1963223801e+05
303.1515 1.163276e-02 1.684393e-02 1.570908e-04 5.803753e-04 7.804498e-04 3.242742e-03 4.4676555057e+04 2.1956580837e+05 2.1962160867e+05
304.1520 1.167451e-02 1.666592e-02 1.821044e-04 5.207969e-04 7.280800e-04 3.322708e-03 4.4679349780e+04 2.1958022732e+05 2.1960446015e+05
305.1525 1.153699e-02 1.652905e-02 1.655804e-04 5.023315e-04 6.817415e-04 3.477245e-03 4.4681969366e+04 2.1959754950e+05 2.1958463471e+05
306.1530 1.159689e-02 1.637656e-02 1.714502e-04 4.836601e-04 6.823977e-04 3.565324e-03 4.4684369516e+04 2.1961315158e+05 2.1956655142e+05
307.1535 1.160855e-02 1.623300e-02 1.784777e-04 4.231851e-04 6.605917e-04 3.572439e-03 4.4686792162e+04 2.1962309265e+05 2.1955432972e+05
308.1540 1.141075e-02 1.621601e-02 1.740236e-04 4.634149e-04 6.738278e-04 3.546443e-03 4.4689330677e+04 2.1962439394e+05 2.1955058801e+05
309.1545 1.153851e-02 1.691797e-02 2.039537e-04 4.734319e-04 7.220944e-04 3.551505e-03 4.4691773099e+04 2.1961606375e+05 2.1955604370e+05
310.1550 1.170234e-02 1.671175e-02 1.716195e-04 4.854568e-04 8.016932e-04 3.398567e-03 4.4694117807e+04 2.1960065331e+05 2.1956913968e+05
311.1555 1.175810e-02 1.682328e-02 1.809721e-04 5.979031e-04 8.859464e-04 3.308475e-03 4.4696339600e+04 2.1958112499e+05 2.1958633380e+05
312.1560 1.183662e-02 1.671980e-02 1.755060e-04 6.119918e-04 9.225611e-04 3.166347e-03 4.4698340276e+04 2.1956227842e+05 2.1960324977e+05
313.1565 1.178245e-02 1.657628e-02 1.676777e-04 6.576149e-04 1.038559e-03 3.062115e-03 4.4700255779e+04 2.1954826829e+05 2.1961540633e+05
314.1570 1.167975e-02 1.676033e-02 1.728903e-04 7.422351e-04 1.095162e-03 2.963813e-03 4.4702241764e+04 2.1954200410e+05 2.1961965208e+05
315.1575 1.157321e-02 1.704284e-02 1.635167e-04 7.609976e-04 1.053330e-03 2.918662e-03 4.4704438901e+04 2.1954453862e+05 2.1961480891e+05
316.1580 1.169080e-02 1.693050e-02 1.603073e-04 8.470138e-04 1.189250e-03 2.959901e-03 4.4706708762e+04 2.1955539413e+05 2.1960165201e+05
317.1585 1.181640e-02 1.712063e-02 1.738796e-04 7.540997e-04 1.011161e-03 2.963087e-03 4.4709122861e+04 2.1957117109e+05 2.1958345045e+05
318.1590 1.179587e-02 1.698882e-02 1.552752e-04 7.961835e-04 1.099855e-03 3.123193e-03 4.4711691737e+04 2.1958788137e+05 2.1956408815e+05
319.1595 1.187059e-02 1.698128e-02 1.710880e-04 7.439551e-04 9.480827e-04 3.221352e-03 4.4714246425e+04 2.1960118277e+05 2.1954821661e+05
320.1600 1.196591e-02 1.671574e-02 1.651979e-04 7.277490e-04 9.453377e-04 3.408331e-03 4.4716840870e+04 2.1960768363e+05 2.1953919568e+05
321.1605 1.204607e-02 1.701413e-02 1.743830e-04 6.798634e-04 8.871783e-04 3.605520e-03 4.4719494244e+04 2.1960500733e+05 2.1953897093e+05
322.1610 1.173642e-02 1.735582e-02 1.551853e-04 6.150034e-04 7.772261e-04 3.643661e-03 4.4722414871e+04 2.1959384130e+05 2.1954723758e+05
323.1615 1.169340e-02 1.735181e-02 1.820348e-04 5.706221e-04 7.985536e-04 3.806793e-03 4.4725278711e+04 2.1957665973e+05 2.1956152663e+05
324.1620 1.180174e-02 1.658088e-02 1.853512e-04 5.353630e-04 7.527109e-04 3.905796e-03 4.4728053416e+04 2.1955762170e+05 2.1957809989e+05
325.1625 1.184375e-02 1.722794e-02 1.756528e-04 5.380036e-04 7.833149e-04 3.913532e-03 4.4730672877e+04 2.1954034999e+05 2.1959241700e+05
326.1630 1.174630e-02 1.675065e-02 1.620149e-04 5.210753e-04 8.401900e-04 3.868184e-03 4.4733209438e+04 2.1952984669e+05 2.1960062560e+05
327.1635 1.173940e-02 1.649783e-02 1.852363e-04 5.390298e-04 8.596925e-04 3.791261e-03 4.4735495447e+04 2.1952791059e+05 2.1960040895e+05
328.1640 1.159999e-02 1.670236e-02 1.711103e-04 5.760995e-04 9.627443e-04 3.737515e-03 4.4737687597e+04 2.1953452603e+05 2.1959153555e+05
329.1645 1.162396e-02 1.675440e-02 1.658407e-04 6.263455e-04 1.044051e-03 3.627413e-03 4.4739770720e+04 2.1954800752e+05 2.1957591670e+05
330.1650 1.168231e-02 1.693137e-02 1.767777e-04 6.878596e-04 1.149486e-03 3.471513e-03 4.4741909373e+04 2.1956463358e+05 2.1955704732e+05
331.1655 1.178324e-02 1.691188e-02 1.624326e-04 7.036911e-04 1.080276e-03 3.333795e-03 4.4744084047e+04 2.1958006826e+05 2.1953949458e+05
332.1660 1.171487e-02 1.706847e-02 2.066493e-04 8.021898e-04 1.258912e-03 3.298904e-03 4.4746326376e+04 2.1959002723e+05 2.1952714088e+05
333.1665 1.175214e-02 1.686092e-02 1.679994e-04 7.915182e-04 1.137178e-03 3.268755e-03 4.4748476409e+04 2.1959203645e+05 2.1952313183e+05
334.1670 1.189163e-02 1.729465e-02 1.829031e-04 8.494810e-04 1.201258e-03 3.268102e-03 4.4750632481e+04 2.1958478866e+05 2.1952791983e+05
335.1675 1.179924e-02 1.713683e-02 1.952676e-04 8.666234e-04 1.154579e-03 3.341016e-03 4.4752963674e+04 2.1957027126e+05 2.1954023919e+05
336.1680 1.187806e-02 1.690224e-02 1.732028e-04 8.188075e-04 1.046241e-03 3.470968e-03 4.4755235601e+04 2.1955150241e+05 2.1955677820e+05
337.1685 1.185618e-02 1.718576e-02 1.771379e-04 8.744384e-04 1.112092e-03 3.618289e-03 4.4757726618e+04 2.1953247548e+05 2.1957311568e+05
338.1690 1.202033e-02 1.736876e-02 1.777475e-04 7.890477e-04 9.422868e-04 3.713980e-03 4.4760491027e+04 2.1951747410e+05 2.1958520624e+05
339.1695 1.192610e-02 1.711702e-02 1.877378e-04 7.711654e-04 9.466085e-04 3.852017e-03 4.4763448091e+04 2.1951045859e+05 2.1958938834e+05
340.1700 1.203402e-02 1.735824e-02 1.876081e-04 7.050030e-04 8.705534e-04 4.056867e-03 4.4766310414e+04 2.1951243023e+05 2.1958441560e+05
341.1705 1.204644e-02 1.717464e-02 1.710826e-04 6.748264e-04 8.936000e-04 4.116319e-03 4.4769171017e+04 2.1952297358e+05 2.1957101739e+05
342.1710 1.185093e-02 1.698496e-02 1.661875e-04 6.656280e-04 9.316915e-04 4.118768e-03 4.4771994828e+04 2.1953922282e+05 2.1955213652e+05
343.1715 1.184588e-02 1.725428e-02 1.783287e-04 6.366330e-04 9.338352e-04 4.167266e-03 4.4774737713e+04 2.1955638759e+05 2.1953208159e+05
344.1720 1.185408e-02 1.696795e-02 1.678093e-04 6.577652e-04 1.039764e-03 4.147525e-03 4.4777405594e+04 2.1957061603e+05 2.1951527609e+05
345.1725 1.183930e-02 1.713460e-02 1.727529e-04 6.416742e-04 1.038513e-03 4.020290e-03 4.4780057841e+04 2.1957754781e+05 2.1950564955e+05
346.1730 1.173514e-02 1.693760e-02 1.678665e-04 6.965027e-04 1.202153e-03 3.981696e-03 4.4782664163e+04 2.1957560846e+05 2.1950510922e+05
347.1735 1.186925e-02 1.683993e-02 1.833668e-04 6.918655e-04 1.157840e-03 3.899322e-03 4.4785036899e+04 2.1956468091e+05 2.1951365555e+05
348.1740 1.198889e-02 1.686542e-02 1.687618e-04 7.996706e-04 1.289086e-03 3.817533e-03 4.4787316638e+04 2.1954723002e+05 2.1952867444e+05
349.1745 1.202722e-02 1.756199e-02 1.816959e-04 7.818295e-04 1.189637e-03 3.693625e-03 4.4789549497e+04 2.1952705338e+05 2.1954641823e+05
350.1750 1.201319e-02 1.728542e-02 1.835286e-04 8.462182e-04 1.280123e-03 3.766866e-03 4.4791692108e+04 2.1950932609e+05 2.1956204444e+05
351.1755 1.181114e-02 1.688059e-02 1.808492e-04 9.142567e-04 1.305066e-03 3.753781e-03 4.4793925262e+04 2.1949775329e+05 2.1957165139e+05
352.1760 1.191911e-02 1.732244e-02 1.737738e-04 8.851684e-04 1.118660e-03 3.781906e-03 4.4796144051e+04 2.1949427764e+05 2.1957277212e+05
353.1765 1.197931e-02 1.754599e-02 1.740403e-04 9.830785e-04 1.259909e-03 3.872904e-03 4.4798473790e+04 2.1949985909e+05 2.1956455441e+05
354.1770 1.213853e-02 1.705055e-02 1.807978e-04 9.161763e-04 1.083742e-03 3.896595e-03 4.4800925157e+04 2.1951308062e+05 2.1954914971e+05
355.1775 1.217920e-02 1.760485e-02 1.827546e-04 9.128406e-04 1.054084e-03 4.080639e-03 4.4803445390e+04 2.1952948973e+05 2.1952988745e+05
356.1780 1.191979e-02 1.722499e-02 1.698180e-04 9.314619e-04 1.101799e-03 4.165375e-03 4.4806234656e+04 2.1954554676e+05 2.1951122597e+05
357.1785 1.190314e-02 1.714926e-02 1.700822e-04 8.886836e-04 1.044413e-03 4.111159e-03 4.4808882011e+04 2.1955680662e+05 2.1949746999e+05
358.1790 1.194359e-02 1.728400e-02 1.835888e-04 8.892726e-04 1.074739e-03 4.291857e-03 4.4811488226e+04 2.1955990000e+05 2.1949155793e+05
359.1795 1.198241e-02 1.718057e-02 1.664990e-04 8.126647e-04 1.106171e-03 4.321759e-03 4.4814272615e+04 2.1955409551e+05 2.1949462200e+05
360.1800 1.188943e-02 1.755366e-02 1.980760e-04 8.168943e-04 1.146692e-03 4.297573e-03 4.4817296024e+04 2.1954007873e+05 2.1950546937e+05
361.1805 1.179504e-02 1.713884e-02 1.688552e-04 8.091453e-04 1.187898e-03 4.304624e-03 4.4820338737e+04 2.1952167112e+05 2.1952110684e+05
362.1810 1.208702e-02 1.697015e-02 1.847467e-04 8.003449e-04 1.267308e-03 4.318093e-03 4.4823192632e+04 2.1950249437e+05 2.1953729925e+05
363.1815 1.207657e-02 1.713890e-02 1.703742e-04 7.821154e-04 1.288795e-03 4.395732e-03 4.4826053787e+04 2.1948699102e+05 2.1954979873e+05
364.1820 1.196218e-02 1.724597e-02 1.593788e-04 7.772195e-04 1.298674e-03 4.240086e-03 4.4828754237e+04 2.1947906687e+05 2.1955509463e+05
365.1825 1.215709e-02 1.724863e-02 1.852705e-04 8.291096e-04 1.340638e-03 4.353028e-03 4.4831190490e+04 2.1948011089e+05 2.1955145642e+05
366.1830 1.193950e-02 1.717447e-02 1.802351e-04 8.229266e-04 1.309602e-03 4.233779e-03 4.4833769994e+04 2.1948966345e+05 2.1953954825e+05
367.1835 1.187820e-02 1.742043e-02 1.568783e-04 8.753179e-04 1.383420e-03 4.385431e-03 4.4836242417e+04 2.1950459670e+05 2.1952192942e+05
368.1840 1.224117e-02 1.756991e-02 1.617761e-04 8.748005e-04 1.200765e-03 4.291133e-03 4.4838547374e+04 2.1952131280e+05 2.1950276220e+05
369.1845 1.202194e-02 1.725209e-02 1.756488e-04 9.457767e-04 1.293819e-03 4.480840e-03 4.4840946521e+04 2.1953559869e+05 2.1948620135e+05
370.1850 1.191528e-02 1.733713e-02 1.800931e-04 9.167452e-04 1.182988e-03 4.359287e-03 4.4843252698e+04 2.1954328176e+05 2.1947633367e+05
371.1855 1.237084e-02 1.790486e-02 1.762283e-04 9.810359e-04 1.140389e-03 4.480190e-03 4.4845389362e+04 2.1954177912e+05 2.1947520933e+05
372.1860 1.204508e-02 1.748815e-02 1.878304e-04 1.038418e-03 1.209455e-03 4.476086e-03 4.4847815989e+04 2.1953196172e+05 2.1948287786e+05
373.1865 1.199288e-02 1.743220e-02 1.763658e-04 1.058322e-03 1.213563e-03 4.465338e-03 4.4850089374e+04 2.1951535867e+05 2.1949728401e+05
374.1870 1.216909e-02 1.783918e-02 1.915618e-04 1.090326e-03 1.243946e-03 4.549245e-03 4.4852278215e+04 2.1949551695e+05 2.1951456530e+05
375.1875 1.214520e-02 1.752179e-02 1.752425e-04 1.090534e-03 1.306448e-03 4.412572e-03 4.4854869356e+04 2.1947751589e+05 2.1953021136e+05
376.1880 1.211501e-02 1.787408e-02 1.872412e-04 1.110794e-03 1.378204e-03 4.451069e-03 4.4857752817e+04 2.1946451056e+05 2.1954010571e+05
377.1885 1.234610e-02 1.780755e-02 1.761899e-04 1.112084e-03 1.437288e-03 4.512149e-03 4.4860738183e+04 2.1945994027e+05 2.1954154603e+05
378.1890 1.221280e-02 1.776548e-02 1.707080e-04 1.048240e-03 1.443989e-03 4.363437e-03 4.4863833249e+04 2.1946477616e+05 2.1953381846e+05
379.1895 1.244752e-02 1.770825e-02 1.626022e-04 1.083338e-03 1.591898e-03 4.593421e-03 4.4866757785e+04 2.1947712378e+05 2.1951830544e+05
380.1900 1.229662e-02 1.766854e-02 1.733316e-04 1.024585e-03 1.470742e-03 4.500758e-03 4.4869700029e+04 2.1949404509e+05 2.1949861496e+05
381.1905 1.236149e-02 1.740977e-02 1.781426e-04 1.028016e-03 1.564800e-03 4.717056e-03 4.4872601264e+04 2.1951076779e+05 2.1947894274e+05
382.1910 1.204252e-02 1.747244e-02 1.806576e-04 9.640639e-04 1.477064e-03 4.763612e-03 4.4875854496e+04 2.1952279567e+05 2.1946384136e+05
383.1915 1.222101e-02 1.746574e-02 1.770252e-04 9.816357e-04 1.504696e-03 4.882993e-03 4.4879007432e+04 2.1952692777e+05 2.1945638402e+05
384.1920 1.224966e-02 1.735656e-02 1.643644e-04 9.412393e-04 1.330698e-03 5.004689e-03 4.4882092448e+04 2.1952211804e+05 2.1945815460e+05
385.1925 1.210685e-02 1.733630e-02 1.836556e-04 9.483134e-04 1.372024e-03 5.088149e-03 4.4885059653e+04 2.1950918157e+05 2.1946815052e+05
386.1930 1.216987e-02 1.718286e-02 1.780311e-04 9.311092e-04 1.284120e-03 5.141411e-03 4.4887530311e+04 2.1949110476e+05 2.1948384696e+05
387.1935 1.229716e-02 1.704895e-02 1.719081e-04 9.932243e-04 1.235618e-03 5.125713e-03 4.4889667403e+04 2.1947179324e+05 2.1950101160e+05
388.1940 1.219727e-02 1.697170e-02 2.062839e-04 1.016899e-03 1.284165e-03 5.269230e-03 4.4891834189e+04 2.1945550136e+05 2.1951511840e+05
389.1945 1.221079e-02 1.716855e-02 1.729577e-04 1.057468e-03 1.321707e-03 5.003762e-03 4.4893935692e+04 2.1944603544e+05 2.1952246457e+05
390.1950 1.227131e-02 1.765131e-02 1.813272e-04 1.153637e-03 1.357067e-03 5.030335e-03 4.4896087667e+04 2.1944498322e+05 2.1952103722e+05
391.1955 1.238358e-02 1.775474e-02 1.951067e-04 1.225228e-03 1.491843e-03 4.830898e-03 4.4898392654e+04 2.1945269169e+05 2.1951097491e+05
392.1960 1.231218e-02 1.772342e-02 1.808534e-04 1.234633e-03 1.546923e-03 4.830262e-03 4.4900766506e+04 2.1946662369e+05 2.1949470489e+05
393.1965 1.243714e-02 1.766954e-02 1.847459e-04 1.288597e-03 1.641531e-03 4.673441e-03 4.4903156903e+04 2.1948287080e+05 2.1947600560e+05
394.1970 1.251959e-02 1.798374e-02 1.797585e-04 1.358122e-03 1.720402e-03 4.549020e-03 4.4905627787e+04 2.1949702735e+05 2.1945921853e+05
395.1975 1.236303e-02 1.790189e-02 1.797814e-04 1.384527e-03 1.846704e-03 4.729487e-03 4.4908295084e+04 2.1950546627e+05 2.1944806372e+05
396.1980 1.242146e-02 1.755096e-02 1.811050e-04 1.301280e-03 1.741286e-03 4.628604e-03 4.4911232531e+04 2.1950586222e+05 2.1944500369e+05
397.1985 1.238306e-02 1.785071e-02 1.931199e-04 1.316233e-03 1.870443e-03 4.764899e-03 4.4914574917e+04 2.1949712164e+05 2.1945018923e+05
398.1990 1.221959e-02 1.756000e-02 1.610210e-04 1.276367e-03 1.751333e-03 5.043123e-03 4.4918093031e+04 2.1948176074e+05 2.1946221332e+05
399.1995 1.257947e-02 1.767818e-02 1.796027e-04 1.236374e-03 1.698319e-03 5.151016e-03 4.4921600724e+04 2.1946264479e+05 2.1947755914e+05
400.2000 1.224172e-02 1.771386e-02 1.794850e-04 1.107345e-03 1.587283e-03 5.516307e-03 4.4925306609e+04 2.1944455757e+05 2.1949204082e+05
401.2005 1.217802e-02 1.752668e-02 1.809997e-04 1.039302e-03 1.481337e-03 5.570437e-03 4.4928707367e+04 2.1943184726e+05 2.1950146621e+05
402.2010 1.225224e-02 1.747754e-02 1.974166e-04 1.049978e-03 1.454418e-03 5.868341e-03 4.4931750615e+04 2.1942713145e+05 2.1950302002e+05
403.2015 1.218975e-02 1.744926e-02 1.841500e-04 9.740270e-04 1.303357e-03 5.881217e-03 4.4934852926e+04 2.1943115082e+05 2.1949597140e+05
404.2020 1.214009e-02 1.743759e-02 2.053736e-04 9.977750e-04 1.346447e-03 6.051144e-03 4.4937813442e+04 2.1944278328e+05 2.1948133856e+05
405.2025 1.216918e-02 1.751953e-02 1.740608e-04 1.035607e-03 1.366576e-03 5.978342e-03 4.4940583257e+04 2.1945891166e+05 2.1946242126e+05
406.2030 1.226819e-02 1.767457e-02 1.890320e-04 1.072590e-03 1.380620e-03 5.894574e-03 4.4942999541e+04 2.1947527036e+05 2.1944355915e+05
407.2035 1.247641e-02 1.772821e-02 1.693641e-04 1.138495e-03 1.492677e-03 5.698194e-03 4.4945074016e+04 2.1948741461e+05 2.1942924276e+05
408.2040 1.232468e-02 1.798682e-02 1.843719e-04 1.279887e-03 1.611641e-03 5.500267e-03 4.4946959320e+04 2.1949179374e+05 2.1942285988e+05
409.2045 1.244603e-02 1.807538e-02 1.566398e-04 1.399321e-03 1.790079e-03 5.390188e-03 4.4948739343e+04 2.1948694070e+05 2.1942581344e+05
410.2050 1.244862e-02 1.791949e-02 1.891453e-04 1.487960e-03 1.846259e-03 4.978261e-03 4.4950679254e+04 2.1947376963e+05 2.1943720438e+05
411.2055 1.241863e-02 1.795441e-02 1.761381e-04 1.557378e-03 2.008690e-03 4.965817e-03 4.4952766711e+04 2.1945480313e+05 2.1945400150e+05
412.2060 1.255888e-02 1.834696e-02 1.815343e-04 1.643615e-03 2.051244e-03 4.920496e-03 4.4955220454e+04 2.1943411733e+05 2.1947196381e+05
413.2065 1.249573e-02 1.849549e-02 1.723537e-04 1.717020e-03 2.123030e-03 4.815682e-03 4.4958020751e+04 2.1941685856e+05 2.1948641744e+05
414.2070 1.268324e-02 1.862093e-02 1.738133e-04 1.655941e-03 2.112090e-03 5.103616e-03 4.4961033114e+04 2.1940627901e+05 2.1949372321e+05
415.2075 1.259093e-02 1.838312e-02 1.745089e-04 1.582553e-03 1.979389e-03 5.106157e-03 4.4964440679e+04 2.1940509478e+05 2.1949174784e+05
416.2080 1.240229e-02 1.799983e-02 1.847362e-04 1.562509e-03 1.942039e-03 5.509592e-03 4.4967975235e+04 2.1941299193e+05 2.1948040722e+05
417.2085 1.233501e-02 1.790079e-02 1.622239e-04 1.486385e-03 1.825551e-03 5.837962e-03 4.4971579368e+04 2.1942779561e+05 2.1946204918e+05
418.2090 1.255813e-02 1.810970e-02 1.793477e-04 1.389296e-03 1.711617e-03 6.105691e-03 4.4975218771e+04 2.1944540009e+05 2.1944055677e+05
419.2095 1.251625e-02 1.770626e-02 1.712299e-04 1.240435e-03 1.545597e-03 6.417780e-03 4.4979239174e+04 2.1946150191e+05 2.1942063472e+05
420.2100 1.264532e-02 1.791435e-02 1.802336e-04 1.187455e-03 1.545568e-03 6.727966e-03 4.4983311490e+04 2.1947130125e+05 2.1940648533e+05
421.2105 1.249445e-02 1.792414e-02 1.691257e-04 1.134931e-03 1.442923e-03 6.745163e-03 4.4987103458e+04 2.1947296502e+05 2.1940113692e+05
422.2110 1.224332e-02 1.756142e-02 1.749365e-04 1.132631e-03 1.484117e-03 6.871071e-03 4.4990365907e+04 2.1946580535e+05 2.1940522762e+05
423.2115 1.232874e-02 1.761666e-02 1.906071e-04 1.150244e-03 1.548445e-03 6.750095e-03 4.4992874998e+04 2.1945112691e+05 2.1941737962e+05
424.2120 1.237740e-02 1.758467e-02 1.719075e-04 1.232462e-03 1.668915e-03 6.620882e-03 4.4995096801e+04 2.1943192757e+05 2.1943433294e+05
425.2125 1.229656e-02 1.730175e-02 1.917448e-04 1.328611e-03 1.798019e-03 6.407477e-03 4.4997270711e+04 2.1941251852e+05 2.1945171516e+05
426.2130 1.257045e-02 1.766569e-02 1.729379e-04 1.457951e-03 1.954717e-03 6.071983e-03 4.4999393812e+04 2.1939681557e+05 2.1946504002e+05
427.2135 1.268075e-02 1.781413e-02 1.805265e-04 1.629233e-03 2.155403e-03 5.852634e-03 4.5001533060e+04 2.1938872602e+05 2.1947082895e+05
428.2140 1.284366e-02 1.833032e-02 1.736312e-04 1.750271e-03 2.256924e-03 5.682370e-03 4.5003595009e+04 2.1938940246e+05 2.1946773536e+05
429.2145 1.277720e-02 1.839865e-02 1.757981e-04 1.831213e-03 2.349169e-03 5.314172e-03 4.5005706373e+04 2.1939876582e+05 2.1945641078e+05
430.2150 1.286380e-02 1.820919e-02 1.690015e-04 1.923771e-03 2.430153e-03 5.494606e-03 4.5007682357e+04 2.1941354830e+05 2.1943951192e+05
431.2155 1.292436e-02 1.836592e-02 1.833401e-04 2.005319e-03 2.355320e-03 5.319337e-03 4.5010029893e+04 2.1942961831e+05 2.1942105088e+05
432.2160 1.271514e-02 1.828923e-02 1.677645e-04 2.054247e-03 2.425886e-03 5.686388e-03 4.5012848382e+04 2.1944260777e+05 2.1940525860e+05
433.2165 1.260761e-02 1.819441e-02 1.854267e-04 1.918797e-03 2.194903e-03 5.798354e-03 4.5016152539e+04 2.1944887974e+05 2.1939584821e+05
434.2170 1.271608e-02 1.813414e-02 1.781875e-04 1.864087e-03 2.101281e-03 6.150366e-03 4.5019830998e+04 2.1944649444e+05 2.1939446666e+05
435.2175 1.283058e-02 1.870369e-02 1.731807e-04 1.797536e-03 2.010134e-03 6.680081e-03 4.5023888510e+04 2.1943532799e+05 2.1940109078e+05
436.2180 1.284145e-02 1.843335e-02 1.907752e-04 1.655385e-03 1.834674e-03 6.879525e-03 4.5028276610e+04 2.1941863856e+05 2.1941353449e+05
437.2185 1.262343e-02 1.826814e-02 1.872891e-04 1.539893e-03 1.756032e-03 7.203909e-03 4.5032518939e+04 2.1940014979e+05 2.1942791640e+05
438.2190 1.256689e-02 1.772490e-02 2.091013e-04 1.429509e-03 1.713155e-03 7.513829e-03 4.5036499883e+04 2.1938430053e+05 2.1943998395e+05
439.2195 1.268366e-02 1.758685e-02 1.832093e-04 1.422898e-03 1.755490e-03 7.553316e-03 4.5040280876e+04 2.1937432354e+05 2.1944614228e+05
440.2200 1.251941e-02 1.783512e-02 1.884217e-04 1.389224e-03 1.838337e-03 7.609282e-03 4.5043993366e+04 2.1937232914e+05 2.1944433227e+05
441.2205 1.237791e-02 1.770845e-02 1.916609e-04 1.404678e-03 1.939390e-03 7.497161e-03 4.5047536941e+04 2.1937877266e+05 2.1943446574e+05
442.2210 1.252736e-02 1.814748e-02 1.784796e-04 1.466460e-03 2.107868e-03 7.230954e-03 4.5050610053e+04 2.1939136213e+05 2.1941859856e+05
443.2215 1.265416e-02 1.793492e-02 1.932957e-04 1.562964e-03 2.236076e-03 7.036959e-03 4.5053102090e+04 2.1940716377e+05 2.1940032013e+05
444.2220 1.244127e-02 1.768185e-02 1.878423e-04 1.701880e-03 2.407182e-03 6.835246e-03 4.5055110784e+04 2.1942174910e+05 2.1938387393e+05
445.2225 1.258509e-02 1.818723e-02 1.827457e-04 1.848662e-03 2.517265e-03 6.434069e-03 4.5056866008e+04 2.1943047856e+05 2.1937316286e+05
446.2230 1.279064e-02 1.812367e-02 1.925240e-04 2.004792e-03 2.633779e-03 6.372878e-03 4.5058657969e+04 2.1943104088e+05 2.1937067278e+05
447.2235 1.264706e-02 1.838097e-02 1.804495e-04 2.121892e-03 2.641829e-03 6.216677e-03 4.5060779810e+04 2.1942255156e+05 2.1937702204e+05
448.2240 1.293782e-02 1.844593e-02 1.859942e-04 2.143418e-03 2.588878e-03 6.215097e-03 4.5062958320e+04 2.1940673321e+05 2.1939048489e+05
449.2245 1.305418e-02 1.844702e-02 1.774074e-04 2.244973e-03 2.523596e-03 6.331849e-03 4.5065454457e+04 2.1938703940e+05 2.1940758971e+05
450.2250 1.318009e-02 1.907216e-02 1.963432e-04 2.277399e-03 2.495478e-03 6.495520e-03 4.5068308995e+04 2.1936736564e+05 2.1942403189e+05
451.2255 1.338111e-02 1.907352e-02 1.864424e-04 2.227939e-03 2.333513e-03 6.818910e-03 4.5071450100e+04 2.1935252969e+05 2.1943553558e+05
452.2260 1.324695e-02 1.857800e-02 1.873335e-04 2.157425e-03 2.209583e-03 7.069977e-03 4.5075037607e+04 2.1934599940e+05 2.1943876219e+05
453.2265 1.298393e-02 1.883603e-02 2.109132e-04 2.075746e-03 2.142051e-03 7.475298e-03 4.5078981871e+04 2.1934831755e+05 2.1943239357e+05
454.2270 1.299844e-02 1.885951e-02 1.837945e-04 2.013307e-03 2.098156e-03 7.626973e-03 4.5083151261e+04 2.1935906969e+05 2.1941739302e+05
455.2275 1.320138e-02 1.897473e-02 2.011181e-04 1.881583e-03 2.132552e-03 8.035539e-03 4.5087703384e+04 2.1937480728e+05 2.1939684991e+05
456.2280 1.299919e-02 1.889766e-02 1.838885e-04 1.808448e-03 2.133473e-03 8.055685e-03 4.5092683863e+04 2.1939171885e+05 2.1937513653e+05
457.2285 1.289961e-02 1.843149e-02 1.914049e-04 1.680111e-03 2.200926e-03 8.278525e-03 4.5097380854e+04 2.1940547741e+05 2.1935685537e+05
458.2290 1.284498e-02 1.819368e-02 1.841928e-04 1.723099e-03 2.399531e-03 8.208025e-03 4.5101490455e+04 2.1941262108e+05 2.1934568987e+05
459.2295 1.263970e-02 1.835915e-02 1.963075e-04 1.732082e-03 2.480255e-03 8.175704e-03 4.5104961683e+04 2.1941089417e+05 2.1934392279e+05
460.2300 1.283372e-02 1.829663e-02 1.954913e-04 1.758115e-03 2.594451e-03 8.041958e-03 4.5107985311e+04 2.1940026242e+05 2.1935145796e+05
461.2305 1.280972e-02 1.809988e-02 1.856400e-04 1.837000e-03 2.750828e-03 7.867097e-03 4.5110905970e+04 2.1938282513e+05 2.1936604070e+05
462.2310 1.294752e-02 1.837530e-02 1.974658e-04 1.970393e-03 2.790511e-03 7.714136e-03 4.5113754336e+04 2.1936198638e+05 2.1938385543e+05
463.2315 1.303874e-02 1.837204e-02 1.870846e-04 2.105041e-03 2.851139e-03 7.623653e-03 4.5116324139e+04 2.1934299455e+05 2.1940022527e+05
464.2320 1.295602e-02 1.844752e-02 2.148957e-04 2.231135e-03 2.845695e-03 7.463995e-03 4.5118619920e+04 2.1932998166e+05 2.1941095561e+05
465.2325 1.319034e-02 1.879975e-02 1.832001e-04 2.384217e-03 2.853798e-03 7.534534e-03 4.5120574596e+04 2.1932523113e+05 2.1941342787e+05
466.2330 1.314936e-02 1.856891e-02 2.165418e-04 2.435629e-03 2.747919e-03 7.399458e-03 4.5122634127e+04 2.1932978067e+05 2.1940700661e+05
467.2335 1.320470e-02 1.855818e-02 1.901830e-04 2.514495e-03 2.700676e-03 7.770092e-03 4.5124905919e+04 2.1934125787e+05 2.1939304723e+05
468.2340 1.331495e-02 1.878740e-02 1.926026e-04 2.619302e-03 2.632918e-03 7.625401e-03 4.5127622592e+04 2.1935677740e+05 2.1937473549e+05
469.2345 1.336193e-02 1.899557e-02 2.051521e-04 2.629352e-03 2.599021e-03 8.038167e-03 4.5130673045e+04 2.1937191093e+05 2.1935630315e+05
470.2350 1.355436e-02 1.957421e-02 1.803064e-04 2.612715e-03 2.621985e-03 8.155052e-03 4.5134081899e+04 2.1938247855e+05 2.1934195659e+05
471.2355 1.347040e-02 1.947047e-02 2.013138e-04 2.520373e-03 2.536206e-03 8.338542e-03 4.5138082136e+04 2.1938566472e+05 2.1933485236e+05
472.2360 1.348351e-02 1.931627e-02 1.830875e-04 2.503773e-03 2.668543e-03 8.442570e-03 4.5142304473e+04 2.1938014173e+05 2.1933609384e+05
473.2365 1.351252e-02 1.909839e-02 1.971611e-04 2.493477e-03 2.808927e-03 8.643552e-03 4.5146584339e+04 2.1936703854e+05 2.1934489036e+05
474.2370 1.331431e-02 1.927642e-02 1.879425e-04 2.381163e-03 2.829773e-03 8.591578e-03 4.5151144743e+04 2.1934882502e+05 2.1935856791e+05
475.2375 1.323937e-02 1.921103e-02 1.781694e-04 2.363385e-03 3.006720e-03 8.763585e-03 4.5155708887e+04 2.1932990934e+05 2.1937286674e+05
476.2380 1.331497e-02 1.865091e-02 2.155694e-04 2.272944e-03 3.034944e-03 8.888775e-03 4.5160438671e+04 2.1931446442e+05 2.1938381163e+05
477.2385 1.312983e-02 1.899953e-02 1.709502e-04 2.335102e-03 3.190366e-03 8.855110e-03 4.5165175384e+04 2.1930547488e+05 2.1938789612e+05
478.2390 1.310337e-02 1.873262e-02 1.823056e-04 2.274699e-03 3.177088e-03 8.889007e-03 4.5169432189e+04 2.1930562050e+05 2.1938363014e+05
479.2395 1.321597e-02 1.867071e-02 1.906174e-04 2.285695e-03 3.147613e-03 8.904520e-03 4.5173076263e+04 2.1931418891e+05 2.1937140838e+05
480.2400 1.301829e-02 1.900012e-02 2.039571e-04 2.338898e-03 3.141231e-03 8.924616e-03 4.5176268116e+04 2.1932862334e+05 2.1935369827e+05
481.2405 1.307389e-02 1.853702e-02 1.863667e-04 2.430344e-03 3.080311e-03 9.113503e-03 4.5178986599e+04 2.1934513038e+05 2.1933448900e+05
482.2410 1.312893e-02 1.850515e-02 2.139325e-04 2.481656e-03 2.990928e-03 9.046361e-03 4.5181738033e+04 2.1935865052e+05 2.1931827085e+05
483.2415 1.335159e-02 1.891949e-02 1.852689e-04 2.584115e-03 2.941417e-03 9.236671e-03 4.5184419935e+04 2.1936512383e+05 2.1930873723e+05
484.2420 1.355657e-02 1.939715e-02 1.947753e-04 2.688922e-03 2.835682e-03 9.113697e-03 4.5187040072e+04 2.1936292129e+05 2.1930803003e+05
485.2425 1.341628e-02 1.951027e-02 2.107818e-04 2.725328e-03 2.842329e-03 9.365078e-03 4.5189716139e+04 2.1935217395e+05 2.1931606387e+05
486.2430 1.361854e-02 1.955568e-02 1.772733e-04 2.806058e-03 2.828250e-03 9.170167e-03 4.5192469446e+04 2.1933467382e+05 2.1933081484e+05
487.2435 1.359863e-02 1.962044e-02 2.134768e-04 2.937717e-03 2.907459e-03 9.278817e-03 4.5195459738e+04 2.1931388175e+05 2.1934842637e+05
488.2440 1.358024e-02 1.970169e-02 2.026108e-04 2.998219e-03 3.076835e-03 9.386829e-03 4.5198683495e+04 2.1929460733e+05 2.1936427777e+05
489.2445 1.364417e-02 1.993946e-02 2.041756e-04 3.010918e-03 3.133102e-03 9.190389e-03 4.5202235215e+04 2.1928115640e+05 2.1937415451e+05
490.2450 1.339018e-02 1.940836e-02 2.075697e-04 3.015710e-03 3.305852e-03 9.283930e-03 4.5206107449e+04 2.1927657563e+05 2.1937512091e+05
491.2455 1.369588e-02 1.997272e-02 1.768851e-04 3.070653e-03 3.537196e-03 9.299936e-03 4.5210259074e+04 2.1928046799e+05 2.1936657026e+05
492.2460 1.374218e-02 2.009853e-02 1.961931e-04 3.076321e-03 3.639129e-03 9.334889e-03 4.5214951576e+04 2.1929200408e+05 2.1935017574e+05
493.2465 1.360127e-02 1.964926e-02 1.701133e-04 3.030721e-03 3.726146e-03 9.376824e-03 4.5220028705e+04 2.1930798597e+05 2.1932932380e+05
494.2470 1.364473e-02 1.966187e-02 1.906267e-04 3.005045e-03 3.801450e-03 9.548712e-03 4.5224758508e+04 2.1932418989e+05 2.1930831466e+05
495.2475 1.371186e-02 1.976052e-02 1.965666e-04 3.005850e-03 3.754492e-03 9.796262e-03 4.5229160522e+04 2.1933629153e+05 2.1929168607e+05
496.2480 1.348555e-02 1.981478e-02 1.828303e-04 3.052112e-03 3.866811e-03 9.921135e-03 4.5233599217e+04 2.1934066690e+05 2.1928280357e+05
497.2485 1.370380e-02 1.950512e-02 1.933812e-04 2.906848e-03 3.577682e-03 1.016124e-02 4.5237962005e+04 2.1933565843e+05 2.1928355097e+05
498.2490 1.360468e-02 1.979687e-02 1.777527e-04 2.927811e-03 3.562696e-03 1.040137e-02 4.5242503036e+04 2.1932172660e+05 2.1929275212e+05
499.2495 1.354942e-02 1.954401e-02 2.155569e-04 2.933659e-03 3.416073e-03 1.062743e-02 4.5246879048e+04 2.1930245824e+05 2.1930773660e+05
500.2500 1.350211e-02 1.921998e-02 1.774416e-04 2.970875e-03 3.314073e-03 1.085455e-02 4.5250657478e+04 2.1928237804e+05 2.1932416651e+05
501.2505 1.367669e-02 1.956645e-02 2.219699e-04 2.968894e-03 3.239945e-03 1.093802e-02 4.5253785096e+04 2.1926552312e+05 2.1933759816e+05
502.2510 1.385377e-02 1.933144e-02 1.864971e-04 3.028300e-03 3.255746e-03 1.105731e-02 4.5256833027e+04 2.1925564921e+05 2.1934441356e+05
503.2515 1.359847e-02 1.943835e-02 1.975385e-04 3.122845e-03 3.259270e-03 1.093852e-02 4.5260096811e+04 2.1925413768e+05 2.1934271745e+05
504.2520 1.354262e-02 1.950350e-02 1.870987e-04 3.191625e-03 3.383446e-03 1.097956e-02 4.5263344653e+04 2.1926100434e+05 2.1933254904e+05
505.2525 1.374158e-02 1.965357e-02 2.003744e-04 3.318413e-03 3.537606e-03 1.074226e-02 4.5266401362e+04 2.1927430289e+05 2.1931603893e+05
506.2530 1.397945e-02 1.984554e-02 1.860906e-04 3.448983e-03 3.669878e-03 1.074293e-02 4.5269570117e+04 2.1928983136e+05 2.1929704853e+05
507.2535 1.381757e-02 2.037299e-02 1.800690e-04 3.473362e-03 3.823295e-03 1.046366e-02 4.5273134440e+04 2.1930317319e+05 2.1928005178e+05
508.2540 1.382794e-02 2.037869e-02 2.000130e-04 3.570104e-03 4.072603e-03 1.054002e-02 4.5276994708e+04 2.1931033879e+05 2.1926884173e+05
509.2545 1.383427e-02 1.983954e-02 1.801615e-04 3.662745e-03 4.114069e-03 1.036679e-02 4.5281087663e+04 2.1930943465e+05 2.1926592440e+05
510.2550 1.399637e-02 2.051568e-02 2.110585e-04 3.768219e-03 4.337259e-03 1.030049e-02 4.5285189420e+04 2.1929939488e+05 2.1927131942e+05
511.2555 1.401834e-02 2.049139e-02 1.913700e-04 3.791499e-03 4.369509e-03 1.048469e-02 4.5289400683e+04 2.1928303933e+05 2.1928337462e+05
512.2560 1.431528e-02 2.068312e-02 1.910043e-04 3.741171e-03 4.342791e-03 1.057581e-02 4.5293940170e+04 2.1926309155e+05 2.1929857773e+05
513.2565 1.419250e-02 2.063715e-02 1.939276e-04 3.755833e-03 4.294177e-03 1.089861e-02 4.5299059503e+04 2.1924389022e+05 2.1931260526e+05
514.2570 1.410372e-02 2.016619e-02 1.854005e-04 3.821151e-03 4.315987e-03 1.121972e-02 4.5304371090e+04 2.1922996406e+05 2.1932131531e+05
515.2575 1.393824e-02 2.009878e-02 2.094180e-04 3.741030e-03 4.137879e-03 1.139792e-02 4.5309424273e+04 2.1922435529e+05 2.1932197270e+05
516.2580 1.393944e-02 2.016562e-02 1.949513e-04 3.618918e-03 3.954009e-03 1.182814e-02 4.5314096724e+04 2.1922796489e+05 2.1931364314e+05
517.2585 1.429270e-02 2.017177e-02 2.149543e-04 3.630335e-03 3.936525e-03 1.214113e-02 4.5318695883e+04 2.1923907984e+05 2.1929765165e+05
518.2590 1.408715e-02 2.010210e-02 2.064608e-04 3.584161e-03 3.833472e-03 1.248023e-02 4.5323698439e+04 2.1925428195e+05 2.1927744745e+05
519.2595 1.400679e-02 2.025226e-02 1.921600e-04 3.589567e-03 3.765667e-03 1.270148e-02 4.5328837495e+04 2.1926924429e+05 2.1925724350e+05
520.2600 1.413884e-02 1.984111e-02 2.131366e-04 3.546597e-03 3.846393e-03 1.283521e-02 4.5333613533e+04 2.1928051534e+05 2.1924127078e+05
521.2605 1.397697e-02 1.970217e-02 1.914912e-04 3.571447e-03 3.822348e-03 1.282012e-02 4.5337754616e+04 2.1928486416e+05 2.1923290255e+05
522.2610 1.430329e-02 2.036841e-02 2.098150e-04 3.630170e-03 3.952540e-03 1.291280e-02 4.5341454661e+04 2.1927980351e+05 2.1923373107e+05
523.2615 1.435157e-02 2.033022e-02 1.771312e-04 3.735028e-03 4.166035e-03 1.278238e-02 4.5345350148e+04 2.1926641940e+05 2.1924314652e+05
524.2620 1.395135e-02 2.008978e-02 1.930634e-04 3.894743e-03 4.358369e-03 1.258823e-02 4.5349530350e+04 2.1924715770e+05 2.1925847358e+05
525.2625 1.414731e-02 2.024478e-02 2.032583e-04 4.049029e-03 4.486336e-03 1.230815e-02 4.5353294305e+04 2.1922616125e+05 2.1927554213e+05
526.2630 1.444766e-02 2.043965e-02 1.942833e-04 4.135793e-03 4.736478e-03 1.218775e-02 4.5356831429e+04 2.1920815528e+05 2.1928968958e+05
527.2635 1.440954e-02 2.049782e-02 2.114880e-04 4.258992e-03 4.804883e-03 1.208302e-02 4.5360489304e+04 2.1919691939e+05 2.1929722367e+05
528.2640 1.445052e-02 2.081080e-02 1.725987e-04 4.505951e-03 5.029789e-03 1.202799e-02 4.5364355975e+04 2.1919408277e+05 2.1929597950e+05
529.2645 1.464694e-02 2.104020e-02 2.135411e-04 4.610295e-03 5.071520e-03 1.188234e-02 4.5368434527e+04 2.1919970892e+05 2.1928606165e+05
530.2650 1.439098e-02 2.069096e-02 1.851369e-04 4.698029e-03 5.079249e-03 1.200302e-02 4.5372653109e+04 2.1921237520e+05 2.1926934222e+05
531.2655 1.456280e-02 2.089713e-02 2.221313e-04 4.729762e-03 5.043930e-03 1.217798e-02 4.5376731270e+04 2.1922786597e+05 2.1924953262e+05
532.2660 1.481629e-02 2.131455e-02 2.069338e-04 4.791576e-03 4.921094e-03 1.253019e-02 4.5380967284e+04 2.1924166814e+05 2.1923113907e+05
533.2665 1.469261e-02 2.175703e-02 1.994843e-04 4.826262e-03 4.962718e-03 1.277160e-02 4.5386070094e+04 2.1924925093e+05 2.1921816816e+05
534.2670 1.464923e-02 2.166837e-02 2.041122e-04 4.717631e-03 4.813304e-03 1.320827e-02 4.5391815957e+04 2.1924828346e+05 2.1921330990e+05
535.2675 1.471867e-02 2.125907e-02 1.991102e-04 4.578405e-03 4.627840e-03 1.351711e-02 4.5397809484e+04 2.1923903539e+05 2.1921674581e+05
536.2680 1.449372e-02 2.092119e-02 2.340402e-04 4.544934e-03 4.680373e-03 1.403038e-02 4.5403635048e+04 2.1922338798e+05 2.1922653622e+05
537.2685 1.451623e-02 2.078411e-02 1.994669e-04 4.421835e-03 4.607584e-03 1.433087e-02 4.5409179013e+04 2.1920474395e+05 2.1923972370e+05
538.2690 1.468699e-02 2.115148e-02 2.375567e-04 4.319064e-03 4.604279e-03 1.471740e-02 4.5414878599e+04 2.1918611543e+05 2.1925229248e+05
539.2695 1.466346e-02 2.107850e-02 2.005790e-04 4.249364e-03 4.682654e-03 1.474342e-02 4.5421097081e+04 2.1917180183e+05 2.1926038110e+05
540.2700 1.450746e-02 2.045169e-02 2.253122e-04 4.258863e-03 4.784792e-03 1.499248e-02 4.5427021642e+04 2.1916548574e+05 2.1926099795e+05
541.2705 1.456679e-02 2.043624e-02 2.210856e-04 4.291199e-03 4.939430e-03 1.500846e-02 4.5432279093e+04 2.1916791621e+05 2.1925321541e+05
542.2710 1.439276e-02 2.076213e-02 1.995403e-04 4.349399e-03 5.046328e-03 1.505122e-02 4.5436801471e+04 2.1917816574e+05 2.1923826430e+05
543.2715 1.470196e-02 2.110501e-02 2.259925e-04 4.505685e-03 5.259379e-03 1.489243e-02 4.5440901330e+04 2.1919270228e+05 2.1921925510e+05
544.2720 1.467692e-02 2.113811e-02 2.025848e-04 4.714420e-03 5.401265e-03 1.459898e-02 4.5445152788e+04 2.1920703979e+05 2.1920065108e+05
545.2725 1.430155e-02 2.092839e-02 2.013861e-04 4.832733e-03 5.473023e-03 1.448258e-02 4.5449202932e+04 2.1921721235e+05 2.1918664449e+05
546.2730 1.459801e-02 2.144345e-02 2.075723e-04 5.127900e-03 5.681091e-03 1.448548e-02 4.5452462904e+04 2.1921998795e+05 2.1918008122e+05
547.2735 1.466841e-02 2.163599e-02 2.175546e-04 5.390028e-03 5.710335e-03 1.409969e-02 4.5455488806e+04 2.1921450309e+05 2.1918250936e+05
548.2740 1.495671e-02 2.189094e-02 2.135127e-04 5.530474e-03 5.643327e-03 1.406399e-02 4.5458609097e+04 2.1920032165e+05 2.1919333186e+05
549.2745 1.512594e-02 2.248760e-02 1.942064e-04 5.743476e-03 5.884195e-03 1.425910e-02 4.5462378101e+04 2.1917967518e+05 2.1920962317e+05
550.2750 1.508282e-02 2.226709e-02 2.368832e-04 5.801245e-03 5.654284e-03 1.417374e-02 4.5466801928e+04 2.1915767325e+05 2.1922739920e+05
551.2755 1.528791e-02 2.207016e-02 1.923984e-04 6.020146e-03 5.761765e-03 1.438283e-02 4.5471308260e+04 2.1913890195e+05 2.1924146763e+05
552.2760 1.549098e-02 2.260920e-02 2.601329e-04 6.019732e-03 5.829244e-03 1.462032e-02 4.5476068041e+04 2.1912699668e+05 2.1924812776e+05
553.2765 1.559313e-02 2.292039e-02 1.891006e-04 5.912533e-03 5.703812e-03 1.484667e-02 4.5481600610e+04 2.1912410788e+05 2.1924535871e+05
554.2770 1.574639e-02 2.261980e-02 2.385893e-04 5.778794e-03 5.701712e-03 1.533247e-02 4.5488289659e+04 2.1912968000e+05 2.1923304316e+05
555.2775 1.534349e-02 2.239749e-02 2.313529e-04 5.779232e-03 5.879920e-03 1.576549e-02 4.5495891437e+04 2.1914188920e+05 2.1921319953e+05
556.2780 1.505057e-02 2.177203e-02 2.088806e-04 5.520580e-03 5.713864e-03 1.623497e-02 4.5503676777e+04 2.1915781941e+05 2.1918988545e+05
557.2785 1.514812e-02 2.170394e-02 2.389315e-04 5.389495e-03 5.892291e-03 1.675083e-02 4.5511095819e+04 2.1917279409e+05 2.1916719365e+05
558.2790 1.526171e-02 2.190007e-02 2.217443e-04 5.144975e-03 5.761035e-03 1.699205e-02 4.5518534022e+04 2.1918255005e+05 2.1914992878e+05
559.2795 1.501716e-02 2.187494e-02 2.370647e-04 5.077142e-03 5.916554e-03 1.762583e-02 4.5526201046e+04 2.1918372770e+05 2.1914088686e+05
560.2800 1.507124e-02 2.130274e-02 2.163323e-04 4.977931e-03 5.847258e-03 1.780292e-02 4.5533665965e+04 2.1917603448e+05 2.1914133301e+05
561.2805 1.464035e-02 2.118376e-02 2.387229e-04 5.036102e-03 5.954262e-03 1.804251e-02 4.5540336096e+04 2.1916105191e+05 2.1914967034e+05
562.2810 1.461912e-02 2.108829e-02 2.168561e-04 5.162703e-03 5.950572e-03 1.784862e-02 4.5545669298e+04 2.1914246988e+05 2.1916309360e+05
563.2815 1.493068e-02 2.177215e-02 2.323407e-04 5.330269e-03 6.075151e-03 1.797852e-02 4.5549723406e+04 2.1912311741e+05 2.1917775833e+05
564.2820 1.484454e-02 2.178231e-02 2.236870e-04 5.470128e-03 6.001901e-03 1.789193e-02 4.5553370597e+04 2.1910736712e+05 2.1918992456e+05
565.2825 1.519614e-02 2.187344e-02 2.104375e-04 5.992467e-03 6.280009e-03 1.745962e-02 4.5556776533e+04 2.1909745718e+05 2.1919608919e+05
566.2830 1.520759e-02 2.225272e-02 2.511018e-04 6.301909e-03 6.296508e-03 1.706571e-02 4.5559758391e+04 2.1909542500e+05 2.1919501945e+05
567.2835 1.529739e-02 2.241103e-02 2.122339e-04 6.670340e-03 6.501276e-03 1.692575e-02 4.5561977263e+04 2.1910128719e+05 2.1918669718e+05
568.2840 1.571090e-02 2.328555e-02 2.416823e-04 6.968338e-03 6.605139e-03 1.652400e-02 4.5563970999e+04 2.1911194582e+05 2.1917349796e+05
569.2845 1.606722e-02 2.421077e-02 2.250310e-04 7.286296e-03 6.829753e-03 1.624643e-02 4.5566928540e+04 2.1912311710e+05 2.1915876566e+05
570.2850 1.628032e-02 2.407078e-02 2.237748e-04 7.577350e-03 7.045779e-03 1.626726e-02 4.5571202531e+04 2.1913123454e+05 2.1914611313e+05
571.2855 1.605846e-02 2.430897e-02 2.089127e-04 7.717457e-03 7.269953e-03 1.615928e-02 4.5576682800e+04 2.1913344494e+05 2.1913830857e+05
572.2860 1.651856e-02 2.454311e-02 2.218466e-04 7.589332e-03 7.271328e-03 1.643772e-02 4.5582870665e+04 2.1912828140e+05 2.1913691439e+05
573.2865 1.659563e-02 2.433428e-02 2.336653e-04 7.547252e-03 7.475488e-03 1.697022e-02 4.5590106433e+04 2.1911641126e+05 2.1914133425e+05
574.2870 1.644585e-02 2.463357e-02 2.026824e-04 7.353759e-03 7.424940e-03 1.756246e-02 4.5598940383e+04 2.1909885718e+05 2.1914986425e+05
575.2875 1.654058e-02 2.406431e-02 2.316929e-04 7.020251e-03 7.401752e-03 1.839410e-02 4.5609126519e+04 2.1907951151e+05 2.1915897641e+05
576.2880 1.609710e-02 2.302035e-02 2.144847e-04 6.708780e-03 7.299198e-03 1.917936e-02 4.5620011959e+04 2.1906332003e+05 2.1916479800e+05
577.2885 1.555459e-02 2.259575e-02 2.404504e-04 6.303463e-03 7.067176e-03 2.020491e-02 4.5630452332e+04 2.1905389522e+05 2.1916400098e+05
578.2890 1.575204e-02 2.222035e-02 2.428945e-04 6.045776e-03 6.917329e-03 2.110258e-02 4.5640134124e+04 2.1905324303e+05 2.1915481267e+05
579.2895 1.550091e-02 2.201344e-02 2.181452e-04 5.790732e-03 6.734376e-03 2.190000e-02 4.5649475742e+04 2.1906073283e+05 2.1913798728e+05
580.2900 1.515987e-02 2.216277e-02 2.522762e-04 5.702230e-03 6.524309e-03 2.209984e-02 4.5658372169e+04 2.1907384524e+05 2.1911613061e+05
581.2905 1.501039e-02 2.157588e-02 2.310246e-04 5.818341e-03 6.521622e-03 2.239219e-02 4.5665745808e+04 2.1908957519e+05 2.1909320777e+05
582.2910 1.502095e-02 2.159868e-02 2.553909e-04 5.991438e-03 6.577613e-03 2.245517e-02 4.5671041997e+04 2.1910340632e+05 2.1907390964e+05
583.2915 1.519953e-02 2.199820e-02 2.214619e-04 6.289114e-03 6.563149e-03 2.205852e-02 4.5674203589e+04 2.1911156578e+05 2.1906246508e+05
584.2920 1.572268e-02 2.270746e-02 2.270772e-04 6.986730e-03 7.050741e-03 2.134191e-02 4.5675925164e+04 2.1911019859e+05 2.1906140121e+05
585.2925 1.571487e-02 2.338406e-02 2.381910e-04 7.476151e-03 7.258732e-03 2.042592e-02 4.5677455032e+04 2.1909812238e+05 2.1907180081e+05
586.2930 1.596902e-02 2.372066e-02 2.182453e-04 8.195149e-03 7.732240e-03 1.969271e-02 4.5678793746e+04 2.1907687579e+05 2.1909123664e+05
587.2935 1.674235e-02 2.470100e-02 2.455831e-04 8.748214e-03 8.238484e-03 1.870760e-02 4.5680046828e+04 2.1905044788e+05 2.1911565065e+05
588.2940 1.724145e-02 2.552343e-02 2.319426e-04 9.311762e-03 8.561097e-03 1.792058e-02 4.5681819335e+04 2.1902418920e+05 2.1913961226e+05
589.2945 1.755597e-02 2.641098e-02 2.303795e-04 9.780612e-03 9.107523e-03 1.769091e-02 4.5684897080e+04 2.1900216612e+05 2.1915776762e+05
590.2950 1.781667e-02 2.756439e-02 2.210908e-04 9.913257e-03 9.313852e-03 1.754056e-02 4.5690000684e+04 2.1898794096e+05 2.1916619880e+05
591.2955 1.790476e-02 2.678232e-02 2.219540e-04 9.859188e-03 9.368733e-03 1.809394e-02 4.5697334626e+04 2.1898452620e+05 2.1916229918e+05
592.2960 1.747771e-02 2.618720e-02 2.264812e-04 9.812961e-03 9.571711e-03 1.872664e-02 4.5706680891e+04 2.1899186004e+05 2.1914577231e+05
593.2965 1.759061e-02 2.636929e-02 2.294986e-04 9.401176e-03 9.267059e-03 1.995161e-02 4.5717319625e+04 2.1900697158e+05 2.1911965768e+05
594.2970 1.773815e-02 2.619263e-02 2.250122e-04 8.780084e-03 8.968822e-03 2.135711e-02 4.5729868340e+04 2.1902537134e+05 2.1908850976e+05
595.2975 1.743600e-02 2.516708e-02 2.125033e-04 8.140956e-03 8.526654e-03 2.298438e-02 4.5744147824e+04 2.1904193445e+05 2.1905802169e+05
596.2980 1.678401e-02 2.446346e-02 2.455516e-04 7.532458e-03 8.126538e-03 2.471931e-02 4.5758973122e+04 2.1905221709e+05 2.1903313784e+05
597.2985 1.617672e-02 2.304307e-02 2.117337e-04 6.982056e-03 7.640616e-03 2.602754e-02 4.5772936178e+04 2.1905492695e+05 2.1901721832e+05
598.2990 1.577250e-02 2.254027e-02 2.183341e-04 6.514479e-03 7.313336e-03 2.717530e-02 4.5784671116e+04 2.1904922512e+05 2.1901140894e+05
599.2995 1.551715e-02 2.234769e-02 2.374746e-04 6.375406e-03 7.128766e-03 2.765917e-02 4.5794270227e+04 2.1903616522e+05 2.1901496687e+05
600.3000 1.542986e-02 2.213050e-02 2.260763e-04 6.417979e-03 7.066931e-03 2.804913e-02 4.5802104198e+04 2.1901772356e+05 2.1902560556e+05
601.3005 1.510091e-02 2.160639e-02 2.490994e-04 6.672408e-03 7.216968e-03 2.757634e-02 4.5808253811e+04 2.1899796949e+05 2.1903958419e+05
602.3010 1.540007e-02 2.190531e-02 2.128139e-04 7.332704e-03 7.653450e-03 2.674686e-02 4.5811868676e+04 2.1898075930e+05 2.1905278149e+05
603.3015 1.601459e-02 2.331776e-02 2.623744e-04 8.169010e-03 8.179324e-03 2.512239e-02 4.5812663802e+04 2.1896992630e+05 2.1906211562e+05
604.3020 1.688149e-02 2.501957e-02 2.293994e-04 9.004472e-03 8.779060e-03 2.380953e-02 4.5811432503e+04 2.1896591828e+05 2.1906622695e+05
605.3025 1.737421e-02 2.597845e-02 2.514370e-04 1.003934e-02 9.636095e-03 2.232699e-02 4.5809925380e+04 2.1896760764e+05 2.1906529135e+05
606.3030 1.781980e-02 2.666621e-02 2.209077e-04 1.088245e-02 1.017758e-02 2.054737e-02 4.5809198722e+04 2.1897214668e+05 2.1906124791e+05
607.3035 1.787917e-02 2.711843e-02 2.160614e-04 1.188555e-02 1.098096e-02 1.986120e-02 4.5809852911e+04 2.1897641498e+05 2.1905568771e+05
608.3040 1.846366e-02 2.806543e-02 2.549033e-04 1.238468e-02 1.147122e-02 1.919972e-02 4.5812313758e+04 2.1897776388e+05 2.1905109502e+05
609.3045 1.948406e-02 2.916833e-02 2.150876e-04 1.246201e-02 1.147524e-02 1.913257e-02 4.5817293889e+04 2.1897390909e+05 2.1904912043e+05
610.3050 1.994899e-02 2.983306e-02 2.443835e-04 1.249673e-02 1.165836e-02 2.028253e-02 4.5825683211e+04 2.1896374815e+05 2.1904986714e+05
611.3055 1.970659e-02 3.002851e-02 2.389318e-04 1.214925e-02 1.134015e-02 2.128763e-02 4.5837947323e+04 2.1894834540e+05 2.1905284079e+05
612.3060 1.925486e-02 2.888364e-02 2.229516e-04 1.151991e-02 1.101039e-02 2.347392e-02 4.5852891341e+04 2.1893112537e+05 2.1905525780e+05
613.3065 1.843185e-02 2.730162e-02 2.298072e-04 1.058798e-02 1.031167e-02 2.554707e-02 4.5869516618e+04 2.1891667162e+05 2.1905391270e+05
614.3070 1.802698e-02 2.616729e-02 2.466639e-04 9.663143e-03 9.737316e-03 2.809104e-02 4.5886911333e+04 2.1890770502e+05 2.1904570466e+05
615.3075 1.763538e-02 2.560318e-02 2.674728e-04 8.708893e-03 9.078093e-03 3.033678e-02 4.5904934863e+04 2.1890608075e+05 2.1902939478e+05
616.3080 1.700174e-02 2.469498e-02 2.332336e-04 7.907946e-03 8.492688e-03 3.221700e-02 4.5923043490e+04 2.1891222091e+05 2.1900552859e+05
617.3085 1.622663e-02 2.329018e-02 2.551904e-04 7.323688e-03 8.200098e-03 3.347890e-02 4.5939531618e+04 2.1892550513e+05 2.1897655799e+05
618.3090 1.588491e-02 2.281759e-02 2.342344e-04 7.168066e-03 8.080754e-03 3.391900e-02 4.5952397460e+04 2.1894281047e+05 2.1894665194e+05
619.3095 1.605458e-02 2.257467e-02 2.618449e-04 7.251899e-03 8.145231e-03 3.410571e-02 4.5960578667e+04 2.1896010877e+05 2.1892106703e+05
620.3100 1.608564e-02 2.317319e-02 2.409559e-04 7.782846e-03 8.657915e-03 3.301022e-02 4.5965035515e+04 2.1897157595e+05 2.1890486390e+05
621.3105 1.636927e-02 2.359133e-02 2.446107e-04 8.698043e-03 9.191797e-03 3.150771e-02 4.5966576639e+04 2.1897258566e+05 2.1890202691e+05
622.3110 1.650500e-02 2.454665e-02 2.442162e-04 9.963657e-03 1.021040e-02 2.924803e-02 4.5966085436e+04 2.1896109093e+05 2.1891356608e+05
623.3115 1.733256e-02 2.574280e-02 2.372063e-04 1.117334e-02 1.090724e-02 2.738037e-02 4.5963633377e+04 2.1893808182e+05 2.1893821458e+05
624.3120 1.859474e-02 2.786858e-02 2.635669e-04 1.254368e-02 1.195381e-02 2.489560e-02 4.5960091258e+04 2.1890715137e+05 2.1897133281e+05
625.3125 1.980278e-02 2.975553e-02 2.309259e-04 1.371588e-02 1.261591e-02 2.313320e-02 4.5957084895e+04 2.1887286346e+05 2.1900738844e+05
626.3130 2.057855e-02 3.122922e-02 2.502821e-04 1.490799e-02 1.346943e-02 2.210024e-02 4.5956264586e+04 2.1884038158e+05 2.1903932875e+05
627.3135 2.068547e-02 3.169112e-02 2.567518e-04 1.535367e-02 1.369991e-02 2.130156e-02 4.5958978051e+04 2.1881551465e+05 2.1906135455e+05
628.3140 2.083277e-02 3.181876e-02 2.322387e-04 1.563386e-02 1.396023e-02 2.198264e-02 4.5965241955e+04 2.1880198676e+05 2.1906799915e+05
629.3145 2.112137e-02 3.202775e-02 2.620288e-04 1.546761e-02 1.376631e-02 2.320801e-02 4.5975193516e+04 2.1880223920e+05 2.1905729477e+05
630.3150 2.122937e-02 3.264345e-02 2.405610e-04 1.488453e-02 1.339906e-02 2.510435e-02 4.5989487273e+04 2.1881409032e+05 2.1903043978e+05
631.3155 2.130744e-02 3.221845e-02 2.657160e-04 1.379857e-02 1.275490e-02 2.802160e-02 4.6008161543e+04 2.1883354128e+05 2.1899199100e+05
632.3160 2.050445e-02 3.055687e-02 2.331685e-04 1.253919e-02 1.189211e-02 3.068508e-02 4.6030550427e+04 2.1885576696e+05 2.1894817132e+05
633.3165 1.931113e-02 2.868745e-02 2.680388e-04 1.137727e-02 1.126540e-02 3.396658e-02 4.6054163733e+04 2.1887566453e+05 2.1890530736e+05
634.3170 1.860774e-02 2.688596e-02 2.587007e-04 1.010272e-02 1.043937e-02 3.686703e-02 4.6076555695e+04 2.1888972260e+05 2.1886950962e+05
635.3175 1.776952e-02 2.569763e-02 2.421901e-04 9.037795e-03 9.831588e-03 3.912688e-02 4.6097006185e+04 2.1889447244e+05 2.1884488226e+05
636.3180 1.697020e-02 2.461406e-02 2.670159e-04 8.400211e-03 9.593677e-03 4.024011e-02 4.6114971921e+04 2.1888864121e+05 2.1883342946e+05
637.3185 1.689196e-02 2.384095e-02 2.709858e-04 8.148892e-03 9.474171e-03 4.110959e-02 4.6129602983e+04 2.1887270278e+05 2.1883482356e+05
638.3190 1.619328e-02 2.305454e-02 2.666935e-04 8.478632e-03 9.764279e-03 4.063196e-02 4.6140322907e+04 2.1885143697e+05 2.1884597832e+05
639.3195 1.619123e-02 2.352855e-02 2.565008e-04 9.223302e-03 1.023023e-02 3.913511e-02 4.6145517886e+04 2.1882919428e+05 2.1886296276e+05
640.3200 1.737354e-02 2.508630e-02 2.872668e-04 1.057387e-02 1.126848e-02 3.706061e-02 4.6145171587e+04 2.1880980900e+05 2.1888142749e+05
641.3205 1.800050e-02 2.642210e-02 2.575575e-04 1.207004e-02 1.208418e-02 3.394956e-02 4.6141416082e+04 2.1879590368e+05 2.1889863149e+05
642.3210 1.861839e-02 2.836218e-02 2.608200e-04 1.388619e-02 1.334080e-02 3.168043e-02 4.6135901465e+04 2.1878647813e+05 2.1891218615e+05
643.3215 1.985871e-02 2.956952e-02 2.723232e-04 1.560199e-02 1.442973e-02 2.845601e-02 4.6130200315e+04 2.1878199372e+05 2.1892156548e+05
644.3220 2.072100e-02 3.128564e-02 2.518948e-04 1.733404e-02 1.542978e-02 2.624274e-02 4.6125410067e+04 2.1878020128e+05 2.1892693656e+05
645.3225 2.208174e-02 3.448001e-02 2.739188e-04 1.859121e-02 1.636403e-02 2.512171e-02 4.6123073733e+04 2.1877747513e+05 2.1892968585e+05
646.3230 2.342400e-02 3.618813e-02 2.686061e-04 1.907307e-02 1.654124e-02 2.427312e-02 4.6125596193e+04 2.1877189166e+05 2.1893154205e+05
647.3235 2.375720e-02 3.628441e-02 2.497216e-04 1.939423e-02 1.680844e-02 2.537229e-02 4.6134080705e+04 2.1876171298e+05 2.1893247379e+05
648.3240 2.364391e-02 3.609422e-02 2.486041e-04 1.900766e-02 1.653971e-02 2.703198e-02 4.6148238085e+04 2.1874762500e+05 2.1893209791e+05
649.3245 2.302425e-02 3.537138e-02 2.680840e-04 1.811635e-02 1.603349e-02 2.988205e-02 4.6167047425e+04 2.1873266549e+05 2.1892815973e+05
650.3250 2.268894e-02 3.418852e-02 2.665146e-04 1.658904e-02 1.508058e-02 3.331761e-02 4.6189762570e+04 2.1871984667e+05 2.1891856711e+05
651.3255 2.213019e-02 3.326889e-02 2.529706e-04 1.495012e-02 1.409860e-02 3.698243e-02 4.6215840873e+04 2.1871133117e+05 2.1890118429e+05
652.3260 2.089574e-02 3.126593e-02 2.886927e-04 1.334612e-02 1.331712e-02 4.082281e-02 4.6244260047e+04 2.1870962368e+05 2.1887516430e+05
653.3265 1.974974e-02 2.891435e-02 2.676639e-04 1.169751e-02 1.220521e-02 4.452535e-02 4.6272595336e+04 2.1871589432e+05 2.1884162477e+05
654.3270 1.863863e-02 2.664575e-02 2.877805e-04 1.054053e-02 1.163909e-02 4.671036e-02 4.6298408609e+04 2.1873028976e+05 2.1880255291e+05
655.3275 1.780109e-02 2.528115e-02 2.728284e-04 9.725513e-03 1.120575e-02 4.837458e-02 4.6319297769e+04 2.1874987027e+05 2.1876282551e+05
656.3280 1.770749e-02 2.481562e-02 2.821088e-04 9.474707e-03 1.101951e-02 4.901080e-02 4.6334585931e+04 2.1876923804e+05 2.1872830664e+05
657.3285 1.758559e-02 2.485207e-02 2.925236e-04 9.982831e-03 1.147267e-02 4.810572e-02 4.6344750201e+04 2.1878252054e+05 2.1870485976e+05
658.3290 1.739098e-02 2.501697e-02 2.700323e-04 1.105819e-02 1.208810e-02 4.617678e-02 4.6349492995e+04 2.1878540566e+05 2.1869730008e+05
659.3295 1.799607e-02 2.567348e-02 2.738592e-04 1.288433e-02 1.329326e-02 4.309919e-02 4.6348302829e+04 2.1877615131e+05 2.1870728616e+05
660.3300 1.901704e-02 2.787016e-02 2.953568e-04 1.476814e-02 1.439261e-02 3.981221e-02 4.6341976739e+04 2.1875419619e+05 2.1873441257e+05
661.3305 2.038382e-02 3.055891e-02 2.818329e-04 1.699762e-02 1.589378e-02 3.639600e-02 4.6333194609e+04 2.1872092754e+05 2.1877471119e+05
662.3310 2.193835e-02 3.308495e-02 2.641425e-04 1.908277e-02 1.700448e-02 3.249467e-02 4.6325147040e+04 2.1867979150e+05 2.1882251026e+05
663.3315 2.311748e-02 3.499278e-02 2.608415e-04 2.139486e-02 1.872721e-02 3.048080e-02 4.6319622218e+04 2.1863675043e+05 2.1886904436e+05
664.3320 2.424040e-02 3.690964e-02 2.659465e-04 2.251889e-02 1.920999e-02 2.832012e-02 4.6318082817e+04 2.1859936207e+05 2.1890696262e+05
665.3325 2.542490e-02 3.912884e-02 2.870626e-04 2.323459e-02 1.986712e-02 2.814590e-02 4.6321185122e+04 2.1857312241e+05 2.1892827492e+05
666.3330 2.651669e-02 4.118746e-02 2.675957e-04 2.342353e-02 2.003092e-02 2.941021e-02 4.6330358743e+04 2.1856113149e+05 2.1892913405e+05
667.3335 2.641635e-02 4.137218e-02 2.768626e-04 2.275601e-02 1.958761e-02 3.169939e-02 4.6347323091e+04 2.1856383107e+05 2.1890896984e+05
668.3340 2.532925e-02 3.989161e-02 2.730774e-04 2.150340e-02 1.909989e-02 3.532801e-02 4.6371428407e+04 2.1857910602e+05 2.1886986993e+05
669.3345 2.435429e-02 3.751430e-02 2.759037e-04 1.954725e-02 1.776840e-02 3.970863e-02 4.6400595048e+04 2.1860336417e+05 2.1881734164e+05
670.3350 2.338825e-02 3.545632e-02 2.721332e-04 1.762062e-02 1.668286e-02 4.418262e-02 4.6432691665e+04 2.1863136535e+05 2.1875790492e+05
671.3355 2.253933e-02 3.414301e-02 2.795683e-04 1.546596e-02 1.543527e-02 4.914254e-02 4.6465686803e+04 2.1865621698e+05 2.1870025271e+05
672.3360 2.156415e-02 3.216885e-02 2.938813e-04 1.353584e-02 1.414430e-02 5.331850e-02 4.6498330674e+04 2.1867263454e+05 2.1865202150e+05
673.3365 2.000012e-02 2.955534e-02 2.860293e-04 1.223661e-02 1.349761e-02 5.581432e-02 4.6528450259e+04 2.1867771687e+05 2.1861830301e+05
674.3370 1.858193e-02 2.722507e-02 2.992978e-04 1.129518e-02 1.276179e-02 5.779459e-02 4.6552901559e+04 2.1867109316e+05 2.1860182296e+05
675.3375 1.805861e-02 2.603341e-02 2.985294e-04 1.142781e-02 1.298803e-02 5.832937e-02 4.6569617223e+04 2.1865519837e+05 2.1860133249e+05
676.3380 1.808060e-02 2.630729e-02 3.255153e-04 1.209978e-02 1.328055e-02 5.672375e-02 4.6578683618e+04 2.1863288829e+05 2.1861472349e+05
677.3385 1.878424e-02 2.694146e-02 2.905596e-04 1.362313e-02 1.422181e-02 5.406509e-02 4.6581467886e+04 2.1860673333e+05 2.1863767140e+05
678.3390 1.966204e-02 2.835721e-02 2.975881e-04 1.587384e-02 1.575215e-02 5.033466e-02 4.6579097176e+04 2.1858030003e+05 2.1866554097e+05
679.3395 2.075716e-02 3.047761e-02 2.983608e-04 1.825297e-02 1.718472e-02 4.624433e-02 4.6572323416e+04 2.1855729025e+05 2.1869417604e+05
680.3400 2.224961e-02 3.336117e-02 2.904480e-04 2.096427e-02 1.901022e-02 4.160555e-02 4.6562173969e+04 2.1854016331e+05 2.1871970657e+05
681.3405 2.406899e-02 3.655507e-02 2.861116e-04 2.354787e-02 2.079897e-02 3.755651e-02 4.6550758793e+04 2.1852871651e+05 2.1874043874e+05
682.3410 2.583235e-02 3.965942e-02 2.781297e-04 2.598139e-02 2.246784e-02 3.448393e-02 4.6542059166e+04 2.1851958977e+05 2.1875586491e+05
683.3415 2.682210e-02 4.229976e-02 2.740191e-04 2.711732e-02 2.318441e-02 3.249321e-02 4.6539806847e+04 2.1850962284e+05 2.1876669850e+05
684.3420 2.775091e-02 4.338209e-02 2.664744e-04 2.818074e-02 2.419639e-02 3.274378e-02 4.6545238780e+04 2.1849766283e+05 2.1877147175e+05
685.3425 2.846412e-02 4.456264e-02 2.562677e-04 2.799662e-02 2.390137e-02 3.404853e-02 4.6558476276e+04 2.1848418983e+05 2.1877059837e+05
686.3430 2.887763e-02 4.520196e-02 2.902933e-04 2.707829e-02 2.350812e-02 3.741150e-02 4.6579136764e+04 2.1847034646e+05 2.1876256292e+05
687.3435 2.876290e-02 4.519515e-02 2.857237e-04 2.526628e-02 2.238975e-02 4.183067e-02 4.6607193549e+04 2.1845740240e+05 2.1874685979e+05
688.3440 2.759273e-02 4.281797e-02 2.972443e-04 2.292174e-02 2.075676e-02 4.715900e-02 4.6641901146e+04 2.1844803200e+05 2.1872240036e+05
689.3445 2.545893e-02 3.938409e-02 2.916606e-04 2.073936e-02 1.956649e-02 5.295107e-02 4.6680399203e+04 2.1844539380e+05 2.1868779439e+05
690.3450 2.364667e-02 3.612607e-02 2.909965e-04 1.814618e-02 1.771792e-02 5.892616e-02 4.6719322193e+04 2.1845142470e+05 2.1864428750e+05
691.3455 2.251905e-02 3.338278e-02 3.178012e-04 1.600374e-02 1.633314e-02 6.309204e-02 4.6756417218e+04 2.1846617914e+05 2.1859372136e+05
692.3460 2.139069e-02 3.197424e-02 3.178492e-04 1.433477e-02 1.522888e-02 6.632339e-02 4.6789798511e+04 2.1848599864e+05 2.1854134217e+05
693.3465 2.056222e-02 2.980911e-02 3.221399e-04 1.350421e-02 1.462610e-02 6.851406e-02 4.6817492924e+04 2.1850689442e+05 2.1849366849e+05
694.3470 2.012465e-02 2.849991e-02 3.197792e-04 1.375288e-02 1.481696e-02 6.827738e-02 4.6837493230e+04 2.1852382922e+05 2.1845734248e+05
695.3475 1.957427e-02 2.821687e-02 3.323751e-04 1.472940e-02 1.550708e-02 6.607916e-02 4.6847930590e+04 2.1853297897e+05 2.1843830160e+05
696.3480 2.006187e-02 2.921305e-02 3.251253e-04 1.677473e-02 1.692345e-02 6.269096e-02 4.6848567185e+04 2.1852993865e+05 2.1844011057e+05
697.3485 2.120442e-02 3.132846e-02 3.277098e-04 1.934681e-02 1.863062e-02 5.809611e-02 4.6842101276e+04 2.1851126307e+05 2.1846407628e+05
698.3490 2.278567e-02 3.361213e-02 3.010541e-04 2.225525e-02 2.078577e-02 5.325330e-02 4.6832034143e+04 2.1847622426e+05 2.1850753966e+05
699.3495 2.454364e-02 3.674927e-02 3.082621e-04 2.533024e-02 2.281952e-02 4.736988e-02 4.6821472858e+04 2.1842833064e+05 2.1856434127e+05
700.3500 2.636323e-02 4.062656e-02 2.765562e-04 2.841514e-02 2.503846e-02 4.324423e-02 4.6811482894e+04 2.1837480960e+05 2.1862506673e+05
701.3505 2.832231e-02 4.475608e-02 2.816054e-04 3.077910e-02 2.671351e-02 3.952255e-02 4.6803587398e+04 2.1832520680e+05 2.1867999812e+05
702.3510 3.052491e-02 4.817315e-02 2.925198e-04 3.197497e-02 2.743966e-02 3.788413e-02 4.6800483114e+04 2.1828555869e+05 2.1872034444e+05
703.3515 3.135800e-02 4.972417e-02 2.767722e-04 3.318093e-02 2.843452e-02 3.830339e-02 4.6805907699e+04 2.1826018885e+05 2.1873833710e+05
704.3520 3.126439e-02 4.953595e-02 2.782949e-04 3.275582e-02 2.796109e-02 4.032730e-02 4.6821468852e+04 2.1825103236e+05 2.1873161518e+05
705.3525 3.051557e-02 4.936031e-02 3.078179e-04 3.168900e-02 2.739336e-02 4.437215e-02 4.6846474378e+04 2.1825807179e+05 2.1869897078e+05
706.3530 3.012786e-02 4.829887e-02 2.699341e-04 2.944199e-02 2.569610e-02 4.974345e-02 4.6879525571e+04 2.1827914727e+05 2.1864486770e+05
707.3535 3.005657e-02 4.720876e-02 3.235347e-04 2.687336e-02 2.392572e-02 5.605951e-02 4.6918930036e+04 2.1830812277e+05 2.1857608361e+05
708.3540 2.883091e-02 4.478182e-02 3.139209e-04 2.412493e-02 2.214059e-02 6.290516e-02 4.6963217692e+04 2.1833818656e+05 2.1850229039e+05
709.3545 2.659039e-02 4.098669e-02 3.118199e-04 2.114065e-02 1.994567e-02 6.919516e-02 4.7009064517e+04 2.1836330113e+05 2.1843330862e+05
710.3550 2.423731e-02 3.655386e-02 3.409746e-04 1.891400e-02 1.860728e-02 7.386404e-02 4.7052378329e+04 2.1837960517e+05 2.1837596056e+05
711.3555 2.236171e-02 3.295615e-02 3.262102e-04 1.718728e-02 1.748060e-02 7.760139e-02 4.7089201743e+04 2.1838485299e+05 2.1833572612e+05
712.3560 2.153825e-02 3.108906e-02 3.467671e-04 1.645881e-02 1.708225e-02 7.961199e-02 4.7117771899e+04 2.1837795664e+05 2.1831480318e+05
713.3565 2.145331e-02 3.081795e-02 3.483479e-04 1.668833e-02 1.741431e-02 7.883310e-02 4.7138301002e+04 2.1835909187e+05 2.1831337835e+05
714.3570 2.137958e-02 3.115608e-02 3.271432e-04 1.796948e-02 1.847702e-02 7.628936e-02 4.7150739059e+04 2.1833116948e+05 2.1832883516e+05
715.3575 2.220017e-02 3.194613e-02 3.425381e-04 2.030483e-02 2.012385e-02 7.188759e-02 4.7154235429e+04 2.1829948666e+05 2.1835655938e+05
716.3580 2.332021e-02 3.399384e-02 3.482719e-04 2.325401e-02 2.245667e-02 6.706857e-02 4.7148440813e+04 2.1826920714e+05 2.1839120266e+05
717.3585 2.510960e-02 3.764399e-02 3.146122e-04 2.650718e-02 2.466722e-02 6.078568e-02 4.7135702967e+04 2.1824307409e+05 2.1842823554e+05
718.3590 2.730706e-02 4.119790e-02 3.364529e-04 3.010575e-02 2.719475e-02 5.489184e-02 4.7120436085e+04 2.1822054490e+05 2.1846361700e+05
719.3595 2.929022e-02 4.519748e-02 3.109423e-04 3.354939e-02 2.963377e-02 5.008468e-02 4.7107197058e+04 2.1819977642e+05 2.1849471982e+05
720.3600 3.117629e-02 4.880042e-02 2.725430e-04 3.589955e-02 3.103386e-02 4.623947e-02 4.7099493107e+04 2.1818016997e+05 2.1851984338e+05
721.3605 3.280106e-02 5.268049e-02 3.232389e-04 3.769148e-02 3.231258e-02 4.505258e-02 4.7098610176e+04 2.1816148722e+05 2.1853643298e+05
722.3610 3.473432e-02 5.575326e-02 2.776868e-04 3.872242e-02 3.269247e-02 4.558175e-02 4.7105880569e+04 2.1814417066e+05 2.1854374449e+05
723.3615 3.563281e-02 5.738064e-02 2.927356e-04 3.800640e-02 3.195272e-02 4.776089e-02 4.7123082979e+04 2.1812790227e+05 2.1854147312e+05
724.3620 3.523210e-02 5.710021e-02 3.069103e-04 3.687233e-02 3.124521e-02 5.301117e-02 4.7150967154e+04 2.1811255846e+05 2.1852779366e+05
725.3625 3.399662e-02 5.445028e-02 2.985791e-04 3.449209e-02 2.923535e-02 5.847552e-02 4.7188762746e+04 2.1810127910e+05 2.1850238294e+05
726.3630 3.235871e-02 5.097261e-02 3.177297e-04 3.180602e-02 2.749885e-02 6.599020e-02 4.7233513730e+04 2.1809640434e+05 2.1846334962e+05
727.3635 3.076160e-02 4.847185e-02 3.241223e-04 2.861753e-02 2.534423e-02 7.346912e-02 4.7282481247e+04 2.1809974190e+05 2.1841182323e+05
728.3640 2.926342e-02 4.522349e-02 3.515751e-04 2.536791e-02 2.323459e-02 8.007307e-02 4.7333250559e+04 2.1811172051e+05 2.1835051214e+05
729.3645 2.748995e-02 4.143178e-02 3.504994e-04 2.282664e-02 2.173710e-02 8.491022e-02 4.7382759498e+04 2.1813041362e+05 2.1828418373e+05
730.3650 2.531218e-02 3.757873e-02 3.712667e-04 2.094766e-02 2.077661e-02 8.932698e-02 4.7426529301e+04 2.1815308500e+05 2.1821958668e+05
731.3655 2.393103e-02 3.426491e-02 3.633960e-04 2.018913e-02 2.069693e-02 9.106627e-02 4.7460582691e+04 2.1817630675e+05 2.1816386323e+05
732.3660 2.293555e-02 3.286147e-02 3.782886e-04 2.041522e-02 2.106038e-02 9.011932e-02 4.7483044351e+04 2.1819423643e+05 2.1812458829e+05
733.3665 2.325788e-02 3.323123e-02 3.476586e-04 2.188528e-02 2.250981e-02 8.717738e-02 4.7494358231e+04 2.1819965091e+05 2.1810755724e+05
734.3670 2.420483e-02 3.476211e-02 3.771945e-04 2.432633e-02 2.430311e-02 8.294142e-02 4.7496449834e+04 2.1818754995e+05 2.1811661013e+05
735.3675 2.552323e-02 3.762553e-02 3.353294e-04 2.760836e-02 2.676579e-02 7.720868e-02 4.7491179577e+04 2.1815657108e+05 2.1815115709e+05
736.3680 2.747592e-02 4.128249e-02 3.194425e-04 3.124499e-02 2.918227e-02 7.051450e-02 4.7479522419e+04 2.1811033227e+05 2.1820709893e+05
737.3685 3.015052e-02 4.604473e-02 3.471349e-04 3.522280e-02 3.189336e-02 6.428782e-02 4.7463422474e+04 2.1805428675e+05 2.1827605501e+05
738.3690 3.302044e-02 5.185754e-02 3.182520e-04 3.871519e-02 3.375785e-02 5.879739e-02 4.7447110228e+04 2.1799456328e+05 2.1834858067e+05
739.3695 3.486175e-02 5.609484e-02 3.331014e-04 4.145671e-02 3.550025e-02 5.517589e-02 4.7435638919e+04 2.1793860639e+05 2.1841323322e+05
740.3700 3.638177e-02 5.856415e-02 3.302173e-04 4.377454e-02 3.671532e-02 5.369919e-02 4.7432865422e+04 2.1789282365e+05 2.1845938274e+05
741.3705 3.737228e-02 6.049069e-02 3.017282e-04 4.469736e-02 3.682983e-02 5.370643e-02 4.7440756966e+04 2.1786349109e+05 2.1847920311e+05
742.3710 3.811387e-02 6.256451e-02 3.238346e-04 4.419086e-02 3.640391e-02 5.667315e-02 4.7459896326e+04 2.1785329361e+05 2.1846833301e+05
743.3715 3.921276e-02 6.419377e-02 3.408464e-04 4.281040e-02 3.517399e-02 6.178028e-02 4.7490648858e+04 2.1786102153e+05 2.1842765939e+05
744.3720 3.880283e-02 6.271942e-02 3.357198e-04 4.021626e-02 3.336789e-02 6.763898e-02 4.7533194995e+04 2.1788358777e+05 2.1836274516e+05
745.3725 3.678406e-02 5.844679e-02 3.615435e-04 3.719185e-02 3.145295e-02 7.590560e-02 4.7584413131e+04 2.1791466589e+05 2.1828168309e+05
746.3730 3.396282e-02 5.381066e-02 3.513845e-04 3.372627e-02 2.926401e-02 8.335819e-02 4.7640394201e+04 2.1794813181e+05 2.1819446521e+05
747.3735 3.120733e-02 4.871203e-02 3.576391e-04 3.023482e-02 2.740773e-02 9.057592e-02 4.7696809007e+04 2.1797797492e+05 2.1811063904e+05
748.3740 2.930115e-02 4.456772e-02 3.868709e-04 2.725646e-02 2.572992e-02 9.639284e-02 4.7750396285e+04 2.1799787337e+05 2.1803913856e+05
749.3745 2.796816e-02 4.088416e-02 3.637483e-04 2.504053e-02 2.482184e-02 1.014282e-01 4.7798701388e+04 2.1800339952e+05 2.1798656668e+05
750.3750 2.646231e-02 3.864271e-02 4.154220e-04 2.383803e-02 2.438159e-02 1.033815e-01 4.7839356675e+04 2.1799398112e+05 2.1795664154e+05
751.3755 2.508049e-02 3.635190e-02 3.682223e-04 2.408076e-02 2.499062e-02 1.028428e-01 4.7868548276e+04 2.1797377800e+05 2.1794909360e+05
752.3760 2.529954e-02 3.635119e-02 3.628522e-04 2.545010e-02 2.614322e-02 1.000065e-01 4.7883223718e+04 2.1794662157e+05 2.1796163459e+05
753.3765 2.646578e-02 3.821939e-02 4.122777e-04 2.798426e-02 2.798116e-02 9.589379e-02 4.7883886143e+04 2.1791621362e+05 2.1799004370e+05
754.3770 2.791292e-02 4.100257e-02 3.456711e-04 3.156043e-02 3.033116e-02 8.987469e-02 4.7874595828e+04 2.1788415908e+05 2.1802973659e+05
755.3775 3.015199e-02 4.530652e-02 3.760974e-04 3.575753e-02 3.290898e-02 8.270857e-02 4.7859480281e+04 2.1785067585e+05 2.1807586175e+05
756.3780 3.236201e-02 5.034557e-02 3.688171e-04 4.025679e-02 3.574828e-02 7.566115e-02 4.7841906425e+04 2.1781772221e+05 2.1812332679e+05
757.3785 3.541676e-02 5.620569e-02 3.263638e-04 4.427074e-02 3.794866e-02 6.981003e-02 4.7824408839e+04 2.1778661413e+05 2.1816825372e+05
758.3790 3.906586e-02 6.273532e-02 3.571611e-04 4.765576e-02 3.993076e-02 6.513981e-02 4.7810533522e+04 2.1775730675e+05 2.1820697772e+05
759.3795 4.181390e-02 6.700043e-02 3.456310e-04 5.034788e-02 4.135969e-02 6.282334e-02 4.7805141872e+04 2.1772925163e+05 2.1823693791e+05
760.3800 4.297483e-02 6.954313e-02 3.367159e-04 5.148865e-02 4.181474e-02 6.224630e-02 4.7812043829e+04 2.1770172204e+05 2.1825558063e+05
761.3805 4.253333e-02 7.030260e-02 3.482233e-04 5.151067e-02 4.178884e-02 6.492454e-02 4.7832568570e+04 2.1767659160e+05 2.1825901477e+05
762.3810 4.208305e-02 6.876891e-02 3.429275e-04 5.012282e-02 4.081121e-02 6.970013e-02 4.7866300385e+04 2.1765760008e+05 2.1824410948e+05
763.3815 4.176745e-02 6.758814e-02 3.653916e-04 4.736864e-02 3.925226e-02 7.641995e-02 4.7912079194e+04 2.1764659471e+05 2.1820894102e+05
764.3820 4.066967e-02 6.559779e-02 3.739115e-04 4.388495e-02 3.701468e-02 8.499374e-02 4.7968585974e+04 2.1764520654e+05 2.1815398159e+05
765.3825 3.849130e-02 6.089119e-02 3.860521e-04 3.996508e-02 3.492589e-02 9.322101e-02 4.8033217065e+04 2.1765467371e+05 2.1808171907e+05
766.3830 3.536674e-02 5.506027e-02 4.088239e-04 3.577758e-02 3.250837e-02 1.017157e-01 4.8100055694e+04 2.1767493051e+05 2.1799746709e+05
767.3835 3.271817e-02 4.896512e-02 3.844244e-04 3.232968e-02 3.066676e-02 1.087859e-01 4.8162331489e+04 2.1770520402e+05 2.1790769057e+05
768.3840 3.008139e-02 4.397822e-02 4.217849e-04 2.944207e-02 2.913854e-02 1.151093e-01 4.8215483303e+04 2.1774021955e+05 2.1782180765e+05
769.3845 2.825400e-02 4.117484e-02 4.379787e-04 2.790899e-02 2.845897e-02 1.176931e-01 4.8257821165e+04 2.1777158524e+05 2.1774985447e+05
770.3850 2.759458e-02 3.975490e-02 3.849158e-04 2.788059e-02 2.852401e-02 1.177431e-01 4.8288588285e+04 2.1778987463e+05 2.1770162123e+05
771.3855 2.752209e-02 4.020659e-02 4.443394e-04 2.915795e-02 2.945902e-02 1.155408e-01 4.8306695023e+04 2.1778907266e+05 2.1768411103e+05
772.3860 2.839568e-02 4.178630e-02 4.124144e-04 3.183146e-02 3.133520e-02 1.110040e-01 4.8310488229e+04 2.1776845711e+05 2.1770001713e+05
773.3865 3.103214e-02 4.627460e-02 3.566590e-04 3.571466e-02 3.343744e-02 1.042126e-01 4.8300239534e+04 2.1772823613e+05 2.1774796063e+05
774.3870 3.381932e-02 5.164521e-02 3.988239e-04 4.049155e-02 3.659152e-02 9.623172e-02 4.8280101421e+04 2.1767145930e+05 2.1782157680e+05
775.3875 3.670613e-02 5.681982e-02 3.743790e-04 4.539790e-02 3.941394e-02 8.805086e-02 4.8256027535e+04 2.1760253306e+05 2.1791151824e+05
776.3880 3.913667e-02 6.207747e-02 3.653200e-04 5.025099e-02 4.229268e-02 8.065260e-02 4.8233739440e+04 2.1752908226e+05 2.1800406373e+05
777.3885 4.189133e-02 6.753584e-02 3.510032e-04 5.457221e-02 4.521720e-02 7.514030e-02 4.8217498114e+04 2.1746058775e+05 2.1808477456e+05
778.3890 4.530868e-02 7.347393e-02 3.449469e-04 5.759207e-02 4.678591e-02 7.098318e-02 4.8210852932e+04 2.1740633122e+05 2.1814176403e+05
779.3895 4.776892e-02 7.845834e-02 3.587099e-04 5.905173e-02 4.786009e-02 7.012991e-02 4.8217470658e+04 2.1737169976e+05 2.1816605388e+05
780.3900 4.884392e-02 8.027670e-02 3.747667e-04 5.910492e-02 4.800239e-02 7.244474e-02 4.8240072611e+04 2.1735889964e+05 2.1815406098e+05
781.3905 4.847091e-02 7.916946e-02 3.717509e-04 5.738455e-02 4.687252e-02 7.728597e-02 4.8278908527e+04 2.1736682694e+05 2.1810706783e+05
782.3910 4.606159e-02 7.505508e-02 3.654730e-04 5.445011e-02 4.532097e-02 8.526632e-02 4.8331493804e+04 2.1739289185e+05 2.1802966351e+05
783.3915 4.333236e-02 7.037835e-02 3.925140e-04 5.046912e-02 4.277154e-02 9.463988e-02 4.8394162951e+04 2.1743094424e+05 2.1793079382e+05
784.3920 4.116481e-02 6.574238e-02 3.901952e-04 4.575436e-02 4.004166e-02 1.045666e-01 4.8464057518e+04 2.1747182330e+05 2.1782174719e+05
785.3925 3.861374e-02 5.993397e-02 4.062056e-04 4.075371e-02 3.685945e-02 1.149159e-01 4.8537677456e+04 2.1750724515e+05 2.1771521267e+05
786.3930 3.596943e-02 5.387988e-02 4.214643e-04 3.660222e-02 3.441540e-02 1.237451e-01 4.8609436857e+04 2.1753151814e+05 2.1762175275e+05
787.3935 3.283868e-02 4.896594e-02 4.484385e-04 3.317838e-02 3.221787e-02 1.310505e-01 4.8672136347e+04 2.1754283861e+05 2.1755030234e+05
788.3940 3.073755e-02 4.517031e-02 4.289254e-04 3.151754e-02 3.130637e-02 1.338972e-01 4.8719972480e+04 2.1754229459e+05 2.1750531074e+05
789.3945 3.014886e-02 4.361403e-02 4.430549e-04 3.138563e-02 3.118046e-02 1.347928e-01 4.8750018075e+04 2.1752882561e+05 2.1748934502e+05
790.3950 3.020409e-02 4.423076e-02 4.596993e-04 3.294531e-02 3.237153e-02 1.323695e-01 4.8763655429e+04 2.1750273478e+05 2.1750142473e+05
791.3955 3.120992e-02 4.642177e-02 4.341419e-04 3.615013e-02 3.433925e-02 1.263546e-01 4.8763558231e+04 2.1746515575e+05 2.1753812099e+05
792.3960 3.327737e-02 4.997336e-02 4.373988e-04 4.097183e-02 3.762561e-02 1.186965e-01 4.8751565906e+04 2.1741988225e+05 2.1759292006e+05
793.3965 3.676751e-02 5.642395e-02 4.393611e-04 4.633745e-02 4.116928e-02 1.086330e-01 4.8729891507e+04 2.1737160106e+05 2.1765934056e+05
794.3970 4.109773e-02 6.405974e-02 4.045835e-04 5.193996e-02 4.471284e-02 9.909300e-02 4.8702828414e+04 2.1732310238e+05 2.1773025343e+05
795.3975 4.499001e-02 7.125386e-02 4.149315e-04 5.759809e-02 4.866815e-02 9.082830e-02 4.8676842550e+04 2.1727588320e+05 2.1779847799e+05
796.3980 4.831885e-02 7.623901e-02 3.733409e-04 6.225621e-02 5.166709e-02 8.335454e-02 4.8658549660e+04 2.1723118238e+05 2.1785805471e+05
797.3985 4.992333e-02 8.059476e-02 3.923783e-04 6.567056e-02 5.389585e-02 7.899383e-02 4.8652315134e+04 2.1719057084e+05 2.1790196746e+05
798.3990 5.098306e-02 8.436174e-02 3.610575e-04 6.745609e-02 5.535132e-02 7.834297e-02 4.8661057940e+04 2.1715649297e+05 2.1792431025e+05
799.3995 5.231469e-02 8.675272e-02 3.698770e-04 6.710362e-02 5.494392e-02 8.095043e-02 4.8686765352e+04 2.1713154855e+05 2.1792131295e+05
800.4000 5.307526e-02 8.684071e-02 3.752097e-04 6.494761e-02 5.367756e-02 8.738647e-02 4.8730705935e+04 2.1711670248e+05 2.1789063557e+05
801.4005 5.107452e-02 8.364526e-02 4.284330e-04 6.136123e-02 5.110331e-02 9.631452e-02 4.8791567713e+04 2.1711439767e+05 2.1783305816e+05
802.4010 4.792168e-02 7.738440e-02 3.964574e-04 5.664143e-02 4.793148e-02 1.070808e-01 4.8864212607e+04 2.1712626920e+05 2.1775118175e+05
803.4015 4.427541e-02 7.073001e-02 4.378630e-04 5.120080e-02 4.436406e-02 1.193161e-01 4.8941850420e+04 2.1715240448e+05 2.1765023439e+05
804.4020 4.091818e-02 6.339875e-02 4.570653e-04 4.589557e-02 4.074281e-02 1.303696e-01 4.9018699898e+04 2.1719093516e+05 2.1753833927e+05
805.4025 3.828570e-02 5.753812e-02 4.694103e-04 4.117022e-02 3.763784e-02 1.406930e-01 4.9090440856e+04 2.1723328588e+05 2.1742664266e+05
806.4030 3.537800e-02 5.384695e-02 4.806893e-04 3.773908e-02 3.546039e-02 1.475110e-01 4.9154193041e+04 2.1727073530e+05 2.1732759123e+05
807.4035 3.350479e-02 5.016320e-02 4.770340e-04 3.611826e-02 3.454926e-02 1.503599e-01 4.9205415543e+04 2.1729639002e+05 2.1725284275e+05
808.4040 3.299189e-02 4.829331e-02 4.681004e-04 3.626441e-02 3.491725e-02 1.507862e-01 4.9238560933e+04 2.1730507893e+05 2.1721166556e+05
809.4045 3.401765e-02 5.052660e-02 4.956595e-04 3.819593e-02 3.649130e-02 1.469135e-01 4.9251528535e+04 2.1729294656e+05 2.1720956682e+05
810.4050 3.629525e-02 5.371809e-02 4.518840e-04 4.211928e-02 3.945299e-02 1.396845e-01 4.9246513247e+04 2.1725832063e+05 2.1724718009e+05
811.4055 3.855150e-02 5.792461e-02 4.632512e-04 4.749813e-02 4.327926e-02 1.301705e-01 4.9228854965e+04 2.1720054147e+05 2.1732013254e+05
812.4060 4.140345e-02 6.304953e-02 4.403790e-04 5.334298e-02 4.764487e-02 1.188795e-01 4.9204064556e+04 2.1712432248e+05 2.1741841413e+05
813.4065 4.446877e-02 6.959394e-02 4.193488e-04 5.966093e-02 5.187470e-02 1.089507e-01 4.9176744996e+04 2.1703873455e+05 2.1752718502e+05
814.4070 4.889930e-02 7.694584e-02 3.967288e-04 6.551581e-02 5.602339e-02 9.974427e-02 4.9152227175e+04 2.1695524762e+05 2.1763017962e+05
815.4075 5.337577e-02 8.475512e-02 3.833766e-04 6.985254e-02 5.881244e-02 9.218812e-02 4.9136148498e+04 2.1688369178e+05 2.1771301107e+05
816.4080 5.620544e-02 9.085230e-02 3.874503e-04 7.300106e-02 6.071648e-02 8.910333e-02 4.9133748788e+04 2.1683144112e+05 2.1776327476e+05
817.4085 5.695619e-02 9.344750e-02 3.929572e-04 7.420718e-02 6.113296e-02 8.944312e-02 4.9148913471e+04 2.1680354548e+05 2.1777385477e+05
818.4090 5.642236e-02 9.287846e-02 3.861536e-04 7.338509e-02 6.031839e-02 9.383561e-02 4.9181770064e+04 2.1680195614e+05 2.1774194645e+05
819.4095 5.484033e-02 9.080939e-02 4.204222e-04 7.072541e-02 5.806741e-02 1.014568e-01 4.9230953204e+04 2.1682448997e+05 2.1767056787e+05
820.4100 5.296600e-02 8.755232e-02 4.317514e-04 6.665564e-02 5.488320e-02 1.116368e-01 4.9294333229e+04 2.1686453838e+05 2.1756799627e+05
821.4105 5.079526e-02 8.303130e-02 4.341448e-04 6.126649e-02 5.099673e-02 1.237377e-01 4.9369524382e+04 2.1691180126e+05 2.1744709621e+05
822.4110 4.760347e-02 7.633219e-02 4.584750e-04 5.567234e-02 4.714046e-02 1.361747e-01 4.9451424294e+04 2.1695783484e+05 2.1732198596e+05
823.4115 4.458320e-02 6.879380e-02 4.833784e-04 5.047557e-02 4.361025e-02 1.468487e-01 4.9532516454e+04 2.1699555382e+05 2.1720660867e+05
824.4120 4.083853e-02 6.293143e-02 5.024564e-04 4.600297e-02 4.093956e-02 1.566967e-01 4.9604896998e+04 2.1702008167e+05 2.1711253903e+05
825.4125 3.866394e-02 5.905865e-02 4.786719e-04 4.321582e-02 3.954224e-02 1.613800e-01 4.9663540720e+04 2.1702819268e+05 2.1704800263e+05
826.4130 3.762043e-02 5.670396e-02 4.711582e-04 4.217561e-02 3.941826e-02 1.635618e-01 4.9706424025e+04 2.1701656135e+05 2.1701771032e+05
827.4135 3.704446e-02 5.577183e-02 5.189736e-04 4.298006e-02 4.075512e-02 1.621606e-01 4.9733764950e+04 2.1698559999e+05 2.1702163340e+05
828.4140 3.755953e-02 5.625441e-02 4.724250e-04 4.561033e-02 4.321644e-02 1.567999e-01 4.9745277048e+04 2.1693985759e+05 2.1705561368e+05
829.4145 3.991789e-02 6.005859e-02 4.540379e-04 5.014859e-02 4.693439e-02 1.484574e-01 4.9741158928e+04 2.1688534936e+05 2.1711179691e+05
830.4150 4.376005e-02 6.591205e-02 4.682356e-04 5.549448e-02 5.120176e-02 1.385173e-01 4.9724308630e+04 2.1682834451e+05 2.1718188210e+05
831.4155 4.812572e-02 7.215063e-02 4.217950e-04 6.109015e-02 5.510959e-02 1.274336e-01 4.9700480780e+04 2.1677314322e+05 2.1725732882e+05
832.4160 5.123918e-02 7.915606e-02 4.362230e-04 6.737340e-02 5.943219e-02 1.188365e-01 4.9676479032e+04 2.1672074297e+05 2.1732883876e+05
833.4165 5.409120e-02 8.467149e-02 4.074985e-04 7.230466e-02 6.256419e-02 1.105698e-01 4.9658595863e+04 2.1667443025e+05 2.1738973000e+05
834.4170 5.626770e-02 8.968127e-02 3.987800e-04 7.594065e-02 6.433551e-02 1.049193e-01 4.9650709185e+04 2.1663651801e+05 2.1743279493e+05
835.4175 5.809525e-02 9.518279e-02 4.216936e-04 7.833047e-02 6.543933e-02 1.042652e-01 4.9655672216e+04 2.1660752013e+05 2.1745273560e+05
836.4180 6.005424e-02 9.891272e-02 4.117556e-04 7.857455e-02 6.465483e-02 1.060007e-01 4.9677013900e+04 2.1658803588e+05 2.1744802825e+05
837.4185 6.021158e-02 9.918832e-02 4.381412e-04 7.691636e-02 6.279304e-02 1.118812e-01 4.9716205253e+04 2.1657758037e+05 2.1741817371e+05
838.4190 5.843190e-02 9.626565e-02 4.481207e-04 7.397656e-02 6.013913e-02 1.200559e-01 4.9771648134e+04 2.1657666401e+05 2.1736449686e+05
839.4195 5.537477e-02 9.113806e-02 4.793718e-04 6.987027e-02 5.679897e-02 1.300774e-01 4.9838369535e+04 2.1658659535e+05 2.1729003494e+05
840.4200 5.221717e-02 8.541081e-02 4.574470e-04 6.490351e-02 5.339365e-02 1.413795e-01 4.9910717483e+04 2.1660703246e+05 2.1719963863e+05
841.4205 4.954905e-02 7.996978e-02 5.026968e-04 6.006805e-02 5.014625e-02 1.517694e-01 4.9984308233e+04 2.1663498148e+05 2.1710045338e+05
842.4210 4.713002e-02 7.449931e-02 5.203844e-04 5.574031e-02 4.768436e-02 1.606078e-01 5.0055821126e+04 2.1666452238e+05 2.1700177004e+05
843.4215 4.434674e-02 7.008262e-02 5.342153e-04 5.241666e-02 4.613537e-02 1.677344e-01 5.0121108338e+04 2.1668953209e+05 2.1691347008e+05
844.4220 4.285464e-02 6.631944e-02 5.110178e-04 5.083076e-02 4.599517e-02 1.697922e-01 5.0175439916e+04 2.1670617521e+05 2.1684449981e+05
845.4225 4.234385e-02 6.466518e-02 5.193782e-04 5.061828e-02 4.692469e-02 1.708706e-01 5.0214028683e+04 2.1670965788e+05 2.1680258228e+05
846.4230 4.322788e-02 6.522435e-02 5.265582e-04 5.198377e-02 4.873697e-02 1.676361e-01 5.0236057629e+04 2.1669714443e+05 2.1679254099e+05
847.4235 4.491175e-02 6.683617e-02 4.893874e-04 5.509923e-02 5.171119e-02 1.621662e-01 5.0243772001e+04 2.1666521625e+05 2.1681521141e+05
848.4240 4.644167e-02 6.969464e-02 4.707698e-04 5.946754e-02 5.542723e-02 1.544346e-01 5.0241230207e+04 2.1661400024e+05 2.1686705862e+05
849.4245 4.928419e-02 7.367655e-02 4.655260e-04 6.392047e-02 5.862354e-02 1.456505e-01 5.0231166057e+04 2.1654835577e+05 2.1694047221e+05
850.4250 5.231920e-02 7.909962e-02 4.513092e-04 6.905484e-02 6.207619e-02 1.375074e-01 5.0217629417e+04 2.1647588323e+05 2.1702288779e+05
851.4255 5.557099e-02 8.515575e-02 4.633160e-04 7.391855e-02 6.509858e-02 1.316827e-01 5.0205330825e+04 2.1640467165e+05 2.1710186470e+05
852.4260 5.914883e-02 9.176871e-02 4.389074e-04 7.701543e-02 6.625491e-02 1.254092e-01 5.0200081731e+04 2.1634229289e+05 2.1716615848e+05
853.4265 6.083549e-02 9.681961e-02 4.598212e-04 7.985630e-02 6.761570e-02 1.235340e-01 5.0205400272e+04 2.1629539158e+05 2.1720405298e+05
854.4270 6.105880e-02 9.932876e-02 4.668670e-04 8.110236e-02 6.728481e-02 1.243554e-01 5.0223012919e+04 2.1626987276e+05 2.1721015393e+05
855.4275 6.116140e-02 1.003279e-01 4.480122e-04 8.072121e-02 6.620660e-02 1.271627e-01 5.0252414134e+04 2.1626768072e+05 2.1718196899e+05
856.4280 6.043580e-02 9.927073e-02 4.963945e-04 7.896022e-02 6.429411e-02 1.334412e-01 5.0293066157e+04 2.1628597430e+05 2.1712267246e+05
857.4285 5.886220e-02 9.730305e-02 4.863257e-04 7.627941e-02 6.188713e-02 1.398516e-01 5.0344781596e+04 2.1631772282e+05 2.1704008673e+05
858.4290 5.717527e-02 9.419953e-02 5.402953e-04 7.293756e-02 5.937720e-02 1.484153e-01 5.0405313323e+04 2.1635290328e+05 2.1694513711e+05
859.4295 5.461606e-02 8.946376e-02 5.048873e-04 6.928221e-02 5.715070e-02 1.565120e-01 5.0471316468e+04 2.1638459616e+05 2.1684950269e+05
860.4300 5.242514e-02 8.437918e-02 5.692336e-04 6.583152e-02 5.504970e-02 1.634851e-01 5.0536522148e+04 2.1640731312e+05 2.1676398421e+05
861.4305 5.116304e-02 8.120141e-02 5.253851e-04 6.319555e-02 5.417353e-02 1.696928e-01 5.0595483809e+04 2.1641627630e+05 2.1669678355e+05
862.4310 4.980553e-02 7.907574e-02 5.526287e-04 6.136863e-02 5.380196e-02 1.729556e-01 5.0646091989e+04 2.1640938876e+05 2.1665400987e+05
863.4315 4.936826e-02 7.710382e-02 5.312078e-04 6.105668e-02 5.470709e-02 1.733413e-01 5.0687474801e+04 2.1638543803e+05 2.1663721429e+05
864.4320 4.911225e-02 7.586009e-02 5.334999e-04 6.149514e-02 5.598877e-02 1.730429e-01 5.0718877295e+04 2.1634663819e+05 2.1664461002e+05
865.4325 4.959227e-02 7.554871e-02 5.399077e-04 6.324434e-02 5.805938e-02 1.695823e-01 5.0740337103e+04 2.1629962720e+05 2.1666996269e+05
866.4330 5.168593e-02 7.824511e-02 5.031366e-04 6.628957e-02 6.084998e-02 1.652812e-01 5.0751909590e+04 2.1624980829e+05 2.1670566918e+05
867.4335 5.473585e-02 8.187861e-02 4.998628e-04 6.925344e-02 6.321682e-02 1.594387e-01 5.0756762708e+04 2.1620288025e+05 2.1674528610e+05
868.4340 5.743515e-02 8.578896e-02 4.916548e-04 7.227071e-02 6.531286e-02 1.541349e-01 5.0758942477e+04 2.1616110685e+05 2.1678234499e+05
869.4345 5.893484e-02 8.966252e-02 5.001015e-04 7.595353e-02 6.765237e-02 1.500075e-01 5.0761895406e+04 2.1612656014e+05 2.1681097424e+05
870.4350 6.037249e-02 9.185189e-02 4.832376e-04 7.831233e-02 6.852885e-02 1.471785e-01 5.0768177542e+04 2.1610101629e+05 2.1682863013e+05
871.4355 6.103267e-02 9.476033e-02 4.849596e-04 7.983806e-02 6.897018e-02 1.447518e-01 5.0779747740e+04 2.1608451687e+05 2.1683230380e+05
872.4360 6.201148e-02 9.850744e-02 5.442121e-04 8.125688e-02 6.903703e-02 1.457185e-01 5.0798278581e+04 2.1607366542e+05 2.1682165672e+05
873.4365 6.306201e-02 1.004392e-01 4.805378e-04 8.085368e-02 6.779787e-02 1.477676e-01 5.0826325000e+04 2.1606650434e+05 2.1679944032e+05
874.4370 6.217289e-02 1.008224e-01 5.559322e-04 7.989941e-02 6.640425e-02 1.514853e-01 5.0863880123e+04 2.1606089157e+05 2.1676715217e+05
875.4375 6.081921e-02 9.970576e-02 5.086336e-04 7.841630e-02 6.476644e-02 1.562091e-01 5.0907692389e+04 2.1605698232e+05 2.1672757147e+05
876.4380 5.956726e-02 9.806588e-02 5.173715e-04 7.658172e-02 6.309252e-02 1.607993e-01 5.0954160604e+04 2.1605563986e+05 2.1668315864e+05
877.4385 5.794247e-02 9.544346e-02 5.777586e-04 7.482986e-02 6.186182e-02 1.662237e-01 5.1001512841e+04 2.1605560746e+05 2.1663655058e+05
878.4390 5.655007e-02 9.166983e-02 5.220323e-04 7.293687e-02 6.067762e-02 1.698241e-01 5.1048881473e+04 2.1605552108e+05 2.1659117736e+05
879.4395 5.581802e-02 8.935514e-02 5.839955e-04 7.199194e-02 6.054745e-02 1.732935e-01 5.1094236464e+04 2.1605228861e+05 2.1654926041e+05
880.4400 5.455699e-02 8.801824e-02 5.393868e-04 7.166753e-02 6.109672e-02 1.747736e-01 5.1135859695e+04 2.1604662520e+05 2.1651374830e+05
881.4405 5.515798e-02 8.780822e-02 5.495974e-04 7.186941e-02 6.189723e-02 1.744843e-01 5.1170758776e+04 2.1603761059e+05 2.1648738234e+05
882.4410 5.696248e-02 8.922760e-02 5.394598e-04 7.307687e-02 6.386346e-02 1.730194e-01 5.1198455336e+04 2.1602340078e+05 2.1647192891e+05
883.4415 5.806923e-02 9.096036e-02 5.509474e-04 7.415007e-02 6.547185e-02 1.712616e-01 5.1220832874e+04 2.1600150755e+05 2.1646992037e+05
884.4420 5.950711e-02 9.195626e-02 5.084952e-04 7.620490e-02 6.760223e-02 1.684303e-01 5.1240004338e+04 2.1597061495e+05 2.1648014001e+05
885.4425 6.011638e-02 9.297189e-02 5.382126e-04 7.859075e-02 7.008574e-02 1.661089e-01 5.1258062646e+04 2.1593154852e+05 2.1649944576e+05
886.4430 6.130338e-02 9.279504e-02 5.011496e-04 7.964767e-02 7.093268e-02 1.635277e-01 5.1277002541e+04 2.1588815697e+05 2.1652379639e+05
887.4435 6.297260e-02 9.452349e-02 5.034230e-04 8.087706e-02 7.209531e-02 1.625252e-01 5.1297869776e+04 2.1584409541e+05 2.1654504306e+05
888.4440 6.410659e-02 9.652937e-02 5.618039e-04 8.174743e-02 7.243937e-02 1.634170e-01 5.1323237980e+04 2.1580407609e+05 2.1655764311e+05
889.4445 6.469873e-02 9.770811e-02 4.804228e-04 8.125345e-02 7.163576e-02 1.644906e-01 5.1354220204e+04 2.1577290208e+05 2.1655720468e+05
890.4450 6.390926e-02 9.820281e-02 5.751090e-04 8.088231e-02 7.080804e-02 1.666792e-01 5.1389539513e+04 2.1575508097e+05 2.1653934867e+05
891.4455 6.296982e-02 9.818699e-02 5.243055e-04 8.038574e-02 6.973751e-02 1.707094e-01 5.1426881423e+04 2.1575270741e+05 2.1650379948e+05
892.4460 6.175655e-02 9.834150e-02 5.171544e-04 7.857801e-02 6.746043e-02 1.745135e-01 5.1465191730e+04 2.1576452523e+05 2.1645420354e+05
893.4465 6.075403e-02 9.833110e-02 6.148862e-04 7.763973e-02 6.601694e-02 1.784653e-01 5.1503909772e+04 2.1578448838e+05 2.1639524730e+05
894.4470 5.984460e-02 9.736105e-02 5.510427e-04 7.662011e-02 6.464610e-02 1.815688e-01 5.1542811446e+04 2.1580522712e+05 2.1633608166e+05
895.4475 5.839829e-02 9.641859e-02 6.222759e-04 7.635137e-02 6.379573e-02 1.835350e-01 5.1579809110e+04 2.1582015898e+05 2.1628472812e+05
896.4480 5.820446e-02 9.474021e-02 5.818694e-04 7.680836e-02 6.388639e-02 1.840762e-01 5.1611519362e+04 2.1582530712e+05 2.1624826883e+05
897.4485 5.895875e-02 9.508999e-02 5.629060e-04 7.755494e-02 6.431729e-02 1.828060e-01 5.1635877727e+04 2.1581686006e+05 2.1623196011e+05
898.4490 6.039719e-02 9.666221e-02 5.956495e-04 7.983002e-02 6.640146e-02 1.805891e-01 5.1653603531e+04 2.1579227274e+05 2.1623668993e+05
899.4495 6.109193e-02 9.880862e-02 5.583836e-04 8.213115e-02 6.855428e-02 1.764151e-01 5.1667790603e+04 2.1575167424e+05 2.1626190827e+05
900.4500 6.314269e-02 1.011849e-01 5.901173e-04 8.490580e-02 7.131244e-02 1.721087e-01 5.1680927340e+04 2.1569642713e+05 2.1630169749e+05
901.4505 6.467106e-02 1.036521e-01 5.173817e-04 8.780349e-02 7.452484e-02 1.678443e-01 5.1695616429e+04 2.1563374209e+05 2.1634737366e+05
902.4510 6.720372e-02 1.060354e-01 5.268463e-04 8.939882e-02 7.648698e-02 1.647051e-01 5.1713313486e+04 2.1557140578e+05 2.1638987614e+05
903.4515 6.950424e-02 1.084927e-01 5.170055e-04 9.120602e-02 7.914329e-02 1.629505e-01 5.1736497523e+04 2.1551715374e+05 2.1641795704e+05
904.4520 7.024450e-02 1.083381e-01 5.055908e-04 9.149463e-02 8.002140e-02 1.632043e-01 5.1768219482e+04 2.1547725653e+05 2.1642533506e+05
905.4525 7.040929e-02 1.060301e-01 5.074112e-04 9.010631e-02 7.967842e-02 1.650781e-01 5.1809026086e+04 2.1545581799e+05 2.1640678193e+05
906.4530 6.909297e-02 1.041363e-01 5.611015e-04 8.860942e-02 7.919687e-02 1.708791e-01 5.1857656736e+04 2.1545387539e+05 2.1635979209e+05
907.4535 6.740003e-02 1.010580e-01 5.251591e-04 8.558165e-02 7.674008e-02 1.774521e-01 5.1913063703e+04 2.1547087521e+05 2.1628891585e+05
908.4540 6.602940e-02 9.837168e-02 5.604648e-04 8.193461e-02 7.378519e-02 1.849206e-01 5.1972694401e+04 2.1550075198e+05 2.1620070230e+05
909.4545 6.403093e-02 9.739952e-02 6.246235e-04 7.873803e-02 7.076877e-02 1.931412e-01 5.2034206930e+04 2.1553488817e+05 2.1610537035e+05
910.4550 6.147018e-02 9.550629e-02 5.440932e-04 7.546396e-02 6.723580e-02 2.009378e-01 5.2093513220e+04 2.1556687416e+05 2.1601552198e+05
911.4555 6.001204e-02 9.373028e-02 6.498479e-04 7.289355e-02 6.421543e-02 2.069550e-01 5.2145026013e+04 2.1559005296e+05 2.1594188449e+05
912.4560 5.865917e-02 9.208416e-02 6.320715e-04 7.235646e-02 6.265924e-02 2.103551e-01 5.2185087375e+04 2.1559967867e+05 2.1589286106e+05
913.4565 5.746770e-02 9.198411e-02 5.954522e-04 7.246576e-02 6.145966e-02 2.102153e-01 5.2212013635e+04 2.1559173642e+05 2.1587493714e+05
914.4570 5.772081e-02 9.349027e-02 6.555050e-04 7.505061e-02 6.268591e-02 2.078362e-01 5.2225762659e+04 2.1556380361e+05 2.1588779572e+05
915.4575 5.875754e-02 9.549203e-02 6.388050e-04 7.873492e-02 6.477198e-02 2.011745e-01 5.2228971282e+04 2.1551840918e+05 2.1592917657e+05
916.4580 6.124580e-02 9.819494e-02 6.198224e-04 8.353465e-02 6.815770e-02 1.927821e-01 5.2223128617e+04 2.1545995562e+05 2.1599151532e+05
917.4585 6.526658e-02 1.042138e-01 5.856288e-04 8.986909e-02 7.338839e-02 1.824995e-01 5.2210764069e+04 2.1539465580e+05 2.1606464387e+05
918.4590 6.927794e-02 1.128853e-01 5.664196e-04 9.530433e-02 7.784424e-02 1.716757e-01 5.2197101829e+04 2.1532793537e+05 2.1614028590e+05
919.4595 7.343006e-02 1.190299e-01 5.575650e-04 1.009336e-01 8.340188e-02 1.622471e-01 5.2188516888e+04 2.1526474456e+05 2.1620721139e+05
920.4600 7.684082e-02 1.224783e-01 5.089558e-04 1.049547e-01 8.765755e-02 1.552254e-01 5.2190715993e+04 2.1520892645e+05 2.1625757136e+05
921.4605 7.875331e-02 1.236510e-01 5.143153e-04 1.070639e-01 9.066082e-02 1.519226e-01 5.2208473865e+04 2.1516358434e+05 2.1628316591e+05
922.4610 7.868235e-02 1.232982e-01 5.130048e-04 1.075059e-01 9.269155e-02 1.531433e-01 5.2243941052e+04 2.1513241094e+05 2.1627760402e+05
923.4615 7.916266e-02 1.213017e-01 5.191013e-04 1.045730e-01 9.133859e-02 1.579530e-01 5.2297492614e+04 2.1511712765e+05 2.1623972449e+05
924.4620 7.825932e-02 1.172839e-01 5.120052e-04 1.001027e-01 8.904368e-02 1.685217e-01 5.2368793711e+04 2.1511734412e+05 2.1616866815e+05
925.4625 7.484528e-02 1.113182e-01 5.891003e-04 9.413509e-02 8.486191e-02 1.824571e-01 5.2455209951e+04 2.1513272816e+05 2.1606908947e+05
926.4630 7.168863e-02 1.043336e-01 5.291495e-04 8.665589e-02 7.894755e-02 1.974320e-01 5.2550066424e+04 2.1516202205e+05 2.1594838790e+05
927.4635 6.656092e-02 9.813636e-02 6.248175e-04 7.940424e-02 7.301705e-02 2.133881e-01 5.2645590424e+04 2.1520291164e+05 2.1581535221e+05
928.4640 6.150118e-02 9.228750e-02 6.294539e-04 7.284661e-02 6.667564e-02 2.276109e-01 5.2733410794e+04 2.1525141166e+05 2.1568294863e+05
929.4645 5.906897e-02 8.766600e-02 6.244140e-04 6.778131e-02 6.163895e-02 2.396729e-01 5.2806573949e+04 2.1529840523e+05 2.1556481566e+05
930.4650 5.565465e-02 8.450540e-02 7.450943e-04 6.526692e-02 5.821852e-02 2.459523e-01 5.2862635143e+04 2.1533503237e+05 2.1547459476e+05
931.4655 5.332514e-02 8.276043e-02 6.638708e-04 6.583347e-02 5.709222e-02 2.456508e-01 5.2896631465e+04 2.1535420133e+05 2.1542347750e+05
932.4660 5.535145e-02 8.462913e-02 6.864991e-04 6.902019e-02 5.832440e-02 2.402964e-01 5.2904374961e+04 2.1534952793e+05 2.1541919755e+05
933.4665 5.788278e-02 8.980044e-02 6.779440e-04 7.570686e-02 6.247571e-02 2.289746e-01 5.2888492009e+04 2.1531762340e+05 2.1546404456e+05
934.4670 6.182068e-02 9.813391e-02 6.433425e-04 8.381318e-02 6.807474e-02 2.127981e-01 5.2853991958e+04 2.1525563079e+05 2.1555666940e+05
935.4675 6.899621e-02 1.086826e-01 6.176729e-04 9.393600e-02 7.622145e-02 1.943258e-01 5.2807988364e+04 2.1516426982e+05 2.1568698125e+05
936.4680 7.349579e-02 1.190805e-01 5.695569e-04 1.041956e-01 8.450857e-02 1.747648e-01 5.2761581624e+04 2.1505174315e+05 2.1584031244e+05
937.4685 7.762418e-02 1.276522e-01 5.447138e-04 1.131736e-01 9.243186e-02 1.574941e-01 5.2722235928e+04 2.1493070710e+05 2.1599580255e+05
938.4690 8.515509e-02 1.356203e-01 5.230086e-04 1.207559e-01 9.999725e-02 1.443098e-01 5.2696994809e+04 2.1481471630e+05 2.1612992620e+05
939.4695 8.931963e-02 1.420069e-01 4.819411e-04 1.244507e-01 1.040276e-01 1.367832e-01 5.2696334475e+04 2.1471798763e+05 2.1622300326e+05
940.4700 9.037452e-02 1.438869e-01 4.699612e-04 1.254633e-01 1.067039e-01 1.371243e-01 5.2726071625e+04 2.1465188519e+05 2.1625662947e+05
941.4705 9.162338e-02 1.407930e-01 5.348375e-04 1.222411e-01 1.055527e-01 1.442618e-01 5.2786890768e+04 2.1462493409e+05 2.1622222540e+05
942.4710 8.856955e-02 1.332281e-01 4.734681e-04 1.153386e-01 1.009053e-01 1.583485e-01 5.2877309453e+04 2.1464233070e+05 2.1611773312e+05
943.4715 8.302432e-02 1.238629e-01 5.586340e-04 1.064141e-01 9.477419e-02 1.800479e-01 5.2989631429e+04 2.1470153998e+05 2.1594954324e+05
944.4720 7.898396e-02 1.144843e-01 6.065947e-04 9.481055e-02 8.556964e-02 2.040547e-01 5.3115588351e+04 2.1479288932e+05 2.1573632637e+05
945.4725 7.225943e-02 1.040961e-01 6.155565e-04 8.287508e-02 7.578710e-02 2.285021e-01 5.3248411867e+04 2.1490073123e+05 2.1550141635e+05
946.4730 6.413857e-02 9.338942e-02 7.570946e-04 7.197666e-02 6.633575e-02 2.518851e-01 5.3377336249e+04 2.1500674497e+05 2.1527281043e+05
947.4735 5.922606e-02 8.405891e-02 6.718979e-04 6.344305e-02 5.836165e-02 2.702267e-01 5.3488617332e+04 2.1509561929e+05 2.1507766965e+05
948.4740 5.455004e-02 7.758717e-02 7.880530e-04 5.824830e-02 5.294897e-02 2.824573e-01 5.3571848718e+04 2.1515472929e+05 2.1493917961e+05
949.4745 5.185993e-02 7.535378e-02 7.920791e-04 5.710586e-02 5.074771e-02 2.844541e-01 5.3619814809e+04 2.1517436811e+05 2.1487412619e+05
950.4750 5.328094e-02 7.677938e-02 7.354456e-04 6.067490e-02 5.242926e-02 2.774260e-01 5.3629322573e+04 2.1514836214e+05 2.1489019879e+05
951.4755 5.577067e-02 8.256355e-02 7.655986e-04 6.875064e-02 5.800762e-02 2.621798e-01 5.3604477944e+04 2.1507565322e+05 2.1498503492e+05
952.4760 5.923094e-02 9.147655e-02 6.913757e-04 8.030572e-02 6.671467e-02 2.396114e-01 5.3551425491e+04 2.1496370418e+05 2.1514605707e+05
953.4765 6.724632e-02 1.038812e-01 6.784412e-04 9.373080e-02 7.727909e-02 2.125410e-01 5.3477133291e+04 2.1482492154e+05 2.1535216767e+05
954.4770 7.688798e-02 1.192831e-01 5.617796e-04 1.086941e-01 8.960705e-02 1.840897e-01 5.3394380176e+04 2.1467418877e+05 2.1557598420e+05
955.4775 8.421109e-02 1.351386e-01 5.452409e-04 1.219149e-01 1.006529e-01 1.573921e-01 5.3318917485e+04 2.1452679444e+05 2.1579063162e+05
956.4780 9.274585e-02 1.490655e-01 5.325872e-04 1.331149e-01 1.107452e-01 1.366113e-01 5.3262686849e+04 2.1439620230e+05 2.1596814716e+05
957.4785 9.898017e-02 1.574194e-01 4.774026e-04 1.405737e-01 1.177848e-01 1.238172e-01 5.3237871865e+04 2.1429664849e+05 2.1608594286e+05
958.4790 1.000412e-01 1.601334e-01 4.603370e-04 1.427769e-01 1.204046e-01 1.205406e-01 5.3251320277e+04 2.1423947122e+05 2.1612750369e+05
959.4795 1.010336e-01 1.574167e-01 4.861681e-04 1.404409e-01 1.199391e-01 1.289384e-01 5.3304259136e+04 2.1422888713e+05 2.1608357006e+05
960.4800 9.928400e-02 1.513813e-01 5.269457e-04 1.321578e-01 1.136641e-01 1.457440e-01 5.3398390642e+04 2.1426253902e+05 2.1595797769e+05
961.4805 9.376372e-02 1.423050e-01 5.398578e-04 1.207469e-01 1.049683e-01 1.718717e-01 5.3529394958e+04 2.1433223853e+05 2.1576073546e+05
962.4810 8.708785e-02 1.294609e-01 6.516963e-04 1.064372e-01 9.379145e-02 2.044345e-01 5.3685952106e+04 2.1442873840e+05 2.1551263614e+05
963.4815 7.864834e-02 1.130404e-01 6.133002e-04 9.010979e-02 8.015951e-02 2.367535e-01 5.3854603623e+04 2.1454179001e+05 2.1524000401e+05
964.4820 6.909081e-02 9.784770e-02 7.736450e-04 7.542538e-02 6.803059e-02 2.683436e-01 5.4018154033e+04 2.1465675441e+05 2.1496948281e+05
965.4825 6.215744e-02 8.511280e-02 7.747395e-04 6.276782e-02 5.716055e-02 2.938285e-01 5.4161180017e+04 2.1475933563e+05 2.1473104382e+05
966.4830 5.525174e-02 7.550628e-02 7.631947e-04 5.428790e-02 4.960977e-02 3.109749e-01 5.4273175271e+04 2.1483467477e+05 2.1454988605e+05
967.4835 5.020228e-02 6.895141e-02 9.182546e-04 5.120491e-02 4.674645e-02 3.181847e-01 5.4345549656e+04 2.1487086216e+05 2.1444547119e+05
968.4840 4.999532e-02 6.775903e-02 7.775497e-04 5.342299e-02 4.788315e-02 3.108961e-01 5.4372446989e+04 2.1486207813e+05 2.1442957463e+05
969.4845 5.235868e-02 7.343254e-02 8.043424e-04 6.161904e-02 5.405306e-02 2.943359e-01 5.4352571014e+04 2.1480637704e+05 2.1450282517e+05
970.4850 5.780697e-02 8.551760e-02 7.521944e-04 7.458384e-02 6.460383e-02 2.679232e-01 5.4291216674e+04 2.1470716303e+05 2.1465756765e+05
971.4855 6.756959e-02 9.926842e-02 7.120536e-04 9.032590e-02 7.700288e-02 2.353514e-01 5.4199266412e+04 2.1457128471e+05 2.1487772611e+05
972.4860 7.665077e-02 1.156885e-01 6.423965e-04 1.082997e-01 9.181570e-02 1.996804e-01 5.4093787522e+04 2.1440842944e+05 2.1513697711e+05
973.4865 8.555645e-02 1.340110e-01 5.635207e-04 1.258078e-01 1.061310e-01 1.662593e-01 5.3990207561e+04 2.1423348974e+05 2.1540521724e+05
974.4870 9.524633e-02 1.508971e-01 5.379321e-04 1.401966e-01 1.178132e-01 1.376628e-01 5.3903410902e+04 2.1406664744e+05 2.1564911012e+05
975.4875 1.034644e-01 1.636726e-01 4.664538e-04 1.510016e-01 1.270385e-01 1.197801e-01 5.3848362824e+04 2.1392563588e+05 2.1583584315e+05
976.4880 1.084796e-01 1.723215e-01 4.741822e-04 1.558727e-01 1.308527e-01 1.121327e-01 5.3837131492e+04 2.1382598692e+05 2.1594082851e+05
977.4885 1.100208e-01 1.756445e-01 4.496952e-04 1.549846e-01 1.301948e-01 1.175776e-01 5.3875693275e+04 2.1377829913e+05 2.1594642067e+05
978.4890 1.081170e-01 1.714958e-01 5.245419e-04 1.481899e-01 1.247792e-01 1.353364e-01 5.3963938549e+04 2.1378924497e+05 2.1584734034e+05
979.4895 1.028529e-01 1.606788e-01 5.714185e-04 1.358340e-01 1.143517e-01 1.619428e-01 5.4095565557e+04 2.1385884568e+05 2.1565098187e+05
980.4900 9.547593e-02 1.445513e-01 6.060301e-04 1.204148e-01 1.020418e-01 1.980492e-01 5.4259163541e+04 2.1397690661e+05 2.1537543832e+05
981.4905 8.620095e-02 1.273756e-01 6.925002e-04 1.019868e-01 8.692399e-02 2.361418e-01 5.4442645414e+04 2.1412521015e+05 2.1505244528e+05
982.4910 7.551914e-02 1.088587e-01 7.226006e-04 8.397980e-02 7.246324e-02 2.723076e-01 5.4630745820e+04 2.1428246605e+05 2.1471737889e+05
983.4915 6.522559e-02 9.139582e-02 8.789359e-04 6.886279e-02 6.044963e-02 3.042238e-01 5.4804736797e+04 2.1442660119e+05 2.1440846871e+05
984.4920 5.758028e-02 7.737089e-02 7.877075e-04 5.680909e-02 5.087476e-02 3.255016e-01 5.4947651287e+04 2.1453858971e+05 2.1416243113e+05
985.4925 5.242676e-02 7.023127e-02 8.657039e-04 5.089987e-02 4.673209e-02 3.377784e-01 5.5045796600e+04 2.1460077149e+05 2.1400619711e+05
986.4930 5.041773e-02 6.889371e-02 8.975862e-04 5.110109e-02 4.740785e-02 3.347358e-01 5.5093488614e+04 2.1460300831e+05 2.1395849587e+05
987.4935 5.200378e-02 7.201710e-02 8.035817e-04 5.724407e-02 5.296660e-02 3.187447e-01 5.5090215799e+04 2.1454076204e+05 2.1402392537e+05
988.4940 5.661815e-02 7.940545e-02 8.259221e-04 6.948177e-02 6.359619e-02 2.933373e-01 5.5040586272e+04 2.1441886329e+05 2.1419164951e+05
989.4945 6.413324e-02 9.126184e-02 7.007471e-04 8.555729e-02 7.686890e-02 2.593373e-01 5.4954248451e+04 2.1425184926e+05 2.1443914414e+05
990.4950 7.412518e-02 1.088661e-01 6.820498e-04 1.037555e-01 9.176743e-02 2.219802e-01 5.4844062910e+04 2.1405889890e+05 2.1473293069e+05
991.4955 8.560673e-02 1.285520e-01 6.033587e-04 1.227729e-01 1.071191e-01 1.842897e-01 5.4727275322e+04 2.1386297181e+05 2.1503449295e+05
992.4960 9.609621e-02 1.472331e-01 5.217283e-04 1.395396e-01 1.199228e-01 1.523289e-01 5.4622709964e+04 2.1368453367e+05 2.1530666663e+05
993.4965 1.044899e-01 1.638617e-01 5.172480e-04 1.525238e-01 1.296404e-01 1.287809e-01 5.4547118887e+04 2.1354219599e+05 2.1551482017e+05
994.4970 1.106111e-01 1.757583e-01 4.794325e-04 1.604608e-01 1.352412e-01 1.174356e-01 5.4512273187e+04 2.1345067854e+05 2.1563305512e+05
995.4975 1.132742e-01 1.832090e-01 4.965902e-04 1.617725e-01 1.348587e-01 1.176865e-01 5.4525404504e+04 2.1341853227e+05 2.1564748891e+05
996.4980 1.125145e-01 1.829421e-01 5.142335e-04 1.574303e-01 1.303831e-01 1.316458e-01 5.4588962314e+04 2.1344533388e+05 2.1555540231e+05
997.4985 1.089143e-01 1.739396e-01 5.726433e-04 1.473991e-01 1.212280e-01 1.560062e-01 5.4700830520e+04 2.1352298705e+05 2.1536883504e+05
998.4990 1.023739e-01 1.599014e-01 6.015523e-04 1.327178e-01 1.086996e-01 1.883459e-01 5.4853036670e+04 2.1363624795e+05 2.1510959635e+05
999.4995 9.398436e-02 1.420216e-01 6.992025e-04 1.155664e-01 9.464788e-02 2.269015e-01 5.5031749540e+04 2.1376814948e+05 2.1480654527e+05
1000.5000 8.405226e-02 1.232145e-01 7.156981e-04 9.711749e-02 7.989253e-02 2.636300e-01 5.5221144796e+04 2.1390227071e+05 2.1449325772e+05
1001.5005 7.430105e-02 1.061878e-01 8.187221e-04 8.033350e-02 6.697290e-02 2.978192e-01 5.5403375683e+04 2.1402002196e+05 2.1420220583e+05
1002.5010 6.568725e-02 9.232838e-02 8.857693e-04 6.702378e-02 5.756902e-02 3.232795e-01 5.5562768871e+04 2.1410780937e+05 2.1396300591e+05
1003.5015 5.929301e-02 8.245418e-02 7.997138e-04 5.796129e-02 5.166976e-02 3.381975e-01 5.5685568238e+04 2.1415519328e+05 2.1379937606e+05
1004.5020 5.505945e-02 7.654129e-02 9.280147e-04 5.541325e-02 5.138871e-02 3.417153e-01 5.5761714317e+04 2.1415824733e+05 2.1372391374e+05
1005.5025 5.486811e-02 7.387637e-02 8.159017e-04 5.849299e-02 5.555116e-02 3.310247e-01 5.5787239520e+04 2.1411763840e+05 2.1374168830e+05
1006.5030 5.885301e-02 7.808215e-02 8.060524e-04 6.737053e-02 6.420903e-02 3.101390e-01 5.5764191664e+04 2.1403393038e+05 2.1384650041e+05
1007.5035 6.544553e-02 8.836460e-02 7.642890e-04 8.072555e-02 7.590963e-02 2.810724e-01 5.5701736596e+04 2.1391352660e+05 2.1402418374e+05
1008.5040 7.383046e-02 1.017097e-01 6.508010e-04 9.715541e-02 8.970640e-02 2.471443e-01 5.5612478521e+04 2.1376736531e+05 2.1425247226e+05
1009.5045 8.321778e-02 1.189036e-01 6.803632e-04 1.145928e-01 1.034968e-01 2.116407e-01 5.5509785399e+04 2.1360927369e+05 2.1450426002e+05
1010.5050 9.363659e-02 1.385422e-01 5.404374e-04 1.315031e-01 1.161349e-01 1.789799e-01 5.5408162145e+04 2.1345457174e+05 2.1474975527e+05
1011.5055 1.020526e-01 1.587930e-01 5.669167e-04 1.454079e-01 1.257074e-01 1.542763e-01 5.5323220375e+04 2.1331722611e+05 2.1496091498e+05
1012.5060 1.086778e-01 1.743203e-01 5.053090e-04 1.553687e-01 1.318754e-01 1.381995e-01 5.5269431279e+04 2.1321018613e+05 2.1511279612e+05
1013.5065 1.130355e-01 1.814891e-01 5.072917e-04 1.602459e-01 1.334104e-01 1.336877e-01 5.5256646698e+04 2.1314295115e+05 2.1518736076e+05
1014.5070 1.135730e-01 1.826969e-01 5.532549e-04 1.591830e-01 1.304769e-01 1.396121e-01 5.5289884712e+04 2.1312125132e+05 2.1517430454e+05
1015.5075 1.123347e-01 1.782462e-01 5.740974e-04 1.531582e-01 1.237081e-01 1.568707e-01 5.5367626738e+04 2.1314553861e+05 2.1507272965e+05
1016.5080 1.076713e-01 1.695632e-01 6.024283e-04 1.428699e-01 1.141026e-01 1.817248e-01 5.5484389933e+04 2.1321278075e+05 2.1489212424e+05
1017.5085 1.018614e-01 1.564683e-01 6.982374e-04 1.286147e-01 1.019562e-01 2.129805e-01 5.5630135568e+04 2.1331241366e+05 2.1465238932e+05
1018.5090 9.401322e-02 1.411457e-01 7.139245e-04 1.131260e-01 8.990268e-02 2.455996e-01 5.5793609277e+04 2.1342975369e+05 2.1437884229e+05
1019.5095 8.428271e-02 1.268737e-01 7.800916e-04 9.772813e-02 7.828337e-02 2.759355e-01 5.5961639020e+04 2.1354708751e+05 2.1410172803e+05
1020.5100 7.666188e-02 1.125886e-01 8.675249e-04 8.439573e-02 6.933732e-02 3.028253e-01 5.6118422095e+04 2.1364872962e+05 2.1385029824e+05
1021.5105 7.098832e-02 1.009895e-01 8.493203e-04 7.392956e-02 6.315838e-02 3.196611e-01 5.6251660383e+04 2.1372098139e+05 2.1365164770e+05
1022.5110 6.626224e-02 9.121412e-02 8.536522e-04 6.782196e-02 6.080288e-02 3.293303e-01 5.6352306755e+04 2.1375187278e+05 2.1352556834e+05
1023.5115 6.533705e-02 8.701670e-02 8.938217e-04 6.687082e-02 6.270302e-02 3.274445e-01 5.6413907319e+04 2.1373539595e+05 2.1348285430e+05
1024.5120 6.766296e-02 8.636627e-02 7.834322e-04 7.047728e-02 6.777011e-02 3.150035e-01 5.6434390413e+04 2.1367409368e+05 2.1352459158e+05
1025.5125 6.969381e-02 9.017777e-02 8.019946e-04 7.867278e-02 7.626570e-02 2.959809e-01 5.6415911145e+04 2.1357557977e+05 2.1364011649e+05
1026.5130 7.534324e-02 9.804909e-02 6.908956e-04 9.003153e-02 8.610820e-02 2.711882e-01 5.6364580830e+04 2.1345141618e+05 2.1381177055e+05
1027.5135 8.278776e-02 1.119542e-01 6.893712e-04 1.038316e-01 9.726746e-02 2.433757e-01 5.6292743330e+04 2.1331280870e+05 2.1401475314e+05
1028.5140 8.951855e-02 1.292757e-01 6.268408e-04 1.174901e-01 1.072050e-01 2.152907e-01 5.6215355035e+04 2.1317351338e+05 2.1422355509e+05
1029.5145 9.687995e-02 1.457174e-01 5.925855e-04 1.307670e-01 1.158399e-01 1.912208e-01 5.6143614340e+04 2.1304883399e+05 2.1441126729e+05
1030.5150 1.032145e-01 1.601537e-01 5.821230e-04 1.415022e-01 1.220377e-01 1.735970e-01 5.6087205843e+04 2.1295257736e+05 2.1455583370e+05
1031.5155 1.081712e-01 1.707956e-01 5.272589e-04 1.487936e-01 1.248485e-01 1.630314e-01 5.6054596466e+04 2.1289307983e+05 2.1464185222e+05
1032.5160 1.111958e-01 1.771767e-01 5.833221e-04 1.525223e-01 1.251472e-01 1.606890e-01 5.6051231237e+04 2.1287270171e+05 2.1466109265e+05
1033.5165 1.115807e-01 1.775368e-01 6.012888e-04 1.513998e-01 1.214264e-01 1.669218e-01 5.6081511572e+04 2.1288748502e+05 2.1461515980e+05
1034.5170 1.090966e-01 1.719116e-01 6.319641e-04 1.471442e-01 1.161400e-01 1.804917e-01 5.6146492976e+04 2.1292917347e+05 2.1451010757e+05
1035.5175 1.052688e-01 1.642560e-01 6.801316e-04 1.396295e-01 1.089077e-01 1.997676e-01 5.6241567982e+04 2.1298751810e+05 2.1435948056e+05
1036.5180 1.022331e-01 1.559679e-01 7.210466e-04 1.287314e-01 9.995107e-02 2.232991e-01 5.6359687285e+04 2.1305098628e+05 2.1418097818e+05
1037.5185 9.669141e-02 1.488208e-01 7.620993e-04 1.171267e-01 9.164499e-02 2.461896e-01 5.6493287007e+04 2.1310993714e+05 2.1399228269e+05
1038.5190 9.034882e-02 1.386531e-01 8.321645e-04 1.054826e-01 8.408218e-02 2.699224e-01 5.6631777445e+04 2.1315632270e+05 2.1381219372e+05
1039.5195 8.488371e-02 1.257368e-01 8.129343e-04 9.509175e-02 7.836409e-02 2.882255e-01 5.6764453091e+04 2.1318697829e+05 2.1365543273e+05
1040.5200 7.938717e-02 1.141491e-01 8.171049e-04 8.675036e-02 7.473647e-02 3.013542e-01 5.6880644675e+04 2.1320048780e+05 2.1353218262e+05
1041.5205 7.472949e-02 1.040476e-01 8.548199e-04 8.151752e-02 7.390616e-02 3.096696e-01 5.6972126856e+04 2.1319871149e+05 2.1344752654e+05
1042.5210 7.356197e-02 9.783843e-02 8.027180e-04 7.942164e-02 7.484756e-02 3.083812e-01 5.7035113022e+04 2.1318309838e+05 2.1340412549e+05
1043.5215 7.449587e-02 9.575928e-02 7.739973e-04 8.127459e-02 7.879097e-02 3.016929e-01 5.7069702477e+04 2.1315293161e+05 2.1340058234e+05
1044.5220 7.522646e-02 9.955665e-02 8.034924e-04 8.600419e-02 8.390114e-02 2.895141e-01 5.7077854755e+04 2.1310948533e+05 2.1343500664e+05
1045.5225 7.948382e-02 1.081860e-01 7.066544e-04 9.362705e-02 9.011794e-02 2.730230e-01 5.7060810967e+04 2.1305516763e+05 2.1350228330e+05
1046.5230 8.421531e-02 1.203000e-01 7.136569e-04 1.035866e-01 9.762526e-02 2.536190e-01 5.7023214962e+04 2.1299367413e+05 2.1359534716e+05
1047.5235 8.830154e-02 1.324423e-01 6.436794e-04 1.131807e-01 1.031984e-01 2.334429e-01 5.6973386535e+04 2.1292622801e+05 2.1370813803e+05
1048.5240 9.320164e-02 1.443989e-01 6.328382e-04 1.240756e-01 1.095215e-01 2.155119e-01 5.6920640931e+04 2.1285224546e+05 2.1382833096e+05
1049.5245 9.793236e-02 1.543264e-01 6.366547e-04 1.330480e-01 1.135774e-01 2.013891e-01 5.6875381191e+04 2.1277478576e+05 2.1394562290e+05
1050.5250 1.012521e-01 1.607515e-01 6.271845e-04 1.403090e-01 1.160603e-01 1.904643e-01 5.6845732015e+04 2.1270083658e+05 2.1404574566e+05
1051.5255 1.045684e-01 1.664958e-01 6.378751e-04 1.451025e-01 1.172046e-01 1.851759e-01 5.6834415156e+04 2.1263833027e+05 2.1411562338e+05
1052.5260 1.091948e-01 1.702871e-01 6.588629e-04 1.462840e-01 1.154182e-01 1.864646e-01 5.6844843524e+04 2.1259325456e+05 2.1414657561e+05
1053.5265 1.101202e-01 1.719142e-01 6.469323e-04 1.455978e-01 1.133772e-01 1.917886e-01 5.6882072688e+04 2.1256891282e+05 2.1413166287e+05
1054.5270 1.078361e-01 1.701394e-01 6.990689e-04 1.416423e-01 1.094566e-01 2.035579e-01 5.6945333095e+04 2.1256574014e+05 2.1407159521e+05
1055.5275 1.060042e-01 1.641349e-01 7.399432e-04 1.348581e-01 1.046177e-01 2.177627e-01 5.7031216442e+04 2.1258370955e+05 2.1396981444e+05
1056.5280 1.011934e-01 1.571591e-01 7.611368e-04 1.266724e-01 9.948200e-02 2.345023e-01 5.7135665473e+04 2.1261872868e+05 2.1383375059e+05
1057.5285 9.684651e-02 1.494292e-01 7.769388e-04 1.174505e-01 9.458438e-02 2.528670e-01 5.7251613931e+04 2.1266434756e+05 2.1367534789e+05
1058.5290 9.478103e-02 1.391632e-01 7.763913e-04 1.080837e-01 9.001422e-02 2.680532e-01 5.7372266718e+04 2.1271398868e+05 2.1350946851e+05
1059.5295 8.913991e-02 1.273361e-01 7.916403e-04 9.947601e-02 8.656465e-02 2.831790e-01 5.7490910891e+04 2.1275922024e+05 2.1335136083e+05
1060.5300 8.415712e-02 1.146705e-01 8.226753e-04 9.229329e-02 8.387068e-02 2.936761e-01 5.7597699480e+04 2.1279545186e+05 2.1321528109e+05
1061.5305 8.218071e-02 1.064411e-01 7.738364e-04 8.773954e-02 8.267650e-02 2.989122e-01 5.7683033708e+04 2.1281762306e+05 2.1311206038e+05
1062.5310 7.968460e-02 1.041522e-01 7.811085e-04 8.668762e-02 8.393652e-02 2.993872e-01 5.7743132622e+04 2.1282204653e+05 2.1304926390e+05
1063.5315 7.829523e-02 1.059296e-01 7.735003e-04 8.722025e-02 8.480378e-02 2.952545e-01 5.7777069416e+04 2.1280474528e+05 2.1303354894e+05
1064.5320 7.975164e-02 1.114576e-01 7.214734e-04 9.175940e-02 8.852416e-02 2.857584e-01 5.7786820997e+04 2.1276350719e+05 2.1306276152e+05
1065.5325 8.270992e-02 1.210524e-01 7.400734e-04 9.850222e-02 9.266710e-02 2.715327e-01 5.7774693920e+04 2.1270104351e+05 2.1313358261e+05
1066.5330 8.601931e-02 1.311951e-01 6.805819e-04 1.062231e-01 9.652762e-02 2.555690e-01 5.7743533021e+04 2.1262475700e+05 2.1323739841e+05
1067.5335 9.029382e-02 1.399088e-01 6.901900e-04 1.165004e-01 1.025161e-01 2.387641e-01 5.7697319409e+04 2.1254379455e+05 2.1335961860e+05
1068.5340 9.684407e-02 1.464969e-01 6.644673e-04 1.255039e-01 1.061233e-01 2.229234e-01 5.7644624141e+04 2.1246289961e+05 2.1348925310e+05
1069.5345 1.018027e-01 1.528646e-01 6.537593e-04 1.347663e-01 1.109552e-01 2.081420e-01 5.7597463781e+04 2.1238569079e+05 2.1360928369e+05
1070.5350 1.044150e-01 1.600108e-01 7.134553e-04 1.415077e-01 1.135137e-01 1.978020e-01 5.7564215250e+04 2.1231689400e+05 2.1370786578e+05
1071.5355 1.098933e-01 1.669237e-01 6.445066e-04 1.462989e-01 1.151922e-01 1.922522e-01 5.7550490571e+04 2.1226063842e+05 2.1377248020e+05
1072.5360 1.137471e-01 1.737200e-01 7.303128e-04 1.484615e-01 1.157078e-01 1.912195e-01 5.7562341776e+04 2.1222074908e+05 2.1379549860e+05
1073.5365 1.138779e-01 1.792513e-01 7.112711e-04 1.467768e-01 1.141056e-01 1.975738e-01 5.7603420883e+04 2.1219686047e+05 2.1377484136e+05
1074.5370 1.143563e-01 1.797191e-01 7.288047e-04 1.421113e-01 1.110856e-01 2.066872e-01 5.7673627431e+04 2.1218935475e+05 2.1371106878e+05
1075.5375 1.120018e-01 1.727708e-01 7.744442e-04 1.353604e-01 1.073479e-01 2.217400e-01 5.7769635402e+04 2.1219880784e+05 2.1360741617e+05
1076.5380 1.055163e-01 1.576685e-01 7.380248e-04 1.263872e-01 1.026276e-01 2.388367e-01 5.7886445666e+04 2.1222661231e+05 2.1347021317e+05
1077.5385 9.931184e-02 1.421522e-01 7.416396e-04 1.162345e-01 9.735742e-02 2.560944e-01 5.8013740625e+04 2.1227000712e+05 2.1330757909e+05
1078.5390 9.507543e-02 1.298378e-01 7.942629e-04 1.061832e-01 9.250272e-02 2.747810e-01 5.8142082720e+04 2.1232359767e+05 2.1313077008e+05
1079.5395 8.993031e-02 1.194718e-01 7.735842e-04 9.691874e-02 8.771068e-02 2.889755e-01 5.8265769040e+04 2.1238165296e+05 2.1295525033e+05
1080.5400 8.363991e-02 1.122988e-01 7.677782e-04 9.046808e-02 8.484797e-02 2.987769e-01 5.8374991818e+04 2.1243620368e+05 2.1279674566e+05
1081.5405 8.068502e-02 1.094778e-01 7.733067e-04 8.693617e-02 8.377191e-02 3.040854e-01 5.8457859603e+04 2.1247966227e+05 2.1267242912e+05
1082.5410 8.008887e-02 1.104009e-01 7.601786e-04 8.548997e-02 8.280964e-02 3.039044e-01 5.8508251560e+04 2.1250423680e+05 2.1259836364e+05
1083.5415 7.986304e-02 1.142119e-01 7.356554e-04 8.900287e-02 8.574303e-02 2.963769e-01 5.8526278925e+04 2.1250119814e+05 2.1258242955e+05
1084.5420 8.152983e-02 1.187209e-01 7.562368e-04 9.441117e-02 8.857793e-02 2.840687e-01 5.8514650803e+04 2.1246314463e+05 2.1263123632e+05
1085.5425 8.563557e-02 1.226376e-01 7.179505e-04 1.027142e-01 9.337433e-02 2.683621e-01 5.8479124665e+04 2.1238926171e+05 2.1273847575e+05
1086.5430 9.024404e-02 1.289671e-01 7.692619e-04 1.130599e-01 9.917055e-02 2.500006e-01 5.8426869368e+04 2.1228566398e+05 2.1289086859e+05
1087.5435 9.670265e-02 1.388828e-01 6.660177e-04 1.232925e-01 1.043149e-01 2.317110e-01 5.8365065479e+04 2.1216331860e+05 2.1306966272e+05
1088.5440 1.052290e-01 1.518432e-01 7.418953e-04 1.334371e-01 1.098710e-01 2.140336e-01 5.8304185696e+04 2.1203542866e+05 2.1325051058e+05
1089.5445 1.115508e-01 1.645716e-01 6.936524e-04 1.414322e-01 1.134677e-01 2.012572e-01 5.8256387455e+04 2.1191571853e+05 2.1341079049e+05
1090.5450 1.150457e-01 1.749093e-01 6.656205e-04 1.480256e-01 1.168421e-01 1.925606e-01 5.8231890073e+04 2.1181789421e+05 2.1352703401e+05
1091.5455 1.178214e-01 1.816313e-01 7.597576e-04 1.506745e-01 1.176847e-01 1.903254e-01 5.8235721966e+04 2.1175341615e+05 2.1358337591e+05
1092.5460 1.198049e-01 1.843432e-01 6.690262e-04 1.497021e-01 1.166539e-01 1.944684e-01 5.8271645868e+04 2.1172861684e+05 2.1356943129e+05
1093.5465 1.187881e-01 1.809708e-01 7.665114e-04 1.454979e-01 1.139181e-01 2.037907e-01 5.8341735986e+04 2.1174432949e+05 2.1348435529e+05
1094.5470 1.152243e-01 1.728703e-01 7.556438e-04 1.388246e-01 1.102194e-01 2.191833e-01 5.8443329814e+04 2.1179360471e+05 2.1333617448e+05
1095.5475 1.108143e-01 1.598787e-01 7.261147e-04 1.293616e-01 1.047857e-01 2.357214e-01 5.8569528087e+04 2.1186860256e+05 2.1314136147e+05
1096.5480 1.039567e-01 1.448297e-01 7.797924e-04 1.188416e-01 9.916829e-02 2.553370e-01 5.8708175341e+04 2.1195906143e+05 2.1291969078e+05
1097.5485 9.592268e-02 1.324853e-01 7.652902e-04 1.086056e-01 9.406485e-02 2.736397e-01 5.8847147497e+04 2.1205202221e+05 2.1269478786e+05
1098.5490 9.006387e-02 1.227851e-01 7.819859e-04 9.937298e-02 8.904592e-02 2.882431e-01 5.8975064404e+04 2.1213311926e+05 2.1249190005e+05
1099.5495 8.620827e-02 1.173793e-01 7.736995e-04 9.304921e-02 8.680614e-02 2.988475e-01 5.9083679607e+04 2.1218715193e+05 2.1233214461e+05
1100.5500 8.188242e-02 1.134023e-01 7.730621e-04 8.876570e-02 8.464245e-02 3.039512e-01 5.9167317413e+04 2.1220552917e+05 2.1223399900e+05
1101.5505 7.911641e-02 1.098674e-01 7.587224e-04 8.802564e-02 8.483882e-02 3.034939e-01 5.9219037792e+04 2.1218644500e+05 2.1220434345e+05
1102.5510 8.085469e-02 1.102387e-01 7.829763e-04 9.112387e-02 8.756306e-02 2.951603e-01 5.9234486401e+04 2.1213319509e+05 2.1224234288e+05
1103.5515 8.489664e-02 1.152567e-01 7.395301e-04 9.618392e-02 8.996659e-02 2.832474e-01 5.9215880110e+04 2.1205079355e+05 2.1234144818e+05
1104.5520 8.940814e-02 1.219620e-01 7.298475e-04 1.047469e-01 9.537187e-02 2.680475e-01 5.9172449244e+04 2.1194707233e+05 2.1248464028e+05
1105.5525 9.532231e-02 1.296230e-01 7.710418e-04 1.140865e-01 9.999640e-02 2.503342e-01 5.9114183034e+04 2.1183194082e+05 2.1265413483e+05
1106.5530 1.010190e-01 1.394571e-01 6.910777e-04 1.238860e-01 1.051046e-01 2.329041e-01 5.9051811280e+04 2.1171707682e+05 2.1282615006e+05
1107.5535 1.067613e-01 1.531096e-01 7.848678e-04 1.329052e-01 1.094552e-01 2.172602e-01 5.8994946934e+04 2.1161448855e+05 2.1297866744e+05
1108.5540 1.141257e-01 1.690139e-01 7.061228e-04 1.405240e-01 1.127652e-01 2.062529e-01 5.8952100612e+04 2.1153314215e+05 2.1309347812e+05
1109.5545 1.196339e-01 1.796635e-01 7.361645e-04 1.457280e-01 1.148763e-01 1.996226e-01 5.8934404728e+04 2.1147876190e+05 2.1315875344e+05
1110.5550 1.202369e-01 1.836942e-01 7.614278e-04 1.471347e-01 1.147111e-01 1.983753e-01 5.8949719024e+04 2.1145112963e+05 2.1316922142e+05
1111.5555 1.201153e-01 1.814975e-01 7.021172e-04 1.463850e-01 1.137408e-01 2.029282e-01 5.8997685431e+04 2.1144963026e+05 2.1312253910e+05
1112.5560 1.183425e-01 1.758269e-01 7.871537e-04 1.424230e-01 1.110407e-01 2.124708e-01 5.9075280973e+04 2.1147315016e+05 2.1302317151e+05
1113.5565 1.131432e-01 1.672617e-01 7.067757e-04 1.362574e-01 1.078384e-01 2.255822e-01 5.9178540283e+04 2.1151793115e+05 2.1287925057e+05
1114.5570 1.075997e-01 1.560617e-01 7.602939e-04 1.276742e-01 1.030980e-01 2.403655e-01 5.9299917624e+04 2.1157661547e+05 2.1270537089e+05
1115.5575 1.027416e-01 1.445845e-01 7.590721e-04 1.189580e-01 9.926715e-02 2.566097e-01 5.9430701519e+04 2.1163912069e+05 2.1251715987e+05
1116.5580 9.611380e-02 1.341919e-01 7.569759e-04 1.104425e-01 9.532151e-02 2.701909e-01 5.9562036740e+04 2.1169797426e+05 2.1233340540e+05
1117.5585 8.868641e-02 1.257088e-01 7.639421e-04 1.036718e-01 9.270670e-02 2.817936e-01 5.9680381746e+04 2.1174804877e+05 2.1217053478e+05
1118.5590 8.545535e-02 1.197352e-01 7.358309e-04 9.841308e-02 9.116747e-02 2.884593e-01 5.9773661068e+04 2.1178448938e+05 2.1204454825e+05
1119.5595 8.363223e-02 1.154164e-01 7.308776e-04 9.507392e-02 8.971388e-02 2.915104e-01 5.9837895826e+04 2.1179956985e+05 2.1196843505e+05
1120.5600 8.211110e-02 1.138550e-01 7.501434e-04 9.551677e-02 9.123557e-02 2.895000e-01 5.9873262800e+04 2.1178596131e+05 2.1194797296e+05
1121.5605 8.382001e-02 1.138388e-01 7.781111e-04 9.788450e-02 9.237990e-02 2.815825e-01 5.9880609045e+04 2.1174178956e+05 2.1198589164e+05
1122.5610 8.687277e-02 1.165885e-01 7.146551e-04 1.026026e-01 9.505811e-02 2.722787e-01 5.9862855088e+04 2.1166953358e+05 2.1207438136e+05
1123.5615 9.188364e-02 1.242424e-01 8.204890e-04 1.090085e-01 9.814056e-02 2.604190e-01 5.9825113122e+04 2.1157649655e+05 2.1220097871e+05
1124.5620 9.879895e-02 1.359334e-01 7.226553e-04 1.157430e-01 1.005541e-01 2.473443e-01 5.9776837420e+04 2.1147034760e+05 2.1234951114e+05
1125.5625 1.036317e-01 1.474514e-01 7.638724e-04 1.227071e-01 1.034065e-01 2.355729e-01 5.9730783643e+04 2.1136042707e+05 2.1249968988e+05
1126.5630 1.075838e-01 1.567969e-01 8.107970e-04 1.285586e-01 1.049867e-01 2.255345e-01 5.9696118067e+04 2.1125875211e+05 2.1263166576e+05
1127.5635 1.103308e-01 1.655706e-01 7.015816e-04 1.340069e-01 1.068328e-01 2.194329e-01 5.9678172193e+04 2.1117844601e+05 2.1272479464e+05
1128.5640 1.121518e-01 1.723666e-01 8.359282e-04 1.367276e-01 1.070738e-01 2.158564e-01 5.9681434068e+04 2.1113069758e+05 2.1276601215e+05
1129.5645 1.141006e-01 1.753983e-01 7.434155e-04 1.374104e-01 1.067583e-01 2.155023e-01 5.9708375319e+04 2.1111954129e+05 2.1274824815e+05
1130.5650 1.142748e-01 1.736656e-01 7.521617e-04 1.367718e-01 1.061529e-01 2.198669e-01 5.9760836048e+04 2.1114105734e+05 2.1267366491e+05
1131.5655 1.104060e-01 1.674099e-01 8.180045e-04 1.341006e-01 1.050118e-01 2.258954e-01 5.9838324231e+04 2.1118788999e+05 2.1255250767e+05
1132.5660 1.063464e-01 1.577933e-01 6.833341e-04 1.301758e-01 1.036455e-01 2.333637e-01 5.9933095830e+04 2.1125107413e+05 2.1239923482e+05
1133.5665 1.022131e-01 1.489126e-01 7.737812e-04 1.247830e-01 1.016644e-01 2.423700e-01 6.0035296224e+04 2.1132049578e+05 2.1223216914e+05
1134.5670 9.817446e-02 1.424753e-01 7.337676e-04 1.196042e-01 1.007653e-01 2.516537e-01 6.0137444540e+04 2.1138342388e+05 2.1207009990e+05
1135.5675 9.435733e-02 1.370363e-01 7.074113e-04 1.143723e-01 9.901680e-02 2.584738e-01 6.0234905420e+04 2.1142668452e+05 2.1193315165e+05
1136.5680 9.090430e-02 1.319622e-01 7.069167e-04 1.108742e-01 9.900444e-02 2.641845e-01 6.0322164894e+04 2.1144091756e+05 2.1183425415e+05
1137.5685 8.840929e-02 1.265005e-01 7.094804e-04 1.074028e-01 9.810635e-02 2.670526e-01 6.0393229356e+04 2.1142529795e+05 2.1178259508e+05
1138.5690 8.601822e-02 1.224421e-01 7.170998e-04 1.058283e-01 9.790695e-02 2.682155e-01 6.0441845413e+04 2.1138562737e+05 2.1177655441e+05
1139.5695 8.850004e-02 1.212059e-01 7.681354e-04 1.060937e-01 9.842570e-02 2.664639e-01 6.0464849320e+04 2.1132873555e+05 2.1181032385e+05
1140.5700 9.276902e-02 1.227403e-01 7.219473e-04 1.068899e-01 9.807787e-02 2.620744e-01 6.0468101605e+04 2.1125961215e+05 2.1187544990e+05
1141.5705 9.418412e-02 1.260887e-01 7.167812e-04 1.092443e-01 9.866052e-02 2.587179e-01 6.0459614914e+04 2.1118349301e+05 2.1195835344e+05
1142.5710 9.621543e-02 1.314500e-01 8.062675e-04 1.120326e-01 9.835412e-02 2.529479e-01 6.0444974703e+04 2.1110889497e+05 2.1204590960e+05
1143.5715 1.007990e-01 1.382501e-01 7.337815e-04 1.152792e-01 9.842887e-02 2.478241e-01 6.0426993556e+04 2.1104525672e+05 2.1212367426e+05
1144.5720 1.038717e-01 1.477170e-01 8.520023e-04 1.176495e-01 9.770476e-02 2.438088e-01 6.0412076021e+04 2.1099792356e+05 2.1218175133e+05
1145.5725 1.057876e-01 1.576964e-01 7.828217e-04 1.199160e-01 9.701669e-02 2.403671e-01 6.0406351327e+04 2.1096797561e+05 2.1221339019e+05
1146.5730 1.087408e-01 1.641725e-01 7.885527e-04 1.225751e-01 9.733254e-02 2.388453e-01 6.0413358087e+04 2.1095373613e+05 2.1221614208e+05
1147.5735 1.090082e-01 1.636721e-01 8.592691e-04 1.234874e-01 9.685869e-02 2.366657e-01 6.0437307401e+04 2.1095388986e+05 2.1219271504e+05
1148.5740 1.057494e-01 1.594616e-01 7.571999e-04 1.242269e-01 9.738619e-02 2.361646e-01 6.0475585573e+04 2.1096625146e+05 2.1214498298e+05
1149.5745 1.056256e-01 1.563266e-01 8.222919e-04 1.245952e-01 9.816730e-02 2.371967e-01 6.0522728415e+04 2.1098560533e+05 2.1207889987e+05
1150.5750 1.057129e-01 1.538425e-01 7.413959e-04 1.245143e-01 9.953450e-02 2.365839e-01 6.0579859955e+04 2.1100558698e+05 2.1200249241e+05
1151.5755 1.038709e-01 1.509527e-01 7.218002e-04 1.237469e-01 1.006626e-01 2.376739e-01 6.0646717764e+04 2.1101741871e+05 2.1192513307e+05
1152.5760 1.013625e-01 1.481057e-01 7.328383e-04 1.226768e-01 1.023252e-01 2.387518e-01 6.0718382495e+04 2.1101860945e+05 2.1185374597e+05
1153.5765 9.901998e-02 1.454061e-01 7.086880e-04 1.217355e-01 1.037398e-01 2.393343e-01 6.0788239539e+04 2.1101089128e+05 2.1179320986e+05
1154.5770 9.723740e-02 1.425515e-01 6.696445e-04 1.205238e-01 1.045459e-01 2.396532e-01 6.0850692097e+04 2.1099750176e+05 2.1174615478e+05
1155.5775 9.698866e-02 1.403488e-01 6.569545e-04 1.195701e-01 1.059043e-01 2.407504e-01 6.0902417986e+04 2.1097948787e+05 2.1171278607e+05
1156.5780 9.666530e-02 1.366313e-01 6.725264e-04 1.176680e-01 1.048270e-01 2.410125e-01 6.0945543568e+04 2.1095742220e+05 2.1169445963e+05
1157.5785 9.591068e-02 1.319476e-01 6.779398e-04 1.172373e-01 1.051849e-01 2.427251e-01 6.0980169872e+04 2.1093204043e+05 2.1168679200e+05
1158.5790 9.659609e-02 1.294853e-01 7.610343e-04 1.162357e-01 1.036033e-01 2.427333e-01 6.1005604805e+04 2.1090627249e+05 2.1168881836e+05
1159.5795 9.955430e-02 1.303676e-01 6.590176e-04 1.152466e-01 1.016350e-01 2.434332e-01 6.1021284207e+04 2.1088219212e+05 2.1169660415e+05
1160.5800 1.021359e-01 1.359509e-01 7.620232e-04 1.145395e-01 9.951319e-02 2.463391e-01 6.1031088733e+04 2.1085730962e+05 2.1170834037e+05
1161.5805 1.035532e-01 1.432914e-01 7.859941e-04 1.134400e-01 9.650924e-02 2.472201e-01 6.1041625533e+04 2.1082905232e+05 2.1172379429e+05
1162.5810 1.052184e-01 1.478662e-01 7.552150e-04 1.126742e-01 9.415766e-02 2.499918e-01 6.1055961086e+04 2.1079574863e+05 2.1174033391e+05
1163.5815 1.041116e-01 1.495845e-01 8.643343e-04 1.114295e-01 9.145854e-02 2.517619e-01 6.1076707644e+04 2.1076122136e+05 2.1175469521e+05
1164.5820 1.028296e-01 1.496752e-01 7.932379e-04 1.110133e-01 8.978510e-02 2.537260e-01 6.1101955441e+04 2.1073059396e+05 2.1176066919e+05
1165.5825 1.050584e-01 1.496122e-01 8.570856e-04 1.109272e-01 8.912298e-02 2.546350e-01 6.1130465053e+04 2.1070777029e+05 2.1175399618e+05
1166.5830 1.058696e-01 1.495357e-01 8.321238e-04 1.106302e-01 8.888514e-02 2.531382e-01 6.1165831614e+04 2.1069385440e+05 2.1173296592e+05
1167.5835 1.026998e-01 1.472447e-01 7.740041e-04 1.113739e-01 9.007427e-02 2.522390e-01 6.1207817220e+04 2.1068994042e+05 2.1169683055e+05
1168.5840 1.025886e-01 1.453003e-01 7.946489e-04 1.129055e-01 9.234262e-02 2.479957e-01 6.1251122563e+04 2.1069589469e+05 2.1164856233e+05
1169.5845 1.026364e-01 1.451368e-01 7.420460e-04 1.152244e-01 9.536675e-02 2.431711e-01 6.1292442037e+04 2.1070939005e+05 2.1159352454e+05
1170.5850 1.000335e-01 1.468317e-01 7.096109e-04 1.174051e-01 9.839315e-02 2.390672e-01 6.1331243503e+04 2.1072445020e+05 2.1153971103e+05
1171.5855 1.012681e-01 1.488366e-01 6.812099e-04 1.195579e-01 1.017199e-01 2.331958e-01 6.1366237033e+04 2.1073285621e+05 2.1149515887e+05
1172.5860 1.023285e-01 1.486351e-01 6.889524e-04 1.219577e-01 1.044237e-01 2.279578e-01 6.1400446982e+04 2.1072677761e+05 2.1146668199e+05
1173.5865 9.989731e-02 1.464645e-01 6.366969e-04 1.243644e-01 1.072824e-01 2.234557e-01 6.1434336802e+04 2.1070438483e+05 2.1145681798e+05
1174.5870 1.013543e-01 1.443714e-01 6.850517e-04 1.255731e-01 1.084588e-01 2.203637e-01 6.1461933176e+04 2.1066891770e+05 2.1146519492e+05
1175.5875 1.042263e-01 1.423585e-01 6.209533e-04 1.257085e-01 1.083996e-01 2.189905e-01 6.1484460554e+04 2.1062513166e+05 2.1148669482e+05
1176.5880 1.033224e-01 1.423829e-01 6.980387e-04 1.259452e-01 1.081561e-01 2.206282e-01 6.1506101756e+04 2.1057625463e+05 2.1151363201e+05
1177.5885 1.043897e-01 1.433288e-01 6.979808e-04 1.244117e-01 1.055774e-01 2.218110e-01 6.1529714713e+04 2.1052714700e+05 2.1153958437e+05
1178.5890 1.046223e-01 1.451255e-01 6.575949e-04 1.223319e-01 1.031484e-01 2.270338e-01 6.1558340636e+04 2.1048221521e+05 2.1155472972e+05
1179.5895 1.031400e-01 1.476550e-01 7.921278e-04 1.192431e-01 9.932094e-02 2.329881e-01 6.1592175290e+04 2.1045020657e+05 2.1155283602e+05
1180.5900 1.047955e-01 1.508493e-01 7.376644e-04 1.153810e-01 9.524547e-02 2.398659e-01 6.1628888693e+04 2.1043497466e+05 2.1152979297e+05
1181.5905 1.046891e-01 1.511372e-01 8.142674e-04 1.111495e-01 9.142082e-02 2.478200e-01 6.1671353912e+04 2.1043626621e+05 2.1148593797e+05
1182.5910 1.035211e-01 1.479138e-01 7.971066e-04 1.070077e-01 8.770369e-02 2.532688e-01 6.1719902157e+04 2.1045079386e+05 2.1142568128e+05
1183.5915 1.031613e-01 1.427124e-01 7.884492e-04 1.041451e-01 8.562479e-02 2.599421e-01 6.1770671236e+04 2.1047258266e+05 2.1135458327e+05
1184.5920 9.965404e-02 1.384243e-01 8.583452e-04 1.017067e-01 8.426613e-02 2.623996e-01 6.1822053698e+04 2.1049839558e+05 2.1128109286e+05
1185.5925 9.706012e-02 1.368767e-01 7.739431e-04 1.003025e-01 8.384010e-02 2.630802e-01 6.1868359819e+04 2.1052161345e+05 2.1121374461e+05
1186.5930 9.936398e-02 1.388026e-01 7.950910e-04 1.007536e-01 8.503685e-02 2.623511e-01 6.1907260118e+04 2.1053346806e+05 2.1116080601e+05
1187.5935 9.851384e-02 1.421941e-01 7.635786e-04 1.025369e-01 8.737113e-02 2.560974e-01 6.1944317561e+04 2.1052707995e+05 2.1113001309e+05
1188.5940 9.596918e-02 1.437887e-01 7.573569e-04 1.057709e-01 9.045994e-02 2.506967e-01 6.1976750214e+04 2.1050030751e+05 2.1112446381e+05
1189.5945 9.854987e-02 1.436044e-01 7.119965e-04 1.097616e-01 9.425454e-02 2.425470e-01 6.1999515902e+04 2.1045872732e+05 2.1114237528e+05
1190.5950 9.884504e-02 1.435880e-01 7.148911e-04 1.144005e-01 9.815054e-02 2.326099e-01 6.2013403803e+04 2.1040971690e+05 2.1117798287e+05
1191.5955 9.927289e-02 1.441091e-01 6.668850e-04 1.196037e-01 1.019126e-01 2.235947e-01 6.2019024724e+04 2.1035857210e+05 2.1122325651e+05
1192.5960 1.037828e-01 1.446968e-01 6.593871e-04 1.245048e-01 1.055653e-01 2.154410e-01 6.2020068939e+04 2.1030867665e+05 2.1126987931e+05
1193.5965 1.044810e-01 1.460556e-01 6.608173e-04 1.284418e-01 1.078349e-01 2.082660e-01 6.2024660133e+04 2.1026353974e+05 2.1131000482e+05
1194.5970 1.046632e-01 1.481020e-01 6.386543e-04 1.312713e-01 1.091314e-01 2.042908e-01 6.2034021800e+04 2.1022711849e+05 2.1133612957e+05
1195.5975 1.095849e-01 1.535420e-01 6.979922e-04 1.328957e-01 1.095516e-01 2.030908e-01 6.2046470010e+04 2.1020232338e+05 2.1134391620e+05
1196.5980 1.127838e-01 1.610998e-01 6.637244e-04 1.320306e-01 1.077640e-01 2.039142e-01 6.2067669409e+04 2.1018731019e+05 2.1133410418e+05
1197.5985 1.119856e-01 1.641892e-01 6.903522e-04 1.294618e-01 1.053241e-01 2.100528e-01 6.2101413406e+04 2.1017808727e+05 2.1130823606e+05
1198.5990 1.122168e-01 1.602429e-01 7.600037e-04 1.250942e-01 1.015313e-01 2.169814e-01 6.2147837059e+04 2.1017253610e+05 2.1126929076e+05
1199.5995 1.100260e-01 1.523925e-01 7.635248e-04 1.195293e-01 9.741321e-02 2.275852e-01 6.2206326169e+04 2.1016902861e+05 2.1121797798e+05
1200.6000 1.049580e-01 1.445560e-01 8.023211e-04 1.129856e-01 9.283179e-02 2.381340e-01 6.2273620084e+04 2.1017025617e+05 2.1115485810e+05
1201.6005 1.039041e-01 1.396017e-01 7.696392e-04 1.064595e-01 8.832363e-02 2.480584e-01 6.2342913870e+04 2.1017729685e+05 2.1108142995e+05
1202.6010 1.034264e-01 1.389745e-01 8.239598e-04 1.005477e-01 8.463794e-02 2.590394e-01 6.2413062200e+04 2.1018653375e+05 2.1100191413e+05
1203.6015 9.883543e-02 1.391674e-01 8.092757e-04 9.535115e-02 8.157288e-02 2.646978e-01 6.2484799232e+04 2.1019641767e+05 2.1092309406e+05
1204.6020 9.716290e-02 1.382406e-01 7.844900e-04 9.227011e-02 7.992269e-02 2.698851e-01 6.2548780306e+04 2.1020533036e+05 2.1085108623e+05
1205.6025 9.657326e-02 1.375885e-01 8.260527e-04 9.148298e-02 7.996098e-02 2.704842e-01 6.2599851104e+04 2.1021383918e+05 2.1079192781e+05
1206.6030 9.213988e-02 1.358233e-01 7.569005e-04 9.226280e-02 8.092959e-02 2.665558e-01 6.2636644644e+04 2.1022047731e+05 2.1075199154e+05
1207.6035 9.258872e-02 1.345287e-01 7.803339e-04 9.538270e-02 8.333277e-02 2.619648e-01 6.2655506638e+04 2.1021829540e+05 2.1073536242e+05
1208.6040 9.621091e-02 1.331092e-01 7.058819e-04 1.001562e-01 8.684358e-02 2.516729e-01 6.2662393605e+04 2.1020162166e+05 2.1074500301e+05
1209.6045 9.419711e-02 1.338473e-01 7.219949e-04 1.066628e-01 9.124897e-02 2.393867e-01 6.2661909964e+04 2.1016877979e+05 2.1077942913e+05
1210.6050 9.678953e-02 1.361711e-01 7.235889e-04 1.143594e-01 9.621092e-02 2.269502e-01 6.2650293904e+04 2.1012369937e+05 2.1083416090e+05
1211.6055 1.030345e-01 1.436041e-01 6.933585e-04 1.217861e-01 1.010308e-01 2.139637e-01 6.2629743467e+04 2.1006975603e+05 2.1090344560e+05
1212.6060 1.058584e-01 1.550629e-01 6.677767e-04 1.286197e-01 1.049441e-01 2.020242e-01 6.2608836430e+04 2.1000859148e+05 2.1098027250e+05
1213.6065 1.100695e-01 1.643629e-01 6.693681e-04 1.343395e-01 1.086022e-01 1.943119e-01 6.2594295806e+04 2.0994112558e+05 2.1105618750e+05
1214.6070 1.125969e-01 1.690973e-01 6.949524e-04 1.380973e-01 1.105912e-01 1.878302e-01 6.2594527108e+04 2.0987294412e+05 2.1112143898e+05
1215.6075 1.118321e-01 1.684986e-01 6.438591e-04 1.390340e-01 1.108031e-01 1.872839e-01 6.2612906324e+04 2.0981225353e+05 2.1116418155e+05
1216.6080 1.126651e-01 1.654919e-01 7.057566e-04 1.370382e-01 1.095630e-01 1.921046e-01 6.2647545410e+04 2.0976895338e+05 2.1117305942e+05
1217.6085 1.141120e-01 1.612340e-01 6.971008e-04 1.322409e-01 1.060593e-01 1.988069e-01 6.2699960226e+04 2.0974982501e+05 2.1114153842e+05
1218.6090 1.123734e-01 1.562265e-01 7.486497e-04 1.255887e-01 1.018988e-01 2.121407e-01 6.2770809934e+04 2.0975435233e+05 2.1106778168e+05
1219.6095 1.077289e-01 1.498657e-01 7.498841e-04 1.175306e-01 9.668113e-02 2.252222e-01 6.2857744841e+04 2.0978307139e+05 2.1095665301e+05
1220.6100 1.027931e-01 1.457747e-01 7.393220e-04 1.088743e-01 9.100233e-02 2.406917e-01 6.2951310280e+04 2.0983169869e+05 2.1081758359e+05
1221.6105 9.847853e-02 1.433021e-01 8.050976e-04 1.002111e-01 8.548127e-02 2.558098e-01 6.3043524715e+04 2.0989458722e+05 2.1066484550e+05
1222.6110 9.497517e-02 1.417124e-01 8.105610e-04 9.230389e-02 8.032438e-02 2.666746e-01 6.3129175776e+04 2.0995965776e+05 2.1051699636e+05
1223.6115 9.162231e-02 1.380776e-01 8.055314e-04 8.670345e-02 7.666640e-02 2.775929e-01 6.3204436297e+04 2.1001101795e+05 2.1039258620e+05
1224.6120 8.958586e-02 1.304935e-01 8.273662e-04 8.357470e-02 7.444608e-02 2.809954e-01 6.3267461345e+04 2.1003759887e+05 2.1030758011e+05
1225.6125 8.675813e-02 1.216497e-01 7.996513e-04 8.314620e-02 7.408521e-02 2.805600e-01 6.3312785578e+04 2.1003477754e+05 2.1027030896e+05
1226.6130 8.598613e-02 1.171608e-01 8.026741e-04 8.599970e-02 7.585826e-02 2.759174e-01 6.3333577065e+04 2.1000534925e+05 2.1028118936e+05
1227.6135 8.858499e-02 1.201300e-01 7.622874e-04 9.128190e-02 7.901373e-02 2.644264e-01 6.3329053099e+04 2.0995402278e+05 2.1033601158e+05
1228.6140 9.133125e-02 1.285074e-01 7.760537e-04 9.960443e-02 8.422902e-02 2.503287e-01 6.3304941909e+04 2.0988479143e+05 2.1042511298e+05
1229.6145 9.550885e-02 1.394570e-01 7.472951e-04 1.094060e-01 9.062412e-02 2.343484e-01 6.3270334597e+04 2.0980083095e+05 2.1053750377e+05
1230.6150 9.961976e-02 1.514398e-01 7.171985e-04 1.194633e-01 9.710971e-02 2.157061e-01 6.3232317525e+04 2.0971176250e+05 2.1065900987e+05
1231.6155 1.050111e-01 1.617016e-01 6.709570e-04 1.295681e-01 1.037739e-01 1.991912e-01 6.3194651185e+04 2.0962815073e+05 2.1077388959e+05
1232.6160 1.118867e-01 1.697439e-01 6.609765e-04 1.378269e-01 1.094211e-01 1.857356e-01 6.3163492333e+04 2.0955769685e+05 2.1086923582e+05
1233.6165 1.165661e-01 1.744809e-01 6.644206e-04 1.434707e-01 1.132383e-01 1.749203e-01 6.3148822483e+04 2.0950363105e+05 2.1093479153e+05
1234.6170 1.193632e-01 1.726357e-01 6.201869e-04 1.460106e-01 1.154121e-01 1.721330e-01 6.3157369172e+04 2.0946582782e+05 2.1096295296e+05
1235.6175 1.187426e-01 1.685145e-01 6.658193e-04 1.450871e-01 1.149882e-01 1.738789e-01 6.3193492506e+04 2.0944532941e+05 2.1094897705e+05
1236.6180 1.156774e-01 1.636893e-01 6.650770e-04 1.408250e-01 1.125314e-01 1.814268e-01 6.3255676256e+04 2.0944451290e+05 2.1089051633e+05
1237.6185 1.135609e-01 1.614471e-01 7.084740e-04 1.332967e-01 1.077137e-01 1.963946e-01 6.3337471152e+04 2.0946342586e+05 2.1079044016e+05
1238.6190 1.102487e-01 1.619040e-01 6.843760e-04 1.232976e-01 1.008719e-01 2.128037e-01 6.3436761438e+04 2.0949852489e+05 2.1065732948e+05
1239.6195 1.057089e-01 1.588381e-01 7.221790e-04 1.119878e-01 9.343373e-02 2.333861e-01 6.3548129624e+04 2.0954319178e+05 2.1050363943e+05
1240.6200 1.006871e-01 1.484206e-01 7.759923e-04 1.003205e-01 8.522063e-02 2.526041e-01 6.3663493995e+04 2.0959367647e+05 2.1034420335e+05
1241.6205 9.326015e-02 1.336244e-01 7.857002e-04 9.003799e-02 7.808359e-02 2.697081e-01 6.3772116866e+04 2.0964632788e+05 2.1019201986e+05
1242.6210 8.709510e-02 1.210111e-01 8.099251e-04 8.191161e-02 7.218247e-02 2.843569e-01 6.3861768162e+04 2.0969615240e+05 2.1005984825e+05
1243.6215 8.532079e-02 1.124732e-01 8.142649e-04 7.672393e-02 6.803354e-02 2.910424e-01 6.3927173615e+04 2.0973608960e+05 2.0995973752e+05
1244.6220 8.416358e-02 1.097933e-01 8.324275e-04 7.546015e-02 6.681598e-02 2.927883e-01 6.3967590378e+04 2.0975557406e+05 2.0990173662e+05
1245.6225 8.293876e-02 1.113763e-01 8.420846e-04 7.791201e-02 6.786191e-02 2.878647e-01 6.3984513843e+04 2.0974708174e+05 2.0989372030e+05
1246.6230 8.424637e-02 1.185588e-01 7.836808e-04 8.402816e-02 7.158768e-02 2.749344e-01 6.3976290290e+04 2.0970962310e+05 2.0993726666e+05
1247.6235 8.844393e-02 1.309540e-01 7.785365e-04 9.401728e-02 7.790127e-02 2.581121e-01 6.3942687023e+04 2.0964599178e+05 2.1002804223e+05
1248.6240 9.546148e-02 1.437902e-01 7.581880e-04 1.053690e-01 8.560613e-02 2.380366e-01 6.3889888570e+04 2.0956105122e+05 2.1015824426e+05
1249.6245 1.022195e-01 1.559503e-01 7.150117e-04 1.175098e-01 9.398697e-02 2.147665e-01 6.3829895626e+04 2.0945868809e+05 2.1031411061e+05
1250.6250 1.077693e-01 1.620984e-01 6.879000e-04 1.297134e-01 1.026275e-01 1.939578e-01 6.3775766521e+04 2.0934509263e+05 2.1047715145e+05
1251.6255 1.124080e-01 1.653275e-01 6.631418e-04 1.400544e-01 1.102546e-01 1.759551e-01 6.3736630255e+04 2.0923242548e+05 2.1062580352e+05
1252.6260 1.170335e-01 1.678879e-01 6.597979e-04 1.473328e-01 1.157428e-01 1.627496e-01 6.3718613080e+04 2.0913582026e+05 2.1073774892e+05
1253.6265 1.204561e-01 1.728091e-01 6.025007e-04 1.506112e-01 1.185290e-01 1.578684e-01 6.3725953249e+04 2.0906759602e+05 2.1079479603e+05
1254.6270 1.207820e-01 1.780849e-01 6.283508e-04 1.499410e-01 1.185661e-01 1.589845e-01 6.3763759322e+04 2.0903604562e+05 2.1078612651e+05
1255.6275 1.190695e-01 1.789533e-01 6.253147e-04 1.453579e-01 1.156895e-01 1.683521e-01 6.3832800350e+04 2.0904253042e+05 2.1071008331e+05
1256.6280 1.146164e-01 1.733493e-01 6.365684e-04 1.367238e-01 1.098964e-01 1.845921e-01 6.3928760689e+04 2.0908692377e+05 2.1057306801e+05
1257.6285 1.071092e-01 1.631260e-01 6.590876e-04 1.255721e-01 1.020380e-01 2.046509e-01 6.4043979901e+04 2.0916348729e+05 2.1038795109e+05
1258.6290 1.000566e-01 1.500907e-01 6.988931e-04 1.125793e-01 9.293475e-02 2.284631e-01 6.4167079115e+04 2.0926137519e+05 2.1017435860e+05
1259.6295 9.667834e-02 1.354926e-01 7.625451e-04 9.899407e-02 8.288200e-02 2.516370e-01 6.4288973152e+04 2.0936420672e+05 2.0995698829e+05
1260.6300 9.001667e-02 1.219851e-01 7.781480e-04 8.711432e-02 7.427038e-02 2.721136e-01 6.4403909517e+04 2.0945429542e+05 2.0976017479e+05
1261.6305 8.351638e-02 1.113190e-01 8.019118e-04 7.790079e-02 6.692722e-02 2.877848e-01 6.4501445681e+04 2.0951746603e+05 2.0960673639e+05
1262.6310 8.025299e-02 1.063993e-01 8.252465e-04 7.248013e-02 6.240972e-02 2.960933e-01 6.4570918334e+04 2.0954613647e+05 2.0951248480e+05
1263.6315 7.864497e-02 1.088383e-01 8.641951e-04 7.108433e-02 6.078543e-02 2.978594e-01 6.4606485991e+04 2.0953682439e+05 2.0948647664e+05
1264.6320 8.018979e-02 1.173011e-01 8.327794e-04 7.376117e-02 6.208009e-02 2.910194e-01 6.4608921300e+04 2.0948765340e+05 2.0953027359e+05
1265.6325 8.201778e-02 1.259228e-01 8.173023e-04 8.087627e-02 6.676362e-02 2.764416e-01 6.4584788323e+04 2.0940281039e+05 2.0963624052e+05
1266.6330 8.806825e-02 1.315076e-01 8.166877e-04 9.145833e-02 7.420442e-02 2.575203e-01 6.4539838242e+04 2.0929059467e+05 2.0978909912e+05
1267.6335 9.508065e-02 1.372159e-01 7.608014e-04 1.034516e-01 8.290075e-02 2.339020e-01 6.4481638599e+04 2.0916650083e+05 2.0996743783e+05
1268.6340 1.007646e-01 1.467337e-01 7.007467e-04 1.166361e-01 9.261426e-02 2.089893e-01 6.4417833552e+04 2.0904663923e+05 2.1014589311e+05
1269.6345 1.088215e-01 1.586924e-01 6.729169e-04 1.292610e-01 1.021211e-01 1.865211e-01 6.4357534851e+04 2.0894270113e+05 2.1030224317e+05
1270.6350 1.162646e-01 1.698208e-01 6.394439e-04 1.398162e-01 1.100980e-01 1.671969e-01 6.4313985423e+04 2.0886251224e+05 2.1041879070e+05
1271.6355 1.188169e-01 1.769922e-01 6.247416e-04 1.474712e-01 1.162002e-01 1.545355e-01 6.4299082182e+04 2.0880918774e+05 2.1048270762e+05
1272.6360 1.185990e-01 1.815273e-01 6.079261e-04 1.505640e-01 1.189732e-01 1.494826e-01 6.4315949192e+04 2.0878529428e+05 2.1048763081e+05
1273.6365 1.182027e-01 1.813881e-01 6.057413e-04 1.494892e-01 1.183575e-01 1.520886e-01 6.4364085016e+04 2.0879235557e+05 2.1043235543e+05
1274.6370 1.161151e-01 1.771239e-01 5.981101e-04 1.439601e-01 1.149113e-01 1.627346e-01 6.4441481585e+04 2.0882643649e+05 2.1032266854e+05
1275.6375 1.115922e-01 1.671840e-01 6.399382e-04 1.342956e-01 1.077404e-01 1.802397e-01 6.4544241034e+04 2.0888104477e+05 2.1017089413e+05
1276.6380 1.060649e-01 1.527888e-01 6.407621e-04 1.228360e-01 9.949437e-02 2.016002e-01 6.4665236873e+04 2.0894751554e+05 2.0999072277e+05
1277.6385 9.722909e-02 1.369774e-01 7.106036e-04 1.094260e-01 8.939689e-02 2.260879e-01 6.4793526037e+04 2.0902002902e+05 2.0979946658e+05
1278.6390 8.829607e-02 1.237283e-01 7.639094e-04 9.643360e-02 7.937281e-02 2.494470e-01 6.4915618669e+04 2.0909302783e+05 2.0961323060e+05
1279.6395 8.407308e-02 1.161903e-01 7.715443e-04 8.489238e-02 7.047743e-02 2.687824e-01 6.5020216757e+04 2.0915720331e+05 2.0944957827e+05
1280.6400 8.022554e-02 1.137186e-01 7.952070e-04 7.615489e-02 6.321981e-02 2.835530e-01 6.5103121179e+04 2.0920150395e+05 2.0932538918e+05
1281.6405 7.675314e-02 1.142532e-01 8.433025e-04 7.147161e-02 5.927977e-02 2.913236e-01 6.5160398109e+04 2.0921770011e+05 2.0925345072e+05
1282.6410 7.655907e-02 1.144030e-01 8.387063e-04 7.036606e-02 5.794040e-02 2.907492e-01 6.5187163041e+04 2.0920378816e+05 2.0924180342e+05
1283.6415 7.860008e-02 1.155890e-01 8.168721e-04 7.357407e-02 5.990585e-02 2.818919e-01 6.5181358996e+04 2.0916160284e+05 2.0929003676e+05
1284.6420 8.291952e-02 1.203765e-01 8.029282e-04 8.129335e-02 6.555390e-02 2.670163e-01 6.5145824603e+04 2.0909299099e+05 2.0939111383e+05
1285.6425 8.888939e-02 1.278882e-01 7.746942e-04 9.137537e-02 7.286603e-02 2.469770e-01 6.5090564300e+04 2.0900103895e+05 2.0953402224e+05
1286.6430 9.508737e-02 1.384085e-01 7.535192e-04 1.029713e-01 8.179102e-02 2.235282e-01 6.5027834345e+04 2.0889110159e+05 2.0970113928e+05
1287.6435 1.019404e-01 1.509198e-01 7.172313e-04 1.157382e-01 9.143227e-02 2.001965e-01 6.4968150042e+04 2.0877334700e+05 2.0987115141e+05
1288.6440 1.078406e-01 1.649713e-01 6.593794e-04 1.273458e-01 1.002981e-01 1.788502e-01 6.4920253292e+04 2.0866199673e+05 2.1002275540e+05
1289.6445 1.131976e-01 1.770969e-01 6.505549e-04 1.367448e-01 1.075886e-01 1.619785e-01 6.4890846817e+04 2.0857089238e+05 2.1013626280e+05
1290.6450 1.176602e-01 1.837876e-01 5.901065e-04 1.429850e-01 1.129174e-01 1.517876e-01 6.4886297619e+04 2.0850981083e+05 2.1019685211e+05
1291.6455 1.176982e-01 1.818958e-01 5.855949e-04 1.446889e-01 1.142436e-01 1.487572e-01 6.4912724157e+04 2.0848448372e+05 2.1019653700e+05
1292.6460 1.148626e-01 1.720297e-01 6.023948e-04 1.434374e-01 1.137970e-01 1.531323e-01 6.4970517282e+04 2.0849654387e+05 2.1013077969e+05
1293.6465 1.109758e-01 1.606282e-01 5.888469e-04 1.375746e-01 1.094972e-01 1.638906e-01 6.5054520839e+04 2.0854394110e+05 2.1000524910e+05
1294.6470 1.054886e-01 1.500651e-01 6.239676e-04 1.286671e-01 1.027520e-01 1.814220e-01 6.5158093573e+04 2.0862003492e+05 2.0983129139e+05
1295.6475 1.004844e-01 1.434190e-01 6.597694e-04 1.180125e-01 9.481894e-02 2.021865e-01 6.5273459069e+04 2.0871147978e+05 2.0962831129e+05
1296.6480 9.546406e-02 1.374525e-01 7.034304e-04 1.054240e-01 8.473618e-02 2.246995e-01 6.5392033535e+04 2.0880344133e+05 2.0942219219e+05
1297.6485 8.845078e-02 1.307627e-01 7.211242e-04 9.443018e-02 7.632891e-02 2.451158e-01 6.5504490415e+04 2.0888277486e+05 2.0923555015e+05
1298.6490 8.125507e-02 1.230847e-01 7.720617e-04 8.435199e-02 6.820932e-02 2.618087e-01 6.5598714015e+04 2.0893976348e+05 2.0909093559e+05
1299.6495 7.820769e-02 1.164511e-01 7.613640e-04 7.723409e-02 6.247995e-02 2.740958e-01 6.5664355905e+04 2.0896694777e+05 2.0900222496e+05
1300.6500 7.734695e-02 1.116656e-01 8.373268e-04 7.346864e-02 5.945724e-02 2.793698e-01 6.5700129050e+04 2.0895909006e+05 2.0897710357e+05
1301.6505 7.779493e-02 1.090370e-01 8.134353e-04 7.302411e-02 5.885159e-02 2.769111e-01 6.5709491290e+04 2.0891352701e+05 2.0901566407e+05
1302.6510 8.130568e-02 1.119972e-01 7.966032e-04 7.664427e-02 6.165262e-02 2.679792e-01 6.5695375546e+04 2.0883304138e+05 2.0910865839e+05
1303.6515 8.697955e-02 1.210575e-01 8.152873e-04 8.384085e-02 6.687400e-02 2.538037e-01 6.5661634697e+04 2.0872941391e+05 2.0924084833e+05
1304.6520 9.245061e-02 1.351775e-01 7.544136e-04 9.269838e-02 7.364225e-02 2.351592e-01 6.5614041026e+04 2.0861770301e+05 2.0939343427e+05
1305.6525 9.826385e-02 1.517310e-01 7.601361e-04 1.027632e-01 8.126071e-02 2.148202e-01 6.5559811208e+04 2.0851128731e+05 2.0954614636e+05
1306.6530 1.046230e-01 1.651998e-01 6.949998e-04 1.138800e-01 8.966539e-02 1.950479e-01 6.5510123888e+04 2.0841948980e+05 2.0967975817e+05
1307.6535 1.082302e-01 1.713730e-01 6.720386e-04 1.233998e-01 9.682346e-02 1.778336e-01 6.5476465629e+04 2.0834985242e+05 2.0977934640e+05
1308.6540 1.103163e-01 1.711104e-01 6.441972e-04 1.312458e-01 1.028963e-01 1.649460e-01 6.5464639300e+04 2.0830799525e+05 2.0983186609e+05
1309.6545 1.119427e-01 1.676618e-01 6.033771e-04 1.357467e-01 1.065073e-01 1.568524e-01 6.5476917582e+04 2.0829700018e+05 2.0983144222e+05
1310.6550 1.133620e-01 1.647165e-01 6.050501e-04 1.369058e-01 1.074079e-01 1.553121e-01 6.5513301949e+04 2.0831381455e+05 2.0977872383e+05
1311.6555 1.134186e-01 1.625593e-01 6.125027e-04 1.358666e-01 1.066993e-01 1.600820e-01 6.5573516334e+04 2.0835121725e+05 2.0968069601e+05
1312.6560 1.094098e-01 1.596958e-01 5.956229e-04 1.307407e-01 1.026827e-01 1.696237e-01 6.5655332759e+04 2.0840071229e+05 2.0955196226e+05
1313.6565 1.032696e-01 1.541758e-01 6.316854e-04 1.239505e-01 9.750023e-02 1.842250e-01 6.5751333756e+04 2.0845422311e+05 2.0940605080e+05
1314.6570 9.751684e-02 1.471798e-01 6.631315e-04 1.151308e-01 9.069304e-02 2.013218e-01 6.5852447828e+04 2.0850502585e+05 2.0925866155e+05
1315.6575 9.205637e-02 1.401465e-01 6.963076e-04 1.051956e-01 8.309616e-02 2.190262e-01 6.5951265549e+04 2.0854641215e+05 2.0912335985e+05
1316.6580 8.804518e-02 1.313017e-01 7.328174e-04 9.634087e-02 7.667693e-02 2.350399e-01 6.6041611832e+04 2.0857381352e+05 2.0901051585e+05
1317.6585 8.578345e-02 1.209970e-01 7.469992e-04 8.774655e-02 7.017143e-02 2.485080e-01 6.6117753163e+04 2.0858422763e+05 2.0892965224e+05
1318.6590 8.349260e-02 1.117915e-01 7.578688e-04 8.203922e-02 6.610694e-02 2.581783e-01 6.6174219413e+04 2.0857912995e+05 2.0888297221e+05
1319.6595 8.268473e-02 1.085701e-01 8.356009e-04 7.871319e-02 6.372322e-02 2.616162e-01 6.6205997810e+04 2.0856136224e+05 2.0887149514e+05
1320.6600 8.389319e-02 1.124709e-01 7.707710e-04 7.838691e-02 6.343648e-02 2.598208e-01 6.6211747685e+04 2.0853310986e+05 2.0889294488e+05
1321.6605 8.649863e-02 1.223137e-01 8.063870e-04 8.098380e-02 6.535623e-02 2.537710e-01 6.6196960875e+04 2.0849239769e+05 2.0894402786e+05
1322.6610 9.022620e-02 1.349948e-01 7.696567e-04 8.623652e-02 6.906571e-02 2.428733e-01 6.6170296812e+04 2.0843732748e+05 2.0901989213e+05
1323.6615 9.377346e-02 1.466932e-01 7.429232e-04 9.249873e-02 7.345870e-02 2.289352e-01 6.6139147469e+04 2.0836998263e+05 2.0911351023e+05
1324.6620 9.804778e-02 1.539156e-01 7.789509e-04 1.001091e-01 7.891010e-02 2.142928e-01 6.6107702254e+04 2.0829759895e+05 2.0921341158e+05
1325.6625 1.030410e-01 1.576383e-01 6.856429e-04 1.085175e-01 8.494847e-02 1.993330e-01 6.6080248080e+04 2.0822808030e+05 2.0930709779e+05
1326.6630 1.068796e-01 1.574683e-01 7.028402e-04 1.155181e-01 8.965337e-02 1.860044e-01 6.6061986639e+04 2.0816941824e+05 2.0938322759e+05
1327.6635 1.094740e-01 1.566244e-01 6.316588e-04 1.220504e-01 9.451490e-02 1.758105e-01 6.6057537304e+04 2.0812616775e+05 2.0942974274e+05
1328.6640 1.096913e-01 1.562856e-01 6.573132e-04 1.259404e-01 9.701464e-02 1.678934e-01 6.6071471222e+04 2.0810205662e+05 2.0944063849e+05
1329.6645 1.075940e-01 1.580317e-01 6.320246e-04 1.287098e-01 9.889325e-02 1.648461e-01 6.6104062781e+04 2.0809816779e+05 2.0941143464e+05
1330.6650 1.070334e-01 1.631580e-01 6.276749e-04 1.291945e-01 9.912369e-02 1.669538e-01 6.6152595003e+04 2.0811236267e+05 2.0934570680e+05
1331.6655 1.061451e-01 1.668988e-01 5.916829e-04 1.262081e-01 9.696136e-02 1.716844e-01 6.6216322572e+04 2.0814051044e+05 2.0925284969e+05
1332.6660 1.032448e-01 1.636340e-01 6.121434e-04 1.219432e-01 9.441619e-02 1.806165e-01 6.6292403477e+04 2.0817558224e+05 2.0914336708e+05
1333.6665 9.975221e-02 1.528913e-01 6.489984e-04 1.153439e-01 8.979315e-02 1.920826e-01 6.6374948102e+04 2.0821113703e+05 2.0903086248e+05
1334.6670 9.486368e-02 1.373671e-01 6.525180e-04 1.083117e-01 8.528503e-02 2.043943e-01 6.6457144410e+04 2.0824378045e+05 2.0892397299e+05
1335.6675 9.019601e-02 1.220272e-01 6.795478e-04 1.010272e-01 8.059340e-02 2.168008e-01 6.6531547810e+04 2.0827083290e+05 2.0883045494e+05
1336.6680 8.797230e-02 1.135846e-01 6.906172e-04 9.360896e-02 7.550149e-02 2.283005e-01 6.6593945116e+04 2.0828712949e+05 2.0875649804e+05
1337.6685 8.665167e-02 1.147726e-01 7.439221e-04 8.805670e-02 7.174775e-02 2.376352e-01 6.6644660489e+04 2.0828705726e+05 2.0870582617e+05
1338.6690 8.602373e-02 1.210231e-01 7.560409e-04 8.388002e-02 6.858598e-02 2.428539e-01 6.6683731686e+04 2.0826989459e+05 2.0868250440e+05
1339.6695 8.528199e-02 1.294870e-01 7.448674e-04 8.205962e-02 6.699735e-02 2.449357e-01 6.6709144429e+04 2.0823771200e+05 2.0868665666e+05
1340.6700 8.666342e-02 1.363252e-01 7.887968e-04 8.215371e-02 6.644191e-02 2.437855e-01 6.6718432039e+04 2.0819593865e+05 2.0871649064e+05
1341.6705 8.988164e-02 1.401706e-01 7.405358e-04 8.427460e-02 6.730223e-02 2.385583e-01 6.6713147851e+04 2.0814923522e+05 2.0876653681e+05
1342.6710 9.106463e-02 1.396841e-01 7.696906e-04 8.756657e-02 6.903933e-02 2.308146e-01 6.6699866354e+04 2.0810022413e+05 2.0882959389e+05
1343.6715 9.177771e-02 1.357250e-01 7.411708e-04 9.291477e-02 7.227694e-02 2.207964e-01 6.6684128479e+04 2.0805244557e+05 2.0889515761e+05
1344.6720 9.519841e-02 1.340195e-01 7.199862e-04 9.916672e-02 7.603934e-02 2.094974e-01 6.6668600619e+04 2.0800943179e+05 2.0895342886e+05
1345.6725 9.767875e-02 1.393283e-01 7.208481e-04 1.054448e-01 8.017894e-02 1.976080e-01 6.6657114870e+04 2.0797568897e+05 2.0899617547e+05
1346.6730 9.912878e-02 1.513086e-01 6.603169e-04 1.119043e-01 8.454102e-02 1.867918e-01 6.6651683889e+04 2.0795264481e+05 2.0901929332e+05
1347.6735 1.031769e-01 1.644509e-01 6.766490e-04 1.168603e-01 8.801026e-02 1.764436e-01 6.6654197343e+04 2.0793868340e+05 2.0902452915e+05
1348.6740 1.058189e-01 1.727237e-01 6.235339e-04 1.216471e-01 9.198037e-02 1.700760e-01 6.6668587537e+04 2.0792926318e+05 2.0901415372e+05
1349.6745 1.023153e-01 1.732486e-01 6.290373e-04 1.240748e-01 9.419854e-02 1.664567e-01 6.6698137896e+04 2.0792130702e+05 2.0899334632e+05
1350.6750 1.009166e-01 1.656683e-01 5.903535e-04 1.240440e-01 9.519325e-02 1.654706e-01 6.6739825780e+04 2.0791306184e+05 2.0896359138e+05
1351.6755 1.021102e-01 1.528252e-01 6.155995e-04 1.222970e-01 9.503604e-02 1.691962e-01 6.6791922509e+04 2.0790435372e+05 2.0892421925e+05
1352.6760 9.928123e-02 1.412182e-01 6.313751e-04 1.176889e-01 9.248669e-02 1.759899e-01 6.6856329861e+04 2.0789513581e+05 2.0887496920e+05
1353.6765 9.577904e-02 1.335662e-01 6.072605e-04 1.124038e-01 8.963513e-02 1.856069e-01 6.6929215900e+04 2.0788809178e+05 2.0881317104e+05
1354.6770 9.445733e-02 1.304853e-01 6.580505e-04 1.056611e-01 8.492717e-02 1.968923e-01 6.7003854621e+04 2.0788810915e+05 2.0874032410e+05
1355.6775 9.080819e-02 1.303359e-01 6.642553e-04 9.879046e-02 7.995241e-02 2.089058e-01 6.7075251302e+04 2.0790000730e+05 2.0865846747e+05
1356.6780 8.643246e-02 1.330776e-01 7.603510e-04 9.247517e-02 7.489910e-02 2.203492e-01 6.7137746299e+04 2.0792265090e+05 2.0857385821e+05
1357.6785 8.515913e-02 1.354488e-01 7.058356e-04 8.677345e-02 6.998792e-02 2.297871e-01 6.7188083845e+04 2.0795029249e+05 2.0849595595e+05
1358.6790 8.416230e-02 1.339367e-01 7.401649e-04 8.290916e-02 6.638577e-02 2.368677e-01 6.7228043949e+04 2.0797324137e+05 2.0843415621e+05
1359.6795 8.197844e-02 1.275949e-01 7.641972e-04 8.044722e-02 6.356394e-02 2.396687e-01 6.7258449724e+04 2.0798437274e+05 2.0839706654e+05
1360.6800 8.279980e-02 1.204934e-01 7.542226e-04 8.007985e-02 6.244568e-02 2.394411e-01 6.7275013807e+04 2.0797985941e+05 2.0838827190e+05
1361.6805 8.507832e-02 1.184547e-01 7.703343e-04 8.152986e-02 6.285833e-02 2.347391e-01 6.7277264673e+04 2.0795863048e+05 2.0840832954e+05
1362.6810 8.657730e-02 1.226884e-01 7.256472e-04 8.558862e-02 6.528835e-02 2.269479e-01 6.7267854770e+04 2.0792071256e+05 2.0845392307e+05
1363.6815 8.874537e-02 1.323852e-01 7.398384e-04 9.105725e-02 6.881000e-02 2.164233e-01 6.7250963580e+04 2.0786715801e+05 2.0852022367e+05
1364.6820 9.143432e-02 1.453201e-01 6.933918e-04 9.767362e-02 7.393970e-02 2.035319e-01 6.7231704244e+04 2.0780208197e+05 2.0859862205e+05
1365.6825 9.303601e-02 1.581517e-01 6.992544e-04 1.046021e-01 7.929690e-02 1.904213e-01 6.7214645585e+04 2.0773293641e+05 2.0867933710e+05
1366.6830 9.646330e-02 1.658759e-01 6.681927e-04 1.109724e-01 8.461952e-02 1.779787e-01 6.7202803238e+04 2.0766853654e+05 2.0875140796e+05
1367.6835 1.009359e-01 1.675305e-01 6.244367e-04 1.168959e-01 8.988289e-02 1.683681e-01 6.7200348349e+04 2.0761506942e+05 2.0880426223e+05
1368.6840 1.033734e-01 1.626903e-01 6.218396e-04 1.203255e-01 9.327732e-02 1.607228e-01 6.7212450220e+04 2.0757777444e+05 2.0883077366e+05
1369.6845 1.039518e-01 1.533836e-01 5.909779e-04 1.219752e-01 9.553070e-02 1.575782e-01 6.7240927713e+04 2.0755918249e+05 2.0882419603e+05
1370.6850 1.020897e-01 1.449626e-01 6.024811e-04 1.216147e-01 9.568163e-02 1.592952e-01 6.7285089857e+04 2.0756065002e+05 2.0878210282e+05
1371.6855 9.970596e-02 1.421100e-01 6.060677e-04 1.186455e-01 9.372156e-02 1.648127e-01 6.7342486658e+04 2.0758058540e+05 2.0870662172e+05
1372.6860 9.822937e-02 1.450592e-01 6.296854e-04 1.144108e-01 9.034692e-02 1.742568e-01 6.7410283633e+04 2.0761352911e+05 2.0860451191e+05
1373.6865 9.477013e-02 1.494524e-01 6.273519e-04 1.078450e-01 8.490519e-02 1.864403e-01 6.7486837665e+04 2.0765227903e+05 2.0848874997e+05
1374.6870 9.110179e-02 1.491488e-01 6.969843e-04 1.008531e-01 7.918761e-02 1.997468e-01 6.7567150201e+04 2.0768987372e+05 2.0837216283e+05
1375.6875 8.753799e-02 1.416390e-01 7.144001e-04 9.378052e-02 7.310382e-02 2.118216e-01 6.7643665146e+04 2.0772258097e+05 2.0826781125e+05
1376.6880 8.491073e-02 1.297261e-01 6.839070e-04 8.740255e-02 6.772920e-02 2.231518e-01 6.7708170426e+04 2.0774695485e+05 2.0818493966e+05
1377.6885 8.257642e-02 1.175023e-01 7.675888e-04 8.283395e-02 6.391475e-02 2.307315e-01 6.7756616393e+04 2.0776041902e+05 2.0812924294e+05
1378.6890 8.140715e-02 1.095981e-01 7.437666e-04 7.955546e-02 6.113588e-02 2.340266e-01 6.7788222806e+04 2.0775836419e+05 2.0810456554e+05
1379.6895 8.126569e-02 1.102517e-01 7.670212e-04 7.886889e-02 6.044645e-02 2.341421e-01 6.7804665628e+04 2.0773660930e+05 2.0811017857e+05
1380.6900 8.241358e-02 1.166652e-01 7.598648e-04 8.019486e-02 6.168616e-02 2.291195e-01 6.7808687253e+04 2.0769719127e+05 2.0814354837e+05
1381.6905 8.424039e-02 1.283593e-01 7.197216e-04 8.362881e-02 6.441935e-02 2.209969e-01 6.7801014553e+04 2.0764430163e+05 2.0819942453e+05
1382.6910 8.795039e-02 1.427969e-01 7.318330e-04 8.849509e-02 6.840446e-02 2.103597e-01 6.7782674880e+04 2.0758438633e+05 2.0827101431e+05
1383.6915 9.198660e-02 1.532712e-01 6.604183e-04 9.431498e-02 7.358693e-02 1.982672e-01 6.7758976465e+04 2.0752337312e+05 2.0835028994e+05
1384.6920 9.499682e-02 1.557870e-01 6.730663e-04 1.000998e-01 7.829817e-02 1.860903e-01 6.7736506898e+04 2.0746593218e+05 2.0842869105e+05
1385.6925 9.832854e-02 1.516260e-01 6.451314e-04 1.061976e-01 8.338526e-02 1.753787e-01 6.7720641929e+04 2.0741572205e+05 2.0849484921e+05
1386.6930 9.978150e-02 1.453467e-01 6.441377e-04 1.115163e-01 8.751747e-02 1.671982e-01 6.7716909015e+04 2.0737679239e+05 2.0853901215e+05
1387.6935 1.003980e-01 1.435129e-01 6.105807e-04 1.143331e-01 8.946034e-02 1.615017e-01 6.7728023130e+04 2.0735153486e+05 2.0855417711e+05
1388.6940 1.033701e-01 1.471017e-01 6.229278e-04 1.161786e-01 9.051180e-02 1.604246e-01 6.7754596034e+04 2.0733971622e+05 2.0853601532e+05
1389.6945 1.029464e-01 1.533864e-01 6.132262e-04 1.160534e-01 8.960572e-02 1.628436e-01 6.7798793959e+04 2.0734130783e+05 2.0848727184e+05
1390.6950 9.951013e-02 1.578771e-01 6.176163e-04 1.138142e-01 8.713678e-02 1.688654e-01 6.7857798677e+04 2.0735488116e+05 2.0841377405e+05
1391.6955 9.697309e-02 1.585139e-01 6.299892e-04 1.105789e-01 8.393694e-02 1.768252e-01 6.7924753221e+04 2.0737880512e+05 2.0832295595e+05
1392.6960 9.284537e-02 1.513287e-01 6.537521e-04 1.053787e-01 7.946169e-02 1.872917e-01 6.7995202421e+04 2.0741108316e+05 2.0822446855e+05
1393.6965 8.829516e-02 1.381859e-01 7.151036e-04 1.002416e-01 7.543937e-02 1.971273e-01 6.8065679476e+04 2.0744605284e+05 2.0812587572e+05
1394.6970 8.617352e-02 1.236699e-01 6.805964e-04 9.485785e-02 7.139023e-02 2.053663e-01 6.8131266287e+04 2.0747765343e+05 2.0803590386e+05
1395.6975 8.495493e-02 1.139509e-01 6.862284e-04 9.017621e-02 6.824507e-02 2.132185e-01 6.8188136551e+04 2.0749965203e+05 2.0796146361e+05
1396.6980 8.295055e-02 1.113660e-01 7.312000e-04 8.706078e-02 6.643982e-02 2.166710e-01 6.8232561975e+04 2.0751041494e+05 2.0790877675e+05
1397.6985 8.363800e-02 1.149344e-01 7.048059e-04 8.460505e-02 6.518313e-02 2.178356e-01 6.8259340372e+04 2.0750758807e+05 2.0788415144e+05
1398.6990 8.539684e-02 1.234490e-01 7.281504e-04 8.448882e-02 6.582024e-02 2.164990e-01 6.8269191195e+04 2.0748809516e+05 2.0788985011e+05
1399.6995 8.553404e-02 1.311756e-01 6.835495e-04 8.552298e-02 6.730416e-02 2.116691e-01 6.8267393721e+04 2.0745083574e+05 2.0792671265e+05
1400.7000 8.715164e-02 1.369255e-01 6.814448e-04 8.786290e-02 6.946706e-02 2.052157e-01 6.8256748106e+04 2.0739632124e+05 2.0798965352e+05
1401.7005 8.987155e-02 1.386343e-01 7.058793e-04 9.089917e-02 7.223078e-02 1.977920e-01 6.8242563627e+04 2.0733012762e+05 2.0806886497e+05
1402.7010 9.241760e-02 1.376559e-01 6.740383e-04 9.392897e-02 7.470010e-02 1.907307e-01 6.8229873439e+04 2.0726025471e+05 2.0815152508e+05
1403.7015 9.700596e-02 1.376210e-01 6.749729e-04 9.721934e-02 7.686593e-02 1.839200e-01 6.8220941543e+04 2.0719626781e+05 2.0822309770e+05
1404.7020 9.956859e-02 1.384669e-01 6.477663e-04 1.008191e-01 7.910560e-02 1.787341e-01 6.8219985334e+04 2.0714776957e+05 2.0827091403e+05
1405.7025 9.866081e-02 1.407407e-01 6.576841e-04 1.034077e-01 8.012476e-02 1.747760e-01 6.8229483072e+04 2.0712143623e+05 2.0828745400e+05
1406.7030 1.000125e-01 1.454927e-01 6.504554e-04 1.048462e-01 8.025536e-02 1.741007e-01 6.8248237513e+04 2.0711793046e+05 2.0826938127e+05
1407.7035 9.957443e-02 1.508227e-01 6.630521e-04 1.064797e-01 8.026930e-02 1.746743e-01 6.8279598458e+04 2.0713448839e+05 2.0821853849e+05
1408.7040 9.605875e-02 1.543499e-01 6.675517e-04 1.061888e-01 7.919536e-02 1.769071e-01 6.8323908217e+04 2.0716440754e+05 2.0814397336e+05
1409.7045 9.650349e-02 1.520303e-01 6.549609e-04 1.050105e-01 7.792652e-02 1.809149e-01 6.8376133448e+04 2.0720012116e+05 2.0805619262e+05
1410.7050 9.568987e-02 1.448519e-01 6.409845e-04 1.035344e-01 7.650332e-02 1.841769e-01 6.8434028533e+04 2.0723451519e+05 2.0796693539e+05
1411.7055 9.172380e-02 1.343941e-01 6.781502e-04 1.007573e-01 7.482961e-02 1.891432e-01 6.8492336112e+04 2.0726146448e+05 2.0788728783e+05
1412.7060 9.015776e-02 1.246909e-01 6.991563e-04 9.888957e-02 7.401725e-02 1.915729e-01 6.8543986418e+04 2.0727808799e+05 2.0782367462e+05
1413.7065 8.899941e-02 1.176048e-01 6.409948e-04 9.695852e-02 7.336575e-02 1.936861e-01 6.8586922629e+04 2.0728100393e+05 2.0778136362e+05
1414.7070 8.623532e-02 1.162928e-01 6.744136e-04 9.533809e-02 7.297834e-02 1.955437e-01 6.8621248385e+04 2.0726795950e+05 2.0776182174e+05
1415.7075 8.540936e-02 1.215375e-01 6.780632e-04 9.427215e-02 7.316949e-02 1.951795e-01 6.8646323755e+04 2.0723944324e+05 2.0776396815e+05
1416.7080 8.801988e-02 1.282498e-01 6.580625e-04 9.313684e-02 7.309108e-02 1.943202e-01 6.8662353039e+04 2.0719917197e+05 2.0778527118e+05
1417.7085 8.958584e-02 1.329560e-01 6.894663e-04 9.298795e-02 7.339891e-02 1.926860e-01 6.8671648116e+04 2.0715324683e+05 2.0781989758e+05
1418.7090 9.079773e-02 1.345932e-01 6.376624e-04 9.260609e-02 7.338636e-02 1.908358e-01 6.8675197666e+04 2.0710744120e+05 2.0786197787e+05
1419.7095 9.417293e-02 1.325616e-01 6.886741e-04 9.255392e-02 7.336461e-02 1.889852e-01 6.8673936321e+04 2.0706767543e+05 2.0790313149e+05
1420.7100 9.447715e-02 1.291931e-01 6.551249e-04 9.290478e-02 7.313777e-02 1.880390e-01 6.8673234954e+04 2.0703754936e+05 2.0793557181e+05
1421.7105 9.333081e-02 1.274913e-01 6.797788e-04 9.296584e-02 7.268638e-02 1.872687e-01 6.8676368522e+04 2.0701862701e+05 2.0795312011e+05
1422.7110 9.541309e-02 1.302212e-01 7.098891e-04 9.330385e-02 7.210665e-02 1.871674e-01 6.8684148672e+04 2.0700980886e+05 2.0795222625e+05
1423.7115 9.710240e-02 1.354912e-01 6.871709e-04 9.398714e-02 7.162169e-02 1.873984e-01 6.8700941447e+04 2.0700897502e+05 2.0793331022e+05
1424.7120 9.662835e-02 1.415446e-01 6.972673e-04 9.404209e-02 7.083345e-02 1.875472e-01 6.8727897571e+04 2.0701253781e+05 2.0790079616e+05
1425.7125 9.771979e-02 1.467677e-01 7.019553e-04 9.395060e-02 7.005241e-02 1.893490e-01 6.8761208381e+04 2.0701697756e+05 2.0786008279e+05
1426.7130 9.642722e-02 1.472843e-01 6.968403e-04 9.490615e-02 7.038193e-02 1.893020e-01 6.8799679752e+04 2.0702237571e+05 2.0781594357e+05
1427.7135 9.338740e-02 1.423556e-01 6.992784e-04 9.490039e-02 7.026019e-02 1.902121e-01 6.8839482271e+04 2.0702724767e+05 2.0777426558e+05
1428.7140 9.395489e-02 1.337607e-01 6.863588e-04 9.574521e-02 7.101988e-02 1.894318e-01 6.8877656234e+04 2.0702968417e+05 2.0773661745e+05
1429.7145 9.142375e-02 1.264514e-01 6.777414e-04 9.653135e-02 7.204943e-02 1.880217e-01 6.8916822486e+04 2.0702627641e+05 2.0770466266e+05
1430.7150 8.888391e-02 1.218677e-01 6.897259e-04 9.681725e-02 7.293486e-02 1.862661e-01 6.8954865247e+04 2.0701736454e+05 2.0767872841e+05
1431.7155 9.066231e-02 1.222378e-01 6.575463e-04 9.856014e-02 7.484440e-02 1.826959e-01 6.8986472379e+04 2.0700615240e+05 2.0765743846e+05
1432.7160 9.049295e-02 1.257517e-01 6.332786e-04 9.935529e-02 7.612449e-02 1.800078e-01 6.9010657586e+04 2.0699511834e+05 2.0764316140e+05
1433.7165 8.922940e-02 1.304181e-01 6.351396e-04 1.000650e-01 7.723000e-02 1.766708e-01 6.9026219099e+04 2.0698489206e+05 2.0763709866e+05
1434.7170 9.173819e-02 1.334137e-01 6.568365e-04 1.007741e-01 7.808665e-02 1.737860e-01 6.9032917082e+04 2.0697280883e+05 2.0764080760e+05
1435.7175 9.248861e-02 1.331113e-01 6.131601e-04 1.008909e-01 7.841978e-02 1.720388e-01 6.9036708529e+04 2.0695560486e+05 2.0765448596e+05
1436.7180 9.048165e-02 1.309131e-01 6.593586e-04 1.003773e-01 7.813639e-02 1.715422e-01 6.9042005809e+04 2.0693141618e+05 2.0767561225e+05
1437.7185 9.233390e-02 1.292740e-01 6.108330e-04 9.889669e-02 7.689475e-02 1.722595e-01 6.9048856120e+04 2.0690112161e+05 2.0769985482e+05
1438.7190 9.638110e-02 1.300211e-01 6.843656e-04 9.700461e-02 7.525103e-02 1.746711e-01 6.9058768088e+04 2.0686826903e+05 2.0772126610e+05
1439.7195 9.585309e-02 1.314532e-01 6.651943e-04 9.437527e-02 7.290385e-02 1.784931e-01 6.9076099877e+04 2.0683720566e+05 2.0773512759e+05
1440.7200 9.496236e-02 1.332546e-01 6.860489e-04 9.136382e-02 7.039883e-02 1.822313e-01 6.9100174052e+04 2.0681198208e+05 2.0773661824e+05
1441.7205 9.536715e-02 1.348471e-01 7.258163e-04 8.899284e-02 6.805731e-02 1.879872e-01 6.9128926730e+04 2.0679677220e+05 2.0772177036e+05
1442.7210 9.242000e-02 1.365041e-01 6.979744e-04 8.698865e-02 6.611638e-02 1.922299e-01 6.9163721775e+04 2.0679480923e+05 2.0768934099e+05
1443.7215 8.936364e-02 1.375008e-01 7.473016e-04 8.407098e-02 6.381905e-02 1.961895e-01 6.9202760682e+04 2.0680440969e+05 2.0764203540e+05
1444.7220 9.049657e-02 1.357603e-01 7.175060e-04 8.259744e-02 6.250399e-02 1.998435e-01 6.9243492934e+04 2.0682215576e+05 2.0758338548e+05
1445.7225 8.968798e-02 1.316222e-01 7.457190e-04 8.280751e-02 6.229423e-02 2.009758e-01 6.9287167500e+04 2.0684334214e+05 2.0752012339e+05
1446.7230 8.641372e-02 1.259512e-01 6.890200e-04 8.269883e-02 6.213322e-02 2.014468e-01 6.9329539852e+04 2.0686382328e+05 2.0746088574e+05
1447.7235 8.572772e-02 1.214548e-01 7.096305e-04 8.457087e-02 6.349528e-02 1.980451e-01 6.9363585360e+04 2.0688183817e+05 2.0741095689e+05
1448.7240 8.654044e-02 1.209359e-01 7.103685e-04 8.724046e-02 6.549199e-02 1.937829e-01 6.9385580352e+04 2.0689333890e+05 2.0737720123e+05
1449.7245 8.579652e-02 1.232681e-01 6.893609e-04 9.065061e-02 6.811323e-02 1.870856e-01 6.9397865995e+04 2.0689328074e+05 2.0736464239e+05
1450.7250 8.595372e-02 1.266022e-01 6.618026e-04 9.563779e-02 7.176666e-02 1.792757e-01 6.9402224648e+04 2.0687628265e+05 2.0737554930e+05
1451.7255 8.837379e-02 1.297214e-01 6.382864e-04 9.959977e-02 7.509017e-02 1.711580e-01 6.9400839005e+04 2.0684086578e+05 2.0741041550e+05
1452.7260 8.993890e-02 1.323105e-01 6.428831e-04 1.035734e-01 7.822602e-02 1.625049e-01 6.9396202374e+04 2.0679149589e+05 2.0746337845e+05
1453.7265 9.291404e-02 1.352600e-01 6.283120e-04 1.068231e-01 8.109543e-02 1.555091e-01 6.9388067818e+04 2.0673483322e+05 2.0752616991e+05
1454.7270 9.669935e-02 1.377204e-01 5.895263e-04 1.083299e-01 8.265364e-02 1.508816e-01 6.9379539761e+04 2.0667831328e+05 2.0758940365e+05
1455.7275 9.933399e-02 1.387530e-01 6.175933e-04 1.087374e-01 8.329656e-02 1.491280e-01 6.9376663384e+04 2.0662717244e+05 2.0764218035e+05
1456.7280 9.945127e-02 1.380526e-01 6.310967e-04 1.074443e-01 8.277586e-02 1.500971e-01 6.9385389683e+04 2.0658638633e+05 2.0767480764e+05
1457.7285 9.778876e-02 1.365366e-01 6.528556e-04 1.043322e-01 8.072012e-02 1.553700e-01 6.9407460571e+04 2.0656123857e+05 2.0767910429e+05
1458.7290 9.669363e-02 1.375854e-01 6.379679e-04 9.952278e-02 7.729935e-02 1.628582e-01 6.9441869030e+04 2.0655582051e+05 2.0765040123e+05
1459.7295 9.634534e-02 1.402860e-01 7.024058e-04 9.359692e-02 7.289540e-02 1.724422e-01 6.9487164058e+04 2.0657057845e+05 2.0758966357e+05
1460.7300 9.606648e-02 1.396956e-01 7.036055e-04 8.738584e-02 6.797535e-02 1.845346e-01 6.9541731396e+04 2.0660204516e+05 2.0750360142e+05
1461.7305 9.239078e-02 1.355014e-01 7.144192e-04 8.146424e-02 6.321980e-02 1.950043e-01 6.9604305887e+04 2.0664361765e+05 2.0740264636e+05
1462.7310 8.717593e-02 1.274691e-01 7.643756e-04 7.558023e-02 5.835359e-02 2.057608e-01 6.9668254574e+04 2.0668865672e+05 2.0729902622e+05
1463.7315 8.386974e-02 1.202947e-01 7.393043e-04 7.209804e-02 5.497114e-02 2.135398e-01 6.9725392677e+04 2.0673169176e+05 2.0720268644e+05
1464.7320 8.234691e-02 1.158083e-01 8.095783e-04 7.045107e-02 5.293230e-02 2.179413e-01 6.9771597600e+04 2.0676580273e+05 2.0712454419e+05
1465.7325 8.015345e-02 1.144377e-01 7.274009e-04 7.027793e-02 5.228873e-02 2.187066e-01 6.9806564500e+04 2.0678267281e+05 2.0707422115e+05
1466.7330 7.977742e-02 1.144657e-01 7.494374e-04 7.315115e-02 5.362858e-02 2.136342e-01 6.9829745527e+04 2.0677700076e+05 2.0705716606e+05
1467.7335 8.203326e-02 1.167366e-01 7.403041e-04 7.795034e-02 5.711554e-02 2.058097e-01 6.9838274621e+04 2.0674845119e+05 2.0707522972e+05
1468.7340 8.283914e-02 1.210305e-01 6.963899e-04 8.440260e-02 6.180909e-02 1.932460e-01 6.9831360225e+04 2.0670385447e+05 2.0712524415e+05
1469.7345 8.474012e-02 1.266742e-01 6.816514e-04 9.270098e-02 6.825664e-02 1.792509e-01 6.9808257247e+04 2.0664956534e+05 2.0719938322e+05
1470.7350 8.962114e-02 1.316673e-01 6.242238e-04 1.002732e-01 7.450539e-02 1.632821e-01 6.9774308553e+04 2.0659022553e+05 2.0728957839e+05
1471.7355 9.311657e-02 1.354512e-01 6.213146e-04 1.079547e-01 8.096726e-02 1.481110e-01 6.9740050193e+04 2.0652761937e+05 2.0738390704e+05
1472.7360 9.638578e-02 1.386483e-01 5.899864e-04 1.144344e-01 8.673809e-02 1.361524e-01 6.9712638285e+04 2.0646554449e+05 2.0747069467e+05
1473.7365 9.998465e-02 1.414221e-01 5.788116e-04 1.180939e-01 9.014368e-02 1.276147e-01 6.9696841119e+04 2.0641120594e+05 2.0753884798e+05
1474.7370 1.019162e-01 1.457397e-01 5.473629e-04 1.193618e-01 9.181312e-02 1.244886e-01 6.9695497417e+04 2.0637089768e+05 2.0757808217e+05
1475.7375 1.055822e-01 1.504711e-01 6.049961e-04 1.175129e-01 9.087045e-02 1.267352e-01 6.9710012270e+04 2.0634782249e+05 2.0758347703e+05
1476.7380 1.068444e-01 1.510276e-01 5.973933e-04 1.126076e-01 8.731562e-02 1.356437e-01 6.9745154090e+04 2.0634153104e+05 2.0755366089e+05
1477.7385 1.002067e-01 1.469552e-01 5.969458e-04 1.051088e-01 8.161631e-02 1.488213e-01 6.9803343535e+04 2.0635164901e+05 2.0748963075e+05
1478.7390 9.517784e-02 1.395828e-01 7.161049e-04 9.631406e-02 7.458756e-02 1.655128e-01 6.9876880957e+04 2.0637819101e+05 2.0739419751e+05
1479.7395 9.280844e-02 1.329116e-01 6.828811e-04 8.652135e-02 6.672646e-02 1.839900e-01 6.9958525487e+04 2.0642000058e+05 2.0727395248e+05
1480.7400 8.671487e-02 1.269754e-01 7.530707e-04 7.670855e-02 5.862502e-02 2.018139e-01 7.0044279293e+04 2.0647368621e+05 2.0713943548e+05
1481.7405 8.309820e-02 1.205855e-01 7.563660e-04 6.783708e-02 5.139701e-02 2.183570e-01 7.0126087987e+04 2.0653035627e+05 2.0700485547e+05
1482.7410 8.170237e-02 1.131085e-01 7.791221e-04 6.206745e-02 4.626918e-02 2.287814e-01 7.0198526589e+04 2.0658159125e+05 2.0688488060e+05
1483.7415 7.677797e-02 1.067529e-01 8.140854e-04 5.920126e-02 4.367296e-02 2.350064e-01 7.0255830838e+04 2.0662003621e+05 2.0679340897e+05
1484.7420 7.342220e-02 1.036399e-01 7.648801e-04 5.905712e-02 4.329483e-02 2.344986e-01 7.0289828303e+04 2.0664130030e+05 2.0674121929e+05
1485.7425 7.470673e-02 1.051044e-01 7.852113e-04 6.279940e-02 4.612521e-02 2.271571e-01 7.0297778691e+04 2.0663969536e+05 2.0673407062e+05
1486.7430 7.716475e-02 1.101120e-01 7.541057e-04 6.931728e-02 5.131845e-02 2.153086e-01 7.0284625576e+04 2.0660919385e+05 2.0677482166e+05
1487.7435 8.010221e-02 1.170740e-01 6.959341e-04 7.818265e-02 5.830805e-02 1.978936e-01 7.0257033157e+04 2.0654840440e+05 2.0685986520e+05
1488.7440 8.440571e-02 1.240760e-01 6.479191e-04 8.891996e-02 6.715953e-02 1.782314e-01 7.0218545280e+04 2.0646397093e+05 2.0697832183e+05
1489.7445 8.965802e-02 1.301875e-01 6.232898e-04 9.928247e-02 7.534377e-02 1.570389e-01 7.0172605036e+04 2.0636930670e+05 2.0711541397e+05
1490.7450 9.455285e-02 1.375128e-01 5.870083e-04 1.096711e-01 8.374472e-02 1.383367e-01 7.0123648637e+04 2.0627742181e+05 2.0725132825e+05
1491.7455 1.007017e-01 1.445836e-01 5.754455e-04 1.179990e-01 9.033614e-02 1.235493e-01 7.0080264128e+04 2.0619755967e+05 2.0736925190e+05
1492.7460 1.043606e-01 1.493712e-01 5.380250e-04 1.232934e-01 9.422586e-02 1.136436e-01 7.0054370532e+04 2.0613536215e+05 2.0745420266e+05
1493.7465 1.044703e-01 1.515372e-01 5.406322e-04 1.254396e-01 9.586306e-02 1.103715e-01 7.0053056063e+04 2.0609569157e+05 2.0749408318e+05
1494.7470 1.053832e-01 1.530671e-01 6.043526e-04 1.239951e-01 9.428735e-02 1.139378e-01 7.0076541419e+04 2.0608239085e+05 2.0748263877e+05
1495.7475 1.051079e-01 1.540040e-01 5.536716e-04 1.185703e-01 8.962578e-02 1.247332e-01 7.0123555424e+04 2.0609743787e+05 2.0742004927e+05
1496.7480 1.027477e-01 1.540702e-01 6.188843e-04 1.097956e-01 8.267450e-02 1.399662e-01 7.0191578995e+04 2.0613723588e+05 2.0731330791e+05
1497.7485 9.869518e-02 1.488522e-01 6.912467e-04 9.971331e-02 7.461948e-02 1.594388e-01 7.0276616234e+04 2.0619415795e+05 2.0717449552e+05
1498.7490 9.159355e-02 1.372599e-01 6.631248e-04 8.817934e-02 6.562506e-02 1.802928e-01 7.0373321276e+04 2.0625995194e+05 2.0701939739e+05
1499.7495 8.408779e-02 1.228962e-01 7.682089e-04 7.672760e-02 5.698781e-02 2.005834e-01 7.0471835580e+04 2.0632677347e+05 2.0686272107e+05
1500.7500 7.800142e-02 1.112853e-01 7.363648e-04 6.658955e-02 4.961929e-02 2.180102e-01 7.0562291374e+04 2.0638715104e+05 2.0671904872e+05
1501.7505 7.455782e-02 1.034254e-01 8.257774e-04 5.905622e-02 4.414228e-02 2.294826e-01 7.0639831882e+04 2.0643141514e+05 2.0660243840e+05
1502.7510 7.263507e-02 1.006044e-01 7.973144e-04 5.458957e-02 4.140029e-02 2.371853e-01 7.0700351737e+04 2.0645015357e+05 2.0652494909e+05
1503.7515 7.213288e-02 9.996967e-02 7.972996e-04 5.337277e-02 4.100289e-02 2.368759e-01 7.0740896910e+04 2.0644157545e+05 2.0649417106e+05
1504.7520 7.141290e-02 1.010444e-01 7.789440e-04 5.650134e-02 4.392078e-02 2.302476e-01 7.0757375199e+04 2.0640913824e+05 2.0651025752e+05
1505.7525 7.181040e-02 1.054819e-01 7.610864e-04 6.283844e-02 4.903449e-02 2.182642e-01 7.0747073961e+04 2.0635893959e+05 2.0656903134e+05
1506.7530 7.610863e-02 1.112850e-01 7.255336e-04 7.154597e-02 5.584034e-02 2.012424e-01 7.0713278072e+04 2.0629661874e+05 2.0666179030e+05
1507.7535 8.220956e-02 1.181910e-01 6.848796e-04 8.232437e-02 6.404224e-02 1.818479e-01 7.0665403320e+04 2.0622446909e+05 2.0677675504e+05
1508.7540 8.565198e-02 1.241397e-01 6.504214e-04 9.364485e-02 7.216934e-02 1.607266e-01 7.0615484714e+04 2.0614705598e+05 2.0690093983e+05
1509.7545 8.973703e-02 1.302701e-01 5.882783e-04 1.050053e-01 8.032237e-02 1.418865e-01 7.0567423882e+04 2.0607288923e+05 2.0701893236e+05
1510.7550 9.754527e-02 1.388854e-01 5.838518e-04 1.142623e-01 8.651632e-02 1.257781e-01 7.0523501550e+04 2.0601125677e+05 2.0711806928e+05
1511.7555 1.018314e-01 1.487992e-01 5.107581e-04 1.213639e-01 9.096721e-02 1.143166e-01 7.0491173229e+04 2.0596812756e+05 2.0718780128e+05
1512.7560 1.036548e-01 1.574917e-01 5.784550e-04 1.250219e-01 9.302258e-02 1.084472e-01 7.0477230963e+04 2.0594258667e+05 2.0722316774e+05
1513.7565 1.055003e-01 1.611017e-01 5.551848e-04 1.255098e-01 9.266405e-02 1.093681e-01 7.0486908475e+04 2.0593126080e+05 2.0722215237e+05
1514.7570 1.027958e-01 1.601226e-01 5.553524e-04 1.220134e-01 8.969612e-02 1.167039e-01 7.0523911945e+04 2.0593215140e+05 2.0718531490e+05
1515.7575 9.860596e-02 1.547156e-01 6.232976e-04 1.153620e-01 8.457178e-02 1.286766e-01 7.0584828406e+04 2.0594597541e+05 2.0711441588e+05
1516.7580 9.710767e-02 1.470360e-01 6.220095e-04 1.062063e-01 7.777468e-02 1.452943e-01 7.0662451141e+04 2.0597195740e+05 2.0701419922e+05
1517.7585 9.464565e-02 1.387483e-01 6.864964e-04 9.444996e-02 6.958185e-02 1.646808e-01 7.0753704884e+04 2.0600635980e+05 2.0689304382e+05
1518.7590 8.842863e-02 1.273972e-01 7.018613e-04 8.269233e-02 6.167396e-02 1.845890e-01 7.0854222887e+04 2.0604617027e+05 2.0675968797e+05
1519.7595 8.121007e-02 1.147036e-01 7.277486e-04 7.161888e-02 5.399395e-02 2.022858e-01 7.0954445530e+04 2.0608947486e+05 2.0662464410e+05
1520.7600 7.653312e-02 1.048667e-01 7.684185e-04 6.244385e-02 4.808319e-02 2.165883e-01 7.1043242176e+04 2.0613404631e+05 2.0649737602e+05
1521.7605 7.104937e-02 1.000349e-01 7.830069e-04 5.561788e-02 4.361117e-02 2.283247e-01 7.1114924282e+04 2.0617490577e+05 2.0638882092e+05
1522.7610 6.773512e-02 9.896517e-02 7.928955e-04 5.180993e-02 4.122391e-02 2.323205e-01 7.1167113871e+04 2.0620440440e+05 2.0630983447e+05
1523.7615 6.897785e-02 9.891896e-02 7.905440e-04 5.222958e-02 4.182227e-02 2.310575e-01 7.1197387912e+04 2.0621418843e+05 2.0626938195e+05
1524.7620 6.949742e-02 9.804066e-02 7.755331e-04 5.608790e-02 4.438191e-02 2.238366e-01 7.1207233910e+04 2.0620045410e+05 2.0627379472e+05
1525.7625 7.020362e-02 9.882188e-02 7.254571e-04 6.282424e-02 4.924386e-02 2.105565e-01 7.1194483875e+04 2.0616442443e+05 2.0632275095e+05
1526.7630 7.420700e-02 1.049257e-01 7.110214e-04 7.221985e-02 5.559906e-02 1.942127e-01 7.1157501585e+04 2.0610954800e+05 2.0641079846e+05
1527.7635 8.100767e-02 1.134480e-01 6.876708e-04 8.361735e-02 6.329216e-02 1.745652e-01 7.1103612028e+04 2.0604010560e+05 2.0652811829e+05
1528.7640 8.504246e-02 1.230060e-01 6.616755e-04 9.553416e-02 7.159153e-02 1.548046e-01 7.1045172116e+04 2.0595891784e+05 2.0666213973e+05
1529.7645 8.891207e-02 1.333594e-01 6.196401e-04 1.066915e-01 7.891569e-02 1.359317e-01 7.0991028134e+04 2.0587185381e+05 2.0679786380e+05
1530.7650 9.424509e-02 1.452797e-01 5.667419e-04 1.164873e-01 8.576074e-02 1.201359e-01 7.0946492578e+04 2.0578883637e+05 2.0691804037e+05
1531.7655 9.851297e-02 1.562945e-01 5.959144e-04 1.226485e-01 8.999199e-02 1.087422e-01 7.0917380138e+04 2.0572129508e+05 2.0700901603e+05
1532.7660 1.028762e-01 1.632265e-01 5.602186e-04 1.263944e-01 9.255337e-02 1.035714e-01 7.0907386442e+04 2.0567643951e+05 2.0705889127e+05
1533.7665 1.061855e-01 1.635033e-01 5.694996e-04 1.257141e-01 9.215900e-02 1.051520e-01 7.0921473687e+04 2.0565655053e+05 2.0706297098e+05
1534.7670 1.037862e-01 1.568245e-01 5.747932e-04 1.216085e-01 8.950642e-02 1.118800e-01 7.0963844577e+04 2.0566185881e+05 2.0701890184e+05
1535.7675 9.845451e-02 1.462711e-01 5.796962e-04 1.143719e-01 8.453412e-02 1.252950e-01 7.1030496877e+04 2.0569111323e+05 2.0692892447e+05
1536.7680 9.437662e-02 1.366223e-01 6.563992e-04 1.038385e-01 7.732655e-02 1.427080e-01 7.1114973922e+04 2.0574077697e+05 2.0680044673e+05
1537.7685 9.005845e-02 1.301780e-01 6.506209e-04 9.192309e-02 6.910907e-02 1.629137e-01 7.1212620701e+04 2.0580259367e+05 2.0664525661e+05
1538.7690 8.444612e-02 1.241876e-01 7.146337e-04 7.945308e-02 6.014846e-02 1.833798e-01 7.1319018243e+04 2.0586657261e+05 2.0647998682e+05
1539.7695 7.949367e-02 1.163236e-01 7.124142e-04 6.793934e-02 5.207234e-02 2.025346e-01 7.1425629844e+04 2.0592361977e+05 2.0632157995e+05
1540.7700 7.272793e-02 1.059506e-01 7.907121e-04 5.808194e-02 4.480834e-02 2.193951e-01 7.1522849960e+04 2.0596940992e+05 2.0618558020e+05
1541.7705 6.629232e-02 9.638085e-02 7.716558e-04 5.113881e-02 3.978360e-02 2.291818e-01 7.1600263086e+04 2.0600189274e+05 2.0608303073e+05
1542.7710 6.540439e-02 9.025338e-02 7.996433e-04 4.789360e-02 3.729247e-02 2.343507e-01 7.1649097958e+04 2.0601733191e+05 2.0602178683e+05
1543.7715 6.409607e-02 8.636576e-02 8.102438e-04 4.867306e-02 3.768688e-02 2.321823e-01 7.1672126276e+04 2.0601252075e+05 2.0600610195e+05
1544.7720 6.370428e-02 8.707865e-02 7.924636e-04 5.304647e-02 4.091244e-02 2.229969e-01 7.1670641981e+04 2.0598444796e+05 2.0603627854e+05
1545.7725 6.863276e-02 9.314002e-02 7.485568e-04 6.119682e-02 4.658550e-02 2.082337e-01 7.1644604977e+04 2.0593486420e+05 2.0610778078e+05
1546.7730 7.372771e-02 1.041844e-01 7.177839e-04 7.247170e-02 5.475066e-02 1.886854e-01 7.1598102120e+04 2.0587031651e+05 2.0621246559e+05
1547.7735 7.969957e-02 1.187906e-01 7.136014e-04 8.445488e-02 6.349722e-02 1.673706e-01 7.1535700161e+04 2.0579560560e+05 2.0634153753e+05
1548.7740 8.824761e-02 1.324816e-01 6.034754e-04 9.696846e-02 7.254409e-02 1.450232e-01 7.1467108380e+04 2.0571421659e+05 2.0648292373e+05
1549.7745 9.413367e-02 1.427572e-01 6.134323e-04 1.087802e-01 8.131890e-02 1.246722e-01 7.1405121836e+04 2.0562978555e+05 2.0662269796e+05
1550.7750 9.680361e-02 1.476295e-01 5.719803e-04 1.175669e-01 8.781391e-02 1.086642e-01 7.1359343712e+04 2.0554970277e+05 2.0674582313e+05
1551.7755 9.947620e-02 1.506616e-01 5.430431e-04 1.239436e-01 9.249953e-02 9.898852e-02 7.1333365056e+04 2.0548380201e+05 2.0683487295e+05
1552.7760 1.032092e-01 1.528850e-01 5.686641e-04 1.256313e-01 9.361842e-02 9.582775e-02 7.1330756719e+04 2.0544100656e+05 2.0687802276e+05
1553.7765 1.043602e-01 1.538138e-01 5.574835e-04 1.236467e-01 9.213717e-02 9.938395e-02 7.1356553595e+04 2.0542507016e+05 2.0686730421e+05
1554.7770 1.018573e-01 1.518697e-01 5.796181e-04 1.179848e-01 8.755692e-02 1.105151e-01 7.1411449537e+04 2.0543652427e+05 2.0680233535e+05
1555.7775 9.705919e-02 1.447970e-01 6.387354e-04 1.087305e-01 8.060133e-02 1.261784e-01 7.1491698188e+04 2.0547538252e+05 2.0668823742e+05
1556.7780 9.109789e-02 1.365194e-01 6.223060e-04 9.755717e-02 7.206707e-02 1.467007e-01 7.1588424112e+04 2.0553722106e+05 2.0653503515e+05
1557.7785 8.418454e-02 1.275263e-01 6.978809e-04 8.535102e-02 6.281419e-02 1.681763e-01 7.1693559635e+04 2.0561536562e+05 2.0635807300e+05
1558.7790 7.823493e-02 1.168762e-01 7.370532e-04 7.251640e-02 5.349065e-02 1.899452e-01 7.1800120810e+04 2.0569676738e+05 2.0617704384e+05
1559.7795 7.303818e-02 1.060361e-01 7.813588e-04 6.093382e-02 4.509681e-02 2.087999e-01 7.1901982934e+04 2.0576718178e+05 2.0601162250e+05
1560.7800 6.731329e-02 9.471175e-02 7.571006e-04 5.247406e-02 3.908939e-02 2.220063e-01 7.1992102790e+04 2.0581770663e+05 2.0587841568e+05
1561.7805 6.229636e-02 8.622009e-02 7.927789e-04 4.715494e-02 3.553808e-02 2.304995e-01 7.2058931550e+04 2.0584480994e+05 2.0579004992e+05
1562.7810 6.162369e-02 8.323077e-02 8.073167e-04 4.575535e-02 3.504480e-02 2.308722e-01 7.2094357332e+04 2.0584816486e+05 2.0575340906e+05
1563.7815 6.355997e-02 8.697254e-02 8.068775e-04 4.817200e-02 3.745977e-02 2.247256e-01 7.2098029133e+04 2.0582483054e+05 2.0577132729e+05
1564.7820 6.584889e-02 9.368258e-02 7.747072e-04 5.474897e-02 4.266851e-02 2.118034e-01 7.2076203552e+04 2.0577372622e+05 2.0584113066e+05
1565.7825 7.009604e-02 1.020603e-01 7.350507e-04 6.459646e-02 5.047745e-02 1.939837e-01 7.2034029744e+04 2.0569762025e+05 2.0595433359e+05
1566.7830 7.595019e-02 1.103472e-01 7.217040e-04 7.567527e-02 5.879230e-02 1.736007e-01 7.1977487984e+04 2.0560551018e+05 2.0609773219e+05
1567.7835 8.134070e-02 1.199163e-01 6.040202e-04 8.822484e-02 6.808806e-02 1.512073e-01 7.1914159401e+04 2.0550835517e+05 2.0625255173e+05
1568.7840 8.890474e-02 1.309045e-01 6.543914e-04 9.976997e-02 7.654012e-02 1.307920e-01 7.1850461247e+04 2.0541604769e+05 2.0640118580e+05
1569.7845 9.633222e-02 1.392548e-01 5.910561e-04 1.091766e-01 8.295821e-02 1.139836e-01 7.1797753752e+04 2.0533722852e+05 2.0652675835e+05
1570.7850 9.838600e-02 1.433621e-01 5.649186e-04 1.168090e-01 8.803795e-02 1.027439e-01 7.1765896377e+04 2.0527951947e+05 2.0661332968e+05
1571.7855 9.833467e-02 1.446497e-01 5.678937e-04 1.204117e-01 8.984020e-02 9.689500e-02 7.1758037631e+04 2.0524945065e+05 2.0665092810e+05
1572.7860 9.890861e-02 1.462595e-01 5.285384e-04 1.204804e-01 8.912449e-02 9.833996e-02 7.1773542319e+04 2.0525010129e+05 2.0663357690e+05
1573.7865 9.833606e-02 1.482436e-01 5.832967e-04 1.168576e-01 8.556627e-02 1.060051e-01 7.1813132897e+04 2.0527943788e+05 2.0656389699e+05
1574.7870 9.523787e-02 1.459627e-01 5.926644e-04 1.094670e-01 7.955501e-02 1.182062e-01 7.1877089349e+04 2.0533002014e+05 2.0645194430e+05
1575.7875 9.068924e-02 1.391521e-01 6.010122e-04 1.001117e-01 7.216042e-02 1.356798e-01 7.1960490820e+04 2.0539140822e+05 2.0631141837e+05
1576.7880 8.613799e-02 1.279051e-01 6.376638e-04 8.961452e-02 6.438923e-02 1.542003e-01 7.2055839063e+04 2.0545562367e+05 2.0615804821e+05
1577.7885 7.870435e-02 1.160629e-01 7.072519e-04 7.785510e-02 5.585834e-02 1.731423e-01 7.2154066051e+04 2.0551563828e+05 2.0600808065e+05
1578.7890 7.148408e-02 1.069671e-01 7.311161e-04 6.703711e-02 4.843909e-02 1.901287e-01 7.2245745419e+04 2.0556459331e+05 2.0587466323e+05
1579.7895 6.951646e-02 9.976984e-02 7.442200e-04 5.841827e-02 4.289069e-02 2.036399e-01 7.2324183474e+04 2.0559524999e+05 2.0576946193e+05
1580.7900 6.658453e-02 9.384564e-02 7.691233e-04 5.207858e-02 3.904949e-02 2.130435e-01 7.2387817777e+04 2.0560383801e+05 2.0570104851e+05
1581.7905 6.208242e-02 9.004569e-02 7.764855e-04 4.891301e-02 3.778508e-02 2.155510e-01 7.2433418182e+04 2.0559125679e+05 2.0567217580e+05
1582.7910 6.319259e-02 8.959408e-02 7.757434e-04 4.920605e-02 3.890564e-02 2.131939e-01 7.2452985880e+04 2.0556239216e+05 2.0568157560e+05
1583.7915 6.720378e-02 9.306883e-02 7.468496e-04 5.287819e-02 4.227758e-02 2.050945e-01 7.2446837410e+04 2.0552269312e+05 2.0572489431e+05
1584.7920 6.940539e-02 9.963941e-02 7.532193e-04 5.923335e-02 4.759077e-02 1.924215e-01 7.2420606508e+04 2.0547454544e+05 2.0579613328e+05
1585.7925 7.402376e-02 1.043366e-01 6.932954e-04 6.753485e-02 5.375261e-02 1.769312e-01 7.2380671196e+04 2.0541957277e+05 2.0588782622e+05
1586.7930 7.938291e-02 1.095603e-01 6.345970e-04 7.815048e-02 6.134874e-02 1.590398e-01 7.2335426136e+04 2.0535905380e+05 2.0598913049e+05
1587.7935 8.244601e-02 1.164335e-01 6.580319e-04 8.781954e-02 6.795601e-02 1.423945e-01 7.2290499586e+04 2.0529906913e+05 2.0609022220e+05
1588.7940 8.784587e-02 1.243155e-01 5.986723e-04 9.658505e-02 7.371126e-02 1.274334e-01 7.2249340147e+04 2.0524569761e+05 2.0617956686e+05
1589.7945 9.220598e-02 1.337717e-01 6.015134e-04 1.045116e-01 7.856398e-02 1.155274e-01 7.2218033968e+04 2.0520259976e+05 2.0624807913e+05
1590.7950 9.468378e-02 1.394208e-01 5.715323e-04 1.093486e-01 8.112238e-02 1.073773e-01 7.2203503738e+04 2.0517133334e+05 2.0629098214e+05
1591.7955 9.534024e-02 1.407808e-01 5.507284e-04 1.117224e-01 8.191114e-02 1.049468e-01 7.2208397034e+04 2.0515284129e+05 2.0630347263e+05
1592.7960 9.379408e-02 1.398237e-01 5.837344e-04 1.112040e-01 8.066550e-02 1.071041e-01 7.2232593374e+04 2.0514951673e+05 2.0628334517e+05
1593.7965 9.104601e-02 1.372469e-01 5.901895e-04 1.075625e-01 7.734902e-02 1.139499e-01 7.2273501866e+04 2.0516290558e+05 2.0623123635e+05
1594.7970 8.886212e-02 1.351563e-01 5.977588e-04 1.018557e-01 7.284674e-02 1.243116e-01 7.2327606191e+04 2.0519068116e+05 2.0615107073e+05
1595.7975 8.621886e-02 1.315870e-01 6.274959e-04 9.432706e-02 6.732034e-02 1.369175e-01 7.2393459646e+04 2.0522694893e+05 2.0605158542e+05
1596.7980 8.278127e-02 1.250890e-01 6.670241e-04 8.503926e-02 6.080151e-02 1.509653e-01 7.2466843817e+04 2.0526631202e+05 2.0594353679e+05
1597.7985 7.717399e-02 1.170517e-01 6.833188e-04 7.655200e-02 5.523699e-02 1.642112e-01 7.2541930056e+04 2.0530461926e+05 2.0583592225e+05
1598.7990 7.228668e-02 1.091031e-01 6.962635e-04 6.875486e-02 5.016575e-02 1.764274e-01 7.2610271405e+04 2.0533872804e+05 2.0573891611e+05
1599.7995 7.070661e-02 1.040460e-01 7.178931e-04 6.176947e-02 4.595801e-02 1.865334e-01 7.2665893558e+04 2.0536378884e+05 2.0566133402e+05
1600.8000 6.987921e-02 9.997666e-02 7.392556e-04 5.689403e-02 4.333497e-02 1.918968e-01 7.2709868576e+04 2.0537414398e+05 2.0560975433e+05
1601.8005 6.869402e-02 9.615382e-02 7.522299e-04 5.437780e-02 4.223594e-02 1.949201e-01 7.2742771134e+04 2.0536526008e+05 2.0558803582e+05
1602.8010 6.925146e-02 9.413579e-02 7.033780e-04 5.426870e-02 4.287007e-02 1.937421e-01 7.2763300066e+04 2.0533814657e+05 2.0559556394e+05
1603.8015 7.066732e-02 9.546600e-02 7.553559e-04 5.655718e-02 4.500681e-02 1.880220e-01 7.2769722247e+04 2.0529885073e+05 2.0562780004e+05
1604.8020 7.182599e-02 9.867831e-02 6.815505e-04 6.078797e-02 4.820863e-02 1.799457e-01 7.2762414850e+04 2.0525430205e+05 2.0567827489e+05
1605.8025 7.550260e-02 1.045789e-01 7.058221e-04 6.703845e-02 5.277446e-02 1.691403e-01 7.2744065256e+04 2.0520806440e+05 2.0573905365e+05
1606.8030 7.906133e-02 1.096447e-01 6.936749e-04 7.369838e-02 5.722607e-02 1.576979e-01 7.2721032110e+04 2.0516334473e+05 2.0580343786e+05
1607.8035 8.041684e-02 1.125221e-01 6.485709e-04 8.122874e-02 6.226951e-02 1.453878e-01 7.2699257433e+04 2.0512392917e+05 2.0586279808e+05
1608.8040 8.142150e-02 1.174747e-01 6.472161e-04 8.853959e-02 6.695393e-02 1.335479e-01 7.2679177009e+04 2.0509376396e+05 2.0591054790e+05
1609.8045 8.486860e-02 1.223481e-01 6.116094e-04 9.429864e-02 7.044049e-02 1.240098e-01 7.2661845097e+04 2.0507564510e+05 2.0594284058e+05
1610.8050 8.769435e-02 1.284787e-01 6.005602e-04 9.894024e-02 7.312821e-02 1.172436e-01 7.2651057247e+04 2.0506741351e+05 2.0595808419e+05
1611.8055 8.887853e-02 1.329333e-01 6.003828e-04 1.017067e-01 7.437879e-02 1.134553e-01 7.2650812796e+04 2.0506485949e+05 2.0595848396e+05
1612.8060 8.875947e-02 1.339749e-01 5.972366e-04 1.022356e-01 7.416877e-02 1.128939e-01 7.2662700127e+04 2.0506463307e+05 2.0594651657e+05
1613.8065 8.568254e-02 1.328702e-01 5.795642e-04 1.010157e-01 7.289168e-02 1.153727e-01 7.2685761612e+04 2.0506605397e+05 2.0592371742e+05
1614.8070 8.514696e-02 1.316573e-01 6.121259e-04 9.780284e-02 7.028445e-02 1.211091e-01 7.2716301491e+04 2.0506796511e+05 2.0589198481e+05
1615.8075 8.468889e-02 1.309467e-01 6.074075e-04 9.231471e-02 6.629508e-02 1.294604e-01 7.2754662140e+04 2.0506911741e+05 2.0585336822e+05
1616.8080 8.163460e-02 1.267929e-01 6.473558e-04 8.656855e-02 6.242299e-02 1.386823e-01 7.2802734575e+04 2.0506881401e+05 2.0580868334e+05
1617.8085 8.036297e-02 1.203725e-01 6.674638e-04 7.995602e-02 5.796451e-02 1.489629e-01 7.2856181004e+04 2.0506733697e+05 2.0576009325e+05
1618.8090 7.898114e-02 1.131982e-01 6.741103e-04 7.288438e-02 5.355990e-02 1.593942e-01 7.2911058131e+04 2.0506833219e+05 2.0570807180e+05
1619.8095 7.524068e-02 1.070754e-01 7.216838e-04 6.674306e-02 4.976416e-02 1.677220e-01 7.2963887388e+04 2.0507518745e+05 2.0565301607e+05
1620.8100 7.370504e-02 1.034612e-01 7.332458e-04 6.168949e-02 4.674147e-02 1.759912e-01 7.3009952516e+04 2.0508678435e+05 2.0559743279e+05
1621.8105 7.376580e-02 1.014267e-01 7.259636e-04 5.783707e-02 4.460286e-02 1.805684e-01 7.3050154371e+04 2.0509984892e+05 2.0554544615e+05
1622.8110 7.119798e-02 9.886498e-02 7.428605e-04 5.608255e-02 4.379454e-02 1.828690e-01 7.3085382176e+04 2.0511100137e+05 2.0550121861e+05
1623.8115 6.986033e-02 9.627093e-02 7.164629e-04 5.606459e-02 4.412994e-02 1.824106e-01 7.3112511032e+04 2.0511767135e+05 2.0546913950e+05
1624.8120 7.051727e-02 9.595396e-02 7.192589e-04 5.802340e-02 4.578167e-02 1.779750e-01 7.3128156917e+04 2.0511912120e+05 2.0545223144e+05
1625.8125 7.162645e-02 9.746683e-02 7.277501e-04 6.149134e-02 4.814895e-02 1.724543e-01 7.3131283046e+04 2.0511359882e+05 2.0545350249e+05
1626.8130 7.388470e-02 1.008823e-01 7.012663e-04 6.685780e-02 5.193112e-02 1.630372e-01 7.3123705795e+04 2.0509858114e+05 2.0547389874e+05
1627.8135 7.515513e-02 1.042918e-01 6.453541e-04 7.288089e-02 5.578707e-02 1.525535e-01 7.3108681960e+04 2.0507243660e+05 2.0551349150e+05
1628.8140 7.669873e-02 1.079487e-01 6.711657e-04 7.961081e-02 6.011064e-02 1.419598e-01 7.3089050789e+04 2.0503532557e+05 2.0556797136e+05
1629.8145 7.877805e-02 1.151984e-01 6.277268e-04 8.604119e-02 6.415817e-02 1.322540e-01 7.3066608074e+04 2.0499045568e+05 2.0563121673e+05
1630.8150 8.177528e-02 1.227873e-01 6.101596e-04 9.167340e-02 6.752301e-02 1.229578e-01 7.3045017982e+04 2.0494356475e+05 2.0569555905e+05
1631.8155 8.423636e-02 1.300297e-01 6.195443e-04 9.568625e-02 6.987808e-02 1.159702e-01 7.3027781460e+04 2.0489916243e+05 2.0575352475e+05
1632.8160 8.699958e-02 1.342188e-01 5.684109e-04 9.836641e-02 7.137890e-02 1.114569e-01 7.3018366098e+04 2.0486158361e+05 2.0579781452e+05
1633.8165 8.783987e-02 1.334955e-01 6.174829e-04 9.899332e-02 7.150145e-02 1.103643e-01 7.3019631563e+04 2.0483575239e+05 2.0582246914e+05
1634.8170 8.690717e-02 1.309548e-01 5.858082e-04 9.750160e-02 7.039183e-02 1.130930e-01 7.3031826694e+04 2.0482470330e+05 2.0582275475e+05
1635.8175 8.681247e-02 1.277947e-01 6.196029e-04 9.456226e-02 6.835978e-02 1.175442e-01 7.3054884159e+04 2.0482936565e+05 2.0579653118e+05
1636.8180 8.605251e-02 1.253028e-01 6.316248e-04 8.972772e-02 6.496719e-02 1.258514e-01 7.3090114122e+04 2.0484568976e+05 2.0574619648e+05
1637.8185 8.418781e-02 1.229614e-01 6.359358e-04 8.313377e-02 6.074208e-02 1.359360e-01 7.3138849634e+04 2.0486823098e+05 2.0567693419e+05
1638.8190 8.217723e-02 1.198172e-01 6.802668e-04 7.621387e-02 5.600794e-02 1.466348e-01 7.3198903718e+04 2.0489205387e+05 2.0559545187e+05
1639.8195 7.912987e-02 1.140967e-01 6.976652e-04 6.937297e-02 5.155106e-02 1.587327e-01 7.3264770212e+04 2.0491577945e+05 2.0550911689e+05
1640.8200 7.525438e-02 1.083737e-01 6.906579e-04 6.262881e-02 4.719357e-02 1.683903e-01 7.3330103005e+04 2.0493853688e+05 2.0542545788e+05
1641.8205 7.237852e-02 1.025680e-01 7.302480e-04 5.730114e-02 4.358485e-02 1.779883e-01 7.3388557315e+04 2.0495823991e+05 2.0535048082e+05
1642.8210 6.886423e-02 9.466297e-02 7.536556e-04 5.360159e-02 4.130171e-02 1.834530e-01 7.3438846736e+04 2.0497388093e+05 2.0528943053e+05
1643.8215 6.633962e-02 8.735058e-02 7.425048e-04 5.211025e-02 4.040805e-02 1.849112e-01 7.3478138678e+04 2.0498251358e+05 2.0524582213e+05
1644.8220 6.493983e-02 8.451493e-02 7.569936e-04 5.306721e-02 4.116831e-02 1.842708e-01 7.3502727988e+04 2.0498349194e+05 2.0522157986e+05
1645.8225 6.557965e-02 8.719640e-02 7.093791e-04 5.640227e-02 4.357295e-02 1.779640e-01 7.3511478442e+04 2.0497701514e+05 2.0521821495e+05
1646.8230 6.840340e-02 9.480147e-02 6.882780e-04 6.108669e-02 4.683551e-02 1.686698e-01 7.3503429560e+04 2.0496167923e+05 2.0523796784e+05
1647.8235 7.240819e-02 1.038069e-01 7.092360e-04 6.787806e-02 5.159607e-02 1.579208e-01 7.3481419290e+04 2.0493536514e+05 2.0528070974e+05
1648.8240 7.487030e-02 1.108441e-01 6.268608e-04 7.532776e-02 5.669962e-02 1.455389e-01 7.3450460730e+04 2.0489793901e+05 2.0534529413e+05
1649.8245 7.785850e-02 1.152535e-01 6.473487e-04 8.314362e-02 6.208367e-02 1.318329e-01 7.3414316731e+04 2.0485068179e+05 2.0542584955e+05
1650.8250 8.054681e-02 1.190415e-01 6.205214e-04 8.980330e-02 6.678637e-02 1.201654e-01 7.3377268795e+04 2.0479727145e+05 2.0551388568e+05
1651.8255 8.435794e-02 1.231626e-01 6.057310e-04 9.554735e-02 7.066792e-02 1.105563e-01 7.3344885708e+04 2.0474211747e+05 2.0559827980e+05
1652.8260 8.914533e-02 1.275950e-01 5.928504e-04 9.923502e-02 7.316818e-02 1.044650e-01 7.3322984591e+04 2.0468985398e+05 2.0566863084e+05
1653.8265 9.112476e-02 1.315015e-01 5.718155e-04 1.004022e-01 7.390726e-02 1.022459e-01 7.3317805964e+04 2.0464600464e+05 2.0571543527e+05
1654.8270 9.101061e-02 1.332039e-01 5.873330e-04 9.970105e-02 7.307446e-02 1.034232e-01 7.3330630219e+04 2.0461731338e+05 2.0573073423e+05
1655.8275 9.031137e-02 1.338526e-01 6.002719e-04 9.653803e-02 7.061775e-02 1.100336e-01 7.3359069656e+04 2.0460881354e+05 2.0571042149e+05
1656.8280 8.853708e-02 1.329690e-01 6.170009e-04 9.077303e-02 6.632603e-02 1.191054e-01 7.3403002845e+04 2.0462206607e+05 2.0565474275e+05
1657.8285 8.567408e-02 1.284238e-01 6.708019e-04 8.375225e-02 6.109154e-02 1.314849e-01 7.3461162928e+04 2.0465380377e+05 2.0556764991e+05
1658.8290 8.062636e-02 1.194107e-01 6.794499e-04 7.594927e-02 5.537865e-02 1.459016e-01 7.3531681300e+04 2.0469865218e+05 2.0545757890e+05
1659.8295 7.594765e-02 1.082726e-01 7.190429e-04 6.753183e-02 4.930888e-02 1.589746e-01 7.3609049362e+04 2.0475020877e+05 2.0533563962e+05
1660.8300 7.272298e-02 9.828603e-02 7.230583e-04 6.020907e-02 4.411512e-02 1.723792e-01 7.3683998613e+04 2.0480275262e+05 2.0521307171e+05
1661.8305 6.873214e-02 9.078320e-02 7.594352e-04 5.421080e-02 4.004162e-02 1.811951e-01 7.3750511164e+04 2.0485174312e+05 2.0510274386e+05
1662.8310 6.589380e-02 8.869732e-02 7.468855e-04 5.035747e-02 3.750004e-02 1.872257e-01 7.3801772825e+04 2.0488824103e+05 2.0501717054e+05
1663.8315 6.617849e-02 8.819733e-02 7.736586e-04 4.948536e-02 3.732154e-02 1.892101e-01 7.3835196170e+04 2.0490525818e+05 2.0496633838e+05
1664.8320 6.356391e-02 8.938066e-02 7.227497e-04 5.102018e-02 3.885289e-02 1.850274e-01 7.3852724289e+04 2.0489828609e+05 2.0495687869e+05
1665.8325 6.419749e-02 9.183898e-02 7.283307e-04 5.472432e-02 4.210350e-02 1.774664e-01 7.3851556071e+04 2.0486622511e+05 2.0498917208e+05
1666.8330 6.825525e-02 9.567831e-02 7.212166e-04 6.080063e-02 4.699850e-02 1.670228e-01 7.3832462482e+04 2.0481330817e+05 2.0505774027e+05
1667.8335 7.089483e-02 9.941428e-02 6.484014e-04 6.773324e-02 5.252224e-02 1.539546e-01 7.3801803250e+04 2.0474591323e+05 2.0515358430e+05
1668.8340 7.639253e-02 1.036792e-01 6.634492e-04 7.578049e-02 5.856071e-02 1.391759e-01 7.3763791729e+04 2.0467073058e+05 2.0526316962e+05
1669.8345 8.128510e-02 1.092186e-01 6.200266e-04 8.337767e-02 6.414126e-02 1.257552e-01 7.3724288585e+04 2.0459727845e+05 2.0537198975e+05
1670.8350 8.298654e-02 1.148247e-01 6.091016e-04 9.038562e-02 6.903241e-02 1.142459e-01 7.3689442759e+04 2.0453618841e+05 2.0546489294e+05
1671.8355 8.657728e-02 1.224050e-01 5.785778e-04 9.577016e-02 7.233598e-02 1.062670e-01 7.3660968856e+04 2.0449445259e+05 2.0553029014e+05
1672.8360 8.976561e-02 1.298044e-01 6.161201e-04 9.892507e-02 7.391951e-02 1.015484e-01 7.3644870731e+04 2.0447538204e+05 2.0556116946e+05
1673.8365 8.953614e-02 1.348416e-01 5.854030e-04 9.959327e-02 7.350261e-02 1.009645e-01 7.3647104192e+04 2.0447619718e+05 2.0555633738e+05
1674.8370 8.958072e-02 1.358573e-01 6.020074e-04 9.806378e-02 7.145043e-02 1.052942e-01 7.3667717048e+04 2.0449242741e+05 2.0551867065e+05
1675.8375 8.919244e-02 1.308891e-01 6.290911e-04 9.397470e-02 6.769130e-02 1.124753e-01 7.3705791622e+04 2.0452091537e+05 2.0545456985e+05
1676.8380 8.604662e-02 1.241866e-01 6.561453e-04 8.818057e-02 6.278795e-02 1.237091e-01 7.3757519881e+04 2.0455580806e+05 2.0537164064e+05
1677.8385 8.178481e-02 1.177413e-01 6.801181e-04 8.127187e-02 5.732497e-02 1.363100e-01 7.3818153819e+04 2.0459223264e+05 2.0527885071e+05
1678.8390 7.886074e-02 1.111730e-01 7.001419e-04 7.358088e-02 5.169986e-02 1.488585e-01 7.3883785207e+04 2.0462396786e+05 2.0518558573e+05
1679.8395 7.508117e-02 1.058061e-01 7.322446e-04 6.625502e-02 4.664952e-02 1.616457e-01 7.3951525298e+04 2.0464579230e+05 2.0509948022e+05
1680.8400 6.978332e-02 1.004134e-01 7.344270e-04 5.984698e-02 4.249849e-02 1.708184e-01 7.4016878030e+04 2.0465864561e+05 2.0502618367e+05
1681.8405 6.635740e-02 9.631100e-02 7.496412e-04 5.512481e-02 4.002578e-02 1.784313e-01 7.4071627932e+04 2.0466389625e+05 2.0496908141e+05
1682.8410 6.648059e-02 9.458325e-02 7.631478e-04 5.267370e-02 3.936165e-02 1.812502e-01 7.4111469118e+04 2.0466304517e+05 2.0493079520e+05
1683.8415 6.676953e-02 9.271572e-02 7.246214e-04 5.159020e-02 3.975295e-02 1.803348e-01 7.4136189769e+04 2.0465660529e+05 2.0491390397e+05
1684.8420 6.739090e-02 8.978336e-02 7.775315e-04 5.320911e-02 4.213336e-02 1.761648e-01 7.4147076640e+04 2.0464272475e+05 2.0491790068e+05
1685.8425 6.840829e-02 8.720138e-02 7.235894e-04 5.710584e-02 4.577002e-02 1.688193e-01 7.4144906996e+04 2.0462211035e+05 2.0494126045e+05
1686.8430 6.967378e-02 8.780011e-02 6.669841e-04 6.222663e-02 5.004876e-02 1.590339e-01 7.4131309082e+04 2.0459585660e+05 2.0498060479e+05
1687.8435 7.277142e-02 9.399088e-02 6.915126e-04 6.834996e-02 5.465172e-02 1.477121e-01 7.4108527661e+04 2.0456441926e+05 2.0503126946e+05
1688.8440 7.614904e-02 1.034937e-01 6.534743e-04 7.473877e-02 5.899021e-02 1.367483e-01 7.4081355872e+04 2.0452881722e+05 2.0508900867e+05
1689.8445 7.929778e-02 1.110555e-01 6.300700e-04 8.108167e-02 6.279460e-02 1.268094e-01 7.4055277365e+04 2.0449038789e+05 2.0514914275e+05
1690.8450 8.228474e-02 1.172432e-01 6.109035e-04 8.661125e-02 6.575697e-02 1.187131e-01 7.4033455208e+04 2.0445121816e+05 2.0520625167e+05
1691.8455 8.358659e-02 1.208191e-01 6.332385e-04 9.103688e-02 6.762279e-02 1.124120e-01 7.4017997522e+04 2.0441710525e+05 2.0525379818e+05
1692.8460 8.380893e-02 1.219943e-01 6.198453e-04 9.353697e-02 6.826150e-02 1.090063e-01 7.4010168152e+04 2.0439259256e+05 2.0528575876e+05
1693.8465 8.542641e-02 1.229715e-01 6.313681e-04 9.457370e-02 6.780257e-02 1.089555e-01 7.4011080327e+04 2.0437860124e+05 2.0529755849e+05
1694.8470 8.702812e-02 1.223831e-01 6.220397e-04 9.344405e-02 6.603463e-02 1.115256e-01 7.4024583902e+04 2.0437426732e+05 2.0528809741e+05
1695.8475 8.504941e-02 1.219866e-01 6.294565e-04 9.068701e-02 6.347040e-02 1.167653e-01 7.4052559268e+04 2.0437761874e+05 2.0525781347e+05
1696.8480 8.280203e-02 1.222170e-01 6.632533e-04 8.670884e-02 6.030969e-02 1.233295e-01 7.4091281411e+04 2.0438830902e+05 2.0520941123e+05
1697.8485 8.146963e-02 1.216951e-01 6.805846e-04 8.140518e-02 5.683694e-02 1.318461e-01 7.4136796228e+04 2.0440524937e+05 2.0514769471e+05
1698.8490 7.875275e-02 1.195504e-01 6.958810e-04 7.541262e-02 5.312574e-02 1.410897e-01 7.4186877322e+04 2.0442627222e+05 2.0507875629e+05
1699.8495 7.734291e-02 1.141479e-01 6.908002e-04 6.941193e-02 4.977189e-02 1.493687e-01 7.4238917291e+04 2.0444709514e+05 2.0500902714e+05
1700.8500 7.403711e-02 1.060526e-01 7.207752e-04 6.369321e-02 4.708708e-02 1.580084e-01 7.4291991561e+04 2.0446339001e+05 2.0494416779e+05
1701.8505 7.095427e-02 9.692502e-02 7.093418e-04 5.923159e-02 4.503845e-02 1.635773e-01 7.4342689076e+04 2.0447427661e+05 2.0488790664e+05
1702.8510 6.935614e-02 9.065935e-02 7.108300e-04 5.563983e-02 4.349837e-02 1.679500e-01 7.4385858466e+04 2.0447953947e+05 2.0484299707e+05
1703.8515 6.881244e-02 8.830997e-02 7.529124e-04 5.377743e-02 4.307078e-02 1.700612e-01 7.4419317222e+04 2.0447946397e+05 2.0481090671e+05
1704.8520 6.925248e-02 8.976983e-02 6.946722e-04 5.384151e-02 4.357121e-02 1.695694e-01 7.4442268901e+04 2.0447323190e+05 2.0479336410e+05
1705.8525 6.904730e-02 9.127625e-02 7.206906e-04 5.559412e-02 4.485892e-02 1.663924e-01 7.4455644520e+04 2.0446146074e+05 2.0479132448e+05
1706.8530 6.916618e-02 9.289048e-02 7.276775e-04 5.875142e-02 4.672854e-02 1.609708e-01 7.4459251659e+04 2.0444437532e+05 2.0480426964e+05
1707.8535 6.937280e-02 9.528256e-02 7.140994e-04 6.334336e-02 4.936896e-02 1.543722e-01 7.4452654321e+04 2.0442432734e+05 2.0482961204e+05
1708.8540 7.120926e-02 9.785951e-02 6.707371e-04 6.871261e-02 5.238400e-02 1.464404e-01 7.4437104618e+04 2.0440306300e+05 2.0486450685e+05
1709.8545 7.449194e-02 1.019355e-01 6.685737e-04 7.426062e-02 5.535535e-02 1.368305e-01 7.4415234162e+04 2.0438079069e+05 2.0490609128e+05
1710.8550 7.664394e-02 1.051723e-01 6.676559e-04 8.020359e-02 5.860714e-02 1.279600e-01 7.4391183372e+04 2.0435757932e+05 2.0495111109e+05
1711.8555 7.819747e-02 1.088975e-01 6.295591e-04 8.545615e-02 6.158601e-02 1.193876e-01 7.4367634422e+04 2.0433329969e+05 2.0499703872e+05
1712.8560 8.173842e-02 1.154680e-01 6.356293e-04 8.989668e-02 6.406541e-02 1.124711e-01 7.4345429172e+04 2.0430785474e+05 2.0504058769e+05
1713.8565 8.369801e-02 1.228781e-01 6.375676e-04 9.270779e-02 6.575917e-02 1.077320e-01 7.4329357618e+04 2.0428197356e+05 2.0507880893e+05
1714.8570 8.347079e-02 1.292168e-01 6.307967e-04 9.381671e-02 6.654657e-02 1.054012e-01 7.4323732706e+04 2.0425570710e+05 2.0510845423e+05
1715.8575 8.523667e-02 1.329679e-01 6.355904e-04 9.304167e-02 6.615028e-02 1.056380e-01 7.4330969448e+04 2.0422854654e+05 2.0512642967e+05
1716.8580 8.572705e-02 1.307746e-01 6.299898e-04 8.991390e-02 6.464449e-02 1.101758e-01 7.4353948441e+04 2.0420388584e+05 2.0512888400e+05
1717.8585 8.357905e-02 1.242944e-01 6.610069e-04 8.521492e-02 6.184639e-02 1.166379e-01 7.4392227356e+04 2.0418705933e+05 2.0511124505e+05
1718.8590 8.118821e-02 1.176159e-01 6.504874e-04 7.939498e-02 5.861831e-02 1.256244e-01 7.4441450376e+04 2.0418307036e+05 2.0506974748e+05
1719.8595 7.977069e-02 1.108241e-01 6.906607e-04 7.216052e-02 5.424430e-02 1.368683e-01 7.4498212802e+04 2.0419520429e+05 2.0500423899e+05
1720.8600 7.569986e-02 1.044576e-01 6.941566e-04 6.529022e-02 4.979792e-02 1.472571e-01 7.4561944276e+04 2.0422346738e+05 2.0491687678e+05
1721.8605 7.089576e-02 9.933827e-02 7.354720e-04 5.864220e-02 4.542297e-02 1.590884e-01 7.4627693519e+04 2.0426332978e+05 2.0481488232e+05
1722.8610 6.794046e-02 9.373044e-02 7.582855e-04 5.312953e-02 4.164469e-02 1.682161e-01 7.4690167342e+04 2.0431099976e+05 2.0470825104e+05
1723.8615 6.508824e-02 8.916374e-02 7.000720e-04 4.953118e-02 3.894783e-02 1.747080e-01 7.4744050098e+04 2.0435932231e+05 2.0460902103e+05
1724.8620 6.373398e-02 8.650613e-02 7.782588e-04 4.790409e-02 3.752574e-02 1.777858e-01 7.4784392028e+04 2.0439932669e+05 2.0453020386e+05
1725.8625 6.245532e-02 8.500585e-02 7.460339e-04 4.803414e-02 3.718088e-02 1.767427e-01 7.4808460411e+04 2.0442378263e+05 2.0448335389e+05
1726.8630 6.202090e-02 8.324754e-02 7.186453e-04 5.125656e-02 3.897474e-02 1.727216e-01 7.4813901742e+04 2.0442738526e+05 2.0447484518e+05
1727.8635 6.328101e-02 8.342054e-02 7.349725e-04 5.639093e-02 4.214706e-02 1.639415e-01 7.4800998321e+04 2.0440756728e+05 2.0450726339e+05
1728.8640 6.539795e-02 8.750361e-02 7.045085e-04 6.298498e-02 4.638668e-02 1.513475e-01 7.4772273807e+04 2.0436473855e+05 2.0457705451e+05
1729.8645 6.800564e-02 9.570938e-02 6.858873e-04 7.106083e-02 5.175566e-02 1.386517e-01 7.4731658309e+04 2.0430222867e+05 2.0467555356e+05
1730.8650 7.355998e-02 1.082359e-01 6.497856e-04 7.909409e-02 5.732922e-02 1.238506e-01 7.4684657325e+04 2.0422635350e+05 2.0479159230e+05
1731.8655 7.900039e-02 1.199976e-01 6.319788e-04 8.665326e-02 6.256472e-02 1.106160e-01 7.4638109598e+04 2.0414655917e+05 2.0491119886e+05
1732.8660 8.279152e-02 1.279469e-01 6.241132e-04 9.269430e-02 6.710670e-02 9.901613e-02 7.4598444078e+04 2.0407340874e+05 2.0501966291e+05
1733.8665 8.581763e-02 1.329510e-01 6.316443e-04 9.674688e-02 7.019759e-02 9.082657e-02 7.4569578024e+04 2.0401602432e+05 2.0510311906e+05
1734.8670 8.829266e-02 1.336680e-01 6.094119e-04 9.840964e-02 7.172864e-02 8.749738e-02 7.4556729431e+04 2.0398054479e+05 2.0515022910e+05
1735.8675 8.842633e-02 1.316836e-01 6.031613e-04 9.664884e-02 7.091993e-02 8.965264e-02 7.4564797989e+04 2.0396922042e+05 2.0515437612e+05
1736.8680 8.759685e-02 1.276379e-01 6.252073e-04 9.296328e-02 6.844141e-02 9.573157e-02 7.4596321601e+04 2.0398121533e+05 2.0511280642e+05
1737.8685 8.474921e-02 1.245575e-01 6.537364e-04 8.655395e-02 6.419012e-02 1.072695e-01 7.4649666906e+04 2.0401298175e+05 2.0502971640e+05
1738.8690 8.078180e-02 1.209029e-01 6.632224e-04 7.765861e-02 5.783633e-02 1.215452e-01 7.4720925408e+04 2.0406054538e+05 2.0491437623e+05
1739.8695 7.711271e-02 1.154796e-01 6.796140e-04 6.866157e-02 5.150205e-02 1.369547e-01 7.4803083985e+04 2.0411810044e+05 2.0477825121e+05
1740.8700 7.180459e-02 1.065934e-01 7.243603e-04 5.938034e-02 4.483129e-02 1.544332e-01 7.4889011888e+04 2.0417851195e+05 2.0463695907e+05
1741.8705 6.631309e-02 9.523093e-02 7.492155e-04 5.092802e-02 3.873998e-02 1.683537e-01 7.4972362930e+04 2.0423443391e+05 2.0450474352e+05
1742.8710 6.103048e-02 8.370910e-02 7.310848e-04 4.450824e-02 3.403032e-02 1.798695e-01 7.5045540867e+04 2.0427887231e+05 2.0439376543e+05
1743.8715 5.654611e-02 7.521211e-02 8.099874e-04 4.051424e-02 3.110294e-02 1.867056e-01 7.5102817878e+04 2.0430702654e+05 2.0431364798e+05
1744.8720 5.636346e-02 7.147209e-02 7.592101e-04 3.925588e-02 2.994851e-02 1.878125e-01 7.5138044253e+04 2.0431659349e+05 2.0427098532e+05
1745.8725 5.630119e-02 7.406006e-02 7.712852e-04 4.183640e-02 3.179836e-02 1.846130e-01 7.5149559993e+04 2.0430603595e+05 2.0426848329e+05
1746.8730 5.705801e-02 7.988448e-02 7.494225e-04 4.693396e-02 3.527800e-02 1.742012e-01 7.5137478610e+04 2.0427735223e+05 2.0430740604e+05
1747.8735 6.136422e-02 8.842217e-02 7.121271e-04 5.464428e-02 4.066261e-02 1.597932e-01 7.5101519658e+04 2.0423215608e+05 2.0438391882e+05
1748.8740 6.574245e-02 9.803625e-02 7.098597e-04 6.421972e-02 4.755384e-02 1.437274e-01 7.5047327147e+04 2.0417385953e+05 2.0449063653e+05
1749.8745 6.873826e-02 1.076724e-01 6.500419e-04 7.410703e-02 5.459876e-02 1.251561e-01 7.4983557385e+04 2.0410641818e+05 2.0461744655e+05
1750.8750 7.473987e-02 1.146425e-01 6.741638e-04 8.411217e-02 6.159626e-02 1.076912e-01 7.4917810298e+04 2.0403395730e+05 2.0475063390e+05
1751.8755 8.127304e-02 1.208032e-01 6.035404e-04 9.250093e-02 6.763008e-02 9.247771e-02 7.4859749826e+04 2.0396185606e+05 2.0487602526e+05
1752.8760 8.475428e-02 1.282700e-01 5.973534e-04 9.855934e-02 7.183962e-02 8.145179e-02 7.4817577466e+04 2.0389674940e+05 2.0497920699e+05
1753.8765 8.909267e-02 1.338230e-01 5.795305e-04 1.017799e-01 7.418979e-02 7.581883e-02 7.4795251584e+04 2.0384663495e+05 2.0504774035e+05
1754.8770 9.168659e-02 1.384910e-01 5.949516e-04 1.013475e-01 7.372516e-02 7.663204e-02 7.4796967615e+04 2.0381633550e+05 2.0507331998e+05
1755.8775 8.965942e-02 1.391142e-01 6.196141e-04 9.851679e-02 7.157034e-02 8.241655e-02 7.4826229679e+04 2.0381023236e+05 2.0505042849e+05
1756.8780 8.646773e-02 1.353470e-01 6.314149e-04 9.185901e-02 6.688297e-02 9.474982e-02 7.4880305327e+04 2.0382881977e+05 2.0498004780e+05
1757.8785 8.146404e-02 1.259218e-01 6.488955e-04 8.264162e-02 6.035706e-02 1.096789e-01 7.4956883506e+04 2.0387204807e+05 2.0486640409e+05
1758.8790 7.581538e-02 1.134316e-01 6.753278e-04 7.251981e-02 5.333272e-02 1.280035e-01 7.5048751471e+04 2.0393497773e+05 2.0471849604e+05
1759.8795 7.112458e-02 1.013161e-01 7.375586e-04 6.158605e-02 4.564107e-02 1.475093e-01 7.5147322999e+04 2.0400977885e+05 2.0455146283e+05
1760.8800 6.565782e-02 9.000832e-02 7.182175e-04 5.146396e-02 3.864937e-02 1.635384e-01 7.5245550503e+04 2.0408773367e+05 2.0438252735e+05
1761.8805 5.984326e-02 8.067722e-02 7.532584e-04 4.304773e-02 3.285773e-02 1.780898e-01 7.5332730749e+04 2.0415858980e+05 2.0423046912e+05
1762.8810 5.581133e-02 7.454461e-02 7.748703e-04 3.737102e-02 2.888934e-02 1.870854e-01 7.5400179517e+04 2.0421353099e+05 2.0411239173e+05
1763.8815 5.219518e-02 7.110909e-02 7.765042e-04 3.501603e-02 2.713674e-02 1.904953e-01 7.5442731442e+04 2.0424475725e+05 2.0404179493e+05
1764.8820 5.094517e-02 7.201468e-02 7.970336e-04 3.647112e-02 2.813680e-02 1.884653e-01 7.5457358770e+04 2.0424510441e+05 2.0402679489e+05
1765.8825 5.268343e-02 7.594250e-02 7.636271e-04 4.036579e-02 3.083051e-02 1.788169e-01 7.5445330321e+04 2.0421290736e+05 2.0406993971e+05
1766.8830 5.616233e-02 8.177564e-02 7.248186e-04 4.794943e-02 3.609887e-02 1.656892e-01 7.5409677780e+04 2.0415006730e+05 2.0416482743e+05
1767.8835 6.097929e-02 8.959044e-02 7.015952e-04 5.769782e-02 4.287571e-02 1.486895e-01 7.5354195869e+04 2.0406550647e+05 2.0430004843e+05
1768.8840 6.752504e-02 9.873274e-02 6.782780e-04 6.822106e-02 5.006819e-02 1.290955e-01 7.5284318056e+04 2.0397086491e+05 2.0445909136e+05
1769.8845 7.456908e-02 1.085688e-01 6.584340e-04 7.939203e-02 5.783706e-02 1.098663e-01 7.5208779980e+04 2.0387663230e+05 2.0462209707e+05
1770.8850 7.998378e-02 1.187503e-01 6.322207e-04 8.920423e-02 6.454457e-02 9.226097e-02 7.5138723056e+04 2.0379241789e+05 2.0477057458e+05
1771.8855 8.428681e-02 1.290498e-01 6.059227e-04 9.714745e-02 7.003718e-02 7.925712e-02 7.5084010394e+04 2.0372464242e+05 2.0488701193e+05
1772.8860 8.791063e-02 1.368815e-01 5.935659e-04 1.020258e-01 7.354875e-02 7.143470e-02 7.5052630895e+04 2.0367970553e+05 2.0495851223e+05
1773.8865 8.959155e-02 1.412686e-01 5.770037e-04 1.032117e-01 7.422062e-02 6.931519e-02 7.5048770925e+04 2.0366217519e+05 2.0497752851e+05
1774.8870 9.061139e-02 1.404809e-01 6.092788e-04 1.012534e-01 7.302326e-02 7.334884e-02 7.5073440594e+04 2.0367257325e+05 2.0494202170e+05
1775.8875 8.868079e-02 1.358209e-01 6.167017e-04 9.505907e-02 6.881055e-02 8.385532e-02 7.5125340242e+04 2.0370750699e+05 2.0485770260e+05
1776.8880 8.381925e-02 1.253396e-01 6.510063e-04 8.693902e-02 6.328335e-02 9.818461e-02 7.5201787085e+04 2.0376200614e+05 2.0473263243e+05
1777.8885 7.712793e-02 1.125234e-01 6.586153e-04 7.666709e-02 5.634803e-02 1.167125e-01 7.5294874121e+04 2.0382898516e+05 2.0457991719e+05
1778.8890 7.032479e-02 1.007426e-01 7.158589e-04 6.517710e-02 4.833520e-02 1.364204e-01 7.5396166264e+04 2.0390050937e+05 2.0441448962e+05
1779.8895 6.364903e-02 9.173487e-02 7.059729e-04 5.430179e-02 4.094531e-02 1.548301e-01 7.5497860252e+04 2.0396778091e+05 2.0425181071e+05
1780.8900 5.889579e-02 8.540907e-02 7.831599e-04 4.459399e-02 3.402691e-02 1.711434e-01 7.5591047528e+04 2.0402249684e+05 2.0410843993e+05
1781.8905 5.439038e-02 7.835997e-02 7.965188e-04 3.731121e-02 2.888128e-02 1.825377e-01 7.5669077195e+04 2.0406001273e+05 2.0399796996e+05
1782.8910 5.084136e-02 7.228342e-02 7.841239e-04 3.307988e-02 2.586345e-02 1.890513e-01 7.5723508761e+04 2.0407734800e+05 2.0393044945e+05
1783.8915 4.998944e-02 6.870952e-02 8.011908e-04 3.244823e-02 2.529106e-02 1.891121e-01 7.5748047104e+04 2.0407474334e+05 2.0391072335e+05
1784.8920 5.003709e-02 6.819572e-02 7.745688e-04 3.495553e-02 2.688764e-02 1.824512e-01 7.5741742530e+04 2.0405390681e+05 2.0393915350e+05
1785.8925 5.206708e-02 7.216056e-02 7.695207e-04 4.167156e-02 3.145319e-02 1.712042e-01 7.5707583618e+04 2.0401409093e+05 2.0401073831e+05
1786.8930 5.712782e-02 7.906583e-02 7.763585e-04 5.052663e-02 3.742604e-02 1.550460e-01 7.5652284276e+04 2.0395715750e+05 2.0411871295e+05
1787.8935 6.283132e-02 8.972914e-02 7.049664e-04 6.087631e-02 4.462864e-02 1.361552e-01 7.5584228119e+04 2.0388607463e+05 2.0425183807e+05
1788.8940 6.953906e-02 1.026854e-01 6.794910e-04 7.228842e-02 5.266212e-02 1.160389e-01 7.5510841862e+04 2.0380714305e+05 2.0439649920e+05
1789.8945 7.709497e-02 1.169280e-01 6.485676e-04 8.312321e-02 6.007216e-02 9.748752e-02 7.5438925734e+04 2.0372798764e+05 2.0453891809e+05
1790.8950 8.391081e-02 1.291826e-01 5.976906e-04 9.233691e-02 6.664657e-02 8.225054e-02 7.5377464364e+04 2.0365550620e+05 2.0466495893e+05
1791.8955 8.880725e-02 1.355946e-01 6.205628e-04 9.845062e-02 7.106880e-02 7.142485e-02 7.5335509081e+04 2.0359596626e+05 2.0476195484e+05
1792.8960 8.932966e-02 1.369568e-01 5.779348e-04 1.019709e-01 7.357975e-02 6.675869e-02 7.5320064636e+04 2.0355442673e+05 2.0481765036e+05
1793.8965 8.834259e-02 1.345050e-01 5.908127e-04 1.018662e-01 7.365559e-02 6.780372e-02 7.5333796553e+04 2.0353560071e+05 2.0482377287e+05
1794.8970 8.682298e-02 1.311059e-01 5.978155e-04 9.754622e-02 7.051551e-02 7.552354e-02 7.5375484623e+04 2.0354254175e+05 2.0477696717e+05
1795.8975 8.448645e-02 1.265478e-01 6.368115e-04 9.072622e-02 6.588669e-02 8.846107e-02 7.5442487323e+04 2.0357603419e+05 2.0467865555e+05
1796.8980 8.037601e-02 1.205559e-01 6.396300e-04 8.091609e-02 5.902175e-02 1.049034e-01 7.5529227308e+04 2.0363294628e+05 2.0453909374e+05
1797.8985 7.360166e-02 1.116339e-01 7.023237e-04 7.015488e-02 5.151071e-02 1.232309e-01 7.5628211561e+04 2.0370722688e+05 2.0437210676e+05
1798.8990 6.646520e-02 1.001357e-01 7.076613e-04 5.921294e-02 4.392763e-02 1.421705e-01 7.5728758870e+04 2.0379031060e+05 2.0419581214e+05
1799.8995 6.006804e-02 8.797852e-02 7.579682e-04 4.876974e-02 3.662667e-02 1.590731e-01 7.5821928907e+04 2.0387118624e+05 2.0402959073e+05
1800.9000 5.469354e-02 7.725103e-02 7.687025e-04 4.022275e-02 3.077029e-02 1.724174e-01 7.5900865301e+04 2.0393751330e+05 2.0389122396e+05
1801.9005 5.156185e-02 6.883353e-02 7.674556e-04 3.425813e-02 2.663812e-02 1.815802e-01 7.5960575962e+04 2.0397823937e+05 2.0379585293e+05
1802.9010 4.972028e-02 6.468965e-02 7.979810e-04 3.151807e-02 2.471730e-02 1.846642e-01 7.5998069719e+04 2.0398657729e+05 2.0375308985e+05
1803.9015 5.023335e-02 6.508836e-02 7.817718e-04 3.207320e-02 2.513076e-02 1.814011e-01 7.6009247430e+04 2.0396316673e+05 2.0376591153e+05
1804.9020 5.227982e-02 6.943098e-02 7.909961e-04 3.620019e-02 2.815819e-02 1.736573e-01 7.5992279520e+04 2.0391331035e+05 2.0383038078e+05
1805.9025 5.505586e-02 7.689537e-02 7.567981e-04 4.289811e-02 3.275049e-02 1.604283e-01 7.5950148169e+04 2.0384480492e+05 2.0393770058e+05
1806.9030 6.026945e-02 8.490805e-02 7.087657e-04 5.224167e-02 3.933774e-02 1.443034e-01 7.5889006466e+04 2.0376495771e+05 2.0407349827e+05
1807.9035 6.586612e-02 9.385984e-02 7.184671e-04 6.272999e-02 4.661576e-02 1.256165e-01 7.5819850290e+04 2.0368046704e+05 2.0422164482e+05
1808.9040 6.980743e-02 1.040099e-01 6.685868e-04 7.335614e-02 5.392524e-02 1.078589e-01 7.5751938872e+04 2.0359984912e+05 2.0436450033e+05
1809.9045 7.589848e-02 1.147373e-01 6.576189e-04 8.330291e-02 6.076990e-02 9.185091e-02 7.5691433697e+04 2.0353181905e+05 2.0448593706e+05
1810.9050 8.261851e-02 1.249640e-01 6.046832e-04 9.066060e-02 6.560001e-02 7.900786e-02 7.5644992654e+04 2.0348312051e+05 2.0457458293e+05
1811.9055 8.702288e-02 1.329308e-01 6.028015e-04 9.631288e-02 6.928313e-02 7.155259e-02 7.5618512610e+04 2.0345630975e+05 2.0462208507e+05
1812.9060 8.799526e-02 1.357921e-01 5.926206e-04 9.842359e-02 7.050934e-02 6.875646e-02 7.5616959038e+04 2.0345122791e+05 2.0462695459e+05
1813.9065 8.556177e-02 1.340831e-01 6.035394e-04 9.720265e-02 6.938361e-02 7.229000e-02 7.5640880918e+04 2.0346543618e+05 2.0459004689e+05
1814.9070 8.240522e-02 1.290982e-01 6.143341e-04 9.327521e-02 6.657293e-02 8.097860e-02 7.5687676046e+04 2.0349598528e+05 2.0451512843e+05
1815.9075 7.930287e-02 1.219831e-01 6.090226e-04 8.570588e-02 6.130457e-02 9.297665e-02 7.5753866560e+04 2.0353879107e+05 2.0441059594e+05
1816.9080 7.440125e-02 1.143097e-01 6.792694e-04 7.702226e-02 5.534394e-02 1.083388e-01 7.5835415276e+04 2.0358705637e+05 2.0428551314e+05
1817.9085 6.877516e-02 1.047201e-01 6.675516e-04 6.679946e-02 4.848985e-02 1.250253e-01 7.5926311638e+04 2.0363538653e+05 2.0415258836e+05
1818.9090 6.487527e-02 9.374875e-02 7.026932e-04 5.661370e-02 4.169266e-02 1.405646e-01 7.6017233576e+04 2.0368040674e+05 2.0402313927e+05
1819.9095 5.935012e-02 8.320769e-02 7.388593e-04 4.757759e-02 3.594978e-02 1.552281e-01 7.6099606674e+04 2.0372052244e+05 2.0390719771e+05
1820.9100 5.338778e-02 7.377893e-02 7.575073e-04 4.006472e-02 3.116038e-02 1.666166e-01 7.6166139245e+04 2.0375377009e+05 2.0381399500e+05
1821.9105 5.121549e-02 6.791235e-02 7.707368e-04 3.515314e-02 2.801448e-02 1.729419e-01 7.6212304501e+04 2.0377523169e+05 2.0375031327e+05
1822.9110 5.017733e-02 6.537516e-02 7.832607e-04 3.293476e-02 2.681947e-02 1.749829e-01 7.6238192468e+04 2.0378048503e+05 2.0372113100e+05
1823.9115 5.019377e-02 6.545545e-02 7.903708e-04 3.374455e-02 2.746911e-02 1.727074e-01 7.6244167772e+04 2.0376751742e+05 2.0372847348e+05
1824.9120 5.259362e-02 6.954965e-02 7.538427e-04 3.753294e-02 2.999087e-02 1.649519e-01 7.6229034941e+04 2.0373823329e+05 2.0377079328e+05
1825.9125 5.636225e-02 7.672311e-02 7.436645e-04 4.408087e-02 3.433730e-02 1.539446e-01 7.6193927741e+04 2.0369617946e+05 2.0384365735e+05
1826.9130 6.189212e-02 8.606344e-02 7.265458e-04 5.208235e-02 3.944284e-02 1.391635e-01 7.6142502219e+04 2.0364493546e+05 2.0394109873e+05
1827.9135 6.729015e-02 9.700763e-02 6.927710e-04 6.163200e-02 4.554292e-02 1.245417e-01 7.6081767310e+04 2.0358582840e+05 2.0405389338e+05
1828.9140 7.099186e-02 1.055014e-01 6.862475e-04 7.151817e-02 5.182312e-02 1.089478e-01 7.6022056419e+04 2.0352283764e+05 2.0417148858e+05
1829.9145 7.476263e-02 1.128339e-01 6.438139e-04 8.018504e-02 5.723881e-02 9.462914e-02 7.5969601613e+04 2.0346061740e+05 2.0428183616e+05
1830.9150 7.902246e-02 1.206501e-01 6.375465e-04 8.792943e-02 6.227250e-02 8.352403e-02 7.5929872748e+04 2.0340502208e+05 2.0437165086e+05
1831.9155 8.265484e-02 1.277069e-01 6.056035e-04 9.251620e-02 6.507975e-02 7.570481e-02 7.5908185741e+04 2.0336224900e+05 2.0443194266e+05
1832.9160 8.567690e-02 1.321200e-01 6.221946e-04 9.481541e-02 6.658124e-02 7.356635e-02 7.5907017598e+04 2.0333668355e+05 2.0445501467e+05
1833.9165 8.567339e-02 1.317602e-01 5.878286e-04 9.410205e-02 6.627777e-02 7.549829e-02 7.5928234656e+04 2.0333183293e+05 2.0443837597e+05
1834.9170 8.196311e-02 1.263812e-01 6.308390e-04 9.023625e-02 6.397021e-02 8.085861e-02 7.5970452560e+04 2.0334924455e+05 2.0438274909e+05
1835.9175 7.769695e-02 1.183705e-01 6.462205e-04 8.481788e-02 6.070737e-02 9.157887e-02 7.6028126353e+04 2.0338693398e+05 2.0429152060e+05
1836.9180 7.458440e-02 1.098619e-01 6.427769e-04 7.642361e-02 5.553398e-02 1.045237e-01 7.6097641267e+04 2.0343951915e+05 2.0417431739e+05
1837.9185 6.973628e-02 1.012469e-01 6.818515e-04 6.719189e-02 4.980464e-02 1.184965e-01 7.6176719289e+04 2.0349828835e+05 2.0404230259e+05
1838.9190 6.489844e-02 9.323717e-02 6.871384e-04 5.789840e-02 4.396165e-02 1.338491e-01 7.6259270617e+04 2.0355354624e+05 2.0390954564e+05
1839.9195 6.142085e-02 8.341699e-02 7.373248e-04 4.882229e-02 3.809461e-02 1.473615e-01 7.6338221682e+04 2.0359997725e+05 2.0379012236e+05
1840.9200 5.742503e-02 7.503139e-02 7.352220e-04 4.134520e-02 3.318262e-02 1.577025e-01 7.6405787401e+04 2.0363352086e+05 2.0369478317e+05
1841.9205 5.344514e-02 6.954219e-02 7.551650e-04 3.601019e-02 2.943325e-02 1.664721e-01 7.6454765331e+04 2.0365167870e+05 2.0363160476e+05
1842.9210 5.225290e-02 6.709856e-02 7.753205e-04 3.322646e-02 2.719711e-02 1.707227e-01 7.6482617200e+04 2.0365213423e+05 2.0360505241e+05
1843.9215 5.174713e-02 6.756979e-02 7.874986e-04 3.325249e-02 2.681896e-02 1.696281e-01 7.6490985384e+04 2.0363392272e+05 2.0361549931e+05
1844.9220 5.177960e-02 7.001738e-02 7.568277e-04 3.618869e-02 2.829856e-02 1.649840e-01 7.6481345293e+04 2.0359873564e+05 2.0365939831e+05
1845.9225 5.490780e-02 7.569680e-02 7.618041e-04 4.154080e-02 3.124142e-02 1.551698e-01 7.6453833309e+04 2.0355279412e+05 2.0372996244e+05
1846.9230 5.986619e-02 8.512806e-02 7.427300e-04 4.936553e-02 3.602328e-02 1.432649e-01 7.6409998882e+04 2.0350217738e+05 2.0381839622e+05
1847.9235 6.547206e-02 9.496091e-02 7.322707e-04 5.825516e-02 4.161939e-02 1.282335e-01 7.6355451776e+04 2.0345219021e+05 2.0391694169e+05
1848.9240 7.099761e-02 1.041162e-01 6.822969e-04 6.774922e-02 4.781031e-02 1.125834e-01 7.6297218087e+04 2.0340415242e+05 2.0401729271e+05
1849.9245 7.495483e-02 1.110454e-01 6.692867e-04 7.715032e-02 5.420837e-02 9.790557e-02 7.6243468085e+04 2.0335923010e+05 2.0411115431e+05
1850.9250 7.813742e-02 1.169388e-01 6.430261e-04 8.460762e-02 5.931113e-02 8.537303e-02 7.6200591704e+04 2.0331863885e+05 2.0419090044e+05
1851.9255 8.059389e-02 1.224935e-01 6.219777e-04 9.088920e-02 6.392510e-02 7.690556e-02 7.6173421669e+04 2.0328474108e+05 2.0424781599e+05
1852.9260 8.320983e-02 1.276599e-01 6.124729e-04 9.355892e-02 6.619212e-02 7.173808e-02 7.6165485818e+04 2.0325973619e+05 2.0427775841e+05
1853.9265 8.521730e-02 1.299415e-01 6.121911e-04 9.333949e-02 6.665726e-02 7.126994e-02 7.6179373420e+04 2.0324478478e+05 2.0427714298e+05
1854.9270 8.353218e-02 1.273281e-01 6.034052e-04 9.103638e-02 6.553698e-02 7.681804e-02 7.6215544563e+04 2.0324204209e+05 2.0424460898e+05
1855.9275 7.978203e-02 1.203296e-01 6.072968e-04 8.531137e-02 6.204381e-02 8.584402e-02 7.6270310588e+04 2.0325427810e+05 2.0418203710e+05
1856.9280 7.573532e-02 1.115201e-01 6.471542e-04 7.793629e-02 5.739842e-02 9.796783e-02 7.6337577336e+04 2.0328258996e+05 2.0409151941e+05
1857.9285 7.038249e-02 1.018137e-01 6.571046e-04 6.882576e-02 5.140645e-02 1.133136e-01 7.6413013601e+04 2.0332504908e+05 2.0397958680e+05
1858.9290 6.491413e-02 9.239591e-02 7.299912e-04 5.906533e-02 4.468499e-02 1.285564e-01 7.6492792435e+04 2.0337599560e+05 2.0385537134e+05
1859.9295 6.103331e-02 8.522848e-02 7.308404e-04 5.004384e-02 3.837763e-02 1.425901e-01 7.6570806596e+04 2.0342826668e+05 2.0373002802e+05
1860.9300 5.701289e-02 7.803456e-02 7.616927e-04 4.184007e-02 3.249315e-02 1.561237e-01 7.6640888934e+04 2.0347650361e+05 2.0361649932e+05
1861.9305 5.330588e-02 7.305171e-02 8.021814e-04 3.597539e-02 2.800958e-02 1.653239e-01 7.6696190281e+04 2.0351552489e+05 2.0352604484e+05
1862.9310 5.090471e-02 7.090017e-02 7.902585e-04 3.266911e-02 2.524948e-02 1.699660e-01 7.6730210240e+04 2.0354140255e+05 2.0346862207e+05
1863.9315 5.111842e-02 6.985457e-02 8.059129e-04 3.220281e-02 2.444275e-02 1.701695e-01 7.6740671314e+04 2.0354917697e+05 2.0345109021e+05
1864.9320 5.200323e-02 7.098330e-02 7.949098e-04 3.466951e-02 2.573272e-02 1.651644e-01 7.6730224582e+04 2.0353438717e+05 2.0347602528e+05
1865.9325 5.281167e-02 7.472731e-02 7.805333e-04 4.025594e-02 2.933525e-02 1.563884e-01 7.6701954935e+04 2.0349607098e+05 2.0354063728e+05
1866.9330 5.691918e-02 8.110144e-02 7.702147e-04 4.789686e-02 3.439509e-02 1.426742e-01 7.6658449361e+04 2.0343861265e+05 2.0363790558e+05
1867.9335 6.397549e-02 9.175551e-02 7.212811e-04 5.703448e-02 4.070968e-02 1.273153e-01 7.6603287853e+04 2.0336778387e+05 2.0375668669e+05
1868.9340 7.014621e-02 1.027371e-01 6.895137e-04 6.682910e-02 4.752879e-02 1.109003e-01 7.6544244980e+04 2.0329246854e+05 2.0388406517e+05
1869.9345 7.406105e-02 1.131046e-01 6.856317e-04 7.575801e-02 5.385297e-02 9.595538e-02 7.6489160842e+04 2.0321919015e+05 2.0400657560e+05
1870.9350 7.842582e-02 1.203513e-01 6.372511e-04 8.435376e-02 6.007142e-02 8.307130e-02 7.6444639543e+04 2.0315554091e+05 2.0410932440e+05
1871.9355 8.141295e-02 1.253985e-01 6.616788e-04 9.005246e-02 6.412914e-02 7.315636e-02 7.6416281340e+04 2.0310904576e+05 2.0418097309e+05
1872.9360 8.231162e-02 1.275417e-01 6.316043e-04 9.343668e-02 6.673061e-02 6.865915e-02 7.6407905159e+04 2.0308493828e+05 2.0421162855e+05
1873.9365 8.276059e-02 1.283246e-01 6.237759e-04 9.357898e-02 6.698675e-02 6.926332e-02 7.6420564438e+04 2.0308502569e+05 2.0419805648e+05
1874.9370 8.342308e-02 1.265028e-01 6.312849e-04 9.046300e-02 6.496780e-02 7.432136e-02 7.6454561250e+04 2.0310701837e+05 2.0414248742e+05
1875.9375 8.091944e-02 1.216706e-01 6.332265e-04 8.531569e-02 6.150070e-02 8.358081e-02 7.6508799509e+04 2.0314651666e+05 2.0405147727e+05
1876.9380 7.549315e-02 1.143675e-01 6.603734e-04 7.741811e-02 5.606647e-02 9.698680e-02 7.6578122309e+04 2.0319748115e+05 2.0393628484e+05
1877.9385 6.995363e-02 1.049716e-01 6.981308e-04 6.860779e-02 4.990304e-02 1.115256e-01 7.6655404379e+04 2.0325445583e+05 2.0380816568e+05
1878.9390 6.511406e-02 9.640542e-02 7.049210e-04 5.917963e-02 4.336752e-02 1.263987e-01 7.6734143695e+04 2.0330956450e+05 2.0368012688e+05
1879.9395 5.990989e-02 8.865311e-02 7.388875e-04 4.965039e-02 3.666392e-02 1.418632e-01 7.6809551503e+04 2.0335502539e+05 2.0356478041e+05
1880.9400 5.569287e-02 8.075576e-02 7.756845e-04 4.190254e-02 3.121296e-02 1.537945e-01 7.6876844693e+04 2.0338610039e+05 2.0347184667e+05
1881.9405 5.279211e-02 7.470753e-02 7.732035e-04 3.612902e-02 2.712421e-02 1.621345e-01 7.6930044126e+04 2.0339993896e+05 2.0340896887e+05
1882.9410 5.114474e-02 6.987280e-02 8.123807e-04 3.269547e-02 2.467909e-02 1.664695e-01 7.6963969049e+04 2.0339864546e+05 2.0337958952e+05
1883.9415 5.095157e-02 6.832501e-02 8.062632e-04 3.218468e-02 2.434971e-02 1.660184e-01 7.6975108652e+04 2.0338489205e+05 2.0338343593e+05
1884.9420 5.239614e-02 7.097109e-02 8.043358e-04 3.501812e-02 2.619721e-02 1.610481e-01 7.6963892741e+04 2.0336006036e+05 2.0341790844e+05
1885.9425 5.539709e-02 7.683864e-02 8.075220e-04 4.016134e-02 2.968880e-02 1.515947e-01 7.6934433782e+04 2.0332517536e+05 2.0347907397e+05
1886.9430 5.872057e-02 8.467816e-02 7.460663e-04 4.752941e-02 3.485354e-02 1.390532e-01 7.6892369898e+04 2.0328130324e+05 2.0356054166e+05
1887.9435 6.241811e-02 9.391325e-02 7.497739e-04 5.607528e-02 4.072483e-02 1.243106e-01 7.6842601397e+04 2.0323152963e+05 2.0365499330e+05
1888.9440 6.866527e-02 1.033097e-01 7.291542e-04 6.529033e-02 4.708858e-02 1.094808e-01 7.6789151120e+04 2.0317964571e+05 2.0375376285e+05
1889.9445 7.441006e-02 1.117297e-01 6.644577e-04 7.426364e-02 5.316885e-02 9.492967e-02 7.6739080764e+04 2.0312915106e+05 2.0384842439e+05
1890.9450 7.701580e-02 1.176283e-01 6.743107e-04 8.133735e-02 5.791467e-02 8.348787e-02 7.6698769820e+04 2.0308342206e+05 2.0393100601e+05
1891.9455 7.977286e-02 1.213439e-01 6.353981e-04 8.723651e-02 6.195957e-02 7.528380e-02 7.6672796499e+04 2.0304467128e+05 2.0399239213e+05
1892.9460 8.154917e-02 1.234491e-01 6.443414e-04 9.026558e-02 6.385961e-02 7.075522e-02 7.6664913762e+04 2.0301712612e+05 2.0402603779e+05
1893.9465 8.084022e-02 1.244528e-01 6.419722e-04 9.067745e-02 6.407766e-02 7.107205e-02 7.6676790026e+04 2.0300441441e+05 2.0402642371e+05
1894.9470 7.942354e-02 1.252052e-01 6.419829e-04 8.838088e-02 6.245402e-02 7.565201e-02 7.6707386963e+04 2.0300808892e+05 2.0399214123e+05
1895.9475 7.926420e-02 1.239829e-01 6.440606e-04 8.309560e-02 5.887261e-02 8.407839e-02 7.6754278134e+04 2.0302778810e+05 2.0392618782e+05
1896.9480 7.552121e-02 1.187412e-01 6.927579e-04 7.665336e-02 5.450996e-02 9.491528e-02 7.6816351200e+04 2.0306166335e+05 2.0383385922e+05
1897.9485 6.988978e-02 1.091466e-01 6.804404e-04 6.855511e-02 4.904474e-02 1.075784e-01 7.6887681910e+04 2.0310605846e+05 2.0372463788e+05
1898.9490 6.593378e-02 9.748206e-02 6.985510e-04 5.952391e-02 4.309052e-02 1.221922e-01 7.6960243018e+04 2.0315599168e+05 2.0360857826e+05
1899.9495 6.193293e-02 8.726584e-02 7.881976e-04 5.119038e-02 3.756103e-02 1.345444e-01 7.7029535449e+04 2.0320569099e+05 2.0349587692e+05
1900.9500 5.712201e-02 7.968470e-02 7.594857e-04 4.362686e-02 3.255111e-02 1.453392e-01 7.7091469271e+04 2.0324753415e+05 2.0339784817e+05
1901.9505 5.431487e-02 7.457732e-02 8.093369e-04 3.791021e-02 2.875252e-02 1.542255e-01 7.7141580305e+04 2.0327480401e+05 2.0332391030e+05
1902.9510 5.433494e-02 7.264815e-02 7.753024e-04 3.426537e-02 2.647453e-02 1.586988e-01 7.7176839040e+04 2.0328366662e+05 2.0328115207e+05
1903.9515 5.285323e-02 7.290483e-02 8.177936e-04 3.330360e-02 2.585755e-02 1.592506e-01 7.7195458769e+04 2.0327443157e+05 2.0327265744e+05
1904.9520 5.172921e-02 7.611878e-02 8.232754e-04 3.481533e-02 2.681207e-02 1.561491e-01 7.7195035297e+04 2.0324907721e+05 2.0329791115e+05
1905.9525 5.547743e-02 8.004276e-02 7.675793e-04 3.891626e-02 2.957642e-02 1.487646e-01 7.7175307329e+04 2.0321122267e+05 2.0335260586e+05
1906.9530 5.887000e-02 8.393543e-02 7.710369e-04 4.484840e-02 3.345658e-02 1.391158e-01 7.7141894851e+04 2.0316424573e+05 2.0342996929e+05
1907.9535 6.037639e-02 8.779699e-02 7.263535e-04 5.253519e-02 3.862273e-02 1.270601e-01 7.7101638707e+04 2.0311175357e+05 2.0352027494e+05
1908.9540 6.492498e-02 9.346504e-02 7.423862e-04 6.059519e-02 4.382845e-02 1.130880e-01 7.7057483755e+04 2.0305889581e+05 2.0361351231e+05
1909.9545 6.949883e-02 1.015823e-01 6.898154e-04 6.858718e-02 4.914471e-02 1.009493e-01 7.7013598798e+04 2.0301157030e+05 2.0369914059e+05
1910.9550 7.308494e-02 1.103095e-01 6.859307e-04 7.624527e-02 5.413175e-02 8.969477e-02 7.6975329989e+04 2.0297463917e+05 2.0376886368e+05
1911.9555 7.645079e-02 1.185366e-01 6.653771e-04 8.180086e-02 5.767683e-02 8.043997e-02 7.6946390721e+04 2.0294980733e+05 2.0381810543e+05
1912.9560 7.872834e-02 1.244986e-01 6.509359e-04 8.576884e-02 6.031072e-02 7.491973e-02 7.6931000050e+04 2.0293612527e+05 2.0384333063e+05
1913.9565 7.880022e-02 1.267452e-01 6.369984e-04 8.746016e-02 6.143694e-02 7.290071e-02 7.6932698399e+04 2.0293257324e+05 2.0384390560e+05
1914.9570 7.761048e-02 1.244604e-01 6.576708e-04 8.632562e-02 6.074536e-02 7.467295e-02 7.6951279964e+04 2.0293865834e+05 2.0382068633e+05
1915.9575 7.637659e-02 1.202847e-01 6.727732e-04 8.336450e-02 5.883212e-02 7.962831e-02 7.6985203176e+04 2.0295228765e+05 2.0377525946e+05
1916.9580 7.514603e-02 1.138656e-01 6.313972e-04 7.763558e-02 5.512451e-02 8.851822e-02 7.7032881796e+04 2.0297105375e+05 2.0371219305e+05
1917.9585 7.290818e-02 1.065702e-01 6.845055e-04 7.052324e-02 5.049812e-02 9.971847e-02 7.7091768003e+04 2.0299252406e+05 2.0363579256e+05
1918.9590 6.857646e-02 9.963524e-02 7.091679e-04 6.296314e-02 4.570688e-02 1.108866e-01 7.7158126537e+04 2.0301582778e+05 2.0355117013e+05
1919.9595 6.353689e-02 9.275491e-02 7.281157e-04 5.480886e-02 4.027389e-02 1.231299e-01 7.7225301795e+04 2.0304063858e+05 2.0346453373e+05
1920.9600 6.030364e-02 8.691473e-02 7.906362e-04 4.754129e-02 3.548535e-02 1.352535e-01 7.7286803141e+04 2.0306626745e+05 2.0338093578e+05
1921.9605 5.726719e-02 8.272131e-02 7.639891e-04 4.101410e-02 3.118239e-02 1.445166e-01 7.7340423185e+04 2.0308996649e+05 2.0330712860e+05
1922.9610 5.454399e-02 7.751785e-02 8.070329e-04 3.626285e-02 2.795977e-02 1.510150e-01 7.7384144449e+04 2.0310836143e+05 2.0324886755e+05
1923.9615 5.315273e-02 7.261600e-02 7.898742e-04 3.374529e-02 2.618937e-02 1.546036e-01 7.7414984233e+04 2.0311822814e+05 2.0321097390e+05
1924.9620 5.292484e-02 6.940295e-02 7.926752e-04 3.366223e-02 2.604697e-02 1.541599e-01 7.7430147209e+04 2.0311929792e+05 2.0319645157e+05
1925.9625 5.305895e-02 6.972607e-02 8.236947e-04 3.571214e-02 2.737879e-02 1.504218e-01 7.7427131353e+04 2.0311217899e+05 2.0320655422e+05
1926.9630 5.548023e-02 7.352043e-02 7.811095e-04 4.034441e-02 3.024871e-02 1.427859e-01 7.7406357266e+04 2.0309652185e+05 2.0324054922e+05
1927.9635 5.878238e-02 8.066888e-02 7.827017e-04 4.645475e-02 3.408535e-02 1.323734e-01 7.7372101269e+04 2.0307042177e+05 2.0329687315e+05
1928.9640 6.080123e-02 9.011790e-02 7.294582e-04 5.420460e-02 3.919141e-02 1.209003e-01 7.7330281606e+04 2.0303297352e+05 2.0337102908e+05
1929.9645 6.501510e-02 9.936217e-02 6.959939e-04 6.251988e-02 4.448553e-02 1.075616e-01 7.7285053934e+04 2.0298649417e+05 2.0345722485e+05
1930.9650 6.932748e-02 1.084526e-01 7.140680e-04 7.003782e-02 4.946367e-02 9.509813e-02 7.7240801507e+04 2.0293493204e+05 2.0354758616e+05
1931.9655 7.211417e-02 1.152668e-01 6.652859e-04 7.703484e-02 5.411358e-02 8.436550e-02 7.7202682012e+04 2.0288394656e+05 2.0363250510e+05
1932.9660 7.729978e-02 1.195024e-01 6.510044e-04 8.221314e-02 5.763194e-02 7.579579e-02 7.7173716240e+04 2.0283843668e+05 2.0370312610e+05
1933.9665 7.981635e-02 1.200928e-01 6.370805e-04 8.530314e-02 5.973799e-02 7.087550e-02 7.7159640087e+04 2.0280365892e+05 2.0375056558e+05
1934.9670 7.731659e-02 1.191729e-01 6.564026e-04 8.634197e-02 6.064655e-02 6.954321e-02 7.7163747006e+04 2.0278413145e+05 2.0376720183e+05
1935.9675 7.674648e-02 1.176309e-01 6.199769e-04 8.409258e-02 5.935964e-02 7.264040e-02 7.7183621286e+04 2.0278284668e+05 2.0374969368e+05
1936.9680 7.731289e-02 1.165453e-01 7.035599e-04 8.033535e-02 5.694112e-02 7.899117e-02 7.7218889947e+04 2.0280008280e+05 2.0369718023e+05
1937.9685 7.368230e-02 1.134723e-01 6.654346e-04 7.446100e-02 5.308771e-02 8.791432e-02 7.7270720251e+04 2.0283298796e+05 2.0361549796e+05
1938.9690 7.001957e-02 1.081850e-01 7.094667e-04 6.670915e-02 4.794675e-02 9.977867e-02 7.7334525867e+04 2.0287478979e+05 2.0351390411e+05
1939.9695 6.732351e-02 1.000844e-01 7.237405e-04 5.877999e-02 4.269929e-02 1.132511e-01 7.7404058690e+04 2.0292070279e+05 2.0340261782e+05
1940.9700 6.295962e-02 9.003143e-02 7.306644e-04 5.034170e-02 3.695211e-02 1.259720e-01 7.7474384214e+04 2.0296590735e+05 2.0329349198e+05
1941.9705 5.820680e-02 7.997429e-02 8.270577e-04 4.269640e-02 3.182151e-02 1.374881e-01 7.7539109633e+04 2.0300496509e+05 2.0319619223e+05
1942.9710 5.438701e-02 7.177314e-02 7.656505e-04 3.665826e-02 2.765224e-02 1.472670e-01 7.7593511587e+04 2.0303265389e+05 2.0311916171e+05
1943.9715 5.189359e-02 6.613066e-02 8.273029e-04 3.265799e-02 2.475075e-02 1.534321e-01 7.7634794410e+04 2.0304572033e+05 2.0306828338e+05
1944.9720 5.017360e-02 6.449212e-02 7.947448e-04 3.100970e-02 2.350587e-02 1.556869e-01 7.7660152863e+04 2.0304410321e+05 2.0304625071e+05
1945.9725 4.984156e-02 6.691814e-02 7.951014e-04 3.216996e-02 2.399752e-02 1.532984e-01 7.7666788369e+04 2.0303011179e+05 2.0305307817e+05
1946.9730 5.166481e-02 7.431097e-02 8.176065e-04 3.576291e-02 2.623764e-02 1.470373e-01 7.7652273223e+04 2.0300674462e+05 2.0308744674e+05
1947.9735 5.578778e-02 8.278650e-02 7.633460e-04 4.186195e-02 3.022624e-02 1.372112e-01 7.7619183312e+04 2.0297559500e+05 2.0314647821e+05
1948.9740 5.922646e-02 8.876180e-02 7.535752e-04 4.945061e-02 3.521139e-02 1.245501e-01 7.7573792136e+04 2.0293774568e+05 2.0322601321e+05
1949.9745 6.273374e-02 9.322218e-02 7.497163e-04 5.794575e-02 4.107728e-02 1.104730e-01 7.7521475923e+04 2.0289378255e+05 2.0331901043e+05
1950.9750 6.698718e-02 9.816747e-02 7.083662e-04 6.708580e-02 4.721138e-02 9.616513e-02 7.7467665504e+04 2.0284608757e+05 2.0341638531e+05
1951.9755 7.166168e-02 1.051295e-01 6.749959e-04 7.483436e-02 5.263126e-02 8.325004e-02 7.7418167038e+04 2.0279806105e+05 2.0350917094e+05
1952.9760 7.618084e-02 1.135564e-01 6.535660e-04 8.100818e-02 5.699402e-02 7.263849e-02 7.7379387602e+04 2.0275271211e+05 2.0358814668e+05
1953.9765 7.913798e-02 1.214697e-01 6.548874e-04 8.561746e-02 6.024997e-02 6.589395e-02 7.7356654284e+04 2.0271354007e+05 2.0364522449e+05
1954.9770 8.074958e-02 1.254033e-01 6.287972e-04 8.696938e-02 6.127420e-02 6.379647e-02 7.7353331182e+04 2.0268473517e+05 2.0367499341e+05
1955.9775 7.989300e-02 1.252756e-01 6.635584e-04 8.637128e-02 6.101082e-02 6.525278e-02 7.7370121837e+04 2.0267128551e+05 2.0367176633e+05
1956.9780 7.755157e-02 1.211334e-01 6.458402e-04 8.252738e-02 5.851006e-02 7.145495e-02 7.7405253442e+04 2.0267611145e+05 2.0363444802e+05
1957.9785 7.554776e-02 1.129905e-01 7.026920e-04 7.627458e-02 5.433037e-02 8.197988e-02 7.7456962595e+04 2.0269883467e+05 2.0356408350e+05
1958.9790 7.174237e-02 1.042406e-01 6.929992e-04 6.847599e-02 4.901824e-02 9.543507e-02 7.7522993402e+04 2.0273626149e+05 2.0346552332e+05
1959.9795 6.683704e-02 9.370431e-02 7.382721e-04 5.936739e-02 4.266330e-02 1.092895e-01 7.7599160084e+04 2.0278505637e+05 2.0334742892e+05
1960.9800 6.178810e-02 8.347401e-02 7.619132e-04 5.030015e-02 3.643835e-02 1.236543e-01 7.7677564900e+04 2.0284057746e+05 2.0322002287e+05
1961.9805 5.634169e-02 7.697047e-02 7.517695e-04 4.189881e-02 3.050497e-02 1.377945e-01 7.7749530609e+04 2.0289739757e+05 2.0309609938e+05
1962.9810 5.288592e-02 7.377435e-02 8.466021e-04 3.531978e-02 2.569650e-02 1.480511e-01 7.7808659349e+04 2.0294855921e+05 2.0298892593e+05
1963.9815 4.996549e-02 7.206188e-02 8.075849e-04 3.076742e-02 2.242627e-02 1.548733e-01 7.7851524223e+04 2.0298541385e+05 2.0291149591e+05
1964.9820 4.823517e-02 6.977910e-02 8.764165e-04 2.879510e-02 2.089960e-02 1.573910e-01 7.7875972726e+04 2.0300107187e+05 2.0287332725e+05
1965.9825 4.723124e-02 6.828366e-02 8.332935e-04 2.964151e-02 2.155334e-02 1.551023e-01 7.7880771186e+04 2.0299236093e+05 2.0287860762e+05
1966.9830 4.874638e-02 6.915732e-02 7.997898e-04 3.367661e-02 2.430860e-02 1.478663e-01 7.7864607937e+04 2.0296069840e+05 2.0292566904e+05
1967.9835 5.272380e-02 7.362758e-02 8.078525e-04 3.975440e-02 2.862726e-02 1.375261e-01 7.7828933830e+04 2.0290996573e+05 2.0300869286e+05
1968.9840 5.844904e-02 8.038210e-02 7.583326e-04 4.730912e-02 3.410916e-02 1.237859e-01 7.7779351429e+04 2.0284587064e+05 2.0311769514e+05
1969.9845 6.216184e-02 8.908035e-02 7.370290e-04 5.647101e-02 4.050426e-02 1.088108e-01 7.7723887569e+04 2.0277445070e+05 2.0323943079e+05
1970.9850 6.661759e-02 9.915719e-02 7.179711e-04 6.551010e-02 4.695300e-02 9.398479e-02 7.7668061116e+04 2.0270346356e+05 2.0336011337e+05
1971.9855 7.188529e-02 1.095585e-01 6.709885e-04 7.392013e-02 5.282264e-02 8.039893e-02 7.7617749810e+04 2.0264157887e+05 2.0346568511e+05
1972.9860 7.511997e-02 1.189877e-01 6.967491e-04 8.063224e-02 5.755016e-02 7.027609e-02 7.7579286769e+04 2.0259536610e+05 2.0354472573e+05
1973.9865 7.847599e-02 1.236626e-01 6.462260e-04 8.453544e-02 6.025212e-02 6.389408e-02 7.7557929545e+04 2.0256824444e+05 2.0358993938e+05
1974.9870 8.051278e-02 1.234993e-01 6.465849e-04 8.644404e-02 6.161911e-02 6.167654e-02 7.7557438225e+04 2.0256089752e+05 2.0359654924e+05
1975.9875 7.908270e-02 1.191839e-01 6.612760e-04 8.490763e-02 6.042322e-02 6.469395e-02 7.7579427166e+04 2.0257235585e+05 2.0356533889e+05
1976.9880 7.663545e-02 1.124911e-01 7.071825e-04 8.106275e-02 5.765788e-02 7.172543e-02 7.7620382481e+04 2.0260152005e+05 2.0349869474e+05
1977.9885 7.270644e-02 1.071967e-01 6.861474e-04 7.468309e-02 5.309224e-02 8.305897e-02 7.7675799114e+04 2.0264463832e+05 2.0340372884e+05
1978.9890 6.903458e-02 1.012127e-01 7.410318e-04 6.654331e-02 4.716656e-02 9.596872e-02 7.7742717131e+04 2.0269532357e+05 2.0329042929e+05
1979.9895 6.393356e-02 9.478485e-02 7.209022e-04 5.784052e-02 4.099301e-02 1.106839e-01 7.7816532162e+04 2.0274636371e+05 2.0317031584e+05
1980.9900 5.847981e-02 8.836637e-02 7.578612e-04 4.893955e-02 3.452875e-02 1.255436e-01 7.7890952949e+04 2.0279137047e+05 2.0305583366e+05
1981.9905 5.358879e-02 8.165215e-02 8.074567e-04 4.116893e-02 2.907626e-02 1.378500e-01 7.7958658835e+04 2.0282741150e+05 2.0295709474e+05
1982.9910 5.082790e-02 7.491829e-02 8.045094e-04 3.471789e-02 2.463301e-02 1.472102e-01 7.8012283765e+04 2.0285239019e+05 2.0288292638e+05
1983.9915 4.926008e-02 6.928133e-02 8.490129e-04 3.053707e-02 2.186885e-02 1.529980e-01 7.8047960704e+04 2.0286419468e+05 2.0283879226e+05
1984.9920 4.837317e-02 6.504554e-02 7.921848e-04 2.914464e-02 2.116504e-02 1.542201e-01 7.8065257199e+04 2.0286086171e+05 2.0282730919e+05
1985.9925 4.879533e-02 6.372473e-02 8.144708e-04 3.066170e-02 2.250217e-02 1.505529e-01 7.8064441329e+04 2.0284197827e+05 2.0284773394e+05
1986.9930 5.033821e-02 6.719640e-02 8.236561e-04 3.449211e-02 2.545396e-02 1.435485e-01 7.8045976894e+04 2.0280969941e+05 2.0289654502e+05
1987.9935 5.384686e-02 7.570427e-02 7.845280e-04 4.031842e-02 2.977356e-02 1.322007e-01 7.8012197276e+04 2.0276783887e+05 2.0296782119e+05
1988.9940 5.815467e-02 8.659262e-02 7.798700e-04 4.808111e-02 3.525599e-02 1.195127e-01 7.7967243578e+04 2.0272001286e+05 2.0305430399e+05
1989.9945 6.297004e-02 9.644255e-02 7.541796e-04 5.641281e-02 4.121678e-02 1.060488e-01 7.7917308061e+04 2.0266927049e+05 2.0314875903e+05
1990.9950 6.789540e-02 1.034218e-01 7.231441e-04 6.461720e-02 4.689048e-02 9.208722e-02 7.7868900980e+04 2.0261896197e+05 2.0324271930e+05
1991.9955 7.132986e-02 1.080123e-01 6.845410e-04 7.183905e-02 5.188011e-02 8.106531e-02 7.7827187043e+04 2.0257280724e+05 2.0332687421e+05
1992.9960 7.399103e-02 1.106410e-01 6.948291e-04 7.773896e-02 5.575384e-02 7.177719e-02 7.7797227961e+04 2.0253542398e+05 2.0339188600e+05
1993.9965 7.601317e-02 1.128099e-01 6.467037e-04 8.178153e-02 5.833289e-02 6.650890e-02 7.7782317875e+04 2.0250985417e+05 2.0343016884e+05
1994.9970 7.757046e-02 1.150515e-01 6.634800e-04 8.241976e-02 5.845923e-02 6.568606e-02 7.7785258676e+04 2.0249765149e+05 2.0343792682e+05
1995.9975 7.641340e-02 1.162352e-01 6.834972e-04 8.136063e-02 5.741026e-02 6.879472e-02 7.7807549358e+04 2.0250009701e+05 2.0341274417e+05
1996.9980 7.326384e-02 1.156785e-01 6.500565e-04 7.763794e-02 5.442904e-02 7.538841e-02 7.7846661244e+04 2.0251766059e+05 2.0335757940e+05
1997.9985 7.063962e-02 1.110046e-01 7.131068e-04 7.207906e-02 5.041345e-02 8.456262e-02 7.7898343691e+04 2.0254938011e+05 2.0327728956e+05
1998.9990 6.751961e-02 1.037155e-01 7.188299e-04 6.499899e-02 4.536739e-02 9.665505e-02 7.7957845891e+04 2.0259136094e+05 2.0317997812e+05
1999.9995 6.283012e-02 9.470774e-02 7.470208e-04 5.697186e-02 3.989608e-02 1.094320e-01 7.8021901453e+04 2.0263778930e+05 2.0307528434e+05
2001.0000 5.883871e-02 8.465892e-02 7.724932e-04 4.923078e-02 3.468011e-02 1.216125e-01 7.8085776284e+04 2.0268207524e+05 2.0297306909e+05
2002.0005 5.550184e-02 7.525217e-02 7.924368e-04 4.202681e-02 2.992031e-02 1.321404e-01 7.8143956916e+04 2.0271960368e+05 2.0288312968e+05
2003.0010 5.254661e-02 6.998357e-02 8.213636e-04 3.641646e-02 2.635433e-02 1.406853e-01 7.8191316789e+04 2.0274548079e+05 2.0281343117e+05
2004.0015 5.102666e-02 6.872488e-02 8.111140e-04 3.293056e-02 2.428052e-02 1.451426e-01 7.8224586462e+04 2.0275684110e+05 2.0277036856e+05
2005.0020 5.096348e-02 7.071495e-02 8.160968e-04 3.152391e-02 2.353694e-02 1.463252e-01 7.8241563873e+04 2.0275165844e+05 2.0275814873e+05
2006.0025 5.126888e-02 7.446071e-02 8.346920e-04 3.227340e-02 2.429476e-02 1.446808e-01 7.8243191096e+04 2.0272935752e+05 2.0277725675e+05
2007.0030 5.218631e-02 7.645667e-02 8.051538e-04 3.535040e-02 2.654189e-02 1.382034e-01 7.8231472728e+04 2.0269354232e+05 2.0282410501e+05
2008.0035 5.405547e-02 7.895888e-02 7.903527e-04 4.051179e-02 3.015261e-02 1.300744e-01 7.8207240417e+04 2.0264836067e+05 2.0289151708e+05
2009.0040 5.763371e-02 8.205842e-02 7.686799e-04 4.677426e-02 3.449686e-02 1.196615e-01 7.8173538398e+04 2.0260042195e+05 2.0297044491e+05
2010.0045 6.183947e-02 8.712446e-02 7.395976e-04 5.383993e-02 3.925581e-02 1.075705e-01 7.8134449788e+04 2.0255530464e+05 2.0305108446e+05
2011.0050 6.557043e-02 9.439758e-02 7.327435e-04 6.077406e-02 4.385157e-02 9.636998e-02 7.8094655202e+04 2.0251652433e+05 2.0312513862e+05
2012.0055 6.919552e-02 1.017084e-01 7.203839e-04 6.796384e-02 4.845707e-02 8.558101e-02 7.8059101762e+04 2.0248702011e+05 2.0318537178e+05
2013.0060 7.142868e-02 1.083759e-01 6.942039e-04 7.386443e-02 5.222756e-02 7.685131e-02 7.8031511491e+04 2.0246797787e+05 2.0322805073e+05
2014.0065 7.341901e-02 1.149595e-01 6.965214e-04 7.733675e-02 5.431567e-02 7.143033e-02 7.8014867911e+04 2.0245736377e+05 2.0325173077e+05
2015.0070 7.463430e-02 1.187636e-01 6.768110e-04 7.952940e-02 5.570612e-02 6.896177e-02 7.8012127286e+04 2.0245405954e+05 2.0325528973e+05
2016.0075 7.484713e-02 1.181770e-01 6.845146e-04 7.902947e-02 5.518580e-02 6.957064e-02 7.8025370231e+04 2.0245556725e+05 2.0324083865e+05
2017.0080 7.383311e-02 1.124315e-01 7.028970e-04 7.674900e-02 5.364607e-02 7.404862e-02 7.8054378168e+04 2.0246068271e+05 2.0320916025e+05
2018.0085 7.143560e-02 1.052059e-01 6.838564e-04 7.193009e-02 5.049577e-02 8.156016e-02 7.8096587688e+04 2.0246939961e+05 2.0316230903e+05
2019.0090 6.869144e-02 9.810235e-02 7.312787e-04 6.563899e-02 4.644340e-02 9.100914e-02 7.8148188890e+04 2.0248279244e+05 2.0310157029e+05
2020.0095 6.464893e-02 9.150782e-02 7.390084e-04 5.886611e-02 4.185506e-02 1.022111e-01 7.8205714733e+04 2.0250184217e+05 2.0302947665e+05
2021.0100 6.165477e-02 8.659747e-02 7.797386e-04 5.149513e-02 3.696883e-02 1.133737e-01 7.8264673734e+04 2.0252515323e+05 2.0295072387e+05
2022.0105 5.791931e-02 8.228997e-02 8.001025e-04 4.472636e-02 3.244256e-02 1.244479e-01 7.8321675215e+04 2.0255150693e+05 2.0287069984e+05
2023.0110 5.415212e-02 7.919134e-02 7.675861e-04 3.899752e-02 2.868665e-02 1.331647e-01 7.8372249615e+04 2.0257856716e+05 2.0279621897e+05
2024.0115 5.310080e-02 7.587101e-02 8.147901e-04 3.432374e-02 2.546844e-02 1.398067e-01 7.8411099952e+04 2.0260326488e+05 2.0273486714e+05
2025.0120 5.169346e-02 7.261197e-02 8.175033e-04 3.196499e-02 2.392783e-02 1.433659e-01 7.8436282240e+04 2.0262237130e+05 2.0269259778e+05
2026.0125 5.074808e-02 6.940063e-02 8.207241e-04 3.195979e-02 2.384606e-02 1.421749e-01 7.8447038724e+04 2.0263180314e+05 2.0267467172e+05
2027.0130 5.170568e-02 6.773659e-02 8.349131e-04 3.403338e-02 2.519720e-02 1.393505e-01 7.8442127620e+04 2.0262767170e+05 2.0268374548e+05
2028.0135 5.387006e-02 7.066480e-02 8.117031e-04 3.801793e-02 2.780835e-02 1.321289e-01 7.8423816090e+04 2.0260844298e+05 2.0271949329e+05
2029.0140 5.492841e-02 7.783700e-02 8.053717e-04 4.381708e-02 3.163748e-02 1.218956e-01 7.8395035802e+04 2.0257508297e+05 2.0277862572e+05
2030.0145 5.794157e-02 8.773981e-02 7.754719e-04 5.047994e-02 3.605797e-02 1.113351e-01 7.8357775299e+04 2.0252967009e+05 2.0285590991e+05
2031.0150 6.335781e-02 9.641922e-02 7.415483e-04 5.822873e-02 4.119800e-02 9.908661e-02 7.8317069268e+04 2.0247716912e+05 2.0294319022e+05
2032.0155 6.613701e-02 1.039659e-01 7.229307e-04 6.502921e-02 4.583125e-02 8.782038e-02 7.8278816795e+04 2.0242235011e+05 2.0303197295e+05
2033.0160 6.832356e-02 1.084141e-01 6.949742e-04 7.090250e-02 4.987007e-02 7.834577e-02 7.8246660386e+04 2.0237219028e+05 2.0311153775e+05
2034.0165 7.267346e-02 1.102165e-01 6.920515e-04 7.574607e-02 5.337603e-02 7.069868e-02 7.8223265802e+04 2.0233282526e+05 2.0317151215e+05
2035.0170 7.429137e-02 1.094489e-01 6.743763e-04 7.802729e-02 5.502904e-02 6.635755e-02 7.8214076782e+04 2.0230862893e+05 2.0320466096e+05
2036.0175 7.259844e-02 1.080281e-01 6.777834e-04 7.872329e-02 5.562473e-02 6.652719e-02 7.8222122093e+04 2.0230071608e+05 2.0320524329e+05
2037.0180 7.278749e-02 1.076064e-01 7.050273e-04 7.634731e-02 5.413614e-02 6.974536e-02 7.8246044758e+04 2.0230911090e+05 2.0317327111e+05
2038.0185 7.254857e-02 1.069639e-01 6.987615e-04 7.214384e-02 5.131691e-02 7.641952e-02 7.8285415239e+04 2.0233195136e+05 2.0311149318e+05
2039.0190 6.825017e-02 1.055002e-01 7.034670e-04 6.676775e-02 4.754939e-02 8.604014e-02 7.8337838593e+04 2.0236657951e+05 2.0302660707e+05
2040.0195 6.457627e-02 9.986022e-02 7.440680e-04 5.950119e-02 4.262701e-02 9.744976e-02 7.8397326904e+04 2.0240897031e+05 2.0292874048e+05
2041.0200 6.159854e-02 9.087804e-02 7.521778e-04 5.196028e-02 3.739685e-02 1.101890e-01 7.8458955799e+04 2.0245326290e+05 2.0282765290e+05
2042.0205 5.618354e-02 8.060765e-02 7.862411e-04 4.488204e-02 3.240384e-02 1.217167e-01 7.8519862170e+04 2.0249347669e+05 2.0273310425e+05
2043.0210 5.212260e-02 7.117719e-02 8.312339e-04 3.830462e-02 2.778396e-02 1.317799e-01 7.8573834481e+04 2.0252471805e+05 2.0265374673e+05
2044.0215 5.108932e-02 6.606314e-02 8.363594e-04 3.365540e-02 2.451970e-02 1.390120e-01 7.8615620829e+04 2.0254406750e+05 2.0259533970e+05
2045.0220 4.988845e-02 6.530746e-02 8.284237e-04 3.113351e-02 2.264097e-02 1.423156e-01 7.8643656578e+04 2.0254999785e+05 2.0256262944e+05
2046.0225 4.861907e-02 6.830670e-02 8.440136e-04 3.080893e-02 2.228346e-02 1.431459e-01 7.8655363925e+04 2.0254206021e+05 2.0255817022e+05
2047.0230 5.029684e-02 7.203365e-02 8.108922e-04 3.276201e-02 2.351516e-02 1.387741e-01 7.8649703233e+04 2.0252239384e+05 2.0258177131e+05
2048.0235 5.172385e-02 7.655421e-02 8.166904e-04 3.699110e-02 2.647619e-02 1.308903e-01 7.8628664231e+04 2.0249288293e+05 2.0263023541e+05
2049.0240 5.362271e-02 8.099721e-02 7.965198e-04 4.275676e-02 3.046123e-02 1.211425e-01 7.8594856267e+04 2.0245581580e+05 2.0269854900e+05
2050.0245 5.825913e-02 8.485464e-02 7.804862e-04 5.011532e-02 3.564223e-02 1.088380e-01 7.8552656600e+04 2.0241395106e+05 2.0277911332e+05
2051.0250 6.179815e-02 8.961642e-02 7.635204e-04 5.700889e-02 4.060285e-02 9.650180e-02 7.8508444342e+04 2.0236951702e+05 2.0286466527e+05
2052.0255 6.506491e-02 9.409317e-02 7.184527e-04 6.416762e-02 4.574023e-02 8.503688e-02 7.8467588454e+04 2.0232585052e+05 2.0294581729e+05
2053.0260 7.013378e-02 1.004783e-01 7.281135e-04 7.039918e-02 5.024074e-02 7.476998e-02 7.8433448355e+04 2.0228612954e+05 2.0301479189e+05
2054.0265 7.282020e-02 1.076097e-01 6.726681e-04 7.449538e-02 5.310829e-02 6.741027e-02 7.8411647911e+04 2.0225358013e+05 2.0306540761e+05
2055.0270 7.294406e-02 1.137588e-01 7.014880e-04 7.736730e-02 5.512263e-02 6.458540e-02 7.8405225278e+04 2.0223036372e+05 2.0309172527e+05
2056.0275 7.367574e-02 1.164350e-01 7.032956e-04 7.698876e-02 5.483976e-02 6.482791e-02 7.8415515323e+04 2.0221832241e+05 2.0309214510e+05
2057.0280 7.347856e-02 1.139140e-01 6.954281e-04 7.465346e-02 5.323786e-02 6.908688e-02 7.8443585758e+04 2.0221881461e+05 2.0306450742e+05
2058.0285 6.926762e-02 1.070698e-01 7.059950e-04 7.057622e-02 5.033048e-02 7.685623e-02 7.8487963059e+04 2.0223376639e+05 2.0300939289e+05
2059.0290 6.587241e-02 9.735025e-02 7.331905e-04 6.406003e-02 4.562720e-02 8.705556e-02 7.8543527643e+04 2.0226255808e+05 2.0293071755e+05
2060.0295 6.277301e-02 8.872534e-02 7.474809e-04 5.685475e-02 4.049874e-02 9.936357e-02 7.8604648624e+04 2.0230330274e+05 2.0283361600e+05
2061.0300 5.951034e-02 8.147067e-02 7.851686e-04 4.955465e-02 3.526592e-02 1.112216e-01 7.8667300855e+04 2.0235153682e+05 2.0272715082e+05
2062.0305 5.459430e-02 7.604136e-02 7.950906e-04 4.258052e-02 3.024639e-02 1.223557e-01 7.8726607830e+04 2.0240137355e+05 2.0262255396e+05
2063.0310 5.027704e-02 7.303595e-02 7.814414e-04 3.705934e-02 2.630874e-02 1.312613e-01 7.8776047637e+04 2.0244646470e+05 2.0253123226e+05
2064.0315 4.889844e-02 7.141067e-02 8.212461e-04 3.304750e-02 2.339970e-02 1.371629e-01 7.8811061544e+04 2.0247971896e+05 2.0246455203e+05
2065.0320 4.798000e-02 7.046878e-02 8.335267e-04 3.103555e-02 2.206620e-02 1.399569e-01 7.8830023313e+04 2.0249535427e+05 2.0243089247e+05
2066.0325 4.761952e-02 6.971753e-02 8.372203e-04 3.125611e-02 2.228043e-02 1.377848e-01 7.8833547959e+04 2.0248894701e+05 2.0243491949e+05
2067.0330 4.905956e-02 7.005184e-02 8.288444e-04 3.385585e-02 2.433565e-02 1.325778e-01 7.8821283443e+04 2.0245992806e+05 2.0247578660e+05
2068.0335 5.244613e-02 7.163562e-02 7.901389e-04 3.814987e-02 2.752176e-02 1.246843e-01 7.8795444336e+04 2.0241175197e+05 2.0254791076e+05
2069.0340 5.504488e-02 7.547285e-02 8.165236e-04 4.417993e-02 3.195610e-02 1.139463e-01 7.8759962081e+04 2.0235204470e+05 2.0264071079e+05
2070.0345 5.869005e-02 8.272954e-02 7.730720e-04 5.030962e-02 3.634520e-02 1.028271e-01 7.8718653211e+04 2.0228743559e+05 2.0274256708e+05
2071.0350 6.361173e-02 9.212631e-02 7.765285e-04 5.751912e-02 4.151306e-02 9.122576e-02 7.8677639640e+04 2.0222536073e+05 2.0283950743e+05
2072.0355 6.666434e-02 1.017190e-01 7.444110e-04 6.383964e-02 4.595808e-02 8.106776e-02 7.8643571426e+04 2.0217281022e+05 2.0292079431e+05
2073.0360 6.882235e-02 1.083044e-01 7.303247e-04 6.863766e-02 4.925724e-02 7.321823e-02 7.8620560536e+04 2.0213596748e+05 2.0297708458e+05
2074.0365 7.083553e-02 1.122986e-01 7.123835e-04 7.223642e-02 5.176286e-02 6.872688e-02 7.8609670125e+04 2.0211899641e+05 2.0300177099e+05
2075.0370 7.209998e-02 1.110910e-01 7.274497e-04 7.327528e-02 5.234366e-02 6.702996e-02 7.8613642593e+04 2.0212309487e+05 2.0299374976e+05
2076.0375 7.159573e-02 1.072500e-01 7.116986e-04 7.272683e-02 5.187281e-02 6.911522e-02 7.8633430039e+04 2.0214400862e+05 2.0295437978e+05
2077.0380 6.867949e-02 1.012234e-01 7.169413e-04 7.006328e-02 4.989274e-02 7.454963e-02 7.8668838219e+04 2.0217668926e+05 2.0288961995e+05
2078.0385 6.634129e-02 9.481954e-02 7.438216e-04 6.537576e-02 4.638471e-02 8.230782e-02 7.8716233199e+04 2.0221532668e+05 2.0280728781e+05
2079.0390 6.313532e-02 9.095492e-02 7.358576e-04 5.995718e-02 4.245566e-02 9.244019e-02 7.8770596478e+04 2.0225509455e+05 2.0271566028e+05
2080.0395 5.826153e-02 8.879071e-02 7.759416e-04 5.365829e-02 3.792038e-02 1.024648e-01 7.8827631753e+04 2.0229181156e+05 2.0262501205e+05
2081.0400 5.539727e-02 8.544512e-02 7.869771e-04 4.734758e-02 3.342719e-02 1.124392e-01 7.8880712246e+04 2.0232206113e+05 2.0254454227e+05
2082.0405 5.421298e-02 8.014656e-02 7.955407e-04 4.199633e-02 2.964339e-02 1.208881e-01 7.8926269854e+04 2.0234223093e+05 2.0248166719e+05
2083.0410 5.057032e-02 7.334490e-02 8.053238e-04 3.771271e-02 2.669624e-02 1.274504e-01 7.8963041771e+04 2.0235014910e+05 2.0244145091e+05
2084.0415 4.792522e-02 6.821284e-02 8.246437e-04 3.476231e-02 2.485353e-02 1.308594e-01 7.8986407845e+04 2.0234667402e+05 2.0242531458e+05
2085.0420 4.999221e-02 6.624051e-02 8.155728e-04 3.381006e-02 2.432576e-02 1.306645e-01 7.8993413258e+04 2.0233364730e+05 2.0243195461e+05
2086.0425 5.046605e-02 6.860462e-02 8.399682e-04 3.491552e-02 2.520044e-02 1.287033e-01 7.8987053168e+04 2.0231219390e+05 2.0245861397e+05
2087.0430 5.185907e-02 7.314959e-02 8.173400e-04 3.745058e-02 2.711639e-02 1.231600e-01 7.8970267520e+04 2.0228362049e+05 2.0250201529e+05
2088.0435 5.520929e-02 8.008505e-02 8.341343e-04 4.157144e-02 3.003164e-02 1.155750e-01 7.8945329866e+04 2.0224939772e+05 2.0255725515e+05
2089.0440 5.797237e-02 8.758873e-02 7.804903e-04 4.636227e-02 3.342000e-02 1.072318e-01 7.8916158729e+04 2.0221272569e+05 2.0261904208e+05
2090.0445 6.032314e-02 9.338661e-02 7.743481e-04 5.205922e-02 3.749199e-02 9.812296e-02 7.8886075683e+04 2.0217761819e+05 2.0268071513e+05
2091.0450 6.365371e-02 9.793869e-02 7.607017e-04 5.705674e-02 4.088168e-02 9.003965e-02 7.8858636746e+04 2.0214538895e+05 2.0273716136e+05
2092.0455 6.673317e-02 9.939153e-02 7.746367e-04 6.163992e-02 4.408842e-02 8.300728e-02 7.8839031943e+04 2.0211784063e+05 2.0278209686e+05
2093.0460 6.747727e-02 1.002373e-01 7.367448e-04 6.523462e-02 4.658054e-02 7.808117e-02 7.8830959239e+04 2.0209632324e+05 2.0281060036e+05
2094.0465 6.735835e-02 9.953612e-02 7.436461e-04 6.734186e-02 4.795486e-02 7.529295e-02 7.8834675193e+04 2.0208441361e+05 2.0281889724e+05
2095.0470 6.745524e-02 9.931730e-02 7.343089e-04 6.822808e-02 4.850215e-02 7.484616e-02 7.8848422360e+04 2.0208432290e+05 2.0280485099e+05
2096.0475 6.694601e-02 9.980812e-02 7.208832e-04 6.721698e-02 4.768107e-02 7.707781e-02 7.8871944588e+04 2.0209530744e+05 2.0277023476e+05
2097.0480 6.550541e-02 9.964129e-02 7.590580e-04 6.482580e-02 4.594987e-02 8.149224e-02 7.8904522024e+04 2.0211464598e+05 2.0271882227e+05
2098.0485 6.281776e-02 9.678353e-02 7.587129e-04 6.164837e-02 4.368569e-02 8.756702e-02 7.8944087983e+04 2.0213957767e+05 2.0265625848e+05
2099.0490 5.969126e-02 9.148520e-02 7.558447e-04 5.736116e-02 4.068897e-02 9.429057e-02 7.8987215927e+04 2.0216688392e+05 2.0258947778e+05
2100.0495 5.723516e-02 8.481397e-02 7.493850e-04 5.271511e-02 3.748917e-02 1.014177e-01 7.9028858778e+04 2.0219403423e+05 2.0252460034e+05
2101.0500 5.492741e-02 7.915123e-02 7.697811e-04 4.818528e-02 3.444845e-02 1.081827e-01 7.9065631149e+04 2.0221770219e+05 2.0246771896e+05
2102.0505 5.477798e-02 7.432108e-02 8.203933e-04 4.405898e-02 3.156418e-02 1.142257e-01 7.9095380566e+04 2.0223352985e+05 2.0242453789e+05
2103.0510 5.294030e-02 7.308645e-02 8.108553e-04 4.076183e-02 2.938603e-02 1.181392e-01 7.9118108123e+04 2.0223832508e+05 2.0239886766e+05
2104.0515 5.125351e-02 7.379604e-02 8.255177e-04 3.895065e-02 2.811562e-02 1.201330e-01 7.9132317878e+04 2.0223139739e+05 2.0239247334e+05
2105.0520 5.213787e-02 7.631301e-02 8.285761e-04 3.846810e-02 2.774608e-02 1.210058e-01 7.9135558127e+04 2.0221429051e+05 2.0240492229e+05
2106.0525 5.452215e-02 7.950662e-02 8.206202e-04 3.867907e-02 2.797316e-02 1.185128e-01 7.9130365272e+04 2.0218909606e+05 2.0243386660e+05
2107.0530 5.476779e-02 8.295934e-02 8.449822e-04 4.025683e-02 2.896152e-02 1.154380e-01 7.9119624847e+04 2.0215794987e+05 2.0247445720e+05
2108.0535 5.699780e-02 8.471253e-02 8.157591e-04 4.301664e-02 3.085580e-02 1.108863e-01 7.9105684169e+04 2.0212400264e+05 2.0252076821e+05
2109.0540 5.967600e-02 8.657513e-02 8.260996e-04 4.632843e-02 3.315710e-02 1.052662e-01 7.9091457048e+04 2.0209081807e+05 2.0256631841e+05
2110.0545 6.015060e-02 8.765523e-02 7.742443e-04 4.980755e-02 3.546209e-02 1.000631e-01 7.9078986757e+04 2.0206420801e+05 2.0260457720e+05
2111.0550 6.183542e-02 8.940666e-02 7.930723e-04 5.355002e-02 3.804008e-02 9.425023e-02 7.9068601065e+04 2.0204751663e+05 2.0263004538e+05
2112.0555 6.410766e-02 9.225407e-02 7.843095e-04 5.668684e-02 4.014769e-02 8.989101e-02 7.9061882222e+04 2.0204125159e+05 2.0264063831e+05
2113.0560 6.474003e-02 9.459414e-02 7.851388e-04 5.953064e-02 4.206847e-02 8.626202e-02 7.9062395680e+04 2.0204354154e+05 2.0263623377e+05
2114.0565 6.292647e-02 9.733776e-02 7.498438e-04 6.174665e-02 4.357649e-02 8.349532e-02 7.9070761712e+04 2.0205132583e+05 2.0261932244e+05
2115.0570 6.346606e-02 9.769602e-02 7.517683e-04 6.253829e-02 4.424943e-02 8.250118e-02 7.9083840633e+04 2.0206313461e+05 2.0259388237e+05
2116.0575 6.431907e-02 9.615569e-02 7.568031e-04 6.260003e-02 4.433022e-02 8.315182e-02 7.9100705527e+04 2.0207625720e+05 2.0256381008e+05
2117.0580 6.213579e-02 9.408233e-02 7.615243e-04 6.179729e-02 4.389326e-02 8.437293e-02 7.9121970623e+04 2.0208703961e+05 2.0253352316e+05
2118.0585 6.180305e-02 8.993182e-02 7.810218e-04 5.992448e-02 4.270021e-02 8.679242e-02 7.9145325929e+04 2.0209250258e+05 2.0250675645e+05
2119.0590 6.147685e-02 8.588982e-02 7.550599e-04 5.756515e-02 4.125760e-02 9.050607e-02 7.9170174491e+04 2.0209137609e+05 2.0248483030e+05
2120.0595 5.906192e-02 8.336151e-02 7.880330e-04 5.462644e-02 3.933518e-02 9.473744e-02 7.9195758069e+04 2.0208504317e+05 2.0246784300e+05
2121.0600 5.733354e-02 8.271364e-02 7.935651e-04 5.159837e-02 3.718226e-02 9.913697e-02 7.9219035096e+04 2.0207637059e+05 2.0245452318e+05
2122.0605 5.751758e-02 8.407778e-02 7.963599e-04 4.819856e-02 3.497981e-02 1.030913e-01 7.9238383188e+04 2.0206791925e+05 2.0244368850e+05
2123.0610 5.743616e-02 8.506057e-02 8.467965e-04 4.545418e-02 3.298395e-02 1.067715e-01 7.9255613646e+04 2.0206026543e+05 2.0243407060e+05
2124.0615 5.560747e-02 8.382155e-02 8.018237e-04 4.339493e-02 3.149739e-02 1.104145e-01 7.9270731140e+04 2.0205548362e+05 2.0242495273e+05
2125.0620 5.588746e-02 8.128652e-02 8.623736e-04 4.137981e-02 3.001925e-02 1.114721e-01 7.9282256275e+04 2.0205437927e+05 2.0241639386e+05
2126.0625 5.594925e-02 7.925422e-02 8.144778e-04 4.054303e-02 2.931230e-02 1.135098e-01 7.9289595585e+04 2.0205619008e+05 2.0240791108e+05
2127.0630 5.653495e-02 7.926496e-02 8.353276e-04 4.070483e-02 2.921604e-02 1.129520e-01 7.9294016791e+04 2.0205895862e+05 2.0240067912e+05
2128.0635 5.686979e-02 8.044410e-02 8.413306e-04 4.141894e-02 2.952322e-02 1.118416e-01 7.9296523285e+04 2.0205992910e+05 2.0239659808e+05
2129.0640 5.725672e-02 8.264610e-02 8.257861e-04 4.304890e-02 3.045242e-02 1.099168e-01 7.9298434829e+04 2.0205653827e+05 2.0239678798e+05
2130.0645 5.769164e-02 8.412475e-02 8.204457e-04 4.543047e-02 3.197997e-02 1.062913e-01 7.9299874429e+04 2.0204919504e+05 2.0240182712e+05
2131.0650 5.795425e-02 8.698641e-02 7.871889e-04 4.785302e-02 3.352161e-02 1.027905e-01 7.9299750345e+04 2.0203781352e+05 2.0241188757e+05
2132.0655 5.849806e-02 9.006597e-02 7.998739e-04 5.122345e-02 3.570316e-02 9.848072e-02 7.9298253687e+04 2.0202388461e+05 2.0242536591e+05
2133.0660 6.016887e-02 9.162282e-02 7.727661e-04 5.431307e-02 3.793649e-02 9.380793e-02 7.9296081734e+04 2.0200835804e+05 2.0244151959e+05
2134.0665 6.156725e-02 9.141527e-02 7.776255e-04 5.688636e-02 3.983714e-02 8.993858e-02 7.9294990378e+04 2.0199176201e+05 2.0245845273e+05
2135.0670 6.041707e-02 8.968675e-02 7.788482e-04 5.943243e-02 4.186312e-02 8.629353e-02 7.9296551294e+04 2.0197677767e+05 2.0247272675e+05
2136.0675 6.118264e-02 8.918410e-02 7.601167e-04 6.117805e-02 4.339132e-02 8.282416e-02 7.9299064570e+04 2.0196497782e+05 2.0248197563e+05
2137.0680 6.284269e-02 9.035410e-02 7.489785e-04 6.210340e-02 4.421905e-02 8.116915e-02 7.9302918264e+04 2.0195749758e+05 2.0248440806e+05
2138.0685 6.260859e-02 9.241969e-02 7.622688e-04 6.215564e-02 4.457758e-02 8.102811e-02 7.9310271887e+04 2.0195413535e+05 2.0247967094e+05
2139.0690 6.257019e-02 9.420463e-02 7.663551e-04 6.087834e-02 4.391038e-02 8.196388e-02 7.9322054340e+04 2.0195248353e+05 2.0246922283e+05
2140.0695 6.265453e-02 9.383070e-02 7.732284e-04 5.913199e-02 4.294866e-02 8.453740e-02 7.9338108796e+04 2.0195218087e+05 2.0245355024e+05
2141.0700 6.125443e-02 9.208214e-02 7.739496e-04 5.628620e-02 4.105675e-02 8.795525e-02 7.9358004797e+04 2.0195348809e+05 2.0243411529e+05
2142.0705 5.997702e-02 8.879546e-02 7.855876e-04 5.302032e-02 3.877845e-02 9.324954e-02 7.9380065557e+04 2.0195622590e+05 2.0241131581e+05
2143.0710 5.950954e-02 8.579687e-02 8.204257e-04 4.936892e-02 3.611499e-02 9.883702e-02 7.9403328940e+04 2.0195984546e+05 2.0238610353e+05
2144.0715 5.834469e-02 8.243248e-02 8.130973e-04 4.543642e-02 3.321394e-02 1.038511e-01 7.9428962018e+04 2.0196318450e+05 2.0235970600e+05
2145.0720 5.666749e-02 7.992751e-02 8.305521e-04 4.228345e-02 3.078211e-02 1.094701e-01 7.9455530590e+04 2.0196550097e+05 2.0233245492e+05
2146.0725 5.485890e-02 7.818674e-02 8.484718e-04 3.986133e-02 2.863918e-02 1.133101e-01 7.9481114608e+04 2.0196853737e+05 2.0230561106e+05
2147.0730 5.356391e-02 7.872038e-02 8.209014e-04 3.813311e-02 2.707707e-02 1.166444e-01 7.9502170212e+04 2.0197271506e+05 2.0228061145e+05
2148.0735 5.370056e-02 8.029884e-02 8.389625e-04 3.767813e-02 2.634472e-02 1.179663e-01 7.9517487475e+04 2.0197779857e+05 2.0225942350e+05
2149.0740 5.317360e-02 8.078008e-02 8.399198e-04 3.807022e-02 2.634599e-02 1.171587e-01 7.9527641926e+04 2.0198228333e+05 2.0224504762e+05
2150.0745 5.284755e-02 8.122451e-02 8.284409e-04 3.978909e-02 2.734356e-02 1.150437e-01 7.9531857035e+04 2.0198320349e+05 2.0223956947e+05
2151.0750 5.362023e-02 8.034155e-02 8.488405e-04 4.319071e-02 2.957052e-02 1.103786e-01 7.9530193301e+04 2.0198017679e+05 2.0224401222e+05
2152.0755 5.478026e-02 8.029779e-02 7.827145e-04 4.666312e-02 3.215309e-02 1.043865e-01 7.9522381372e+04 2.0197209386e+05 2.0225947718e+05
2153.0760 5.712267e-02 8.211601e-02 7.960239e-04 5.055385e-02 3.502098e-02 9.838878e-02 7.9509149136e+04 2.0195785105e+05 2.0228499156e+05
2154.0765 5.905288e-02 8.540631e-02 7.958623e-04 5.517009e-02 3.855887e-02 9.091169e-02 7.9494272598e+04 2.0193691935e+05 2.0231842970e+05
2155.0770 6.146000e-02 8.981913e-02 7.735403e-04 5.905404e-02 4.172244e-02 8.390131e-02 7.9479972496e+04 2.0190915708e+05 2.0235772143e+05
2156.0775 6.334501e-02 9.435432e-02 7.501360e-04 6.233410e-02 4.441953e-02 7.866904e-02 7.9468653025e+04 2.0187717114e+05 2.0239811615e+05
2157.0780 6.325528e-02 9.782897e-02 7.643738e-04 6.466053e-02 4.650606e-02 7.477891e-02 7.9462423693e+04 2.0184610271e+05 2.0243393899e+05
2158.0785 6.474242e-02 9.852598e-02 7.556388e-04 6.542149e-02 4.735984e-02 7.277300e-02 7.9461832764e+04 2.0181990542e+05 2.0245990697e+05
2159.0790 6.565652e-02 9.742423e-02 7.350070e-04 6.500329e-02 4.744972e-02 7.347291e-02 7.9469154776e+04 2.0180170769e+05 2.0247067645e+05
2160.0795 6.452473e-02 9.361691e-02 7.563858e-04 6.281718e-02 4.603021e-02 7.599921e-02 7.9486571273e+04 2.0179421744e+05 2.0246325575e+05
2161.0800 6.266592e-02 9.002544e-02 7.438354e-04 5.960915e-02 4.378528e-02 8.162687e-02 7.9512445332e+04 2.0179823302e+05 2.0243552302e+05
2162.0805 6.142212e-02 8.762056e-02 7.824812e-04 5.545937e-02 4.064817e-02 8.831433e-02 7.9544485157e+04 2.0181462752e+05 2.0238880052e+05
2163.0810 6.002111e-02 8.579961e-02 7.962305e-04 5.054127e-02 3.693118e-02 9.584864e-02 7.9580640098e+04 2.0184135504e+05 2.0232760083e+05
2164.0815 5.714411e-02 8.426492e-02 8.142792e-04 4.565324e-02 3.305392e-02 1.046667e-01 7.9618815368e+04 2.0187376475e+05 2.0225875733e+05
2165.0820 5.507061e-02 8.224099e-02 8.477759e-04 4.113962e-02 2.942136e-02 1.118733e-01 7.9656720167e+04 2.0190560262e+05 2.0219098688e+05
2166.0825 5.286934e-02 7.913652e-02 8.675544e-04 3.732279e-02 2.628845e-02 1.185832e-01 7.9691256086e+04 2.0193168154e+05 2.0213260457e+05
2167.0830 5.099951e-02 7.581649e-02 8.609757e-04 3.484400e-02 2.413456e-02 1.226696e-01 7.9719534595e+04 2.0194833488e+05 2.0208994586e+05
2168.0835 4.961085e-02 7.238570e-02 8.759896e-04 3.356003e-02 2.305615e-02 1.244536e-01 7.9738645198e+04 2.0195410229e+05 2.0206726380e+05
2169.0840 4.972291e-02 7.023903e-02 8.753142e-04 3.410584e-02 2.323251e-02 1.239520e-01 7.9747209882e+04 2.0194762115e+05 2.0206599469e+05
2170.0845 5.192223e-02 7.132612e-02 8.703856e-04 3.665320e-02 2.492338e-02 1.200544e-01 7.9745575451e+04 2.0192864040e+05 2.0208510835e+05
2171.0850 5.278919e-02 7.414409e-02 8.257253e-04 3.991720e-02 2.744588e-02 1.146953e-01 7.9735831637e+04 2.0189985075e+05 2.0212198799e+05
2172.0855 5.398798e-02 7.775003e-02 8.307326e-04 4.443725e-02 3.087868e-02 1.072312e-01 7.9718924528e+04 2.0186576570e+05 2.0217101551e+05
2173.0860 5.774344e-02 8.397223e-02 8.258941e-04 5.013716e-02 3.522370e-02 9.756734e-02 7.9695828262e+04 2.0182985465e+05 2.0222572260e+05
2174.0865 6.060928e-02 8.934140e-02 7.896778e-04 5.529456e-02 3.919456e-02 8.908827e-02 7.9670931303e+04 2.0179612834e+05 2.0228081505e+05
2175.0870 6.238642e-02 9.422637e-02 7.655304e-04 6.004930e-02 4.305451e-02 8.103380e-02 7.9648120716e+04 2.0176668367e+05 2.0233018626e+05
2176.0875 6.477522e-02 9.677553e-02 7.817880e-04 6.411089e-02 4.626602e-02 7.431543e-02 7.9630541117e+04 2.0174313807e+05 2.0236906253e+05
2177.0880 6.679451e-02 9.565678e-02 7.681907e-04 6.684236e-02 4.845602e-02 6.967478e-02 7.9621250406e+04 2.0172750947e+05 2.0239355523e+05
2178.0885 6.658369e-02 9.518998e-02 7.538609e-04 6.791039e-02 4.940785e-02 6.792788e-02 7.9621698097e+04 2.0171986636e+05 2.0240089103e+05
2179.0890 6.691416e-02 9.500877e-02 7.498561e-04 6.707156e-02 4.883826e-02 6.864859e-02 7.9632035966e+04 2.0172033377e+05 2.0239031935e+05
2180.0895 6.698230e-02 9.533098e-02 7.439737e-04 6.477971e-02 4.714812e-02 7.314607e-02 7.9651944084e+04 2.0172773617e+05 2.0236261397e+05
2181.0900 6.478535e-02 9.480260e-02 7.759443e-04 6.111278e-02 4.432349e-02 7.917892e-02 7.9682387487e+04 2.0174039379e+05 2.0232082856e+05
2182.0905 6.203471e-02 9.170203e-02 7.859013e-04 5.617080e-02 4.055201e-02 8.718299e-02 7.9720531925e+04 2.0175661799e+05 2.0226905459e+05
2183.0910 5.993756e-02 8.768584e-02 7.897602e-04 5.068873e-02 3.631190e-02 9.661778e-02 7.9762914781e+04 2.0177453956e+05 2.0221127494e+05
2184.0915 5.704621e-02 8.272659e-02 8.465892e-04 4.521381e-02 3.211057e-02 1.053453e-01 7.9807178932e+04 2.0179349958e+05 2.0215157072e+05
2185.0920 5.387738e-02 7.723366e-02 8.814430e-04 3.969062e-02 2.798956e-02 1.142843e-01 7.9848825445e+04 2.0181267680e+05 2.0209452330e+05
2186.0925 5.242024e-02 7.220794e-02 8.800533e-04 3.553998e-02 2.481520e-02 1.204377e-01 7.9884622324e+04 2.0183052348e+05 2.0204403700e+05
2187.0930 5.095260e-02 6.915841e-02 8.979195e-04 3.264691e-02 2.273580e-02 1.249837e-01 7.9912021842e+04 2.0184455324e+05 2.0200461470e+05
2188.0935 4.910355e-02 6.714338e-02 8.825068e-04 3.154793e-02 2.187774e-02 1.266105e-01 7.9930092978e+04 2.0185292920e+05 2.0197980357e+05
2189.0940 4.842216e-02 6.780188e-02 8.797977e-04 3.240825e-02 2.249235e-02 1.248081e-01 7.9937107948e+04 2.0185383048e+05 2.0197204285e+05
2190.0945 5.017291e-02 7.098059e-02 8.898545e-04 3.451110e-02 2.418659e-02 1.213040e-01 7.9932269649e+04 2.0184564221e+05 2.0198297309e+05
2191.0950 5.174400e-02 7.485273e-02 8.704068e-04 3.821793e-02 2.693431e-02 1.147034e-01 7.9918553782e+04 2.0182822474e+05 2.0201205978e+05
2192.0955 5.373998e-02 7.921612e-02 8.484546e-04 4.340340e-02 3.075871e-02 1.062271e-01 7.9897996255e+04 2.0180098364e+05 2.0205704637e+05
2193.0960 5.681627e-02 8.235136e-02 8.134785e-04 4.875608e-02 3.477189e-02 9.763692e-02 7.9873364730e+04 2.0176572120e+05 2.0211412288e+05
2194.0965 5.900321e-02 8.494670e-02 8.050599e-04 5.427655e-02 3.885404e-02 8.834541e-02 7.9847747492e+04 2.0172709764e+05 2.0217638965e+05
2195.0970 6.175664e-02 8.814470e-02 7.945836e-04 5.969117e-02 4.272785e-02 7.990742e-02 7.9823449330e+04 2.0168898803e+05 2.0223609012e+05
2196.0975 6.428763e-02 9.247031e-02 7.817724e-04 6.390107e-02 4.575283e-02 7.313735e-02 7.9803711902e+04 2.0165571394e+05 2.0228617258e+05
2197.0980 6.506873e-02 9.678378e-02 7.595917e-04 6.694106e-02 4.788396e-02 6.879114e-02 7.9792266150e+04 2.0163057342e+05 2.0232036146e+05
2198.0985 6.622770e-02 9.904135e-02 7.463500e-04 6.821889e-02 4.866890e-02 6.659781e-02 7.9791551613e+04 2.0161550770e+05 2.0233483647e+05
2199.0990 6.574942e-02 9.967298e-02 7.933926e-04 6.777812e-02 4.824227e-02 6.772459e-02 7.9802164908e+04 2.0161221489e+05 2.0232733321e+05
2200.0995 6.477600e-02 9.859179e-02 7.874950e-04 6.577604e-02 4.678339e-02 7.095162e-02 7.9823038769e+04 2.0162125800e+05 2.0229823180e+05
2201.1000 6.387284e-02 9.483074e-02 7.891674e-04 6.179103e-02 4.387474e-02 7.705552e-02 7.9852006607e+04 2.0164194421e+05 2.0225085106e+05
2202.1005 6.209396e-02 9.005017e-02 8.010848e-04 5.688621e-02 4.034053e-02 8.475424e-02 7.9887800408e+04 2.0166996104e+05 2.0218996241e+05
2203.1010 5.910299e-02 8.419999e-02 8.417072e-04 5.153212e-02 3.651261e-02 9.347705e-02 7.9929422475e+04 2.0169991460e+05 2.0212209667e+05
2204.1015 5.571426e-02 7.888091e-02 8.378583e-04 4.550148e-02 3.228690e-02 1.026413e-01 7.9973180846e+04 2.0172785004e+05 2.0205430929e+05
2205.1020 5.390187e-02 7.479598e-02 8.559260e-04 4.014403e-02 2.856140e-02 1.104745e-01 8.0014899572e+04 2.0175101660e+05 2.0199228018e+05
2206.1025 5.126256e-02 7.192213e-02 8.873133e-04 3.554408e-02 2.534257e-02 1.177529e-01 8.0051643871e+04 2.0176725645e+05 2.0194178097e+05
2207.1030 4.923560e-02 7.079415e-02 8.944924e-04 3.232270e-02 2.309085e-02 1.221380e-01 8.0081137481e+04 2.0177424140e+05 2.0190702332e+05
2208.1035 4.884057e-02 7.031031e-02 8.661987e-04 3.077738e-02 2.204052e-02 1.244394e-01 8.0101321817e+04 2.0177099501e+05 2.0189052705e+05
2209.1040 4.903821e-02 6.892896e-02 8.962138e-04 3.058174e-02 2.193817e-02 1.245247e-01 8.0112298673e+04 2.0175840312e+05 2.0189269343e+05
2210.1045 4.762324e-02 6.824508e-02 8.833040e-04 3.227217e-02 2.314033e-02 1.212289e-01 8.0113859221e+04 2.0173989430e+05 2.0191068611e+05
2211.1050 4.869785e-02 6.960638e-02 8.782745e-04 3.586966e-02 2.556174e-02 1.160395e-01 8.0103951895e+04 2.0171875277e+05 2.0194051746e+05
2212.1055 5.208183e-02 7.374732e-02 8.348450e-04 4.022384e-02 2.862943e-02 1.092114e-01 8.0084346937e+04 2.0169671175e+05 2.0197888039e+05
2213.1060 5.523719e-02 7.907745e-02 8.579926e-04 4.546053e-02 3.218138e-02 1.003256e-01 8.0059686337e+04 2.0167464498e+05 2.0202218584e+05
2214.1065 5.738538e-02 8.438796e-02 8.228100e-04 5.150852e-02 3.627115e-02 9.134651e-02 8.0033233524e+04 2.0165256859e+05 2.0206725151e+05
2215.1070 5.952365e-02 8.834818e-02 8.112203e-04 5.716085e-02 4.014646e-02 8.240359e-02 8.0007400129e+04 2.0163171338e+05 2.0211134828e+05
2216.1075 6.188478e-02 9.344955e-02 8.045619e-04 6.217233e-02 4.358992e-02 7.501843e-02 7.9983184358e+04 2.0161247417e+05 2.0215127963e+05
2217.1080 6.417423e-02 9.749475e-02 7.853034e-04 6.582928e-02 4.616972e-02 6.902861e-02 7.9964039709e+04 2.0159557269e+05 2.0218471642e+05
2218.1085 6.589106e-02 9.986834e-02 7.590997e-04 6.788022e-02 4.777382e-02 6.520090e-02 7.9953375584e+04 2.0158000909e+05 2.0220939782e+05
2219.1090 6.707064e-02 9.940099e-02 7.688354e-04 6.855821e-02 4.836889e-02 6.404233e-02 7.9954689759e+04 2.0156487296e+05 2.0222282253e+05
2220.1095 6.535268e-02 9.746271e-02 7.771263e-04 6.701319e-02 4.739950e-02 6.641854e-02 7.9969274031e+04 2.0155218068e+05 2.0222254567e+05
2221.1100 6.428076e-02 9.536963e-02 7.866753e-04 6.407945e-02 4.550505e-02 7.042819e-02 7.9994055549e+04 2.0154613955e+05 2.0220538124e+05
2222.1105 6.389861e-02 9.222769e-02 8.335835e-04 5.956067e-02 4.253550e-02 7.740663e-02 8.0026828935e+04 2.0154990979e+05 2.0217044113e+05
2223.1110 6.150078e-02 8.876848e-02 7.940210e-04 5.360558e-02 3.852072e-02 8.625965e-02 8.0067365825e+04 2.0156341253e+05 2.0211922961e+05
2224.1115 5.745200e-02 8.424006e-02 8.195057e-04 4.758369e-02 3.435316e-02 9.543682e-02 8.0114157374e+04 2.0158498869e+05 2.0205467213e+05
2225.1120 5.453861e-02 7.887594e-02 8.521190e-04 4.162353e-02 3.015203e-02 1.054197e-01 8.0162395675e+04 2.0161262477e+05 2.0198216073e+05
2226.1125 5.226269e-02 7.410921e-02 8.513128e-04 3.608621e-02 2.626447e-02 1.134847e-01 8.0207950003e+04 2.0164450153e+05 2.0190805351e+05
2227.1130 4.867764e-02 7.058364e-02 9.011353e-04 3.149794e-02 2.296874e-02 1.209968e-01 8.0246952188e+04 2.0167677270e+05 2.0183979875e+05
2228.1135 4.750509e-02 6.821385e-02 9.100600e-04 2.846085e-02 2.061488e-02 1.256570e-01 8.0275871822e+04 2.0170403151e+05 2.0178532012e+05
2229.1140 4.822816e-02 6.684420e-02 9.123305e-04 2.760451e-02 1.970685e-02 1.267573e-01 8.0294451967e+04 2.0171998589e+05 2.0175133971e+05
2230.1145 4.677663e-02 6.551270e-02 8.834847e-04 2.884231e-02 2.035839e-02 1.261365e-01 8.0302484697e+04 2.0172151797e+05 2.0174240475e+05
2231.1150 4.631482e-02 6.497023e-02 8.962374e-04 3.136130e-02 2.190834e-02 1.218006e-01 8.0297924369e+04 2.0170909274e+05 2.0176002714e+05
2232.1155 4.910497e-02 6.954682e-02 8.744556e-04 3.572276e-02 2.481963e-02 1.145023e-01 8.0278881954e+04 2.0168356683e+05 2.0180158097e+05
2233.1160 5.222188e-02 7.581041e-02 8.635319e-04 4.190738e-02 2.891580e-02 1.058265e-01 8.0249283905e+04 2.0164771677e+05 2.0186264072e+05
2234.1165 5.516429e-02 8.198386e-02 8.381225e-04 4.827802e-02 3.335751e-02 9.522461e-02 8.0214222587e+04 2.0160404795e+05 2.0193762653e+05
2235.1170 5.890879e-02 8.677529e-02 8.195114e-04 5.495083e-02 3.813708e-02 8.440691e-02 8.0177997961e+04 2.0155631083e+05 2.0201792536e+05
2236.1175 6.202703e-02 9.107697e-02 8.102910e-04 6.128406e-02 4.266336e-02 7.403747e-02 8.0144490660e+04 2.0151053880e+05 2.0209404442e+05
2237.1180 6.374450e-02 9.619035e-02 7.634173e-04 6.629329e-02 4.648415e-02 6.570730e-02 8.0116269661e+04 2.0147302388e+05 2.0215692292e+05
2238.1185 6.683057e-02 1.003739e-01 7.795276e-04 6.954157e-02 4.898894e-02 6.009094e-02 8.0096178294e+04 2.0144725397e+05 2.0219971691e+05
2239.1190 6.864664e-02 1.026703e-01 7.545496e-04 7.089705e-02 5.021367e-02 5.766757e-02 8.0089080426e+04 2.0143426394e+05 2.0221814697e+05
2240.1195 6.896052e-02 1.024252e-01 7.785340e-04 7.038595e-02 5.014441e-02 5.814082e-02 8.0098224324e+04 2.0143256333e+05 2.0221059479e+05
2241.1200 6.647966e-02 9.941128e-02 7.983638e-04 6.727060e-02 4.817448e-02 6.283480e-02 8.0123483622e+04 2.0144231427e+05 2.0217796256e+05
2242.1205 6.398260e-02 9.562946e-02 7.969771e-04 6.247676e-02 4.488044e-02 7.034929e-02 8.0161010290e+04 2.0146311169e+05 2.0212238012e+05
2243.1210 6.272959e-02 9.180407e-02 8.160753e-04 5.628609e-02 4.055115e-02 7.990434e-02 8.0207189662e+04 2.0149272245e+05 2.0204903132e+05
2244.1215 5.974169e-02 8.792570e-02 8.571836e-04 4.917720e-02 3.548600e-02 9.154038e-02 8.0260600704e+04 2.0152606537e+05 2.0196520192e+05
2245.1220 5.459246e-02 8.241185e-02 8.288336e-04 4.180604e-02 3.020005e-02 1.027199e-01 8.0318554881e+04 2.0155922434e+05 2.0187897462e+05
2246.1225 5.071029e-02 7.470765e-02 8.758399e-04 3.501461e-02 2.517424e-02 1.140592e-01 8.0374456156e+04 2.0158942243e+05 2.0179774773e+05
2247.1230 4.801127e-02 6.745376e-02 9.037917e-04 2.955097e-02 2.103793e-02 1.230254e-01 8.0422537325e+04 2.0161553770e+05 2.0172780009e+05
2248.1235 4.489346e-02 6.270294e-02 9.003954e-04 2.597584e-02 1.824257e-02 1.285323e-01 8.0458741779e+04 2.0163620427e+05 2.0167449288e+05
2249.1240 4.436853e-02 6.084852e-02 9.317955e-04 2.437640e-02 1.683406e-02 1.316503e-01 8.0479350152e+04 2.0164810621e+05 2.0164281568e+05
2250.1245 4.474730e-02 6.101330e-02 9.179406e-04 2.462381e-02 1.689194e-02 1.301281e-01 8.0485577828e+04 2.0164861791e+05 2.0163636713e+05
2251.1250 4.478257e-02 6.259928e-02 8.900880e-04 2.771470e-02 1.893326e-02 1.253154e-01 8.0477772386e+04 2.0163662902e+05 2.0165546710e+05
2252.1255 4.683319e-02 6.621216e-02 8.928764e-04 3.312667e-02 2.265017e-02 1.175848e-01 8.0455189537e+04 2.0161322529e+05 2.0169860087e+05
2253.1260 5.029282e-02 7.425603e-02 8.435268e-04 3.920783e-02 2.703024e-02 1.069133e-01 8.0419720185e+04 2.0158012405e+05 2.0176262249e+05
2254.1265 5.468761e-02 8.202272e-02 8.386005e-04 4.654954e-02 3.234280e-02 9.491419e-02 8.0376153580e+04 2.0153981541e+05 2.0184137923e+05
2255.1270 5.922499e-02 8.856093e-02 8.235705e-04 5.429040e-02 3.799405e-02 8.220064e-02 8.0331077846e+04 2.0149341094e+05 2.0192813310e+05
2256.1275 6.290341e-02 9.343196e-02 8.248894e-04 6.116511e-02 4.316239e-02 7.058153e-02 8.0290136524e+04 2.0144428972e+05 2.0201458182e+05
2257.1280 6.486185e-02 9.665462e-02 8.069440e-04 6.678611e-02 4.737761e-02 6.100461e-02 8.0257562703e+04 2.0139856761e+05 2.0209071348e+05
2258.1285 6.781905e-02 1.005617e-01 7.724404e-04 7.101959e-02 5.057892e-02 5.464243e-02 8.0235094349e+04 2.0136175012e+05 2.0214682915e+05
2259.1290 7.055291e-02 1.037494e-01 7.940526e-04 7.262995e-02 5.186999e-02 5.184217e-02 8.0227042728e+04 2.0133765848e+05 2.0217655072e+05
2260.1295 6.973834e-02 1.056230e-01 7.820223e-04 7.131452e-02 5.100180e-02 5.352077e-02 8.0237586666e+04 2.0132741296e+05 2.0217603900e+05
2261.1300 6.803567e-02 1.048410e-01 7.635731e-04 6.834949e-02 4.890684e-02 5.846217e-02 8.0265910523e+04 2.0133261678e+05 2.0214348614e+05
2262.1305 6.544713e-02 1.004308e-01 8.063337e-04 6.310314e-02 4.506945e-02 6.726893e-02 8.0308617231e+04 2.0135498848e+05 2.0208127831e+05
2263.1310 6.072244e-02 9.376603e-02 8.326268e-04 5.630719e-02 4.009213e-02 7.842218e-02 8.0361661672e+04 2.0139381401e+05 2.0199423572e+05
2264.1315 5.692790e-02 8.572885e-02 8.401284e-04 4.835786e-02 3.426120e-02 9.092689e-02 8.0419984723e+04 2.0144404487e+05 2.0189104479e+05
2265.1320 5.366837e-02 7.665343e-02 8.678371e-04 4.039925e-02 2.840419e-02 1.040570e-01 8.0479749554e+04 2.0149805250e+05 2.0178243636e+05
2266.1325 4.965927e-02 6.802931e-02 9.019405e-04 3.353874e-02 2.330909e-02 1.151699e-01 8.0537755759e+04 2.0154782306e+05 2.0168007735e+05
2267.1330 4.547260e-02 6.142090e-02 8.926566e-04 2.792047e-02 1.927752e-02 1.242806e-01 8.0587632464e+04 2.0158743662e+05 2.0159523525e+05
2268.1335 4.333237e-02 5.897088e-02 9.495553e-04 2.399677e-02 1.638997e-02 1.304715e-01 8.0623097093e+04 2.0161216752e+05 2.0153709447e+05
2269.1340 4.337872e-02 6.003160e-02 9.342195e-04 2.235980e-02 1.529421e-02 1.320896e-01 8.0641747307e+04 2.0161881045e+05 2.0151180941e+05
2270.1345 4.373368e-02 6.315699e-02 9.312992e-04 2.338547e-02 1.608534e-02 1.304524e-01 8.0644307015e+04 2.0160455783e+05 2.0152198410e+05
2271.1350 4.482407e-02 6.533213e-02 9.154128e-04 2.691427e-02 1.872570e-02 1.248772e-01 8.0632812741e+04 2.0157082813e+05 2.0156572973e+05
2272.1355 4.676151e-02 6.780882e-02 8.733137e-04 3.180682e-02 2.244838e-02 1.160713e-01 8.0608105542e+04 2.0152275899e+05 2.0163677199e+05
2273.1360 5.012490e-02 7.121560e-02 8.752466e-04 3.864439e-02 2.751286e-02 1.048755e-01 8.0572203444e+04 2.0146819312e+05 2.0172429976e+05
2274.1365 5.468439e-02 7.737505e-02 8.478181e-04 4.617672e-02 3.306855e-02 9.223506e-02 8.0528475088e+04 2.0141427134e+05 2.0181749975e+05
2275.1370 5.979728e-02 8.506192e-02 8.071227e-04 5.338200e-02 3.846026e-02 7.982956e-02 8.0482821932e+04 2.0136599607e+05 2.0190614958e+05
2276.1375 6.390577e-02 9.162505e-02 8.077509e-04 6.024042e-02 4.335627e-02 6.835526e-02 8.0442294793e+04 2.0132723461e+05 2.0198101971e+05
2277.1380 6.519392e-02 9.733539e-02 7.804713e-04 6.627902e-02 4.760426e-02 5.992668e-02 8.0411440601e+04 2.0130063301e+05 2.0203494048e+05
2278.1385 6.626533e-02 1.022421e-01 8.076360e-04 6.971270e-02 4.986993e-02 5.400121e-02 8.0392826567e+04 2.0128753380e+05 2.0206432076e+05
2279.1390 6.745271e-02 1.057437e-01 7.893126e-04 7.091607e-02 5.055421e-02 5.212000e-02 8.0387778502e+04 2.0128778120e+05 2.0206723893e+05
2280.1395 6.839032e-02 1.054813e-01 7.849957e-04 7.030980e-02 4.982738e-02 5.396991e-02 8.0398605804e+04 2.0129867420e+05 2.0204509520e+05
2281.1400 6.733933e-02 1.020698e-01 8.048993e-04 6.674155e-02 4.701178e-02 5.968774e-02 8.0426265597e+04 2.0131578116e+05 2.0200233461e+05
2282.1405 6.350659e-02 9.492854e-02 8.264950e-04 6.174613e-02 4.326292e-02 6.822512e-02 8.0468518025e+04 2.0133795894e+05 2.0194239258e+05
2283.1410 6.008971e-02 8.638609e-02 8.424768e-04 5.509822e-02 3.834755e-02 7.871728e-02 8.0519375465e+04 2.0136444101e+05 2.0187025648e+05
2284.1415 5.643756e-02 7.948782e-02 8.733217e-04 4.778233e-02 3.306424e-02 9.051312e-02 8.0573695342e+04 2.0139424955e+05 2.0179070115e+05
2285.1420 5.295377e-02 7.446699e-02 9.109214e-04 4.085259e-02 2.801901e-02 1.019563e-01 8.0628030454e+04 2.0142474956e+05 2.0170960833e+05
2286.1425 4.987542e-02 7.092711e-02 8.731533e-04 3.405969e-02 2.332093e-02 1.123938e-01 8.0679613306e+04 2.0145140952e+05 2.0163433235e+05
2287.1430 4.644675e-02 6.771499e-02 9.343111e-04 2.855761e-02 1.959102e-02 1.204173e-01 8.0725738571e+04 2.0147167685e+05 2.0157110357e+05
2288.1435 4.463770e-02 6.560246e-02 9.220846e-04 2.513698e-02 1.748041e-02 1.251885e-01 8.0760499968e+04 2.0148480309e+05 2.0152504702e+05
2289.1440 4.430517e-02 6.266014e-02 9.425792e-04 2.375400e-02 1.679580e-02 1.274787e-01 8.0780082670e+04 2.0149132395e+05 2.0150020731e+05
2290.1445 4.528710e-02 6.094959e-02 9.416918e-04 2.445004e-02 1.759839e-02 1.252742e-01 8.0784414312e+04 2.0148886878e+05 2.0149890781e+05
2291.1450 4.654969e-02 6.085916e-02 9.115670e-04 2.674894e-02 1.965866e-02 1.207116e-01 8.0774873339e+04 2.0147543162e+05 2.0152153133e+05
2292.1455 4.829729e-02 6.213299e-02 9.158316e-04 3.144138e-02 2.325917e-02 1.128699e-01 8.0754797467e+04 2.0145058644e+05 2.0156504409e+05
2293.1460 5.025109e-02 6.729332e-02 9.103275e-04 3.742153e-02 2.757120e-02 1.028253e-01 8.0726259945e+04 2.0141628073e+05 2.0162500624e+05
2294.1465 5.406111e-02 7.552728e-02 8.881868e-04 4.392829e-02 3.221432e-02 9.248283e-02 8.0691404963e+04 2.0137587972e+05 2.0169510521e+05
2295.1470 5.774579e-02 8.588150e-02 8.663233e-04 5.055204e-02 3.681470e-02 8.166093e-02 8.0654460017e+04 2.0133358250e+05 2.0176852583e+05
2296.1475 6.160598e-02 9.404869e-02 8.308737e-04 5.718243e-02 4.119696e-02 7.181747e-02 8.0619690853e+04 2.0129321112e+05 2.0183838899e+05
2297.1480 6.479990e-02 9.678317e-02 8.195373e-04 6.182674e-02 4.426010e-02 6.355239e-02 8.0592149057e+04 2.0125811907e+05 2.0189881620e+05
2298.1485 6.430224e-02 9.677254e-02 8.047706e-04 6.564342e-02 4.659547e-02 5.851481e-02 8.0574823354e+04 2.0123219562e+05 2.0194190440e+05
2299.1490 6.501482e-02 9.573458e-02 7.994137e-04 6.766431e-02 4.759606e-02 5.639808e-02 8.0568106018e+04 2.0121823867e+05 2.0196228698e+05
2300.1495 6.528884e-02 9.453421e-02 7.998937e-04 6.678736e-02 4.671214e-02 5.709590e-02 8.0573494006e+04 2.0121864603e+05 2.0195726979e+05
2301.1500 6.486201e-02 9.356659e-02 8.458799e-04 6.472688e-02 4.492519e-02 6.081836e-02 8.0592218289e+04 2.0123167393e+05 2.0192612877e+05
2302.1505 6.288511e-02 9.291945e-02 8.218807e-04 6.064068e-02 4.183434e-02 6.767215e-02 8.0623566359e+04 2.0125433024e+05 2.0187336489e+05
2303.1510 6.027354e-02 9.112167e-02 8.379764e-04 5.530638e-02 3.795911e-02 7.600088e-02 8.0664817842e+04 2.0128361042e+05 2.0180492699e+05
2304.1515 5.694104e-02 8.729475e-02 8.808073e-04 4.957712e-02 3.391653e-02 8.534210e-02 8.0711279144e+04 2.0131694616e+05 2.0172815456e+05
2305.1520 5.402265e-02 8.220843e-02 9.080421e-04 4.285886e-02 2.931314e-02 9.517797e-02 8.0758321508e+04 2.0134997711e+05 2.0165184190e+05
2306.1525 5.094790e-02 7.565192e-02 9.197861e-04 3.676049e-02 2.533543e-02 1.043513e-01 8.0804164941e+04 2.0137745014e+05 2.0158277781e+05
2307.1530 4.820220e-02 6.870288e-02 9.208783e-04 3.188091e-02 2.221657e-02 1.117897e-01 8.0846344426e+04 2.0139530542e+05 2.0152687103e+05
2308.1535 4.665255e-02 6.212981e-02 9.485426e-04 2.814732e-02 1.995127e-02 1.174623e-01 8.0882143647e+04 2.0140188344e+05 2.0148790502e+05
2309.1540 4.535910e-02 5.866330e-02 9.615655e-04 2.577272e-02 1.870364e-02 1.195442e-01 8.0908751757e+04 2.0139860922e+05 2.0146710151e+05
2310.1545 4.481255e-02 5.888364e-02 9.223161e-04 2.535053e-02 1.871469e-02 1.200967e-01 8.0922801221e+04 2.0138795583e+05 2.0146383659e+05
2311.1550 4.654868e-02 6.250278e-02 9.592983e-04 2.717497e-02 2.014894e-02 1.170145e-01 8.0923329614e+04 2.0137233358e+05 2.0147669972e+05
2312.1555 4.729280e-02 6.789593e-02 9.222472e-04 3.042455e-02 2.253513e-02 1.118133e-01 8.0912214138e+04 2.0135325025e+05 2.0150421691e+05
2313.1560 4.864446e-02 7.161930e-02 8.881779e-04 3.493487e-02 2.574822e-02 1.047243e-01 8.0892233644e+04 2.0133155605e+05 2.0154367963e+05
2314.1565 5.071122e-02 7.412087e-02 8.831468e-04 4.044557e-02 2.950804e-02 9.549002e-02 8.0865593285e+04 2.0130876145e+05 2.0159127454e+05
2315.1570 5.367405e-02 7.593531e-02 8.655549e-04 4.656130e-02 3.363946e-02 8.624388e-02 8.0834773519e+04 2.0128581394e+05 2.0164271044e+05
2316.1575 5.695471e-02 8.007325e-02 8.538855e-04 5.185923e-02 3.714077e-02 7.726638e-02 8.0803320365e+04 2.0126258157e+05 2.0169451269e+05
2317.1580 6.011974e-02 8.509564e-02 8.189910e-04 5.727076e-02 4.063684e-02 6.923187e-02 8.0774757282e+04 2.0123998840e+05 2.0174203871e+05
2318.1585 6.256517e-02 8.982856e-02 8.249697e-04 6.138512e-02 4.323397e-02 6.307282e-02 8.0752459763e+04 2.0121858727e+05 2.0178261527e+05
2319.1590 6.302589e-02 9.427671e-02 8.155708e-04 6.361907e-02 4.449010e-02 5.899935e-02 8.0738789861e+04 2.0120001822e+05 2.0181314223e+05
2320.1595 6.345977e-02 9.723610e-02 8.467434e-04 6.488017e-02 4.503127e-02 5.798934e-02 8.0734715455e+04 2.0118574262e+05 2.0182980337e+05
2321.1600 6.400821e-02 9.891143e-02 8.355143e-04 6.366019e-02 4.398331e-02 5.966433e-02 8.0741728117e+04 2.0117652661e+05 2.0183125554e+05
2322.1605 6.287001e-02 9.743603e-02 8.041856e-04 6.097850e-02 4.203973e-02 6.401227e-02 8.0761009308e+04 2.0117419314e+05 2.0181549091e+05
2323.1610 6.101008e-02 9.278521e-02 8.709150e-04 5.708088e-02 3.923117e-02 6.989773e-02 8.0791792050e+04 2.0117943145e+05 2.0178239708e+05
2324.1615 5.953776e-02 8.602859e-02 8.901613e-04 5.145502e-02 3.546080e-02 7.823366e-02 8.0830852016e+04 2.0119295915e+05 2.0173362753e+05
2325.1620 5.678829e-02 7.912532e-02 8.711500e-04 4.575685e-02 3.165642e-02 8.694695e-02 8.0875318389e+04 2.0121516495e+05 2.0167114219e+05
2326.1625 5.287568e-02 7.352971e-02 9.071455e-04 4.016736e-02 2.792940e-02 9.588708e-02 8.0921453715e+04 2.0124440999e+05 2.0159973808e+05
2327.1630 5.034295e-02 7.033168e-02 9.226729e-04 3.485768e-02 2.443278e-02 1.040911e-01 8.0965147175e+04 2.0127673621e+05 2.0152626061e+05
2328.1635 4.834448e-02 6.872564e-02 9.318835e-04 3.021678e-02 2.145487e-02 1.100589e-01 8.1004578911e+04 2.0130716359e+05 2.0145850275e+05
2329.1640 4.579876e-02 6.799411e-02 9.424768e-04 2.729809e-02 1.959238e-02 1.152784e-01 8.1037622079e+04 2.0132980704e+05 2.0140388626e+05
2330.1645 4.478136e-02 6.552829e-02 9.525874e-04 2.591273e-02 1.878427e-02 1.168719e-01 8.1061285770e+04 2.0134265862e+05 2.0136902687e+05
2331.1650 4.520010e-02 6.329695e-02 9.309521e-04 2.614060e-02 1.902327e-02 1.165739e-01 8.1072619877e+04 2.0134321942e+05 2.0135786138e+05
2332.1655 4.637628e-02 6.146774e-02 9.557513e-04 2.793997e-02 2.053217e-02 1.130243e-01 8.1071525021e+04 2.0133141327e+05 2.0137117121e+05
2333.1660 4.688846e-02 6.183052e-02 9.164238e-04 3.139176e-02 2.296684e-02 1.071423e-01 8.1058817458e+04 2.0130829690e+05 2.0140667588e+05
2334.1665 4.911713e-02 6.403706e-02 9.167590e-04 3.627326e-02 2.638994e-02 9.960087e-02 8.1035949477e+04 2.0127634609e+05 2.0145939316e+05
2335.1670 5.158861e-02 6.967774e-02 8.904137e-04 4.145615e-02 3.000740e-02 9.106312e-02 8.1006258686e+04 2.0123883891e+05 2.0152318873e+05
2336.1675 5.458512e-02 7.777102e-02 8.478225e-04 4.766965e-02 3.421118e-02 8.165123e-02 8.0973998697e+04 2.0119941343e+05 2.0159004820e+05
2337.1680 5.770128e-02 8.585052e-02 8.664977e-04 5.307783e-02 3.782121e-02 7.267444e-02 8.0942919914e+04 2.0116217048e+05 2.0165387493e+05
2338.1685 6.046919e-02 9.268917e-02 8.428147e-04 5.738929e-02 4.071754e-02 6.544898e-02 8.0915457202e+04 2.0113120127e+05 2.0170840050e+05
2339.1690 6.352709e-02 9.505370e-02 8.393384e-04 6.094217e-02 4.303242e-02 6.009576e-02 8.0894893671e+04 2.0110964006e+05 2.0174820888e+05
2340.1695 6.413596e-02 9.481205e-02 8.378990e-04 6.252564e-02 4.401318e-02 5.724337e-02 8.0884308737e+04 2.0109812046e+05 2.0177023591e+05
2341.1700 6.424541e-02 9.326492e-02 8.238848e-04 6.274369e-02 4.401325e-02 5.712732e-02 8.0884895035e+04 2.0109651142e+05 2.0177185942e+05
2342.1705 6.436632e-02 9.034120e-02 8.713781e-04 6.103780e-02 4.266605e-02 6.002180e-02 8.0897488390e+04 2.0110383670e+05 2.0175301933e+05
2343.1710 6.194665e-02 8.904235e-02 8.453588e-04 5.738117e-02 4.000980e-02 6.567748e-02 8.0922551904e+04 2.0111808349e+05 2.0171552678e+05
2344.1715 6.033127e-02 8.877451e-02 8.616583e-04 5.304275e-02 3.682251e-02 7.262903e-02 8.0957637845e+04 2.0113700130e+05 2.0166252541e+05
2345.1720 5.846382e-02 8.740679e-02 8.789548e-04 4.777450e-02 3.303631e-02 8.159391e-02 8.1000212650e+04 2.0115841391e+05 2.0159980467e+05
2346.1725 5.508196e-02 8.361583e-02 9.082438e-04 4.191143e-02 2.888173e-02 9.067569e-02 8.1047601386e+04 2.0118058261e+05 2.0153351351e+05
2347.1730 5.225750e-02 7.785177e-02 9.381864e-04 3.625004e-02 2.507644e-02 9.908021e-02 8.1094786349e+04 2.0120173580e+05 2.0146898972e+05
2348.1735 4.923003e-02 7.062102e-02 9.468844e-04 3.169430e-02 2.196295e-02 1.074826e-01 8.1137831147e+04 2.0122073821e+05 2.0141076765e+05
2349.1740 4.748181e-02 6.379308e-02 9.657184e-04 2.782864e-02 1.943327e-02 1.124324e-01 8.1173600519e+04 2.0123675546e+05 2.0136299565e+05
2350.1745 4.536763e-02 5.875905e-02 9.462572e-04 2.574980e-02 1.826102e-02 1.155496e-01 8.1199980331e+04 2.0124825536e+05 2.0132813085e+05
2351.1750 4.431963e-02 5.674263e-02 9.610797e-04 2.530282e-02 1.820540e-02 1.155250e-01 8.1215220845e+04 2.0125375500e+05 2.0130884401e+05
2352.1755 4.522183e-02 5.933157e-02 9.563485e-04 2.654167e-02 1.931329e-02 1.128264e-01 8.1218012797e+04 2.0125163362e+05 2.0130692539e+05
2353.1760 4.691570e-02 6.380285e-02 9.514756e-04 2.963492e-02 2.168461e-02 1.079811e-01 8.1208574654e+04 2.0124199528e+05 2.0132324716e+05
2354.1765 4.839467e-02 6.952902e-02 9.327684e-04 3.389846e-02 2.487050e-02 1.003112e-01 8.1188332332e+04 2.0122494977e+05 2.0135778096e+05
2355.1770 5.122490e-02 7.366548e-02 8.922821e-04 3.938731e-02 2.884378e-02 9.144573e-02 8.1160025135e+04 2.0119967855e+05 2.0140834008e+05
2356.1775 5.470783e-02 7.674388e-02 9.092341e-04 4.468666e-02 3.259332e-02 8.244264e-02 8.1127719392e+04 2.0116627031e+05 2.0147132820e+05
2357.1780 5.695471e-02 7.946463e-02 9.012085e-04 4.992541e-02 3.632871e-02 7.368882e-02 8.1096409599e+04 2.0112726933e+05 2.0153961266e+05
2358.1785 5.947403e-02 8.169364e-02 8.521623e-04 5.480051e-02 3.962005e-02 6.603035e-02 8.1069141628e+04 2.0108702692e+05 2.0160504436e+05
2359.1790 6.189759e-02 8.622629e-02 8.528386e-04 5.823212e-02 4.178244e-02 6.034802e-02 8.1048133500e+04 2.0105063999e+05 2.0165965982e+05
2360.1795 6.436837e-02 9.092916e-02 8.459201e-04 6.043273e-02 4.303723e-02 5.707203e-02 8.1035965024e+04 2.0102339081e+05 2.0169609999e+05
2361.1800 6.454307e-02 9.509891e-02 8.748624e-04 6.081965e-02 4.286064e-02 5.695291e-02 8.1035261797e+04 2.0100835608e+05 2.0171001138e+05
2362.1805 6.302412e-02 9.760761e-02 8.357690e-04 5.947837e-02 4.155634e-02 5.941072e-02 8.1046877184e+04 2.0100722842e+05 2.0169921413e+05
2363.1810 6.194727e-02 9.577420e-02 8.670997e-04 5.696335e-02 3.945052e-02 6.390904e-02 8.1069353118e+04 2.0102097232e+05 2.0166418505e+05
2364.1815 5.988038e-02 9.167200e-02 8.587290e-04 5.284299e-02 3.629056e-02 7.108604e-02 8.1100690741e+04 2.0104732801e+05 2.0160902719e+05
2365.1820 5.765841e-02 8.569425e-02 9.076685e-04 4.779992e-02 3.259834e-02 7.859832e-02 8.1138985768e+04 2.0108222757e+05 2.0153957752e+05
2366.1825 5.527557e-02 7.873630e-02 9.136629e-04 4.222731e-02 2.871349e-02 8.734954e-02 8.1181483381e+04 2.0111958897e+05 2.0146381125e+05
2367.1830 5.281170e-02 7.235054e-02 9.418294e-04 3.733961e-02 2.537000e-02 9.555975e-02 8.1225235211e+04 2.0115339330e+05 2.0138979332e+05
2368.1835 4.979341e-02 6.718713e-02 9.546178e-04 3.260473e-02 2.226536e-02 1.021146e-01 8.1266344303e+04 2.0118025725e+05 2.0132567098e+05
2369.1840 4.738053e-02 6.447250e-02 9.318120e-04 2.923873e-02 2.029447e-02 1.073939e-01 8.1300392769e+04 2.0119705730e+05 2.0127694437e+05
2370.1845 4.577903e-02 6.510383e-02 9.752701e-04 2.690613e-02 1.896562e-02 1.103796e-01 8.1324858274e+04 2.0120182715e+05 2.0124831524e+05
2371.1850 4.571280e-02 6.553983e-02 9.539596e-04 2.609080e-02 1.885330e-02 1.108506e-01 8.1339042407e+04 2.0119453216e+05 2.0124150980e+05
2372.1855 4.693434e-02 6.460394e-02 9.871595e-04 2.706458e-02 1.989186e-02 1.088898e-01 8.1343643362e+04 2.0117549953e+05 2.0125569529e+05
2373.1860 4.715811e-02 6.366773e-02 9.458630e-04 2.933576e-02 2.189382e-02 1.042911e-01 8.1339504586e+04 2.0114859973e+05 2.0128719305e+05
2374.1865 4.792417e-02 6.292577e-02 9.063442e-04 3.278763e-02 2.455734e-02 9.815498e-02 8.1326211682e+04 2.0111905365e+05 2.0133008071e+05
2375.1870 5.109343e-02 6.510673e-02 9.395902e-04 3.689954e-02 2.761346e-02 9.083769e-02 8.1304306615e+04 2.0109087817e+05 2.0137809814e+05
2376.1875 5.426887e-02 6.952001e-02 9.205111e-04 4.175042e-02 3.099051e-02 8.297580e-02 8.1277853377e+04 2.0106676831e+05 2.0142551393e+05
2377.1880 5.536414e-02 7.607651e-02 9.017229e-04 4.669669e-02 3.419326e-02 7.541818e-02 8.1251908339e+04 2.0104639598e+05 2.0146854360e+05
2378.1885 5.714611e-02 8.430827e-02 8.708477e-04 5.098130e-02 3.682888e-02 6.860438e-02 8.1228644297e+04 2.0102938715e+05 2.0150466679e+05
2379.1890 6.011481e-02 9.021564e-02 8.746593e-04 5.461901e-02 3.894115e-02 6.347104e-02 8.1210033374e+04 2.0101695433e+05 2.0153187785e+05
2380.1895 6.033163e-02 9.301942e-02 8.753801e-04 5.657115e-02 3.984588e-02 6.075868e-02 8.1198845709e+04 2.0100901287e+05 2.0154980820e+05
2381.1900 6.067755e-02 9.372261e-02 8.549932e-04 5.763006e-02 4.005290e-02 5.959026e-02 8.1195692888e+04 2.0100391712e+05 2.0155760930e+05
2382.1905 6.295938e-02 9.145884e-02 9.035134e-04 5.705941e-02 3.926472e-02 6.053226e-02 8.1200945828e+04 2.0100090894e+05 2.0155541296e+05
2383.1910 6.091108e-02 8.748281e-02 8.747463e-04 5.521407e-02 3.765784e-02 6.393264e-02 8.1216887728e+04 2.0100040407e+05 2.0154248282e+05
2384.1915 5.792963e-02 8.398058e-02 9.096066e-04 5.233381e-02 3.549227e-02 6.854578e-02 8.1241167210e+04 2.0100323102e+05 2.0151816705e+05
2385.1920 5.768087e-02 8.279991e-02 8.949703e-04 4.832199e-02 3.267576e-02 7.483363e-02 8.1269817783e+04 2.0101042323e+05 2.0148310404e+05
2386.1925 5.660198e-02 8.212963e-02 9.378668e-04 4.419538e-02 2.983887e-02 8.135595e-02 8.1302755059e+04 2.0102249925e+05 2.0143895896e+05
2387.1930 5.309148e-02 8.107802e-02 9.040911e-04 3.962968e-02 2.694210e-02 8.793652e-02 8.1339244063e+04 2.0103731043e+05 2.0138985113e+05
2388.1935 5.144344e-02 7.607508e-02 9.558730e-04 3.541418e-02 2.445031e-02 9.416951e-02 8.1375382663e+04 2.0105407361e+05 2.0133977118e+05
2389.1940 5.078267e-02 6.968663e-02 9.522492e-04 3.174826e-02 2.225185e-02 9.926781e-02 8.1408206580e+04 2.0107130584e+05 2.0129285291e+05
2390.1945 4.784628e-02 6.436309e-02 9.337011e-04 2.913955e-02 2.102504e-02 1.028525e-01 8.1436076709e+04 2.0108744792e+05 2.0125229010e+05
2391.1950 4.670438e-02 6.086340e-02 9.938475e-04 2.759235e-02 2.042221e-02 1.044763e-01 8.1455901690e+04 2.0110034151e+05 2.0122166282e+05
2392.1955 4.816276e-02 5.940115e-02 9.306256e-04 2.730288e-02 2.061684e-02 1.042671e-01 8.1466781584e+04 2.0110724198e+05 2.0120406144e+05
2393.1960 4.863536e-02 5.981868e-02 9.393532e-04 2.828208e-02 2.149120e-02 1.020963e-01 8.1471136746e+04 2.0110500161e+05 2.0120172068e+05
2394.1965 4.696378e-02 6.430750e-02 9.715950e-04 3.062035e-02 2.316791e-02 9.845195e-02 8.1469047144e+04 2.0109247407e+05 2.0121506326e+05
2395.1970 4.942455e-02 6.948017e-02 9.098199e-04 3.394439e-02 2.541796e-02 9.333101e-02 8.1457856138e+04 2.0107244770e+05 2.0124300500e+05
2396.1975 5.246632e-02 7.426062e-02 9.329293e-04 3.779540e-02 2.780383e-02 8.718249e-02 8.1439860567e+04 2.0104721488e+05 2.0128301712e+05
2397.1980 5.262964e-02 7.764662e-02 9.057333e-04 4.192043e-02 3.036805e-02 8.074158e-02 8.1419060076e+04 2.0101856367e+05 2.0133098679e+05
2398.1985 5.445080e-02 7.895188e-02 9.123123e-04 4.599089e-02 3.287392e-02 7.461474e-02 8.1397473496e+04 2.0098824607e+05 2.0138147463e+05
2399.1990 5.724112e-02 7.899048e-02 8.796738e-04 4.946946e-02 3.487481e-02 6.917416e-02 8.1377327299e+04 2.0096060591e+05 2.0142812175e+05
2400.1995 5.763964e-02 8.034142e-02 9.288935e-04 5.268399e-02 3.671739e-02 6.454542e-02 8.1361108334e+04 2.0093993463e+05 2.0146415106e+05
2401.2000 5.850937e-02 8.332838e-02 8.800071e-04 5.441801e-02 3.757897e-02 6.163209e-02 8.1349383768e+04 2.0092839835e+05 2.0148602990e+05
2402.2005 6.061868e-02 8.851664e-02 8.523252e-04 5.530438e-02 3.792359e-02 6.053418e-02 8.1343503700e+04 2.0092545712e+05 2.0149188668e+05
2403.2010 6.209548e-02 9.260764e-02 9.010201e-04 5.505410e-02 3.767941e-02 6.086857e-02 8.1346153062e+04 2.0092923957e+05 2.0148312732e+05
2404.2015 6.031013e-02 9.251821e-02 8.864898e-04 5.325005e-02 3.640677e-02 6.334959e-02 8.1358710778e+04 2.0093807488e+05 2.0146277194e+05
2405.2020 5.921882e-02 8.937815e-02 9.245115e-04 5.102135e-02 3.493391e-02 6.690347e-02 8.1378942136e+04 2.0094933829e+05 2.0143304885e+05
2406.2025 5.836679e-02 8.436476e-02 8.888231e-04 4.715899e-02 3.261220e-02 7.283170e-02 8.1405417206e+04 2.0096086530e+05 2.0139753137e+05
2407.2030 5.674791e-02 7.868044e-02 9.417103e-04 4.266450e-02 2.990282e-02 7.888093e-02 8.1438167535e+04 2.0097081709e+05 2.0135815026e+05
2408.2035 5.453711e-02 7.303038e-02 9.409423e-04 3.821234e-02 2.713892e-02 8.544751e-02 8.1475341367e+04 2.0097866498e+05 2.0131664400e+05
2409.2040 5.319598e-02 6.819992e-02 9.446833e-04 3.413864e-02 2.469209e-02 9.211103e-02 8.1514095202e+04 2.0098446706e+05 2.0127443363e+05
2410.2045 5.033906e-02 6.535695e-02 9.557153e-04 3.037890e-02 2.236399e-02 9.791276e-02 8.1551718773e+04 2.0099059117e+05 2.0123303901e+05
2411.2050 4.758630e-02 6.489210e-02 9.368706e-04 2.758698e-02 2.056646e-02 1.020937e-01 8.1584110172e+04 2.0099882664e+05 2.0119394123e+05
2412.2055 4.756811e-02 6.509122e-02 9.908737e-04 2.585782e-02 1.950568e-02 1.044909e-01 8.1607893388e+04 2.0100908058e+05 2.0115990838e+05
2413.2060 4.671236e-02 6.450392e-02 9.643154e-04 2.575226e-02 1.938388e-02 1.051824e-01 8.1623035370e+04 2.0102004142e+05 2.0113425354e+05
2414.2065 4.588348e-02 6.307727e-02 9.393986e-04 2.686859e-02 2.008921e-02 1.036084e-01 8.1628990189e+04 2.0102855228e+05 2.0112068723e+05
2415.2070 4.622391e-02 6.143013e-02 9.687585e-04 2.924219e-02 2.158828e-02 9.950968e-02 8.1624661942e+04 2.0103245037e+05 2.0112172015e+05
2416.2075 4.799685e-02 6.220659e-02 9.395819e-04 3.286191e-02 2.385802e-02 9.385238e-02 8.1609590477e+04 2.0102955909e+05 2.0113856918e+05
2417.2080 4.983219e-02 6.480042e-02 9.407767e-04 3.710112e-02 2.654992e-02 8.739374e-02 8.1585906043e+04 2.0101830214e+05 2.0117155660e+05
2418.2085 5.236361e-02 7.069582e-02 9.107785e-04 4.175816e-02 2.946513e-02 7.936349e-02 8.1556749760e+04 2.0099654225e+05 2.0121927340e+05
2419.2090 5.547999e-02 7.743822e-02 9.315286e-04 4.687163e-02 3.273446e-02 7.175513e-02 8.1526166108e+04 2.0096428756e+05 2.0127789593e+05
2420.2095 5.686146e-02 8.435775e-02 9.168266e-04 5.086940e-02 3.529622e-02 6.500735e-02 8.1498074701e+04 2.0092463474e+05 2.0134235871e+05
2421.2100 5.865448e-02 8.974364e-02 8.971928e-04 5.449161e-02 3.768551e-02 5.915485e-02 8.1474379189e+04 2.0088335280e+05 2.0140435860e+05
2422.2105 6.211257e-02 9.242358e-02 9.001819e-04 5.654932e-02 3.908943e-02 5.539908e-02 8.1456885708e+04 2.0084639540e+05 2.0145636715e+05
2423.2110 6.290165e-02 9.268681e-02 8.797359e-04 5.691586e-02 3.940601e-02 5.415182e-02 8.1450268575e+04 2.0081844302e+05 2.0149083482e+05
2424.2115 6.255215e-02 9.072737e-02 8.878042e-04 5.650401e-02 3.922931e-02 5.516472e-02 8.1456511917e+04 2.0080266994e+05 2.0150110781e+05
2425.2120 6.236178e-02 8.637597e-02 9.032740e-04 5.367270e-02 3.756135e-02 5.900190e-02 8.1475038568e+04 2.0080261786e+05 2.0148471030e+05
2426.2125 6.072048e-02 8.263914e-02 9.377141e-04 4.984109e-02 3.506586e-02 6.453792e-02 8.1505559641e+04 2.0081848372e+05 2.0144077879e+05
2427.2130 5.708067e-02 8.086438e-02 9.201714e-04 4.534171e-02 3.203533e-02 7.239287e-02 8.1545344962e+04 2.0084847589e+05 2.0137312431e+05
2428.2135 5.474926e-02 7.988996e-02 9.442154e-04 4.010687e-02 2.861868e-02 8.113456e-02 8.1590897954e+04 2.0088767219e+05 2.0128968548e+05
2429.2140 5.295376e-02 7.600699e-02 9.476281e-04 3.448855e-02 2.477866e-02 8.970656e-02 8.1639940563e+04 2.0093006642e+05 2.0120079189e+05
2430.2145 4.855131e-02 6.920105e-02 9.512897e-04 2.960248e-02 2.154096e-02 9.805406e-02 8.1689456841e+04 2.0096936702e+05 2.0111645814e+05
2431.2150 4.488086e-02 6.201774e-02 9.913285e-04 2.550081e-02 1.872505e-02 1.045767e-01 8.1733069077e+04 2.0100059562e+05 2.0104612783e+05
2432.2155 4.423047e-02 5.646020e-02 9.434617e-04 2.297713e-02 1.701327e-02 1.092965e-01 8.1765144864e+04 2.0102070195e+05 2.0099625055e+05
2433.2160 4.305182e-02 5.321607e-02 9.995303e-04 2.188180e-02 1.619843e-02 1.107615e-01 8.1784834669e+04 2.0102792140e+05 2.0097132905e+05
2434.2165 4.140621e-02 5.222260e-02 9.984428e-04 2.263765e-02 1.664953e-02 1.089102e-01 8.1790829683e+04 2.0102194129e+05 2.0097268329e+05
2435.2170 4.327576e-02 5.422560e-02 9.961633e-04 2.540512e-02 1.842493e-02 1.047979e-01 8.1781531231e+04 2.0100302743e+05 2.0099909743e+05
2436.2175 4.585117e-02 6.045824e-02 9.789180e-04 2.957446e-02 2.120693e-02 9.820338e-02 8.1759194935e+04 2.0097341854e+05 2.0104736416e+05
2437.2180 4.714405e-02 6.759273e-02 9.508452e-04 3.482392e-02 2.467383e-02 8.905631e-02 8.1726747785e+04 2.0093786765e+05 2.0111222318e+05
2438.2185 5.131328e-02 7.435631e-02 9.628247e-04 4.087213e-02 2.875047e-02 7.948002e-02 8.1686051025e+04 2.0089895565e+05 2.0118718649e+05
2439.2190 5.596142e-02 8.043344e-02 9.000861e-04 4.635056e-02 3.249312e-02 6.971244e-02 8.1643299433e+04 2.0085898074e+05 2.0126578210e+05
2440.2195 5.875718e-02 8.422986e-02 9.205702e-04 5.179804e-02 3.626595e-02 6.059934e-02 8.1604816547e+04 2.0082107937e+05 2.0133950629e+05
2441.2200 6.117015e-02 8.646573e-02 9.138028e-04 5.567508e-02 3.892749e-02 5.344323e-02 8.1573636387e+04 2.0078894780e+05 2.0140118976e+05
2442.2205 6.369884e-02 8.770731e-02 9.040732e-04 5.838039e-02 4.083121e-02 4.906519e-02 8.1552927601e+04 2.0076597147e+05 2.0144332652e+05
2443.2210 6.479195e-02 9.170251e-02 8.843755e-04 5.953106e-02 4.159423e-02 4.741757e-02 8.1545722291e+04 2.0075288753e+05 2.0146137261e+05
2444.2215 6.512426e-02 9.527105e-02 9.025330e-04 5.784482e-02 4.051208e-02 4.945688e-02 8.1554205706e+04 2.0075015362e+05 2.0145437392e+05
2445.2220 6.368398e-02 9.478872e-02 9.234217e-04 5.490055e-02 3.842072e-02 5.410164e-02 8.1579744412e+04 2.0075759177e+05 2.0142236774e+05
2446.2225 6.084899e-02 9.104732e-02 9.076384e-04 5.081222e-02 3.557501e-02 6.193511e-02 8.1619717987e+04 2.0077407767e+05 2.0136813499e+05
2447.2230 5.792276e-02 8.444304e-02 9.290988e-04 4.501034e-02 3.163032e-02 7.119512e-02 8.1670208881e+04 2.0079926228e+05 2.0129640444e+05
2448.2235 5.327807e-02 7.631836e-02 9.524868e-04 3.862008e-02 2.722030e-02 8.155515e-02 8.1726801958e+04 2.0083216719e+05 2.0121229453e+05
2449.2240 4.966460e-02 6.936603e-02 1.006987e-03 3.243875e-02 2.298173e-02 9.211129e-02 8.1783079160e+04 2.0086966700e+05 2.0112266931e+05
2450.2245 4.735812e-02 6.158186e-02 9.802241e-04 2.685821e-02 1.914206e-02 1.013369e-01 8.1835680450e+04 2.0090805529e+05 2.0103582754e+05
2451.2250 4.316987e-02 5.458559e-02 1.006850e-03 2.265938e-02 1.634228e-02 1.081032e-01 8.1881145424e+04 2.0094317929e+05 2.0095985068e+05
2452.2255 4.043313e-02 5.060174e-02 1.023944e-03 2.014638e-02 1.452775e-02 1.122457e-01 8.1913231922e+04 2.0097106657e+05 2.0090275401e+05
2453.2260 4.058946e-02 5.158566e-02 9.927602e-04 1.948620e-02 1.414592e-02 1.129356e-01 8.1927944412e+04 2.0098762909e+05 2.0087111523e+05
2454.2265 4.158888e-02 5.444519e-02 1.004431e-03 2.101110e-02 1.520523e-02 1.104688e-01 8.1925251879e+04 2.0099012270e+05 2.0086977673e+05
2455.2270 4.215384e-02 5.850578e-02 9.804591e-04 2.433706e-02 1.752939e-02 1.045567e-01 8.1906994027e+04 2.0097542753e+05 2.0090099648e+05
2456.2275 4.535846e-02 6.295125e-02 9.784231e-04 2.923438e-02 2.098488e-02 9.571754e-02 8.1875123928e+04 2.0094266228e+05 2.0096274777e+05
2457.2280 4.839527e-02 6.588557e-02 9.645639e-04 3.530935e-02 2.525110e-02 8.566529e-02 8.1834193597e+04 2.0089543622e+05 2.0104842269e+05
2458.2285 5.185685e-02 7.024111e-02 9.480844e-04 4.147405e-02 2.961184e-02 7.480921e-02 8.1788006944e+04 2.0083903861e+05 2.0114800285e+05
2459.2290 5.664911e-02 7.714917e-02 9.352282e-04 4.776724e-02 3.396630e-02 6.417380e-02 8.1741154960e+04 2.0078026054e+05 2.0124893781e+05
2460.2295 6.037765e-02 8.435532e-02 8.997498e-04 5.280820e-02 3.743208e-02 5.582115e-02 8.1700593124e+04 2.0072570947e+05 2.0133957441e+05
2461.2300 6.356199e-02 9.173948e-02 9.063162e-04 5.713033e-02 4.037018e-02 4.898901e-02 8.1671441484e+04 2.0068160681e+05 2.0140837110e+05
2462.2305 6.520293e-02 9.663625e-02 8.957213e-04 5.939752e-02 4.183443e-02 4.557482e-02 8.1657026627e+04 2.0065408956e+05 2.0144753000e+05
2463.2310 6.518400e-02 9.767964e-02 8.893670e-04 5.902319e-02 4.155514e-02 4.580726e-02 8.1659149187e+04 2.0064694983e+05 2.0145228145e+05
2464.2315 6.434450e-02 9.605397e-02 9.005152e-04 5.741944e-02 4.028655e-02 4.902758e-02 8.1677158781e+04 2.0066114602e+05 2.0142095252e+05
2465.2320 6.236141e-02 9.291856e-02 9.043390e-04 5.384146e-02 3.780020e-02 5.550595e-02 8.1709994084e+04 2.0069323316e+05 2.0135781824e+05
2466.2325 5.951539e-02 8.658984e-02 9.323056e-04 4.828705e-02 3.388671e-02 6.421118e-02 8.1756113554e+04 2.0073806785e+05 2.0127090108e+05
2467.2330 5.534557e-02 7.782602e-02 9.401411e-04 4.222787e-02 2.965313e-02 7.451140e-02 8.1811457127e+04 2.0078921292e+05 2.0116959627e+05
2468.2335 5.054744e-02 7.006666e-02 1.002731e-03 3.603852e-02 2.528362e-02 8.528135e-02 8.1870169885e+04 2.0083973726e+05 2.0106530439e+05
2469.2340 4.775185e-02 6.410084e-02 9.882224e-04 2.992585e-02 2.105449e-02 9.485467e-02 8.1925605824e+04 2.0088395764e+05 2.0096950296e+05
2470.2345 4.447501e-02 6.033477e-02 1.013281e-03 2.479961e-02 1.756269e-02 1.030708e-01 8.1973275739e+04 2.0091666868e+05 2.0089220731e+05
2471.2350 4.181203e-02 5.706554e-02 1.021555e-03 2.118655e-02 1.515949e-02 1.089901e-01 8.2009525669e+04 2.0093365514e+05 2.0084136169e+05
2472.2355 4.078602e-02 5.396177e-02 1.021864e-03 1.936170e-02 1.398143e-02 1.113908e-01 8.2031545334e+04 2.0093360703e+05 2.0082126963e+05
2473.2360 4.012688e-02 5.262554e-02 1.006624e-03 1.961713e-02 1.427001e-02 1.105971e-01 8.2037936839e+04 2.0091755440e+05 2.0083183497e+05
2474.2365 4.067511e-02 5.379892e-02 1.015331e-03 2.165425e-02 1.591168e-02 1.065957e-01 8.2027616199e+04 2.0088983385e+05 2.0086934307e+05
2475.2370 4.341855e-02 5.651097e-02 9.708196e-04 2.544913e-02 1.868448e-02 9.920119e-02 8.2002268288e+04 2.0085492036e+05 2.0092774721e+05
2476.2375 4.725278e-02 6.143362e-02 1.011018e-03 3.069051e-02 2.238790e-02 9.055172e-02 8.1965889738e+04 2.0081564632e+05 2.0099975919e+05
2477.2380 5.049782e-02 6.814349e-02 9.707331e-04 3.636372e-02 2.644898e-02 8.034452e-02 8.1924314224e+04 2.0077516694e+05 2.0107801230e+05
2478.2385 5.430206e-02 7.583643e-02 9.471895e-04 4.270441e-02 3.076568e-02 6.993897e-02 8.1881735582e+04 2.0073654350e+05 2.0115452159e+05
2479.2390 5.734838e-02 8.383125e-02 9.434288e-04 4.834264e-02 3.459276e-02 6.081786e-02 8.1842151142e+04 2.0070327083e+05 2.0122277086e+05
2480.2395 6.081721e-02 8.940441e-02 9.330382e-04 5.327281e-02 3.781713e-02 5.346764e-02 8.1809376081e+04 2.0067804349e+05 2.0127682153e+05
2481.2400 6.345438e-02 9.389643e-02 9.065845e-04 5.600505e-02 3.958245e-02 4.878056e-02 8.1788155133e+04 2.0066004683e+05 2.0131329112e+05
2482.2405 6.358112e-02 9.472380e-02 9.415791e-04 5.718350e-02 4.020239e-02 4.716140e-02 8.1782685127e+04 2.0064951160e+05 2.0132884107e+05
2483.2410 6.333033e-02 9.217261e-02 9.066308e-04 5.720282e-02 4.004166e-02 4.841603e-02 8.1793028874e+04 2.0064738231e+05 2.0132127397e+05
2484.2415 6.268695e-02 8.893156e-02 9.393507e-04 5.471937e-02 3.817645e-02 5.255578e-02 8.1817512410e+04 2.0065471739e+05 2.0129106903e+05
2485.2420 5.935396e-02 8.573221e-02 9.545158e-04 5.067513e-02 3.519067e-02 5.947466e-02 8.1854051121e+04 2.0067249993e+05 2.0123944301e+05
2486.2425 5.656249e-02 8.286551e-02 9.430430e-04 4.577229e-02 3.175353e-02 6.786693e-02 8.1898712561e+04 2.0069918559e+05 2.0117041733e+05
2487.2430 5.435969e-02 7.910676e-02 9.641542e-04 4.023846e-02 2.788154e-02 7.717943e-02 8.1948586444e+04 2.0073116709e+05 2.0109085570e+05
2488.2435 4.990290e-02 7.159678e-02 9.390185e-04 3.455913e-02 2.405114e-02 8.651189e-02 8.2000796554e+04 2.0076642726e+05 2.0100830563e+05
2489.2440 4.592740e-02 6.392872e-02 9.683174e-04 2.927475e-02 2.047345e-02 9.462639e-02 8.2049047984e+04 2.0080089672e+05 2.0093054954e+05
2490.2445 4.412412e-02 5.890429e-02 1.012439e-03 2.509467e-02 1.775958e-02 1.011879e-01 8.2087590735e+04 2.0083101658e+05 2.0086480508e+05
2491.2450 4.304061e-02 5.559338e-02 1.023197e-03 2.211439e-02 1.594281e-02 1.050801e-01 8.2114176130e+04 2.0085326478e+05 2.0081807338e+05
2492.2455 4.201820e-02 5.363134e-02 1.030435e-03 2.090741e-02 1.530456e-02 1.063313e-01 8.2128423045e+04 2.0086300169e+05 2.0079561384e+05
2493.2460 4.280647e-02 5.310099e-02 1.004050e-03 2.151891e-02 1.594370e-02 1.049489e-01 8.2129630857e+04 2.0085728498e+05 2.0080005503e+05
2494.2465 4.415277e-02 5.463078e-02 9.806697e-04 2.367537e-02 1.757780e-02 1.002653e-01 8.2118756154e+04 2.0083655537e+05 2.0083085059e+05
2495.2470 4.463615e-02 5.984814e-02 1.019863e-03 2.722674e-02 2.010713e-02 9.427907e-02 8.2097004120e+04 2.0080293693e+05 2.0088391567e+05
2496.2475 4.773450e-02 6.649428e-02 9.867602e-04 3.176152e-02 2.324324e-02 8.643488e-02 8.2065509586e+04 2.0076159381e+05 2.0095296399e+05
2497.2480 5.350163e-02 7.361419e-02 9.678665e-04 3.698686e-02 2.676845e-02 7.789511e-02 8.2029143351e+04 2.0071540979e+05 2.0103021476e+05
2498.2485 5.556445e-02 7.917246e-02 9.549362e-04 4.214547e-02 3.018999e-02 6.961147e-02 8.1995137298e+04 2.0066946643e+05 2.0110695420e+05
2499.2490 5.660391e-02 8.217056e-02 9.584068e-04 4.712234e-02 3.344030e-02 6.199089e-02 8.1966138970e+04 2.0062997095e+05 2.0117362519e+05
2500.2495 5.978110e-02 8.318353e-02 9.191921e-04 5.053143e-02 3.557925e-02 5.607863e-02 8.1943017998e+04 2.0060270606e+05 2.0122245257e+05
2501.2500 6.190552e-02 8.573808e-02 9.635502e-04 5.325887e-02 3.723935e-02 5.251110e-02 8.1928988180e+04 2.0059020493e+05 2.0124678139e+05
2502.2505 6.162502e-02 8.966357e-02 9.118976e-04 5.458389e-02 3.794568e-02 5.150083e-02 8.1926803529e+04 2.0059216774e+05 2.0124513556e+05
2503.2510 6.135933e-02 9.135671e-02 9.131260e-04 5.376995e-02 3.723963e-02 5.270829e-02 8.1937514478e+04 2.0060626129e+05 2.0121991026e+05
2504.2515 6.061265e-02 9.036762e-02 9.453372e-04 5.198596e-02 3.591766e-02 5.645361e-02 8.1960486964e+04 2.0062862365e+05 2.0117495676e+05
2505.2520 5.805418e-02 8.590664e-02 9.539268e-04 4.890890e-02 3.376044e-02 6.162577e-02 8.1993485194e+04 2.0065681241e+05 2.0111662854e+05
2506.2525 5.511893e-02 8.050771e-02 9.463057e-04 4.478985e-02 3.100999e-02 6.839443e-02 8.2032127920e+04 2.0068652903e+05 2.0105171775e+05
2507.2530 5.336704e-02 7.554410e-02 9.756154e-04 3.990601e-02 2.787220e-02 7.618446e-02 8.2072942103e+04 2.0071305993e+05 2.0098709766e+05
2508.2535 5.107047e-02 6.833653e-02 9.553755e-04 3.483277e-02 2.461622e-02 8.371314e-02 8.2115195083e+04 2.0073333609e+05 2.0092873201e+05
2509.2540 4.724218e-02 6.194948e-02 1.004096e-03 3.060497e-02 2.193159e-02 9.025813e-02 8.2155920038e+04 2.0074540574e+05 2.0088024049e+05
2510.2545 4.512300e-02 5.710911e-02 9.885679e-04 2.683927e-02 1.948927e-02 9.589479e-02 8.2189841418e+04 2.0075055820e+05 2.0084421076e+05
2511.2550 4.464624e-02 5.659499e-02 1.017570e-03 2.434278e-02 1.797617e-02 9.940006e-02 8.2213677686e+04 2.0075038603e+05 2.0082108016e+05
2512.2555 4.354828e-02 5.905571e-02 1.004126e-03 2.302415e-02 1.716395e-02 1.007208e-01 8.2226583083e+04 2.0074661720e+05 2.0081171858e+05
2513.2560 4.410579e-02 5.944019e-02 1.027689e-03 2.316848e-02 1.724627e-02 9.945568e-02 8.2228776448e+04 2.0073976760e+05 2.0081640863e+05
2514.2565 4.525518e-02 6.013336e-02 1.010254e-03 2.474937e-02 1.829722e-02 9.715200e-02 8.2221189414e+04 2.0072853995e+05 2.0083439124e+05
2515.2570 4.580746e-02 6.203304e-02 1.002316e-03 2.768915e-02 2.017837e-02 9.208159e-02 8.2205675550e+04 2.0071389067e+05 2.0086366725e+05
2516.2575 4.766037e-02 6.406468e-02 1.010604e-03 3.132972e-02 2.256596e-02 8.587540e-02 8.2182478990e+04 2.0069757863e+05 2.0090172980e+05
2517.2580 5.090042e-02 6.804608e-02 9.756913e-04 3.559170e-02 2.523634e-02 7.904894e-02 8.2153751410e+04 2.0067950623e+05 2.0094559210e+05
2518.2585 5.403083e-02 7.256213e-02 9.909654e-04 4.006254e-02 2.812846e-02 7.243309e-02 8.2125156943e+04 2.0065799739e+05 2.0099234234e+05
2519.2590 5.552620e-02 7.833184e-02 9.618241e-04 4.395332e-02 3.060064e-02 6.556677e-02 8.2101138574e+04 2.0063266857e+05 2.0103890129e+05
2520.2595 5.697104e-02 8.407053e-02 9.574683e-04 4.813587e-02 3.331180e-02 5.999563e-02 8.2082533668e+04 2.0060665341e+05 2.0108009564e+05
2521.2600 5.915053e-02 8.832516e-02 9.565626e-04 5.072271e-02 3.493390e-02 5.642141e-02 8.2069634304e+04 2.0058424246e+05 2.0111253328e+05
2522.2605 5.973937e-02 8.951048e-02 9.651944e-04 5.172808e-02 3.569914e-02 5.420684e-02 8.2064943362e+04 2.0056874375e+05 2.0113215502e+05
2523.2610 5.961848e-02 8.844942e-02 9.876918e-04 5.204122e-02 3.600676e-02 5.452415e-02 8.2070015523e+04 2.0056028459e+05 2.0113573176e+05
2524.2615 5.981266e-02 8.492835e-02 9.487252e-04 5.075962e-02 3.536532e-02 5.610276e-02 8.2085719277e+04 2.0055942227e+05 2.0112237351e+05
2525.2620 5.809081e-02 7.862512e-02 9.399778e-04 4.849303e-02 3.404814e-02 6.029297e-02 8.2111928305e+04 2.0056739288e+05 2.0109115731e+05
2526.2625 5.405736e-02 7.406476e-02 9.937120e-04 4.498535e-02 3.189979e-02 6.578949e-02 8.2145596861e+04 2.0058480090e+05 2.0104363705e+05
2527.2630 5.310370e-02 7.190236e-02 9.598288e-04 4.066123e-02 2.913238e-02 7.181446e-02 8.2181511372e+04 2.0061043161e+05 2.0098380250e+05
2528.2635 5.236914e-02 7.112225e-02 9.878949e-04 3.655347e-02 2.653714e-02 7.847377e-02 8.2218232277e+04 2.0064033442e+05 2.0091776595e+05
2529.2640 4.912812e-02 6.906201e-02 9.921436e-04 3.214358e-02 2.355462e-02 8.525270e-02 8.2255175060e+04 2.0066919638e+05 2.0085424888e+05
2530.2645 4.574112e-02 6.394735e-02 1.022746e-03 2.861909e-02 2.118204e-02 9.102180e-02 8.2288944299e+04 2.0069329703e+05 2.0079989056e+05
2531.2650 4.405815e-02 6.040520e-02 9.808176e-04 2.568681e-02 1.912050e-02 9.517715e-02 8.2314743577e+04 2.0070924522e+05 2.0076062665e+05
2532.2655 4.375654e-02 5.728759e-02 1.034616e-03 2.384148e-02 1.775539e-02 9.759261e-02 8.2330576692e+04 2.0071610065e+05 2.0073966682e+05
2533.2660 4.296549e-02 5.645575e-02 1.017113e-03 2.331577e-02 1.721435e-02 9.848668e-02 8.2336304769e+04 2.0071229231e+05 2.0073847220e+05
2534.2665 4.483227e-02 5.627408e-02 1.034099e-03 2.424487e-02 1.757952e-02 9.644219e-02 8.2332763066e+04 2.0069745258e+05 2.0075647608e+05
2535.2670 4.587631e-02 5.823734e-02 1.033925e-03 2.625835e-02 1.871051e-02 9.305032e-02 8.2321980217e+04 2.0067274143e+05 2.0079089387e+05
2536.2675 4.575833e-02 6.241484e-02 1.011102e-03 2.959973e-02 2.073141e-02 8.784595e-02 8.2304503145e+04 2.0064303899e+05 2.0083637558e+05
2537.2680 4.763836e-02 6.890032e-02 1.017048e-03 3.340870e-02 2.315102e-02 8.147620e-02 8.2279805773e+04 2.0061339152e+05 2.0088741514e+05
2538.2685 5.156330e-02 7.482531e-02 9.925806e-04 3.751613e-02 2.580826e-02 7.477256e-02 8.2251134869e+04 2.0058694427e+05 2.0093851948e+05
2539.2690 5.390394e-02 7.990836e-02 1.007173e-03 4.223308e-02 2.897824e-02 6.816119e-02 8.2224352065e+04 2.0056399038e+05 2.0098473092e+05
2540.2695 5.533197e-02 8.242137e-02 1.001427e-03 4.559634e-02 3.138368e-02 6.181837e-02 8.2203280972e+04 2.0054524752e+05 2.0102326313e+05
2541.2700 5.729619e-02 8.152379e-02 9.564350e-04 4.852325e-02 3.361499e-02 5.697517e-02 8.2188818026e+04 2.0053253692e+05 2.0104984655e+05
2542.2705 5.773744e-02 8.038251e-02 9.583679e-04 5.063196e-02 3.525068e-02 5.404533e-02 8.2181859440e+04 2.0052735965e+05 2.0106204829e+05
2543.2710 5.849294e-02 8.116796e-02 9.380978e-04 5.116052e-02 3.587967e-02 5.291108e-02 8.2183064887e+04 2.0052805098e+05 2.0105952235e+05
2544.2715 5.931908e-02 8.311870e-02 9.929427e-04 5.053575e-02 3.564270e-02 5.432038e-02 8.2193879727e+04 2.0053225673e+05 2.0104309949e+05
2545.2720 5.772050e-02 8.349981e-02 9.401632e-04 4.837449e-02 3.442641e-02 5.746437e-02 8.2216121984e+04 2.0053844292e+05 2.0101517164e+05
2546.2725 5.530199e-02 7.997549e-02 1.003403e-03 4.529440e-02 3.247284e-02 6.188011e-02 8.2247656151e+04 2.0054712673e+05 2.0097760595e+05
2547.2730 5.307224e-02 7.646863e-02 9.752365e-04 4.182968e-02 3.019251e-02 6.820769e-02 8.2283491461e+04 2.0055846863e+05 2.0093249106e+05
2548.2735 5.095277e-02 7.241507e-02 9.895083e-04 3.718270e-02 2.706177e-02 7.532884e-02 8.2320641387e+04 2.0057324001e+05 2.0088328399e+05
2549.2740 4.861465e-02 6.733157e-02 1.013777e-03 3.285473e-02 2.410737e-02 8.192257e-02 8.2357128004e+04 2.0059055263e+05 2.0083278524e+05
2550.2745 4.624438e-02 6.190836e-02 1.022309e-03 2.889392e-02 2.123999e-02 8.768410e-02 8.2390455592e+04 2.0060845564e+05 2.0078519179e+05
2551.2750 4.451680e-02 5.603233e-02 1.062377e-03 2.573403e-02 1.891848e-02 9.302820e-02 8.2417982838e+04 2.0062521378e+05 2.0074391471e+05
2552.2755 4.202185e-02 5.391421e-02 1.007737e-03 2.362248e-02 1.725916e-02 9.656125e-02 8.2437277687e+04 2.0063981047e+05 2.0071208665e+05
2553.2760 4.239054e-02 5.534446e-02 1.055407e-03 2.286366e-02 1.642906e-02 9.689678e-02 8.2445266250e+04 2.0065067972e+05 2.0069296745e+05
2554.2765 4.335195e-02 5.931099e-02 1.060404e-03 2.319192e-02 1.643706e-02 9.624269e-02 8.2442526350e+04 2.0065436982e+05 2.0069016931e+05
2555.2770 4.443147e-02 6.292645e-02 1.018309e-03 2.516137e-02 1.757016e-02 9.286924e-02 8.2431676369e+04 2.0064780895e+05 2.0070579922e+05
2556.2775 4.603524e-02 6.482966e-02 1.020164e-03 2.787992e-02 1.928795e-02 8.827864e-02 8.2413976203e+04 2.0062983569e+05 2.0074010650e+05
2557.2780 4.740117e-02 6.587850e-02 1.012610e-03 3.162829e-02 2.184101e-02 8.212603e-02 8.2391061342e+04 2.0060260496e+05 2.0078929013e+05
2558.2785 4.938436e-02 6.892426e-02 9.942651e-04 3.610541e-02 2.490085e-02 7.506483e-02 8.2364138928e+04 2.0056914836e+05 2.0084744471e+05
2559.2790 5.294840e-02 7.251290e-02 1.007710e-03 3.977152e-02 2.752051e-02 6.806678e-02 8.2336324895e+04 2.0053364408e+05 2.0090813030e+05
2560.2795 5.561670e-02 7.641048e-02 9.886761e-04 4.381781e-02 3.045678e-02 6.231716e-02 8.2313053268e+04 2.0049885197e+05 2.0096307259e+05
2561.2800 5.652498e-02 8.074681e-02 9.755966e-04 4.715879e-02 3.288743e-02 5.708755e-02 8.2297947835e+04 2.0046882333e+05 2.0100588532e+05
2562.2805 5.693758e-02 8.385273e-02 9.795569e-04 4.921832e-02 3.451661e-02 5.365699e-02 8.2291503536e+04 2.0044870204e+05 2.0103100627e+05
2563.2810 5.790408e-02 8.544048e-02 9.774933e-04 5.027318e-02 3.541193e-02 5.245304e-02 8.2293182831e+04 2.0044194602e+05 2.0103474789e+05
2564.2815 5.785039e-02 8.647662e-02 9.557367e-04 4.959471e-02 3.512644e-02 5.372132e-02 8.2303571852e+04 2.0044849361e+05 2.0101727015e+05
2565.2820 5.693789e-02 8.390278e-02 9.952856e-04 4.804382e-02 3.418303e-02 5.613726e-02 8.2323604529e+04 2.0046648297e+05 2.0098066258e+05
2566.2825 5.524554e-02 7.942898e-02 9.845198e-04 4.531694e-02 3.247060e-02 6.085600e-02 8.2352101196e+04 2.0049119296e+05 2.0092983129e+05
2567.2830 5.320082e-02 7.273746e-02 1.007770e-03 4.153758e-02 2.990392e-02 6.703566e-02 8.2386785555e+04 2.0051947569e+05 2.0087045085e+05
2568.2835 5.025349e-02 6.711050e-02 9.751112e-04 3.763726e-02 2.726010e-02 7.327940e-02 8.2423844208e+04 2.0054831758e+05 2.0080814364e+05
2569.2840 4.836832e-02 6.500222e-02 1.030826e-03 3.332831e-02 2.417163e-02 7.948379e-02 8.2458877563e+04 2.0057361205e+05 2.0074989083e+05
2570.2845 4.738570e-02 6.328981e-02 1.032816e-03 2.944705e-02 2.143676e-02 8.619930e-02 8.2489696087e+04 2.0059208715e+05 2.0070153361e+05
2571.2850 4.511254e-02 6.059707e-02 1.008104e-03 2.631393e-02 1.910278e-02 9.049033e-02 8.2516095887e+04 2.0060189182e+05 2.0066788351e+05
2572.2855 4.322493e-02 5.817379e-02 1.078088e-03 2.425916e-02 1.747575e-02 9.333114e-02 8.2534994789e+04 2.0060170979e+05 2.0065121634e+05
2573.2860 4.247047e-02 5.764240e-02 1.069527e-03 2.317283e-02 1.661930e-02 9.495603e-02 8.2543735764e+04 2.0059332970e+05 2.0065148299e+05
2574.2865 4.289260e-02 5.814938e-02 1.059973e-03 2.349169e-02 1.668456e-02 9.382634e-02 8.2542347843e+04 2.0057952028e+05 2.0066667136e+05
2575.2870 4.445701e-02 5.924044e-02 1.067976e-03 2.476167e-02 1.749747e-02 9.148104e-02 8.2531640738e+04 2.0056168518e+05 2.0069422479e+05
2576.2875 4.673544e-02 6.083793e-02 1.040239e-03 2.739811e-02 1.920869e-02 8.690611e-02 8.2515047703e+04 2.0054060761e+05 2.0073044439e+05
2577.2880 4.769126e-02 6.439771e-02 1.012853e-03 3.076182e-02 2.150764e-02 8.135586e-02 8.2495070640e+04 2.0051777350e+05 2.0077135486e+05
2578.2885 4.886114e-02 6.910927e-02 1.010595e-03 3.425927e-02 2.387952e-02 7.563275e-02 8.2472655609e+04 2.0049633062e+05 2.0081283066e+05
2579.2890 5.232689e-02 7.392688e-02 9.933609e-04 3.851377e-02 2.684971e-02 6.930721e-02 8.2449181842e+04 2.0047849892e+05 2.0085046790e+05
2580.2895 5.408189e-02 7.874938e-02 9.953872e-04 4.206797e-02 2.930563e-02 6.367065e-02 8.2428704133e+04 2.0046414071e+05 2.0088254746e+05
2581.2900 5.552071e-02 8.259144e-02 9.819397e-04 4.507451e-02 3.139233e-02 5.915944e-02 8.2414288594e+04 2.0045152148e+05 2.0090719981e+05
2582.2905 5.675583e-02 8.412067e-02 9.805452e-04 4.727472e-02 3.300444e-02 5.573706e-02 8.2407800432e+04 2.0044084438e+05 2.0092305134e+05
2583.2910 5.710505e-02 8.361191e-02 1.010642e-03 4.818160e-02 3.379773e-02 5.438365e-02 8.2409830939e+04 2.0043303732e+05 2.0092871990e+05
2584.2915 5.654712e-02 8.178294e-02 9.796392e-04 4.836065e-02 3.400159e-02 5.447506e-02 8.2419686797e+04 2.0043024660e+05 2.0092245751e+05
2585.2920 5.570789e-02 8.013047e-02 9.824222e-04 4.698025e-02 3.319505e-02 5.709281e-02 8.2436080874e+04 2.0043289612e+05 2.0090438015e+05
2586.2925 5.519513e-02 7.787670e-02 9.804400e-04 4.477457e-02 3.176085e-02 6.083950e-02 8.2458874262e+04 2.0044032668e+05 2.0087511415e+05
2587.2930 5.292888e-02 7.438855e-02 1.000938e-03 4.183369e-02 2.986063e-02 6.482361e-02 8.2488057161e+04 2.0045248042e+05 2.0083642765e+05
2588.2935 5.045665e-02 6.997104e-02 1.030498e-03 3.825832e-02 2.741076e-02 7.033088e-02 8.2519719882e+04 2.0046907648e+05 2.0079115532e+05
2589.2940 4.886440e-02 6.637368e-02 1.040763e-03 3.464630e-02 2.500448e-02 7.632137e-02 8.2550626180e+04 2.0048879680e+05 2.0074263944e+05
2590.2945 4.713879e-02 6.403263e-02 1.028836e-03 3.111901e-02 2.256957e-02 8.075987e-02 8.2578838875e+04 2.0050969737e+05 2.0069581393e+05
2591.2950 4.603018e-02 6.198172e-02 1.032725e-03 2.803032e-02 2.045527e-02 8.547417e-02 8.2602358691e+04 2.0052764322e+05 2.0065585963e+05
2592.2955 4.462085e-02 5.976886e-02 1.025295e-03 2.564430e-02 1.875546e-02 8.932144e-02 8.2620443844e+04 2.0053957892e+05 2.0062731841e+05
2593.2960 4.355813e-02 5.767578e-02 1.041584e-03 2.436020e-02 1.779456e-02 9.067059e-02 8.2632273505e+04 2.0054367217e+05 2.0061305451e+05
2594.2965 4.328867e-02 5.808753e-02 1.064638e-03 2.401661e-02 1.743239e-02 9.142115e-02 8.2636308520e+04 2.0053826952e+05 2.0061429587e+05
2595.2970 4.428180e-02 5.902147e-02 1.061708e-03 2.476642e-02 1.779091e-02 8.933714e-02 8.2633018470e+04 2.0052540148e+05 2.0063010307e+05
2596.2975 4.537115e-02 6.226192e-02 1.056885e-03 2.628125e-02 1.867992e-02 8.688339e-02 8.2623271876e+04 2.0050516567e+05 2.0065841191e+05
2597.2980 4.708006e-02 6.587708e-02 1.063431e-03 2.872754e-02 2.020447e-02 8.313259e-02 8.2609193014e+04 2.0047990701e+05 2.0069549456e+05
2598.2985 4.898660e-02 6.836963e-02 1.047142e-03 3.203172e-02 2.234321e-02 7.809507e-02 8.2593029559e+04 2.0045298137e+05 2.0073663745e+05
2599.2990 4.932601e-02 7.145943e-02 1.046297e-03 3.521875e-02 2.437243e-02 7.279881e-02 8.2576274092e+04 2.0042806745e+05 2.0077700146e+05
2600.2995 5.061948e-02 7.403063e-02 1.025302e-03 3.866314e-02 2.670971e-02 6.821530e-02 8.2559658850e+04 2.0040864300e+05 2.0081102912e+05
2601.3000 5.287266e-02 7.710251e-02 1.032731e-03 4.165036e-02 2.869920e-02 6.349506e-02 8.2545207910e+04 2.0039641909e+05 2.0083547231e+05
2602.3005 5.443838e-02 7.968388e-02 1.021821e-03 4.409781e-02 3.044442e-02 5.983711e-02 8.2535791997e+04 2.0039090095e+05 2.0084844772e+05
2603.3010 5.494186e-02 8.016530e-02 9.848693e-04 4.605992e-02 3.191125e-02 5.698620e-02 8.2532845243e+04 2.0039207762e+05 2.0084963871e+05
2604.3015 5.503159e-02 7.923037e-02 1.004915e-03 4.667823e-02 3.247134e-02 5.620294e-02 8.2536096491e+04 2.0039800134e+05 2.0084067043e+05
2605.3020 5.488561e-02 7.799343e-02 9.825991e-04 4.666575e-02 3.265042e-02 5.615469e-02 8.2545208987e+04 2.0040689960e+05 2.0082318004e+05
2606.3025 5.418506e-02 7.681477e-02 1.008586e-03 4.550700e-02 3.209282e-02 5.760097e-02 8.2559675913e+04 2.0041646353e+05 2.0080006691e+05
2607.3030 5.315200e-02 7.552490e-02 1.004881e-03 4.345420e-02 3.089034e-02 6.087043e-02 8.2579270887e+04 2.0042379473e+05 2.0077406043e+05
2608.3035 5.168732e-02 7.337551e-02 9.982603e-04 4.089591e-02 2.931378e-02 6.493959e-02 8.2603333379e+04 2.0042807522e+05 2.0074710615e+05
2609.3040 5.039864e-02 7.022076e-02 9.975324e-04 3.757797e-02 2.715207e-02 6.872872e-02 8.2630536054e+04 2.0042965842e+05 2.0072078805e+05
2610.3045 4.820952e-02 6.716757e-02 1.040748e-03 3.409140e-02 2.483661e-02 7.439010e-02 8.2658213941e+04 2.0042986260e+05 2.0069512745e+05
2611.3050 4.713048e-02 6.445864e-02 1.034895e-03 3.076971e-02 2.261160e-02 7.923010e-02 8.2684148562e+04 2.0043071441e+05 2.0067012412e+05
2612.3055 4.611079e-02 6.191450e-02 1.069914e-03 2.788553e-02 2.054749e-02 8.326690e-02 8.2706590327e+04 2.0043410842e+05 2.0064607780e+05
2613.3060 4.431678e-02 5.953723e-02 1.061746e-03 2.550608e-02 1.877349e-02 8.726637e-02 8.2724746715e+04 2.0043992581e+05 2.0062386576e+05
2614.3065 4.375500e-02 5.727881e-02 1.036602e-03 2.398201e-02 1.752854e-02 8.878267e-02 8.2737770767e+04 2.0044762491e+05 2.0060481635e+05
2615.3070 4.332379e-02 5.760794e-02 1.076428e-03 2.354325e-02 1.704950e-02 8.998933e-02 8.2744364696e+04 2.0045500876e+05 2.0059076340e+05
2616.3075 4.368842e-02 5.996409e-02 1.083702e-03 2.418805e-02 1.717693e-02 8.947712e-02 8.2744425284e+04 2.0046019395e+05 2.0058424734e+05
2617.3080 4.483245e-02 6.253558e-02 1.057789e-03 2.572736e-02 1.799078e-02 8.647998e-02 8.2738518283e+04 2.0046139936e+05 2.0058771649e+05
2618.3085 4.609653e-02 6.590746e-02 1.074178e-03 2.794472e-02 1.927609e-02 8.317287e-02 8.2727193636e+04 2.0045561697e+05 2.0060290751e+05
2619.3090 4.764769e-02 6.935566e-02 1.062975e-03 3.110327e-02 2.128664e-02 7.845091e-02 8.2712325686e+04 2.0044169981e+05 2.0062950477e+05
2620.3095 4.787310e-02 7.090682e-02 1.085767e-03 3.435185e-02 2.345990e-02 7.323734e-02 8.2696232009e+04 2.0042091670e+05 2.0066560885e+05
2621.3100 5.012312e-02 7.072682e-02 1.041902e-03 3.806910e-02 2.602103e-02 6.787293e-02 8.2678894326e+04 2.0039617500e+05 2.0070648044e+05
2622.3105 5.184810e-02 7.290512e-02 1.043570e-03 4.134437e-02 2.840739e-02 6.267606e-02 8.2662891448e+04 2.0036992956e+05 2.0074695325e+05
2623.3110 5.314630e-02 7.589246e-02 1.022043e-03 4.380651e-02 3.032459e-02 5.847996e-02 8.2650701758e+04 2.0034555738e+05 2.0078175140e+05
2624.3115 5.490323e-02 7.804954e-02 1.004256e-03 4.594563e-02 3.200714e-02 5.486127e-02 8.2643930615e+04 2.0032658276e+05 2.0080588362e+05
2625.3120 5.471983e-02 8.041300e-02 1.013870e-03 4.698678e-02 3.299427e-02 5.293116e-02 8.2644131101e+04 2.0031481598e+05 2.0081647055e+05
2626.3125 5.485494e-02 8.045489e-02 1.025001e-03 4.703724e-02 3.327730e-02 5.336365e-02 8.2650924239e+04 2.0031233478e+05 2.0081180238e+05
2627.3130 5.406975e-02 8.104630e-02 9.930493e-04 4.587032e-02 3.274112e-02 5.477221e-02 8.2664237026e+04 2.0031872504e+05 2.0079232081e+05
2628.3135 5.320539e-02 7.827257e-02 1.000497e-03 4.346567e-02 3.133884e-02 5.766273e-02 8.2684029938e+04 2.0033280599e+05 2.0076027375e+05
2629.3140 5.194526e-02 7.333457e-02 1.036778e-03 4.038252e-02 2.933939e-02 6.296651e-02 8.2709380575e+04 2.0035108485e+05 2.0071902188e+05
2630.3145 4.952517e-02 6.810153e-02 1.003899e-03 3.680613e-02 2.694686e-02 6.827493e-02 8.2739775248e+04 2.0037032926e+05 2.0067279876e+05
2631.3150 4.832540e-02 6.340731e-02 1.070527e-03 3.274513e-02 2.407528e-02 7.430944e-02 8.2771439779e+04 2.0038825066e+05 2.0062587348e+05
2632.3155 4.592269e-02 6.063386e-02 1.057016e-03 2.891009e-02 2.128848e-02 8.005800e-02 8.2802099394e+04 2.0040401704e+05 2.0058190045e+05
2633.3160 4.387304e-02 5.910015e-02 1.050067e-03 2.564240e-02 1.882565e-02 8.510420e-02 8.2828956628e+04 2.0041618394e+05 2.0054463230e+05
2634.3165 4.335463e-02 5.945450e-02 1.119096e-03 2.302255e-02 1.675622e-02 8.962741e-02 8.2849178142e+04 2.0042321785e+05 2.0051747290e+05
2635.3170 4.277485e-02 5.990641e-02 1.092755e-03 2.161893e-02 1.546323e-02 9.185616e-02 8.2863244081e+04 2.0042424489e+05 2.0050255743e+05
2636.3175 4.120708e-02 5.929782e-02 1.096524e-03 2.140652e-02 1.504465e-02 9.226345e-02 8.2870899775e+04 2.0041946721e+05 2.0050067561e+05
2637.3180 4.205679e-02 5.773596e-02 1.115421e-03 2.224847e-02 1.545101e-02 9.101965e-02 8.2869898121e+04 2.0041042945e+05 2.0051104630e+05
2638.3185 4.365803e-02 5.824494e-02 1.088421e-03 2.434654e-02 1.674834e-02 8.765209e-02 8.2860942693e+04 2.0039791002e+05 2.0053173052e+05
2639.3190 4.482093e-02 6.082600e-02 1.078572e-03 2.723740e-02 1.866898e-02 8.253087e-02 8.2845834436e+04 2.0038273527e+05 2.0056061436e+05
2640.3195 4.705314e-02 6.450806e-02 1.039313e-03 3.118577e-02 2.140449e-02 7.668991e-02 8.2825687452e+04 2.0036586282e+05 2.0059496677e+05
2641.3200 4.908429e-02 6.878852e-02 1.075425e-03 3.523211e-02 2.426291e-02 6.997702e-02 8.2803288173e+04 2.0034807266e+05 2.0063246950e+05
2642.3205 5.101801e-02 7.326471e-02 1.044511e-03 3.928044e-02 2.722576e-02 6.324449e-02 8.2781449681e+04 2.0032956397e+05 2.0067011895e+05
2643.3210 5.233272e-02 7.855755e-02 1.037037e-03 4.310518e-02 3.004005e-02 5.711266e-02 8.2761875841e+04 2.0031148361e+05 2.0070492824e+05
2644.3215 5.511978e-02 8.228654e-02 1.017393e-03 4.593874e-02 3.224973e-02 5.283607e-02 8.2746605385e+04 2.0029410391e+05 2.0073460532e+05
2645.3220 5.655431e-02 8.277441e-02 1.024343e-03 4.767358e-02 3.371023e-02 4.967884e-02 8.2739763562e+04 2.0027834050e+05 2.0075645106e+05
2646.3225 5.574046e-02 8.101812e-02 1.003714e-03 4.825630e-02 3.426722e-02 4.863900e-02 8.2742722373e+04 2.0026525666e+05 2.0076759090e+05
2647.3230 5.587247e-02 7.758622e-02 1.032606e-03 4.738767e-02 3.390463e-02 4.962858e-02 8.2754558672e+04 2.0025718577e+05 2.0076528595e+05
2648.3235 5.485552e-02 7.519911e-02 1.042014e-03 4.533047e-02 3.257657e-02 5.313491e-02 8.2774109990e+04 2.0025680206e+05 2.0074741227e+05
2649.3240 5.257756e-02 7.323898e-02 1.011132e-03 4.218336e-02 3.041988e-02 5.809093e-02 8.2800372848e+04 2.0026584602e+05 2.0071397994e+05
2650.3245 5.077302e-02 7.172827e-02 1.072703e-03 3.812380e-02 2.752944e-02 6.416014e-02 8.2831445161e+04 2.0028302762e+05 2.0066742699e+05
2651.3250 4.892010e-02 6.920048e-02 1.075311e-03 3.392593e-02 2.448271e-02 7.092333e-02 8.2866007420e+04 2.0030588344e+05 2.0061194034e+05
2652.3255 4.574147e-02 6.518390e-02 1.070411e-03 2.958430e-02 2.132794e-02 7.810566e-02 8.2902130361e+04 2.0033140007e+05 2.0055330215e+05
2653.3260 4.355200e-02 6.088970e-02 1.068653e-03 2.551649e-02 1.832693e-02 8.443690e-02 8.2935114408e+04 2.0035722223e+05 2.0049735948e+05
2654.3265 4.261854e-02 5.701700e-02 1.083985e-03 2.229262e-02 1.589107e-02 8.934554e-02 8.2961444592e+04 2.0038056890e+05 2.0044996286e+05
2655.3270 4.130465e-02 5.413817e-02 1.126383e-03 2.015768e-02 1.427467e-02 9.229031e-02 8.2979962461e+04 2.0039740479e+05 2.0041660288e+05
2656.3275 4.018330e-02 5.298021e-02 1.099317e-03 1.932903e-02 1.356282e-02 9.369278e-02 8.2989879995e+04 2.0040377388e+05 2.0040134185e+05
2657.3280 4.099126e-02 5.268741e-02 1.118146e-03 2.002163e-02 1.397414e-02 9.230812e-02 8.2990894651e+04 2.0039827724e+05 2.0040571135e+05
2658.3285 4.106359e-02 5.495753e-02 1.075480e-03 2.188821e-02 1.521240e-02 8.926933e-02 8.2983298930e+04 2.0038157061e+05 2.0042908440e+05
2659.3290 4.278520e-02 5.998474e-02 1.080827e-03 2.509817e-02 1.739432e-02 8.423019e-02 8.2967351610e+04 2.0035558590e+05 2.0046813336e+05
2660.3295 4.532335e-02 6.655781e-02 1.099874e-03 2.886911e-02 2.009163e-02 7.788174e-02 8.2945252717e+04 2.0032339739e+05 2.0051863703e+05
2661.3300 4.844125e-02 7.120677e-02 1.070731e-03 3.314960e-02 2.321449e-02 7.065651e-02 8.2920383830e+04 2.0028881855e+05 2.0057493723e+05
2662.3305 5.040689e-02 7.378888e-02 1.064621e-03 3.763760e-02 2.642778e-02 6.334284e-02 8.2895878053e+04 2.0025583997e+05 2.0063044790e+05
2663.3310 5.139633e-02 7.367047e-02 1.068945e-03 4.161526e-02 2.931675e-02 5.714137e-02 8.2874245907e+04 2.0022887956e+05 2.0067849686e+05
2664.3315 5.334078e-02 7.427995e-02 1.027089e-03 4.477717e-02 3.165533e-02 5.176321e-02 8.2856793817e+04 2.0021080035e+05 2.0071295915e+05
2665.3320 5.484191e-02 7.695787e-02 1.030620e-03 4.700983e-02 3.334416e-02 4.846604e-02 8.2846061802e+04 2.0020276914e+05 2.0072978084e+05
2666.3325 5.527588e-02 7.818922e-02 1.052403e-03 4.792178e-02 3.400550e-02 4.705173e-02 8.2845351056e+04 2.0020436099e+05 2.0072823990e+05
2667.3330 5.511458e-02 7.995688e-02 1.001486e-03 4.751207e-02 3.368912e-02 4.801882e-02 8.2854735040e+04 2.0021248547e+05 2.0070992389e+05
2668.3335 5.441095e-02 8.039037e-02 1.023559e-03 4.578711e-02 3.246139e-02 5.102367e-02 8.2873634087e+04 2.0022551439e+05 2.0067808693e+05
2669.3340 5.290277e-02 8.000979e-02 1.048623e-03 4.291676e-02 3.035203e-02 5.529000e-02 8.2899424964e+04 2.0024187808e+05 2.0063686345e+05
2670.3345 5.103196e-02 7.550824e-02 1.039651e-03 3.914805e-02 2.771256e-02 6.131504e-02 8.2929752061e+04 2.0026061043e+05 2.0059057387e+05
2671.3350 4.857828e-02 6.868485e-02 1.098310e-03 3.468195e-02 2.450814e-02 6.875432e-02 8.2963038390e+04 2.0027818242e+05 2.0054348930e+05
2672.3355 4.621978e-02 6.157005e-02 1.065181e-03 3.013801e-02 2.131221e-02 7.538011e-02 8.2998190743e+04 2.0029222901e+05 2.0049864490e+05
2673.3360 4.381829e-02 5.643980e-02 1.108311e-03 2.610702e-02 1.846714e-02 8.145497e-02 8.3032191933e+04 2.0030211928e+05 2.0045804618e+05
2674.3365 4.173660e-02 5.415284e-02 1.097041e-03 2.270960e-02 1.605323e-02 8.699513e-02 8.3061435256e+04 2.0030922191e+05 2.0042359964e+05
2675.3370 4.030114e-02 5.451783e-02 1.083590e-03 2.036206e-02 1.439085e-02 9.057219e-02 8.3082958575e+04 2.0031488341e+05 2.0039708452e+05
2676.3375 4.091268e-02 5.639148e-02 1.121212e-03 1.919449e-02 1.358365e-02 9.165358e-02 8.3094655256e+04 2.0031869548e+05 2.0038089999e+05
2677.3380 4.109548e-02 5.812895e-02 1.108404e-03 1.933057e-02 1.368126e-02 9.139130e-02 8.3097659032e+04 2.0031860948e+05 2.0037722394e+05
2678.3385 4.066455e-02 5.829485e-02 1.155764e-03 2.101168e-02 1.483955e-02 8.820108e-02 8.3092703083e+04 2.0031423649e+05 2.0038673250e+05
2679.3390 4.177846e-02 5.759495e-02 1.108075e-03 2.362942e-02 1.677553e-02 8.422401e-02 8.3079604631e+04 2.0030472147e+05 2.0040904496e+05
2680.3395 4.429176e-02 5.848079e-02 1.100705e-03 2.717285e-02 1.936302e-02 7.820462e-02 8.3060396876e+04 2.0028953903e+05 2.0044197882e+05
2681.3400 4.632422e-02 6.236775e-02 1.077025e-03 3.114925e-02 2.210452e-02 7.194345e-02 8.3037506367e+04 2.0026903174e+05 2.0048287073e+05
2682.3405 4.930401e-02 6.681348e-02 1.071334e-03 3.534353e-02 2.513103e-02 6.547504e-02 8.3013688200e+04 2.0024432766e+05 2.0052813011e+05
2683.3410 5.137988e-02 7.149815e-02 1.055359e-03 3.942912e-02 2.787925e-02 5.852488e-02 8.2992032718e+04 2.0021767603e+05 2.0057378376e+05
2684.3415 5.252739e-02 7.634047e-02 1.033228e-03 4.298693e-02 3.036652e-02 5.357420e-02 8.2974332643e+04 2.0019124256e+05 2.0061505764e+05
2685.3420 5.404120e-02 8.023477e-02 1.031583e-03 4.540799e-02 3.194863e-02 4.984873e-02 8.2961947595e+04 2.0016897546e+05 2.0064738452e+05
2686.3425 5.461925e-02 8.216355e-02 1.013737e-03 4.685907e-02 3.291425e-02 4.807328e-02 8.2956666495e+04 2.0015417658e+05 2.0066624385e+05
2687.3430 5.422800e-02 8.108070e-02 1.030949e-03 4.690483e-02 3.292904e-02 4.794024e-02 8.2960837020e+04 2.0014769867e+05 2.0066914826e+05
2688.3435 5.456468e-02 7.769865e-02 1.064457e-03 4.571344e-02 3.203682e-02 4.952353e-02 8.2974552977e+04 2.0014971669e+05 2.0065483944e+05
2689.3440 5.368894e-02 7.386015e-02 1.023784e-03 4.342544e-02 3.045853e-02 5.356368e-02 8.2996475959e+04 2.0016052923e+05 2.0062394011e+05
2690.3445 5.138300e-02 7.082002e-02 1.085025e-03 3.999703e-02 2.808260e-02 5.906740e-02 8.3024201340e+04 2.0017982199e+05 2.0057922852e+05
2691.3450 5.005564e-02 6.757534e-02 1.074117e-03 3.601650e-02 2.529823e-02 6.455894e-02 8.3054823310e+04 2.0020563785e+05 2.0052512959e+05
2692.3455 4.739487e-02 6.579408e-02 1.111544e-03 3.184368e-02 2.237986e-02 7.127886e-02 8.3087139407e+04 2.0023260574e+05 2.0046771591e+05
2693.3460 4.479618e-02 6.404389e-02 1.106989e-03 2.775068e-02 1.957335e-02 7.771569e-02 8.3119214212e+04 2.0025658481e+05 2.0041358263e+05
2694.3465 4.337511e-02 6.123446e-02 1.131615e-03 2.418460e-02 1.715021e-02 8.264543e-02 8.3148552589e+04 2.0027463729e+05 2.0036830057e+05
2695.3470 4.100705e-02 5.732116e-02 1.108981e-03 2.134566e-02 1.526138e-02 8.704217e-02 8.3173086618e+04 2.0028507864e+05 2.0033606911e+05
2696.3475 4.074117e-02 5.419421e-02 1.119838e-03 1.961315e-02 1.408399e-02 8.932656e-02 8.3189569112e+04 2.0028704790e+05 2.0031911072e+05
2697.3480 4.125134e-02 5.251665e-02 1.119083e-03 1.907041e-02 1.382755e-02 8.918301e-02 8.3197430903e+04 2.0028123551e+05 2.0031801932e+05
2698.3485 4.119908e-02 5.216253e-02 1.112456e-03 1.979909e-02 1.436846e-02 8.828470e-02 8.3197109451e+04 2.0026795053e+05 2.0033164068e+05
2699.3490 4.165658e-02 5.251871e-02 1.139365e-03 2.183200e-02 1.572857e-02 8.469684e-02 8.3189488689e+04 2.0024995259e+05 2.0035704949e+05
2700.3495 4.294211e-02 5.681300e-02 1.097437e-03 2.481709e-02 1.777888e-02 8.015111e-02 8.3174451034e+04 2.0022905763e+05 2.0039055036e+05
2701.3500 4.470377e-02 6.304509e-02 1.122019e-03 2.852848e-02 2.028613e-02 7.446150e-02 8.3154230047e+04 2.0020798058e+05 2.0042839828e+05
2702.3505 4.660672e-02 7.002096e-02 1.067147e-03 3.247948e-02 2.302719e-02 6.778601e-02 8.3131514705e+04 2.0018797683e+05 2.0046758383e+05
2703.3510 4.942221e-02 7.415695e-02 1.074383e-03 3.644943e-02 2.569693e-02 6.197382e-02 8.3108905714e+04 2.0016943151e+05 2.0050550695e+05
2704.3515 5.170437e-02 7.514945e-02 1.063820e-03 4.011396e-02 2.818176e-02 5.613775e-02 8.3089357935e+04 2.0015364791e+05 2.0053945886e+05
2705.3520 5.252925e-02 7.457206e-02 1.041869e-03 4.314403e-02 3.033648e-02 5.179999e-02 8.3074401531e+04 2.0014116239e+05 2.0056652933e+05
2706.3525 5.330014e-02 7.430930e-02 1.057998e-03 4.493810e-02 3.154186e-02 4.862391e-02 8.3065068870e+04 2.0013245947e+05 2.0058443828e+05
2707.3530 5.437474e-02 7.537972e-02 1.062905e-03 4.573372e-02 3.211045e-02 4.732179e-02 8.3062669186e+04 2.0012727728e+05 2.0059111835e+05
2708.3535 5.398380e-02 7.619540e-02 1.050462e-03 4.528457e-02 3.181193e-02 4.834372e-02 8.3069712883e+04 2.0012505404e+05 2.0058603270e+05
2709.3540 5.319335e-02 7.743594e-02 1.073347e-03 4.359111e-02 3.062968e-02 5.116982e-02 8.3086099050e+04 2.0012509923e+05 2.0056937747e+05
2710.3545 5.263890e-02 7.716831e-02 1.070540e-03 4.089424e-02 2.877817e-02 5.484521e-02 8.3110147917e+04 2.0012918602e+05 2.0054192234e+05
2711.3550 4.999560e-02 7.439204e-02 1.095371e-03 3.730814e-02 2.630029e-02 6.067590e-02 8.3139670887e+04 2.0013848700e+05 2.0050533653e+05
2712.3555 4.830600e-02 6.990839e-02 1.078088e-03 3.320133e-02 2.351626e-02 6.714525e-02 8.3171227012e+04 2.0015308885e+05 2.0046186279e+05
2713.3560 4.622759e-02 6.252802e-02 1.115963e-03 2.901325e-02 2.059755e-02 7.328630e-02 8.3203748515e+04 2.0017219857e+05 2.0041443569e+05
2714.3565 4.347399e-02 5.620120e-02 1.125867e-03 2.506602e-02 1.786508e-02 7.962985e-02 8.3234707855e+04 2.0019288537e+05 2.0036654326e+05
2715.3570 4.142987e-02 5.241669e-02 1.129170e-03 2.207571e-02 1.578134e-02 8.393161e-02 8.3261651956e+04 2.0021334549e+05 2.0032185774e+05
2716.3575 4.044596e-02 5.113163e-02 1.118157e-03 1.991426e-02 1.423093e-02 8.674534e-02 8.3282059520e+04 2.0023100070e+05 2.0028505305e+05
2717.3580 4.016103e-02 5.280174e-02 1.136259e-03 1.887104e-02 1.342707e-02 8.885057e-02 8.3294062655e+04 2.0024263812e+05 2.0026075104e+05
2718.3585 4.081774e-02 5.653587e-02 1.157121e-03 1.922946e-02 1.356317e-02 8.783902e-02 8.3297440238e+04 2.0024548463e+05 2.0025294479e+05
2719.3590 4.169754e-02 6.010453e-02 1.156507e-03 2.069100e-02 1.457995e-02 8.549754e-02 8.3292132294e+04 2.0023786090e+05 2.0026400277e+05
2720.3595 4.226805e-02 6.127174e-02 1.141705e-03 2.326584e-02 1.636898e-02 8.112861e-02 8.3279949616e+04 2.0022001694e+05 2.0029334158e+05
2721.3600 4.309573e-02 6.095194e-02 1.083150e-03 2.651998e-02 1.872287e-02 7.567624e-02 8.3261642139e+04 2.0019415517e+05 2.0033736681e+05
2722.3605 4.574874e-02 6.107639e-02 1.095393e-03 3.040540e-02 2.148485e-02 6.984712e-02 8.3238577588e+04 2.0016310053e+05 2.0039004976e+05
2723.3610 4.848377e-02 6.502476e-02 1.100150e-03 3.447824e-02 2.432642e-02 6.334713e-02 8.3214274848e+04 2.0012998607e+05 2.0044459791e+05
2724.3615 5.026561e-02 6.937384e-02 1.075221e-03 3.822312e-02 2.705454e-02 5.740789e-02 8.3192241867e+04 2.0009963417e+05 2.0049434304e+05
2725.3620 5.215248e-02 7.313920e-02 1.058437e-03 4.136087e-02 2.926419e-02 5.218392e-02 8.3175144254e+04 2.0007511503e+05 2.0053361715e+05
2726.3625 5.321565e-02 7.835169e-02 1.063551e-03 4.391680e-02 3.112184e-02 4.841845e-02 8.3164125242e+04 2.0005910066e+05 2.0055782758e+05
2727.3630 5.363893e-02 8.123182e-02 1.079420e-03 4.497664e-02 3.187176e-02 4.697279e-02 8.3160384245e+04 2.0005400614e+05 2.0056519150e+05
2728.3635 5.409126e-02 8.132591e-02 1.069097e-03 4.487747e-02 3.180944e-02 4.710675e-02 8.3164702509e+04 2.0005934576e+05 2.0055534364e+05
2729.3640 5.372009e-02 7.783229e-02 1.108618e-03 4.348685e-02 3.085769e-02 4.897748e-02 8.3178455614e+04 2.0007246233e+05 2.0053016783e+05
2730.3645 5.158032e-02 7.187842e-02 1.104905e-03 4.089344e-02 2.902198e-02 5.354333e-02 8.3201072784e+04 2.0009058887e+05 2.0049272150e+05
2731.3650 5.004462e-02 6.774615e-02 1.050538e-03 3.756824e-02 2.659587e-02 5.903414e-02 8.3229734959e+04 2.0011050833e+05 2.0044656288e+05
2732.3655 4.801381e-02 6.383709e-02 1.095741e-03 3.364961e-02 2.379820e-02 6.492378e-02 8.3261824895e+04 2.0013168441e+05 2.0039601894e+05
2733.3660 4.557784e-02 6.151982e-02 1.112187e-03 2.947099e-02 2.067283e-02 7.176100e-02 8.3293913916e+04 2.0015168945e+05 2.0034594805e+05
2734.3665 4.396874e-02 6.061468e-02 1.127797e-03 2.589267e-02 1.802238e-02 7.712176e-02 8.3323983733e+04 2.0016811817e+05 2.0030080796e+05
2735.3670 4.181862e-02 6.066298e-02 1.144824e-03 2.250610e-02 1.552266e-02 8.221039e-02 8.3350117285e+04 2.0017858531e+05 2.0026536785e+05
2736.3675 3.984246e-02 5.873132e-02 1.148339e-03 2.038922e-02 1.398041e-02 8.585369e-02 8.3370372426e+04 2.0018338604e+05 2.0024184459e+05
2737.3680 3.939588e-02 5.548652e-02 1.138720e-03 1.938290e-02 1.324119e-02 8.681388e-02 8.3382494253e+04 2.0018325850e+05 2.0023167400e+05
2738.3685 3.955774e-02 5.439254e-02 1.142575e-03 1.933557e-02 1.330576e-02 8.636431e-02 8.3385101432e+04 2.0017812378e+05 2.0023478836e+05
2739.3690 4.067172e-02 5.387897e-02 1.140112e-03 2.056032e-02 1.423781e-02 8.393739e-02 8.3379365469e+04 2.0016841164e+05 2.0025010766e+05
2740.3695 4.243505e-02 5.495800e-02 1.143589e-03 2.287653e-02 1.604150e-02 7.989350e-02 8.3366552293e+04 2.0015427692e+05 2.0027589521e+05
2741.3700 4.415415e-02 5.760758e-02 1.130752e-03 2.611801e-02 1.842959e-02 7.456137e-02 8.3348705231e+04 2.0013656209e+05 2.0030960487e+05
2742.3705 4.568489e-02 6.225859e-02 1.116652e-03 2.978600e-02 2.116076e-02 6.854260e-02 8.3327736309e+04 2.0011645910e+05 2.0034802261e+05
2743.3710 4.774326e-02 6.927352e-02 1.079747e-03 3.348769e-02 2.392695e-02 6.259797e-02 8.3305910741e+04 2.0009462283e+05 2.0038785533e+05
2744.3715 5.042680e-02 7.428017e-02 1.069027e-03 3.689248e-02 2.645528e-02 5.684872e-02 8.3285873928e+04 2.0007351799e+05 2.0042579344e+05
2745.3720 5.204652e-02 7.655802e-02 1.097069e-03 4.003283e-02 2.877716e-02 5.240329e-02 8.3271019198e+04 2.0005382427e+05 2.0045835434e+05
2746.3725 5.266873e-02 7.581617e-02 1.073612e-03 4.187857e-02 3.009359e-02 4.922004e-02 8.3263615430e+04 2.0003705046e+05 2.0048261573e+05
2747.3730 5.336330e-02 7.396572e-02 1.075808e-03 4.304969e-02 3.092690e-02 4.752278e-02 8.3263621224e+04 2.0002566190e+05 2.0049434443e+05
2748.3735 5.307613e-02 7.196663e-02 1.096076e-03 4.287726e-02 3.072225e-02 4.830743e-02 8.3271354739e+04 2.0002165629e+05 2.0049139520e+05
2749.3740 5.232093e-02 7.168672e-02 1.086054e-03 4.146715e-02 2.953838e-02 5.072992e-02 8.3286377177e+04 2.0002553395e+05 2.0047299349e+05
2750.3745 5.108223e-02 7.026166e-02 1.088076e-03 3.936561e-02 2.783462e-02 5.479509e-02 8.3307998815e+04 2.0003771302e+05 2.0044018793e+05
2751.3750 4.914834e-02 6.943019e-02 1.117461e-03 3.646940e-02 2.549458e-02 5.978337e-02 8.3334800809e+04 2.0005572736e+05 2.0039658900e+05
2752.3755 4.671869e-02 6.875122e-02 1.113184e-03 3.297587e-02 2.283576e-02 6.543401e-02 8.3363908323e+04 2.0007765014e+05 2.0034692760e+05
2753.3760 4.414469e-02 6.560789e-02 1.134834e-03 2.960767e-02 2.029931e-02 7.075298e-02 8.3392321418e+04 2.0010218567e+05 2.0029649911e+05
2754.3765 4.327624e-02 6.157614e-02 1.156617e-03 2.613375e-02 1.772243e-02 7.616477e-02 8.3416807648e+04 2.0012502385e+05 2.0025143246e+05
2755.3770 4.186424e-02 5.751359e-02 1.178762e-03 2.360882e-02 1.590204e-02 8.012570e-02 8.3436837249e+04 2.0014246626e+05 2.0021636981e+05
2756.3775 4.064607e-02 5.441367e-02 1.178318e-03 2.173094e-02 1.462365e-02 8.204312e-02 8.3451325904e+04 2.0015114128e+05 2.0019542834e+05
2757.3780 3.998228e-02 5.267777e-02 1.127425e-03 2.088945e-02 1.422292e-02 8.321441e-02 8.3459001379e+04 2.0014971195e+05 2.0019020407e+05
2758.3785 4.068973e-02 5.318546e-02 1.163890e-03 2.117600e-02 1.456591e-02 8.215674e-02 8.3459558896e+04 2.0013865610e+05 2.0020033481e+05
2759.3790 4.187003e-02 5.614612e-02 1.148829e-03 2.229142e-02 1.560194e-02 7.964907e-02 8.3453468523e+04 2.0011969871e+05 2.0022391308e+05
2760.3795 4.318573e-02 6.095924e-02 1.153351e-03 2.421590e-02 1.714903e-02 7.601700e-02 8.3442421669e+04 2.0009458167e+05 2.0025765801e+05
2761.3800 4.476379e-02 6.526402e-02 1.129011e-03 2.688682e-02 1.930556e-02 7.153625e-02 8.3428714873e+04 2.0006643772e+05 2.0029700864e+05
2762.3805 4.669137e-02 6.567847e-02 1.125801e-03 2.967143e-02 2.151538e-02 6.644972e-02 8.3414746290e+04 2.0003960223e+05 2.0033689339e+05
2763.3810 4.743820e-02 6.584293e-02 1.129940e-03 3.261376e-02 2.376247e-02 6.177326e-02 8.3401649017e+04 2.0001765820e+05 2.0037142014e+05
2764.3815 4.876488e-02 6.713186e-02 1.139184e-03 3.529001e-02 2.577844e-02 5.801847e-02 8.3390158520e+04 2.0000309745e+05 2.0039602602e+05
2765.3820 5.074239e-02 6.808185e-02 1.121846e-03 3.722778e-02 2.719638e-02 5.431077e-02 8.3382487705e+04 1.9999752536e+05 2.0040823983e+05
2766.3825 5.063038e-02 6.957629e-02 1.122103e-03 3.896311e-02 2.834969e-02 5.267109e-02 8.3380757695e+04 1.9999930894e+05 2.0040711943e+05
2767.3830 5.067958e-02 7.038430e-02 1.088212e-03 3.970678e-02 2.865349e-02 5.204586e-02 8.3385174427e+04 2.0000696312e+05 2.0039457568e+05
2768.3835 5.008498e-02 7.158817e-02 1.104191e-03 3.946103e-02 2.821151e-02 5.274153e-02 8.3395052964e+04 2.0001814773e+05 2.0037322226e+05
2769.3840 4.902030e-02 7.229649e-02 1.077629e-03 3.862686e-02 2.739459e-02 5.485560e-02 8.3409242968e+04 2.0003074008e+05 2.0034646576e+05
2770.3845 4.891529e-02 7.063515e-02 1.117601e-03 3.688545e-02 2.585641e-02 5.790829e-02 8.3425854346e+04 2.0004289448e+05 2.0031839529e+05
2771.3850 4.766766e-02 6.700423e-02 1.127470e-03 3.462359e-02 2.399169e-02 6.159371e-02 8.3444563528e+04 2.0005277671e+05 2.0029200172e+05
2772.3855 4.568327e-02 6.370653e-02 1.175221e-03 3.221935e-02 2.211231e-02 6.495962e-02 8.3464292302e+04 2.0005830723e+05 2.0026921613e+05
2773.3860 4.423132e-02 5.975920e-02 1.166954e-03 2.959965e-02 2.018081e-02 6.962368e-02 8.3482475610e+04 2.0006053401e+05 2.0025097586e+05
2774.3865 4.323039e-02 5.798922e-02 1.160046e-03 2.753097e-02 1.865303e-02 7.220973e-02 8.3497832225e+04 2.0006061092e+05 2.0023699162e+05
2775.3870 4.308541e-02 5.774759e-02 1.163460e-03 2.567070e-02 1.737718e-02 7.451595e-02 8.3509183918e+04 2.0005935647e+05 2.0022745701e+05
2776.3875 4.242465e-02 5.974922e-02 1.166742e-03 2.446625e-02 1.665743e-02 7.618021e-02 8.3516720490e+04 2.0005648918e+05 2.0022231739e+05
2777.3880 4.283129e-02 6.173842e-02 1.176651e-03 2.383929e-02 1.639394e-02 7.624040e-02 8.3520932373e+04 2.0005208152e+05 2.0022190577e+05
2778.3885 4.365725e-02 6.241408e-02 1.136565e-03 2.384382e-02 1.665615e-02 7.541389e-02 8.3522069035e+04 2.0004636209e+05 2.0022609682e+05
2779.3890 4.347481e-02 6.133123e-02 1.180273e-03 2.439498e-02 1.733207e-02 7.374793e-02 8.3520904173e+04 2.0004018434e+05 2.0023409935e+05
2780.3895 4.424409e-02 6.095697e-02 1.176806e-03 2.550697e-02 1.844895e-02 7.171005e-02 8.3517203564e+04 2.0003297273e+05 2.0024473106e+05
2781.3900 4.578140e-02 6.080083e-02 1.188420e-03 2.684167e-02 1.958064e-02 6.909564e-02 8.3512643669e+04 2.0002488195e+05 2.0025694802e+05
2782.3905 4.645657e-02 6.155017e-02 1.179796e-03 2.848777e-02 2.096509e-02 6.644789e-02 8.3508787108e+04 2.0001577964e+05 2.0026919584e+05
2783.3910 4.649605e-02 6.205608e-02 1.137195e-03 3.023049e-02 2.223710e-02 6.432233e-02 8.3506659422e+04 2.0000638432e+05 2.0028015455e+05
2784.3915 4.693663e-02 6.442981e-02 1.175290e-03 3.183302e-02 2.333904e-02 6.172455e-02 8.3506175827e+04 1.9999739450e+05 2.0028843005e+05
2785.3920 4.721752e-02 6.834282e-02 1.117665e-03 3.343777e-02 2.439186e-02 5.978588e-02 8.3506885578e+04 1.9999018654e+05 2.0029299335e+05
2786.3925 4.809117e-02 6.907631e-02 1.150387e-03 3.438779e-02 2.483186e-02 5.854244e-02 8.3509019838e+04 1.9998641252e+05 2.0029394396e+05
2787.3930 4.770418e-02 6.815994e-02 1.126112e-03 3.505760e-02 2.515824e-02 5.817372e-02 8.3513482361e+04 1.9998525394e+05 2.0029089707e+05
2788.3935 4.683106e-02 6.541664e-02 1.112475e-03 3.546234e-02 2.515232e-02 5.830466e-02 8.3520137563e+04 1.9998665544e+05 2.0028406707e+05
2789.3940 4.650383e-02 6.273300e-02 1.126401e-03 3.523512e-02 2.477324e-02 5.870895e-02 8.3527644048e+04 1.9999069290e+05 2.0027389722e+05
2790.3945 4.608189e-02 6.223157e-02 1.124892e-03 3.472510e-02 2.418352e-02 5.946062e-02 8.3535052477e+04 1.9999667030e+05 2.0026097703e+05
2791.3950 4.593247e-02 6.289202e-02 1.168439e-03 3.389454e-02 2.338485e-02 6.101432e-02 8.3541884057e+04 2.0000358912e+05 2.0024708339e+05
2792.3955 4.610436e-02 6.431962e-02 1.124747e-03 3.271505e-02 2.244460e-02 6.289571e-02 8.3548361078e+04 2.0000897233e+05 2.0023469372e+05
2793.3960 4.547239e-02 6.606035e-02 1.117641e-03 3.162988e-02 2.161327e-02 6.364701e-02 8.3555010342e+04 2.0001138062e+05 2.0022567320e+05
2794.3965 4.541007e-02 6.640688e-02 1.128489e-03 3.047834e-02 2.080665e-02 6.538474e-02 8.3561040345e+04 2.0000947504e+05 2.0022139540e+05
2795.3970 4.454128e-02 6.463524e-02 1.159778e-03 2.936804e-02 2.017439e-02 6.662473e-02 8.3567016559e+04 2.0000454557e+05 2.0022171864e+05
2796.3975 4.505696e-02 6.321059e-02 1.165842e-03 2.808058e-02 1.940296e-02 6.773539e-02 8.3572104568e+04 1.9999619565e+05 2.0022566914e+05
2797.3980 4.540596e-02 6.244312e-02 1.153457e-03 2.728360e-02 1.911391e-02 6.842419e-02 8.3577628890e+04 1.9998584246e+05 2.0023080372e+05
2798.3985 4.491741e-02 6.070023e-02 1.187436e-03 2.649494e-02 1.878251e-02 6.884746e-02 8.3584566282e+04 1.9997568445e+05 2.0023523026e+05
2799.3990 4.533400e-02 5.990665e-02 1.175615e-03 2.609754e-02 1.869097e-02 6.949551e-02 8.3591825339e+04 1.9996726744e+05 2.0023650388e+05
2800.3995 4.516329e-02 6.019683e-02 1.168610e-03 2.590751e-02 1.866871e-02 6.962817e-02 8.3599828233e+04 1.9996269414e+05 2.0023302092e+05
2801.4000 4.418678e-02 6.164059e-02 1.176122e-03 2.610448e-02 1.893823e-02 6.986244e-02 8.3607556598e+04 1.9996344636e+05 2.0022416623e+05
2802.4005 4.446127e-02 6.342790e-02 1.180600e-03 2.637431e-02 1.916261e-02 6.960002e-02 8.3614177021e+04 1.9996864981e+05 2.0021141908e+05
2803.4010 4.471213e-02 6.275934e-02 1.208202e-03 2.699078e-02 1.959520e-02 6.826609e-02 8.3620216588e+04 1.9997761832e+05 2.0019667642e+05
2804.4015 4.344972e-02 6.090862e-02 1.141772e-03 2.792624e-02 2.020097e-02 6.741111e-02 8.3625614480e+04 1.9998725738e+05 2.0018265515e+05
2805.4020 4.438914e-02 5.911718e-02 1.183929e-03 2.889551e-02 2.074633e-02 6.629518e-02 8.3629016228e+04 1.9999462261e+05 2.0017199926e+05
2806.4025 4.470888e-02 5.898073e-02 1.150700e-03 3.001489e-02 2.147798e-02 6.461240e-02 8.3630305212e+04 1.9999855306e+05 2.0016662181e+05
2807.4030 4.455768e-02 5.991215e-02 1.181409e-03 3.121916e-02 2.211836e-02 6.292928e-02 8.3629795467e+04 1.9999728639e+05 2.0016811882e+05
2808.4035 4.579125e-02 6.214609e-02 1.155674e-03 3.233004e-02 2.275104e-02 6.088654e-02 8.3627356553e+04 1.9998951540e+05 2.0017697230e+05
2809.4040 4.616228e-02 6.461264e-02 1.129921e-03 3.325686e-02 2.327579e-02 5.971400e-02 8.3624013437e+04 1.9997633353e+05 2.0019233874e+05
2810.4045 4.607260e-02 6.701470e-02 1.164062e-03 3.399530e-02 2.364459e-02 5.884107e-02 8.3620548392e+04 1.9995911865e+05 2.0021190218e+05
2811.4050 4.637392e-02 6.816761e-02 1.121269e-03 3.441544e-02 2.388402e-02 5.767772e-02 8.3617232104e+04 1.9994162703e+05 2.0023234891e+05
2812.4055 4.767343e-02 6.754534e-02 1.150496e-03 3.436215e-02 2.383671e-02 5.684078e-02 8.3614405475e+04 1.9992684071e+05 2.0025001466e+05
2813.4060 4.768903e-02 6.655222e-02 1.145223e-03 3.391716e-02 2.353973e-02 5.764241e-02 8.3613655498e+04 1.9991642927e+05 2.0026157684e+05
2814.4065 4.762487e-02 6.549962e-02 1.160690e-03 3.313596e-02 2.302696e-02 5.825203e-02 8.3616126600e+04 1.9991163956e+05 2.0026462061e+05
2815.4070 4.741802e-02 6.438539e-02 1.152606e-03 3.191990e-02 2.229400e-02 5.941976e-02 8.3621891665e+04 1.9991325853e+05 2.0025811292e+05
2816.4075 4.693156e-02 6.431943e-02 1.139305e-03 3.083495e-02 2.166302e-02 6.105883e-02 8.3630672034e+04 1.9992060018e+05 2.0024220500e+05
2817.4080 4.625848e-02 6.456872e-02 1.183728e-03 2.917256e-02 2.053999e-02 6.317758e-02 8.3642265581e+04 1.9993231162e+05 2.0021939591e+05
2818.4085 4.567296e-02 6.567858e-02 1.183518e-03 2.751936e-02 1.945913e-02 6.582533e-02 8.3656211147e+04 1.9994479151e+05 2.0019273489e+05
2819.4090 4.495507e-02 6.548440e-02 1.195140e-03 2.614677e-02 1.853910e-02 6.766989e-02 8.3672405502e+04 1.9995597703e+05 2.0016591029e+05
2820.4095 4.344663e-02 6.294307e-02 1.175469e-03 2.494454e-02 1.780348e-02 7.026783e-02 8.3689761606e+04 1.9996366269e+05 2.0014226310e+05
2821.4100 4.283445e-02 5.922750e-02 1.181217e-03 2.396617e-02 1.710096e-02 7.190987e-02 8.3705822327e+04 1.9996784503e+05 2.0012382404e+05
2822.4105 4.245862e-02 5.619699e-02 1.194673e-03 2.351943e-02 1.686579e-02 7.243687e-02 8.3718955028e+04 1.9996879593e+05 2.0011113624e+05
2823.4110 4.179067e-02 5.509372e-02 1.167471e-03 2.355577e-02 1.688209e-02 7.298000e-02 8.3728034773e+04 1.9996676949e+05 2.0010461114e+05
2824.4115 4.227399e-02 5.508838e-02 1.199480e-03 2.419675e-02 1.736293e-02 7.214788e-02 8.3732616604e+04 1.9996256815e+05 2.0010394070e+05
2825.4120 4.230399e-02 5.723151e-02 1.173458e-03 2.542754e-02 1.810938e-02 7.047361e-02 8.3733266143e+04 1.9995599807e+05 2.0010877708e+05
2826.4125 4.224089e-02 6.027172e-02 1.187793e-03 2.709544e-02 1.925676e-02 6.776680e-02 8.3730491578e+04 1.9994806698e+05 2.0011830084e+05
2827.4130 4.289391e-02 6.319527e-02 1.148726e-03 2.887564e-02 2.050579e-02 6.477292e-02 8.3723391891e+04 1.9994016253e+05 2.0013188892e+05
2828.4135 4.457070e-02 6.508815e-02 1.165754e-03 3.080094e-02 2.178018e-02 6.183495e-02 8.3712857533e+04 1.9993221823e+05 2.0014873524e+05
2829.4140 4.619634e-02 6.423626e-02 1.179839e-03 3.258957e-02 2.301504e-02 5.880501e-02 8.3701710284e+04 1.9992391485e+05 2.0016791884e+05
2830.4145 4.676319e-02 6.432904e-02 1.154290e-03 3.419092e-02 2.418320e-02 5.554711e-02 8.3691772840e+04 1.9991387103e+05 2.0018791819e+05
2831.4150 4.783637e-02 6.474671e-02 1.141620e-03 3.516740e-02 2.485914e-02 5.339955e-02 8.3683408110e+04 1.9990276877e+05 2.0020690908e+05
2832.4155 4.843370e-02 6.544600e-02 1.149611e-03 3.580690e-02 2.526543e-02 5.295547e-02 8.3677586739e+04 1.9989258388e+05 2.0022222560e+05
2833.4160 4.847046e-02 6.742517e-02 1.168795e-03 3.569417e-02 2.514428e-02 5.222239e-02 8.3675781179e+04 1.9988406653e+05 2.0023207547e+05
2834.4165 4.882990e-02 6.925669e-02 1.137947e-03 3.498119e-02 2.464428e-02 5.334411e-02 8.3678591598e+04 1.9987757371e+05 2.0023497619e+05
2835.4170 4.869670e-02 7.163510e-02 1.199834e-03 3.387644e-02 2.379641e-02 5.524767e-02 8.3687167774e+04 1.9987275993e+05 2.0023022381e+05
2836.4175 4.766168e-02 7.069115e-02 1.171177e-03 3.193168e-02 2.239344e-02 5.777983e-02 8.3701605062e+04 1.9987179435e+05 2.0021785890e+05
2837.4180 4.581231e-02 6.700208e-02 1.187429e-03 2.982952e-02 2.096781e-02 6.127257e-02 8.3719877032e+04 1.9987623373e+05 2.0019742760e+05
2838.4185 4.545833e-02 6.297167e-02 1.199804e-03 2.775383e-02 1.944474e-02 6.466701e-02 8.3739918884e+04 1.9988567079e+05 2.0016983279e+05
2839.4190 4.452686e-02 6.044867e-02 1.177912e-03 2.538020e-02 1.783112e-02 6.850700e-02 8.3760451926e+04 1.9989910823e+05 2.0013728635e+05
2840.4195 4.204006e-02 5.762682e-02 1.199420e-03 2.345016e-02 1.648202e-02 7.160961e-02 8.3781320895e+04 1.9991529692e+05 2.0010242304e+05
2841.4200 4.153872e-02 5.531936e-02 1.167616e-03 2.218336e-02 1.563955e-02 7.374568e-02 8.3799810787e+04 1.9993143848e+05 2.0006889151e+05
2842.4205 4.065944e-02 5.571566e-02 1.201311e-03 2.141063e-02 1.510341e-02 7.525895e-02 8.3814266930e+04 1.9994503037e+05 2.0004090752e+05
2843.4210 3.988992e-02 5.769767e-02 1.192863e-03 2.150340e-02 1.523688e-02 7.555583e-02 8.3823158467e+04 1.9995434289e+05 2.0002212918e+05
2844.4215 4.078389e-02 5.955758e-02 1.182689e-03 2.228277e-02 1.575593e-02 7.408723e-02 8.3825229245e+04 1.9995724617e+05 2.0001607290e+05
2845.4220 4.200433e-02 5.915479e-02 1.192731e-03 2.360579e-02 1.682572e-02 7.164278e-02 8.3821616788e+04 1.9995213786e+05 2.0002444156e+05
2846.4225 4.159020e-02 5.752369e-02 1.191675e-03 2.555381e-02 1.822766e-02 6.858710e-02 8.3814170103e+04 1.9993840526e+05 2.0004644306e+05
2847.4230 4.293913e-02 5.664416e-02 1.178331e-03 2.793173e-02 1.999772e-02 6.490847e-02 8.3802476552e+04 1.9991726293e+05 2.0007889703e+05
2848.4235 4.456083e-02 5.842059e-02 1.176402e-03 3.026076e-02 2.168703e-02 6.079018e-02 8.3788174065e+04 1.9989214322e+05 2.0011701909e+05
2849.4240 4.596825e-02 6.140601e-02 1.192821e-03 3.258594e-02 2.328912e-02 5.639570e-02 8.3773584391e+04 1.9986709775e+05 2.0015508491e+05
2850.4245 4.722553e-02 6.560528e-02 1.145269e-03 3.440634e-02 2.449343e-02 5.345785e-02 8.3760310411e+04 1.9984486831e+05 2.0018831244e+05
2851.4250 4.901403e-02 7.019407e-02 1.181961e-03 3.592381e-02 2.550639e-02 5.120756e-02 8.3750414044e+04 1.9982784690e+05 2.0021248675e+05
2852.4255 4.914806e-02 7.153421e-02 1.166516e-03 3.665136e-02 2.589222e-02 4.966264e-02 8.3745869598e+04 1.9981922479e+05 2.0022526507e+05
2853.4260 4.859506e-02 7.176530e-02 1.155560e-03 3.658319e-02 2.580263e-02 4.972171e-02 8.3746294006e+04 1.9981901212e+05 2.0022523836e+05
2854.4265 4.894943e-02 7.007523e-02 1.161291e-03 3.582105e-02 2.516076e-02 5.111260e-02 8.3751377133e+04 1.9982699939e+05 2.0021275629e+05
2855.4270 4.896517e-02 6.766728e-02 1.193900e-03 3.409599e-02 2.384635e-02 5.341623e-02 8.3762160873e+04 1.9984021664e+05 2.0018998478e+05
2856.4275 4.729734e-02 6.612488e-02 1.207140e-03 3.217136e-02 2.244751e-02 5.686280e-02 8.3778925861e+04 1.9985497132e+05 2.0015961689e+05
2857.4280 4.623738e-02 6.352911e-02 1.211006e-03 2.989661e-02 2.078426e-02 6.039963e-02 8.3800044855e+04 1.9986985448e+05 2.0012536205e+05
2858.4285 4.493488e-02 6.209144e-02 1.189779e-03 2.714436e-02 1.887752e-02 6.477848e-02 8.3822785918e+04 1.9988272194e+05 2.0009095025e+05
2859.4290 4.375410e-02 6.154255e-02 1.197922e-03 2.481249e-02 1.721888e-02 6.873390e-02 8.3845390190e+04 1.9989236534e+05 2.0005935463e+05
2860.4295 4.181162e-02 6.115568e-02 1.160525e-03 2.283586e-02 1.585462e-02 7.201002e-02 8.3866416330e+04 1.9989816349e+05 2.0003356760e+05
2861.4300 4.128716e-02 5.957384e-02 1.237304e-03 2.110921e-02 1.468413e-02 7.473315e-02 8.3883949453e+04 1.9989951151e+05 2.0001554694e+05
2862.4305 4.040917e-02 5.644115e-02 1.195313e-03 2.045307e-02 1.437461e-02 7.608731e-02 8.3897271325e+04 1.9989807103e+05 2.0000515750e+05
2863.4310 3.889496e-02 5.304239e-02 1.235792e-03 2.041942e-02 1.446395e-02 7.551310e-02 8.3905528377e+04 1.9989516097e+05 2.0000202217e+05
2864.4315 3.965832e-02 5.120996e-02 1.220588e-03 2.107589e-02 1.509442e-02 7.449294e-02 8.3906493244e+04 1.9989151008e+05 2.0000506746e+05
2865.4320 4.160586e-02 5.235483e-02 1.188973e-03 2.265927e-02 1.625244e-02 7.188740e-02 8.3900947941e+04 1.9988736096e+05 2.0001351023e+05
2866.4325 4.238986e-02 5.543592e-02 1.216258e-03 2.485110e-02 1.786934e-02 6.836195e-02 8.3891189811e+04 1.9988158888e+05 2.0002728954e+05
2867.4330 4.335195e-02 5.882044e-02 1.190906e-03 2.711412e-02 1.950004e-02 6.404094e-02 8.3878328062e+04 1.9987379838e+05 2.0004643983e+05
2868.4335 4.463262e-02 6.274037e-02 1.207952e-03 2.992998e-02 2.140808e-02 5.967074e-02 8.3863539528e+04 1.9986293621e+05 2.0006980928e+05
2869.4340 4.522843e-02 6.572942e-02 1.193721e-03 3.235128e-02 2.309319e-02 5.591827e-02 8.3848610501e+04 1.9984982151e+05 2.0009628643e+05
2870.4345 4.726070e-02 6.676083e-02 1.200197e-03 3.447225e-02 2.447105e-02 5.249487e-02 8.3834693299e+04 1.9983528417e+05 2.0012348047e+05
2871.4350 4.884433e-02 6.695009e-02 1.167188e-03 3.585925e-02 2.538533e-02 5.003399e-02 8.3824825973e+04 1.9981930057e+05 2.0014872868e+05
2872.4355 4.843271e-02 6.799927e-02 1.185471e-03 3.660105e-02 2.580317e-02 4.873421e-02 8.3820739748e+04 1.9980328765e+05 2.0016868152e+05
2873.4360 4.976576e-02 6.760427e-02 1.202539e-03 3.675944e-02 2.575259e-02 4.837069e-02 8.3821644247e+04 1.9979069187e+05 2.0017999300e+05
2874.4365 4.924251e-02 6.744323e-02 1.192909e-03 3.586693e-02 2.506472e-02 4.994785e-02 8.3827817503e+04 1.9978463917e+05 2.0018019658e+05
2875.4370 4.792974e-02 6.790820e-02 1.234955e-03 3.446687e-02 2.398297e-02 5.217766e-02 8.3838985658e+04 1.9978632813e+05 2.0016781664e+05
2876.4375 4.758427e-02 6.837508e-02 1.174700e-03 3.246350e-02 2.249923e-02 5.546205e-02 8.3854354985e+04 1.9979480910e+05 2.0014396918e+05
2877.4380 4.659489e-02 6.832243e-02 1.230550e-03 2.983880e-02 2.070340e-02 5.966025e-02 8.3874213048e+04 1.9980811917e+05 2.0011121561e+05
2878.4385 4.391988e-02 6.553232e-02 1.218275e-03 2.743385e-02 1.901523e-02 6.330697e-02 8.3897673629e+04 1.9982549563e+05 2.0007281630e+05
2879.4390 4.288988e-02 6.039600e-02 1.233957e-03 2.488614e-02 1.729403e-02 6.738014e-02 8.3920728260e+04 1.9984462389e+05 2.0003318166e+05
2880.4395 4.249994e-02 5.658749e-02 1.245623e-03 2.230201e-02 1.563075e-02 7.119620e-02 8.3941607028e+04 1.9986211798e+05 1.9999666385e+05
2881.4400 4.059071e-02 5.384068e-02 1.229324e-03 2.063501e-02 1.461025e-02 7.367630e-02 8.3959740464e+04 1.9987598383e+05 1.9996662297e+05
2882.4405 3.991045e-02 5.036526e-02 1.222614e-03 1.975713e-02 1.403592e-02 7.519885e-02 8.3973364718e+04 1.9988434137e+05 1.9994636508e+05
2883.4410 3.965751e-02 4.974257e-02 1.248589e-03 1.943341e-02 1.396313e-02 7.534106e-02 8.3981644215e+04 1.9988519498e+05 1.9993767732e+05
2884.4415 3.882218e-02 5.313181e-02 1.250664e-03 2.019060e-02 1.450219e-02 7.437344e-02 8.3984284410e+04 1.9987840552e+05 1.9994068818e+05
2885.4420 3.998167e-02 5.696568e-02 1.256998e-03 2.157795e-02 1.550659e-02 7.206439e-02 8.3980495383e+04 1.9986590398e+05 1.9995489206e+05
2886.4425 4.186828e-02 5.878292e-02 1.202668e-03 2.347047e-02 1.683845e-02 6.881114e-02 8.3971489508e+04 1.9984968964e+05 1.9997865650e+05
2887.4430 4.312588e-02 5.938882e-02 1.211258e-03 2.617859e-02 1.870157e-02 6.482613e-02 8.3959256682e+04 1.9983060052e+05 2.0000899430e+05
2888.4435 4.395458e-02 5.915154e-02 1.199327e-03 2.861266e-02 2.043067e-02 6.075449e-02 8.3944934941e+04 1.9981110301e+05 2.0004262836e+05
2889.4440 4.558667e-02 6.039901e-02 1.188014e-03 3.127798e-02 2.224027e-02 5.628974e-02 8.3929312007e+04 1.9979331182e+05 2.0007478854e+05
2890.4445 4.659756e-02 6.173955e-02 1.225817e-03 3.357055e-02 2.379682e-02 5.273684e-02 8.3914409742e+04 1.9978026364e+05 2.0010169803e+05
2891.4450 4.793528e-02 6.502461e-02 1.202649e-03 3.529606e-02 2.494825e-02 4.959554e-02 8.3901868530e+04 1.9977194518e+05 2.0012082387e+05
2892.4455 4.948264e-02 6.869438e-02 1.193350e-03 3.652010e-02 2.569427e-02 4.804990e-02 8.3894134705e+04 1.9976715558e+05 2.0013104696e+05
2893.4460 4.955248e-02 7.178655e-02 1.205523e-03 3.677831e-02 2.583027e-02 4.725951e-02 8.3893411620e+04 1.9976505556e+05 2.0013272825e+05
2894.4465 4.899427e-02 7.203625e-02 1.176998e-03 3.634999e-02 2.547520e-02 4.814309e-02 8.3898935568e+04 1.9976595698e+05 2.0012640458e+05
2895.4470 4.902217e-02 7.030689e-02 1.190698e-03 3.493892e-02 2.446875e-02 5.031492e-02 8.3909187909e+04 1.9976965420e+05 2.0011321761e+05
2896.4475 4.871932e-02 6.741975e-02 1.245725e-03 3.280659e-02 2.299147e-02 5.336101e-02 8.3924351213e+04 1.9977508159e+05 2.0009412048e+05
2897.4480 4.692417e-02 6.442802e-02 1.199848e-03 3.045432e-02 2.140300e-02 5.694415e-02 8.3944209051e+04 1.9978138300e+05 2.0007010033e+05
2898.4485 4.506816e-02 5.996323e-02 1.219441e-03 2.751495e-02 1.938691e-02 6.196388e-02 8.3967470108e+04 1.9978825027e+05 2.0004255533e+05
2899.4490 4.379708e-02 5.671232e-02 1.232291e-03 2.461033e-02 1.744720e-02 6.622160e-02 8.3992193591e+04 1.9979579063e+05 2.0001224928e+05
2900.4495 4.207095e-02 5.509558e-02 1.275706e-03 2.217995e-02 1.569295e-02 7.022162e-02 8.4016508489e+04 1.9980463214e+05 1.9998049927e+05
2901.4500 4.079118e-02 5.472038e-02 1.281930e-03 2.020292e-02 1.428262e-02 7.351933e-02 8.4037963799e+04 1.9981461236e+05 1.9994976428e+05
2902.4505 4.036101e-02 5.536399e-02 1.245076e-03 1.868830e-02 1.330388e-02 7.582651e-02 8.4054310736e+04 1.9982488353e+05 1.9992311700e+05
2903.4510 3.919530e-02 5.516425e-02 1.271468e-03 1.833509e-02 1.299381e-02 7.675062e-02 8.4065126264e+04 1.9983413364e+05 1.9990349731e+05
2904.4515 3.834812e-02 5.361977e-02 1.258327e-03 1.872855e-02 1.328733e-02 7.591591e-02 8.4069528258e+04 1.9984054766e+05 1.9989374278e+05
2905.4520 3.902214e-02 5.246559e-02 1.227060e-03 2.002876e-02 1.425861e-02 7.351964e-02 8.4066344994e+04 1.9984242653e+05 1.9989527113e+05
2906.4525 4.036935e-02 5.268102e-02 1.274702e-03 2.226296e-02 1.584352e-02 7.056770e-02 8.4056677175e+04 1.9983783118e+05 1.9990859763e+05
2907.4530 4.165803e-02 5.390741e-02 1.221355e-03 2.461053e-02 1.748291e-02 6.603617e-02 8.4042572929e+04 1.9982623912e+05 1.9993357945e+05
2908.4535 4.317763e-02 5.848846e-02 1.196074e-03 2.776358e-02 1.969452e-02 6.112767e-02 8.4025464838e+04 1.9980655886e+05 1.9996765409e+05
2909.4540 4.452112e-02 6.283202e-02 1.205809e-03 3.068491e-02 2.174195e-02 5.618691e-02 8.4007689635e+04 1.9978170713e+05 2.0000799020e+05
2910.4545 4.586106e-02 6.657124e-02 1.195187e-03 3.328192e-02 2.355611e-02 5.165514e-02 8.3990484776e+04 1.9975496600e+05 2.0004994409e+05
2911.4550 4.755150e-02 6.941285e-02 1.200922e-03 3.555936e-02 2.514973e-02 4.827399e-02 8.3975526436e+04 1.9972978581e+05 2.0008808025e+05
2912.4555 4.833450e-02 7.051103e-02 1.182250e-03 3.692348e-02 2.613395e-02 4.594003e-02 8.3965572059e+04 1.9970972600e+05 2.0011740699e+05
2913.4560 4.948406e-02 7.010158e-02 1.212507e-03 3.733515e-02 2.646989e-02 4.459664e-02 8.3962308226e+04 1.9969668712e+05 2.0013359196e+05
2914.4565 4.933560e-02 6.879109e-02 1.187901e-03 3.673157e-02 2.610432e-02 4.578430e-02 8.3966796018e+04 1.9969244444e+05 2.0013390854e+05
2915.4570 4.894551e-02 6.713782e-02 1.219964e-03 3.537695e-02 2.514040e-02 4.757679e-02 8.3978784906e+04 1.9969796120e+05 2.0011732660e+05
2916.4575 4.832525e-02 6.459287e-02 1.221204e-03 3.325288e-02 2.364907e-02 5.119319e-02 8.3996864092e+04 1.9971319603e+05 2.0008536155e+05
2917.4580 4.683274e-02 6.355859e-02 1.201380e-03 3.025617e-02 2.151099e-02 5.606039e-02 8.4019904131e+04 1.9973455781e+05 2.0004202247e+05
2918.4585 4.442487e-02 6.246780e-02 1.230926e-03 2.716312e-02 1.933189e-02 6.091877e-02 8.4046619425e+04 1.9975917220e+05 1.9999229609e+05
2919.4590 4.273460e-02 6.074839e-02 1.246442e-03 2.413285e-02 1.709284e-02 6.577072e-02 8.4074712164e+04 1.9978239328e+05 1.9994253008e+05
2920.4595 4.130847e-02 5.784507e-02 1.268930e-03 2.131826e-02 1.503271e-02 7.073768e-02 8.4101893853e+04 1.9980089166e+05 1.9989845805e+05
2921.4600 3.891597e-02 5.440657e-02 1.238972e-03 1.878811e-02 1.325661e-02 7.452980e-02 8.4126030079e+04 1.9981344754e+05 1.9986445298e+05
2922.4605 3.847129e-02 5.173638e-02 1.258148e-03 1.737351e-02 1.219909e-02 7.689181e-02 8.4143999480e+04 1.9981812662e+05 1.9984299517e+05
2923.4610 3.772105e-02 4.957945e-02 1.262376e-03 1.682469e-02 1.178406e-02 7.757101e-02 8.4154967501e+04 1.9981605846e+05 1.9983543532e+05
2924.4615 3.765741e-02 4.801381e-02 1.229474e-03 1.729254e-02 1.215449e-02 7.673063e-02 8.4157893168e+04 1.9980810943e+05 1.9984120684e+05
2925.4620 3.840746e-02 4.920255e-02 1.280758e-03 1.894149e-02 1.324305e-02 7.452947e-02 8.4152390751e+04 1.9979526729e+05 1.9985845136e+05
2926.4625 3.894517e-02 5.361991e-02 1.241008e-03 2.131460e-02 1.493931e-02 7.014044e-02 8.4140187349e+04 1.9977910969e+05 1.9988497362e+05
2927.4630 4.089041e-02 5.895290e-02 1.265122e-03 2.456425e-02 1.724992e-02 6.504397e-02 8.4122133418e+04 1.9976114771e+05 1.9991789977e+05
2928.4635 4.335571e-02 6.226280e-02 1.265383e-03 2.761748e-02 1.945821e-02 5.944055e-02 8.4100936200e+04 1.9974306017e+05 1.9995496316e+05
2929.4640 4.537849e-02 6.415292e-02 1.236182e-03 3.098807e-02 2.192078e-02 5.396714e-02 8.4079709509e+04 1.9972489477e+05 1.9999263798e+05
2930.4645 4.630421e-02 6.616895e-02 1.207025e-03 3.395391e-02 2.414270e-02 4.949207e-02 8.4060854802e+04 1.9970711877e+05 2.0002781801e+05
2931.4650 4.828640e-02 6.684092e-02 1.224098e-03 3.625787e-02 2.578373e-02 4.519886e-02 8.4045670410e+04 1.9969214325e+05 2.0005701570e+05
2932.4655 4.969587e-02 6.728388e-02 1.202723e-03 3.751686e-02 2.677232e-02 4.290123e-02 8.4036294968e+04 1.9968061035e+05 2.0007724286e+05
2933.4660 4.946942e-02 6.762863e-02 1.229795e-03 3.778411e-02 2.696635e-02 4.227528e-02 8.4034863728e+04 1.9967330064e+05 2.0008601415e+05
2934.4665 4.917420e-02 6.846108e-02 1.226658e-03 3.726442e-02 2.659243e-02 4.333127e-02 8.4041561748e+04 1.9967051480e+05 2.0008185662e+05
2935.4670 4.842871e-02 6.871929e-02 1.210907e-03 3.550991e-02 2.533637e-02 4.629030e-02 8.4056369676e+04 1.9967281657e+05 2.0006496891e+05
2936.4675 4.682687e-02 6.775923e-02 1.213111e-03 3.286955e-02 2.339213e-02 5.066840e-02 8.4078114982e+04 1.9968092046e+05 2.0003622106e+05
2937.4680 4.520722e-02 6.516674e-02 1.264508e-03 2.985088e-02 2.117987e-02 5.537101e-02 8.4105077848e+04 1.9969444415e+05 1.9999760391e+05
2938.4685 4.397951e-02 6.232340e-02 1.212930e-03 2.636926e-02 1.864968e-02 6.124446e-02 8.4134219294e+04 1.9971186999e+05 1.9995276168e+05
2939.4690 4.234998e-02 5.862750e-02 1.262696e-03 2.304827e-02 1.622243e-02 6.687369e-02 8.4163767198e+04 1.9973163454e+05 1.9990557313e+05
2940.4695 3.949811e-02 5.399321e-02 1.277826e-03 1.995467e-02 1.398457e-02 7.134682e-02 8.4191258460e+04 1.9975242694e+05 1.9986061736e+05
2941.4700 3.835041e-02 5.015953e-02 1.306199e-03 1.783332e-02 1.241170e-02 7.485941e-02 8.4213749905e+04 1.9977058695e+05 1.9982203524e+05
2942.4705 3.712421e-02 4.878323e-02 1.297980e-03 1.648166e-02 1.141163e-02 7.729240e-02 8.4229720201e+04 1.9978368166e+05 1.9979399588e+05
2943.4710 3.743725e-02 4.937568e-02 1.248144e-03 1.606270e-02 1.112370e-02 7.749831e-02 8.4237707612e+04 1.9978981091e+05 1.9977980138e+05
2944.4715 3.764037e-02 5.158485e-02 1.294825e-03 1.689334e-02 1.168917e-02 7.618487e-02 8.4237323719e+04 1.9978747973e+05 1.9978149502e+05
2945.4720 3.815323e-02 5.286531e-02 1.276094e-03 1.870580e-02 1.302863e-02 7.254287e-02 8.4229126297e+04 1.9977698660e+05 1.9979965922e+05
2946.4725 4.007036e-02 5.483161e-02 1.291064e-03 2.129465e-02 1.495085e-02 6.849037e-02 8.4213478488e+04 1.9975787574e+05 1.9983268246e+05
2947.4730 4.170766e-02 5.739977e-02 1.269839e-03 2.429938e-02 1.711260e-02 6.270971e-02 8.4193375242e+04 1.9973225331e+05 1.9987693674e+05
2948.4735 4.315132e-02 5.854279e-02 1.265510e-03 2.791540e-02 1.975586e-02 5.720225e-02 8.4171006117e+04 1.9970371642e+05 1.9992655387e+05
2949.4740 4.569850e-02 6.088327e-02 1.251477e-03 3.100802e-02 2.210396e-02 5.187297e-02 8.4148893048e+04 1.9967455668e+05 1.9997581394e+05
2950.4745 4.758755e-02 6.401083e-02 1.243247e-03 3.380513e-02 2.409587e-02 4.706886e-02 8.4130263090e+04 1.9964884280e+05 2.0001818897e+05
2951.4750 4.842707e-02 6.719094e-02 1.218750e-03 3.586236e-02 2.559388e-02 4.374991e-02 8.4117413533e+04 1.9962959172e+05 2.0004855372e+05
2952.4755 4.918763e-02 6.982790e-02 1.219131e-03 3.695013e-02 2.637730e-02 4.205871e-02 8.4111328600e+04 1.9961925451e+05 2.0006348531e+05
2953.4760 5.043809e-02 7.046066e-02 1.234685e-03 3.724816e-02 2.655019e-02 4.153200e-02 8.4112683154e+04 1.9961928308e+05 2.0006135243e+05
2954.4765 4.920493e-02 7.061288e-02 1.245133e-03 3.603324e-02 2.566112e-02 4.334506e-02 8.4122239969e+04 1.9962853272e+05 2.0004316259e+05
2955.4770 4.742203e-02 6.894430e-02 1.257867e-03 3.419630e-02 2.434019e-02 4.663340e-02 8.4139110386e+04 1.9964534508e+05 2.0001078105e+05
2956.4775 4.630965e-02 6.574505e-02 1.249211e-03 3.156413e-02 2.244585e-02 5.100849e-02 8.4161482966e+04 1.9966717152e+05 1.9996843223e+05
2957.4780 4.475991e-02 6.168170e-02 1.249980e-03 2.827203e-02 2.004421e-02 5.624740e-02 8.4188317741e+04 1.9968991640e+05 1.9992124898e+05
2958.4785 4.227202e-02 5.803292e-02 1.266401e-03 2.514412e-02 1.779984e-02 6.175523e-02 8.4217485746e+04 1.9971043465e+05 1.9987402527e+05
2959.4790 4.089911e-02 5.565425e-02 1.270302e-03 2.174977e-02 1.540324e-02 6.654748e-02 8.4245525596e+04 1.9972633648e+05 1.9983197039e+05
2960.4795 3.968488e-02 5.387288e-02 1.285011e-03 1.908514e-02 1.349289e-02 7.098231e-02 8.4270247012e+04 1.9973634938e+05 1.9979840524e+05
2961.4800 3.749273e-02 5.227945e-02 1.290290e-03 1.706223e-02 1.203881e-02 7.376030e-02 8.4289893961e+04 1.9974096646e+05 1.9977599910e+05
2962.4805 3.720094e-02 5.049060e-02 1.294696e-03 1.583038e-02 1.123464e-02 7.576648e-02 8.4302172279e+04 1.9973957895e+05 1.9976602184e+05
2963.4810 3.656578e-02 5.036312e-02 1.324861e-03 1.572793e-02 1.111136e-02 7.568817e-02 8.4307133035e+04 1.9973300986e+05 1.9976806844e+05
2964.4815 3.681368e-02 5.064211e-02 1.302194e-03 1.673031e-02 1.184523e-02 7.381996e-02 8.4304616793e+04 1.9972276762e+05 1.9978061272e+05
2965.4820 3.832041e-02 5.098261e-02 1.309730e-03 1.834833e-02 1.305166e-02 7.060927e-02 8.4294869829e+04 1.9971071165e+05 1.9980187135e+05
2966.4825 4.020562e-02 5.269990e-02 1.285099e-03 2.085036e-02 1.479348e-02 6.625002e-02 8.4279467731e+04 1.9969718436e+05 1.9982942478e+05
2967.4830 4.169853e-02 5.607904e-02 1.253298e-03 2.406542e-02 1.712151e-02 6.154896e-02 8.4260626619e+04 1.9968228108e+05 1.9986090312e+05
2968.4835 4.383609e-02 5.958291e-02 1.276388e-03 2.690401e-02 1.915414e-02 5.619581e-02 8.4240018936e+04 1.9966723415e+05 1.9989436222e+05
2969.4840 4.532181e-02 6.249142e-02 1.245443e-03 3.009356e-02 2.137690e-02 5.105613e-02 8.4220551363e+04 1.9965275104e+05 1.9992652533e+05
2970.4845 4.634830e-02 6.537591e-02 1.249294e-03 3.273424e-02 2.320897e-02 4.706011e-02 8.4204410559e+04 1.9963853861e+05 1.9995513804e+05
2971.4850 4.754400e-02 6.858988e-02 1.250530e-03 3.455373e-02 2.449606e-02 4.415671e-02 8.4193188007e+04 1.9962531297e+05 1.9997774933e+05
2972.4855 4.897938e-02 7.092236e-02 1.251870e-03 3.575762e-02 2.529968e-02 4.238572e-02 8.4188725557e+04 1.9961382311e+05 1.9999205469e+05
2973.4860 4.847267e-02 7.080643e-02 1.237090e-03 3.555447e-02 2.513035e-02 4.244891e-02 8.4192303119e+04 1.9960587505e+05 1.9999675870e+05
2974.4865 4.751944e-02 6.858389e-02 1.254201e-03 3.498563e-02 2.468293e-02 4.412123e-02 8.4202792178e+04 1.9960342163e+05 1.9998976074e+05
2975.4870 4.746532e-02 6.629425e-02 1.243189e-03 3.317882e-02 2.342512e-02 4.684205e-02 8.4218543315e+04 1.9960744131e+05 1.9997107191e+05
2976.4875 4.579569e-02 6.434083e-02 1.252731e-03 3.074120e-02 2.171507e-02 5.071740e-02 8.4239162448e+04 1.9961827617e+05 1.9994115752e+05
2977.4880 4.338539e-02 6.164316e-02 1.266587e-03 2.808236e-02 1.988911e-02 5.523952e-02 8.4263071158e+04 1.9963531525e+05 1.9990230099e+05
2978.4885 4.280345e-02 5.870305e-02 1.252421e-03 2.491307e-02 1.767284e-02 6.000820e-02 8.4288348506e+04 1.9965514688e+05 1.9985876076e+05
2979.4890 4.109970e-02 5.564850e-02 1.296967e-03 2.212030e-02 1.569320e-02 6.441331e-02 8.4314046486e+04 1.9967565950e+05 1.9981466393e+05
2980.4895 3.885434e-02 5.421145e-02 1.270364e-03 1.963489e-02 1.398954e-02 6.832542e-02 8.4337241980e+04 1.9969362876e+05 1.9977514270e+05
2981.4900 3.878466e-02 5.295985e-02 1.293823e-03 1.754953e-02 1.257181e-02 7.099513e-02 8.4354801850e+04 1.9970713151e+05 1.9974492463e+05
2982.4905 3.825424e-02 5.065548e-02 1.322061e-03 1.638774e-02 1.172894e-02 7.275992e-02 8.4366500852e+04 1.9971427418e+05 1.9972730574e+05
2983.4910 3.723972e-02 4.837761e-02 1.324016e-03 1.622647e-02 1.161058e-02 7.292619e-02 8.4371836710e+04 1.9971361046e+05 1.9972397631e+05
2984.4915 3.722288e-02 4.825114e-02 1.311543e-03 1.670288e-02 1.193007e-02 7.177044e-02 8.4370500236e+04 1.9970433027e+05 1.9973490276e+05
2985.4920 3.853399e-02 5.057946e-02 1.308786e-03 1.840836e-02 1.306522e-02 6.922247e-02 8.4362674069e+04 1.9968792541e+05 1.9975752611e+05
2986.4925 3.935663e-02 5.299433e-02 1.298950e-03 2.059081e-02 1.459236e-02 6.573404e-02 8.4350129126e+04 1.9966764393e+05 1.9978896166e+05
2987.4930 4.090329e-02 5.581330e-02 1.284833e-03 2.289014e-02 1.616986e-02 6.137237e-02 8.4334078300e+04 1.9964565527e+05 1.9982553224e+05
2988.4935 4.338692e-02 6.110675e-02 1.289128e-03 2.611592e-02 1.830313e-02 5.668801e-02 8.4316200327e+04 1.9962306568e+05 1.9986256342e+05
2989.4940 4.512177e-02 6.437519e-02 1.268976e-03 2.885653e-02 2.020703e-02 5.224750e-02 8.4299454442e+04 1.9960339845e+05 1.9989677698e+05
2990.4945 4.529747e-02 6.630779e-02 1.289410e-03 3.140236e-02 2.196065e-02 4.841598e-02 8.4285480817e+04 1.9958896598e+05 1.9992418087e+05
2991.4950 4.730655e-02 6.750384e-02 1.269317e-03 3.350244e-02 2.339384e-02 4.517403e-02 8.4274766698e+04 1.9958031187e+05 1.9994213661e+05
2992.4955 4.825413e-02 6.867067e-02 1.277550e-03 3.438721e-02 2.403743e-02 4.341594e-02 8.4269452891e+04 1.9957735490e+05 1.9994965780e+05
2993.4960 4.830678e-02 6.853833e-02 1.295956e-03 3.495194e-02 2.447405e-02 4.324503e-02 8.4271042846e+04 1.9957901995e+05 1.9994614096e+05
2994.4965 4.836977e-02 6.760884e-02 1.250676e-03 3.440543e-02 2.413701e-02 4.405407e-02 8.4279275266e+04 1.9958417545e+05 1.9993304965e+05
2995.4970 4.666622e-02 6.501152e-02 1.274822e-03 3.300334e-02 2.323906e-02 4.617203e-02 8.4293829748e+04 1.9959292379e+05 1.9991162561e+05
2996.4975 4.570803e-02 6.398359e-02 1.270977e-03 3.101048e-02 2.190175e-02 4.923104e-02 8.4311838888e+04 1.9960352262e+05 1.9988387622e+05
2997.4980 4.528923e-02 6.190019e-02 1.250770e-03 2.845934e-02 2.017815e-02 5.299880e-02 8.4332491214e+04 1.9961554237e+05 1.9985249750e+05
2998.4985 4.283630e-02 5.939576e-02 1.317174e-03 2.591454e-02 1.842782e-02 5.719455e-02 8.4355664921e+04 1.9962675697e+05 1.9982007396e+05
2999.4990 4.155435e-02 5.610374e-02 1.300659e-03 2.303005e-02 1.649090e-02 6.127827e-02 8.4378951427e+04 1.9963614102e+05 1.9978956544e+05
