# t WEx WEy WEz WBx WBy WBz Sux2 Suy2 Suz2  (raw grid/particle sums)
0.0000 0.000000e+00 0.000000e+00 0.000000e+00 0.000000e+00 0.000000e+00 0.000000e+00 4.3995078629e+04 2.1991020963e+05 2.1997725360e+05
1.0005 7.816969e-03 1.305131e-02 1.823809e-04 2.347460e-04 2.602327e-04 3.626342e-04 4.3992819976e+04 2.1990522656e+05 2.1997141922e+05
2.0010 9.891010e-03 1.512384e-02 1.606667e-04 2.299434e-04 2.176872e-04 2.955010e-04 4.3994613117e+04 2.1991472256e+05 2.1995769585e+05
3.0015 8.448828e-03 1.381680e-02 1.745622e-04 1.913268e-04 2.257810e-04 2.883441e-04 4.3998068658e+04 2.1993146125e+05 2.1993868418e+05
4.0020 1.032025e-02 1.570532e-02 1.722507e-04 1.951175e-04 2.153468e-04 2.932650e-04 4.3999485315e+04 2.1994827913e+05 2.1991885565e+05
5.0025 1.000729e-02 1.543615e-02 1.714656e-04 1.911783e-04 2.077793e-04 3.211179e-04 4.4001542481e+04 2.1996257521e+05 2.1990273471e+05
6.0030 9.195378e-03 1.506668e-02 1.744993e-04 2.151676e-04 2.291522e-04 3.299546e-04 4.4004034188e+04 2.1996921572e+05 2.1989406303e+05
7.0035 1.035335e-02 1.608096e-02 1.650259e-04 2.242069e-04 2.340278e-04 3.438778e-04 4.4005893841e+04 2.1996580956e+05 2.1989468255e+05
8.0040 1.010389e-02 1.555045e-02 1.737570e-04 2.069507e-04 2.289946e-04 3.530045e-04 4.4008276940e+04 2.1995449870e+05 2.1990396487e+05
9.0045 9.473826e-03 1.531052e-02 1.639371e-04 2.162932e-04 2.249694e-04 3.648438e-04 4.4010861780e+04 2.1993685809e+05 2.1991937426e+05
10.0050 1.030480e-02 1.600955e-02 1.805218e-04 1.986968e-04 2.287250e-04 3.553600e-04 4.4012859589e+04 2.1991668688e+05 2.1993689867e+05
11.0055 1.034124e-02 1.606739e-02 1.527465e-04 1.955449e-04 2.324904e-04 3.941694e-04 4.4015200467e+04 2.1989919519e+05 2.1995196412e+05
12.0060 9.682588e-03 1.543643e-02 1.726770e-04 2.019602e-04 2.219506e-04 3.888344e-04 4.4017784675e+04 2.1988861572e+05 2.1996054155e+05
13.0065 1.018260e-02 1.598454e-02 1.625592e-04 2.118056e-04 2.490027e-04 3.839390e-04 4.4019783099e+04 2.1988645033e+05 2.1996026935e+05
14.0070 1.012135e-02 1.567480e-02 1.768287e-04 1.871112e-04 2.175079e-04 4.052286e-04 4.4021900563e+04 2.1989380685e+05 2.1995094265e+05
15.0075 9.743879e-03 1.545912e-02 1.546394e-04 2.184818e-04 2.635530e-04 4.104301e-04 4.4024186911e+04 2.1990814539e+05 2.1993453604e+05
16.0080 1.023914e-02 1.604205e-02 1.541282e-04 2.019000e-04 2.237621e-04 4.162350e-04 4.4026242535e+04 2.1992528079e+05 2.1991495401e+05
17.0085 1.043437e-02 1.583757e-02 1.700654e-04 1.770396e-04 2.402907e-04 4.387699e-04 4.4028471754e+04 2.1994129997e+05 2.1989667474e+05
18.0090 9.814431e-03 1.508427e-02 1.743622e-04 1.788601e-04 2.274308e-04 4.035343e-04 4.4030966202e+04 2.1995220725e+05 2.1988390584e+05
19.0095 1.014846e-02 1.569755e-02 1.579902e-04 2.070654e-04 2.363337e-04 4.378445e-04 4.4032895306e+04 2.1995427178e+05 2.1987946074e+05
20.0100 1.027957e-02 1.570041e-02 1.653066e-04 2.239114e-04 2.480129e-04 4.545669e-04 4.4034865701e+04 2.1994753184e+05 2.1988413749e+05
21.0105 1.002119e-02 1.564849e-02 1.560808e-04 1.892367e-04 2.439101e-04 4.682829e-04 4.4037275869e+04 2.1993279316e+05 2.1989659712e+05
22.0110 1.023175e-02 1.546846e-02 1.503335e-04 2.008841e-04 2.486330e-04 4.779025e-04 4.4039510451e+04 2.1991375630e+05 2.1991341801e+05
23.0115 1.045520e-02 1.560365e-02 1.445991e-04 2.098359e-04 2.410293e-04 4.718838e-04 4.4041701791e+04 2.1989459087e+05 2.1993022646e+05
24.0120 1.022438e-02 1.496099e-02 1.670109e-04 1.988471e-04 2.445469e-04 4.873104e-04 4.4043930472e+04 2.1988026756e+05 2.1994268029e+05
25.0125 1.029572e-02 1.486987e-02 1.655164e-04 2.017437e-04 2.486025e-04 5.146709e-04 4.4046018428e+04 2.1987347195e+05 2.1994755196e+05
26.0130 1.056660e-02 1.578714e-02 1.525754e-04 2.122441e-04 2.426780e-04 5.023354e-04 4.4048057292e+04 2.1987498472e+05 2.1994333695e+05
27.0135 1.030469e-02 1.569874e-02 1.719061e-04 2.159132e-04 2.502492e-04 5.125294e-04 4.4050386370e+04 2.1988543798e+05 2.1993069981e+05
28.0140 1.034962e-02 1.562664e-02 1.519974e-04 2.260734e-04 2.820152e-04 5.100223e-04 4.4052566237e+04 2.1990138949e+05 2.1991253442e+05
29.0145 1.057633e-02 1.593724e-02 1.816583e-04 1.942900e-04 2.335555e-04 5.345222e-04 4.4054679859e+04 2.1991851655e+05 2.1989306860e+05
30.0150 1.026003e-02 1.550010e-02 1.602326e-04 2.178865e-04 2.607452e-04 5.386762e-04 4.4057073301e+04 2.1993289159e+05 2.1987663278e+05
31.0155 1.024146e-02 1.530489e-02 1.739217e-04 2.042938e-04 2.619841e-04 5.422939e-04 4.4059252328e+04 2.1994040864e+05 2.1986701946e+05
32.0160 1.045286e-02 1.562572e-02 1.765635e-04 2.025647e-04 2.570687e-04 5.172286e-04 4.4061340388e+04 2.1993876028e+05 2.1986636572e+05
33.0165 1.023939e-02 1.561266e-02 1.796827e-04 2.062870e-04 2.790920e-04 5.370977e-04 4.4063631561e+04 2.1992834841e+05 2.1987457081e+05
34.0170 1.021799e-02 1.585168e-02 1.741174e-04 2.058389e-04 2.735374e-04 5.603419e-04 4.4065890467e+04 2.1991117652e+05 2.1988938168e+05
35.0175 1.043274e-02 1.582943e-02 1.681146e-04 2.277259e-04 2.721184e-04 5.484172e-04 4.4067960376e+04 2.1989162688e+05 2.1990679842e+05
36.0180 1.048435e-02 1.598213e-02 1.813519e-04 2.011885e-04 2.853554e-04 5.629224e-04 4.4070123579e+04 2.1987383781e+05 2.1992230662e+05
37.0185 1.036234e-02 1.583707e-02 1.627709e-04 1.987221e-04 2.597824e-04 5.686351e-04 4.4072403278e+04 2.1986207624e+05 2.1993191314e+05
38.0190 1.050096e-02 1.576152e-02 1.738169e-04 2.302293e-04 2.757192e-04 5.972646e-04 4.4074570278e+04 2.1985882838e+05 2.1993291912e+05
39.0195 1.034794e-02 1.588135e-02 1.543596e-04 2.267908e-04 2.691617e-04 6.147218e-04 4.4076891975e+04 2.1986461942e+05 2.1992483526e+05
40.0200 1.033186e-02 1.579097e-02 1.765814e-04 1.957843e-04 2.581714e-04 5.892621e-04 4.4079129428e+04 2.1987795472e+05 2.1990933828e+05
41.0205 1.052282e-02 1.599233e-02 1.648570e-04 2.221199e-04 2.434847e-04 6.381757e-04 4.4081276852e+04 2.1989495524e+05 2.1989003062e+05
42.0210 1.058759e-02 1.566673e-02 1.479362e-04 2.209815e-04 2.682931e-04 6.304837e-04 4.4083626727e+04 2.1991136568e+05 2.1987133816e+05
43.0215 1.038710e-02 1.571670e-02 1.829397e-04 2.139797e-04 2.400302e-04 6.257558e-04 4.4085967875e+04 2.1992283423e+05 2.1985759771e+05
44.0220 1.035712e-02 1.570535e-02 1.629291e-04 2.262556e-04 2.961351e-04 6.407386e-04 4.4088109717e+04 2.1992645676e+05 2.1985186494e+05
45.0225 1.051322e-02 1.581767e-02 1.627932e-04 2.073827e-04 2.408028e-04 6.295336e-04 4.4090233588e+04 2.1992074498e+05 2.1985533285e+05
46.0230 1.033170e-02 1.559364e-02 1.631073e-04 2.341424e-04 2.747551e-04 6.518290e-04 4.4092525690e+04 2.1990725359e+05 2.1986672770e+05
47.0235 1.042041e-02 1.583235e-02 1.761318e-04 2.091188e-04 2.834240e-04 6.010748e-04 4.4094696216e+04 2.1988864645e+05 2.1988306768e+05
48.0240 1.054305e-02 1.567532e-02 1.629568e-04 2.208987e-04 2.966305e-04 6.489464e-04 4.4096903900e+04 2.1986931142e+05 2.1990011022e+05
49.0245 1.029039e-02 1.576498e-02 1.602439e-04 2.461473e-04 2.928237e-04 6.459088e-04 4.4099265325e+04 2.1985370921e+05 2.1991343644e+05
50.0250 1.039665e-02 1.553396e-02 1.565972e-04 2.100875e-04 2.876752e-04 6.830844e-04 4.4101378515e+04 2.1984569465e+05 2.1991944638e+05
51.0255 1.039321e-02 1.548472e-02 1.571285e-04 2.244338e-04 3.117642e-04 6.342673e-04 4.4103518777e+04 2.1984668229e+05 2.1991633062e+05
52.0260 1.040039e-02 1.582639e-02 1.793166e-04 2.138778e-04 3.078456e-04 6.857160e-04 4.4105695316e+04 2.1985591636e+05 2.1990470308e+05
53.0265 1.047157e-02 1.570329e-02 1.608735e-04 2.289601e-04 2.784745e-04 6.729602e-04 4.4107915118e+04 2.1987128130e+05 2.1988715908e+05
54.0270 1.052660e-02 1.555749e-02 1.793353e-04 2.119476e-04 3.039662e-04 7.007481e-04 4.4110182986e+04 2.1988849948e+05 2.1986767755e+05
55.0275 1.052472e-02 1.536234e-02 1.825790e-04 2.124075e-04 2.669600e-04 7.200696e-04 4.4112437665e+04 2.1990329800e+05 2.1985074363e+05
56.0280 1.048823e-02 1.576692e-02 1.659021e-04 2.366774e-04 2.888721e-04 7.325720e-04 4.4114585347e+04 2.1991147429e+05 2.1984020168e+05
57.0285 1.046127e-02 1.564362e-02 1.730038e-04 2.160468e-04 2.726554e-04 7.583452e-04 4.4116727003e+04 2.1991123357e+05 2.1983842212e+05
58.0290 1.058811e-02 1.589750e-02 1.643970e-04 2.218478e-04 2.656320e-04 7.454981e-04 4.4118846333e+04 2.1990172629e+05 2.1984562391e+05
59.0295 1.047150e-02 1.605294e-02 2.005495e-04 2.138707e-04 2.795380e-04 7.498957e-04 4.4121135036e+04 2.1988522706e+05 2.1985977130e+05
60.0300 1.051350e-02 1.577971e-02 1.661538e-04 2.440840e-04 3.077717e-04 7.751667e-04 4.4123322852e+04 2.1986585086e+05 2.1987709207e+05
61.0305 1.060622e-02 1.574038e-02 1.690682e-04 2.294110e-04 2.846180e-04 7.211880e-04 4.4125477704e+04 2.1984771607e+05 2.1989306372e+05
62.0310 1.037518e-02 1.590671e-02 1.637693e-04 2.178854e-04 3.109805e-04 7.919500e-04 4.4127786000e+04 2.1983498637e+05 2.1990349264e+05
63.0315 1.068064e-02 1.591281e-02 1.695313e-04 2.187125e-04 2.913680e-04 7.352746e-04 4.4129900750e+04 2.1983066798e+05 2.1990555431e+05
64.0320 1.063793e-02 1.567432e-02 1.518692e-04 2.498399e-04 3.438228e-04 7.643896e-04 4.4132044172e+04 2.1983578154e+05 2.1989839517e+05
65.0325 1.045061e-02 1.596305e-02 1.509374e-04 2.056077e-04 2.905904e-04 7.774619e-04 4.4134280575e+04 2.1984838878e+05 2.1988357425e+05
66.0330 1.058566e-02 1.570639e-02 1.852212e-04 2.347541e-04 3.136999e-04 7.708876e-04 4.4136398619e+04 2.1986545683e+05 2.1986434677e+05
67.0335 1.076229e-02 1.588521e-02 1.585480e-04 2.304947e-04 3.121053e-04 7.833105e-04 4.4138547595e+04 2.1988221593e+05 2.1984529757e+05
68.0340 1.062750e-02 1.582972e-02 1.667863e-04 2.233199e-04 2.980772e-04 7.895998e-04 4.4140862320e+04 2.1989455852e+05 2.1983073816e+05
69.0345 1.055238e-02 1.556281e-02 1.667385e-04 2.267381e-04 3.068003e-04 8.344799e-04 4.4143202030e+04 2.1989911869e+05 2.1982397457e+05
70.0350 1.055973e-02 1.552559e-02 1.832171e-04 2.348503e-04 3.007335e-04 8.292663e-04 4.4145518754e+04 2.1989439538e+05 2.1982641026e+05
71.0355 1.046711e-02 1.556766e-02 1.579310e-04 2.409849e-04 3.171237e-04 8.419492e-04 4.4147731323e+04 2.1988137470e+05 2.1983718253e+05
72.0360 1.076997e-02 1.581415e-02 1.444551e-04 2.358118e-04 2.903851e-04 8.271542e-04 4.4149825789e+04 2.1986281934e+05 2.1985342876e+05
73.0365 1.072485e-02 1.542776e-02 1.724510e-04 2.305662e-04 3.155213e-04 8.512350e-04 4.4152036174e+04 2.1984339319e+05 2.1987080811e+05
74.0370 1.045498e-02 1.539176e-02 1.686973e-04 2.386025e-04 3.010808e-04 8.732580e-04 4.4154354350e+04 2.1982720765e+05 2.1988480247e+05
75.0375 1.043479e-02 1.560966e-02 1.841336e-04 2.541255e-04 3.356088e-04 8.431690e-04 4.4156571868e+04 2.1981805980e+05 2.1989169589e+05
76.0380 1.065957e-02 1.576447e-02 1.560812e-04 2.356290e-04 3.107232e-04 8.573233e-04 4.4158729047e+04 2.1981782340e+05 2.1988959534e+05
77.0385 1.042362e-02 1.582356e-02 1.635315e-04 2.360621e-04 3.352561e-04 8.865743e-04 4.4161078821e+04 2.1982644948e+05 2.1987864801e+05
78.0390 1.053500e-02 1.590414e-02 1.711559e-04 2.476274e-04 3.216618e-04 9.163312e-04 4.4163258527e+04 2.1984148008e+05 2.1986136917e+05
79.0395 1.071249e-02 1.572818e-02 1.613423e-04 2.308710e-04 3.377451e-04 8.498034e-04 4.4165450539e+04 2.1985897986e+05 2.1984169688e+05
80.0400 1.069848e-02 1.604155e-02 1.557258e-04 2.443639e-04 3.344156e-04 8.956956e-04 4.4167754108e+04 2.1987406243e+05 2.1982417116e+05
81.0405 1.066533e-02 1.600726e-02 1.824743e-04 2.351172e-04 3.391744e-04 9.175350e-04 4.4169992712e+04 2.1988321127e+05 2.1981277030e+05
82.0410 1.058513e-02 1.571008e-02 1.828881e-04 2.367851e-04 3.366186e-04 8.876091e-04 4.4172181252e+04 2.1988398926e+05 2.1980997635e+05
83.0415 1.061262e-02 1.579466e-02 1.667846e-04 2.346448e-04 3.396707e-04 9.178413e-04 4.4174352071e+04 2.1987551425e+05 2.1981623247e+05
84.0420 1.055106e-02 1.576786e-02 1.684484e-04 2.225728e-04 3.143980e-04 9.394164e-04 4.4176568539e+04 2.1985975429e+05 2.1982981275e+05
85.0425 1.066111e-02 1.577209e-02 1.609401e-04 2.423416e-04 3.371132e-04 9.619747e-04 4.4178749629e+04 2.1984028805e+05 2.1984700651e+05
86.0430 1.057982e-02 1.548084e-02 1.769559e-04 2.303291e-04 3.106977e-04 9.624949e-04 4.4181111812e+04 2.1982187148e+05 2.1986330674e+05
87.0435 1.077798e-02 1.597157e-02 1.579915e-04 2.321808e-04 3.307158e-04 9.633822e-04 4.4183397407e+04 2.1980806817e+05 2.1987449414e+05
88.0440 1.071821e-02 1.613623e-02 1.507388e-04 2.514314e-04 3.096222e-04 9.961819e-04 4.4185656092e+04 2.1980266344e+05 2.1987756311e+05
89.0445 1.057312e-02 1.598159e-02 1.779507e-04 2.511277e-04 3.485597e-04 9.776438e-04 4.4187898147e+04 2.1980664022e+05 2.1987145269e+05
90.0450 1.071144e-02 1.638403e-02 1.664143e-04 2.402005e-04 3.200557e-04 9.950964e-04 4.4190151254e+04 2.1981814950e+05 2.1985745678e+05
91.0455 1.081920e-02 1.609999e-02 1.592037e-04 2.286838e-04 3.358202e-04 9.602618e-04 4.4192471674e+04 2.1983476503e+05 2.1983863283e+05
92.0460 1.071604e-02 1.593161e-02 1.743429e-04 2.481686e-04 3.401492e-04 9.909669e-04 4.4194808514e+04 2.1985183319e+05 2.1981936431e+05
93.0465 1.064640e-02 1.609482e-02 1.383018e-04 2.578462e-04 3.771583e-04 1.009130e-03 4.4197089683e+04 2.1986477343e+05 2.1980410575e+05
94.0470 1.067749e-02 1.591170e-02 1.817043e-04 2.347662e-04 3.361741e-04 1.018733e-03 4.4199392036e+04 2.1987029288e+05 2.1979626434e+05
95.0475 1.085545e-02 1.585608e-02 1.533007e-04 2.562472e-04 3.615552e-04 1.007319e-03 4.4201684109e+04 2.1986672044e+05 2.1979749820e+05
96.0480 1.077932e-02 1.565332e-02 1.860823e-04 2.375126e-04 3.453820e-04 1.015207e-03 4.4204029407e+04 2.1985473774e+05 2.1980727105e+05
97.0485 1.072894e-02 1.570146e-02 1.879751e-04 2.287359e-04 3.336863e-04 1.038464e-03 4.4206263244e+04 2.1983691317e+05 2.1982289478e+05
98.0490 1.079645e-02 1.604417e-02 1.672668e-04 2.334144e-04 3.405058e-04 1.067157e-03 4.4208454689e+04 2.1981714180e+05 2.1984027219e+05
99.0495 1.058676e-02 1.573948e-02 1.681448e-04 2.383730e-04 3.331320e-04 1.076335e-03 4.4210810513e+04 2.1980047082e+05 2.1985481563e+05
100.0500 1.055417e-02 1.563894e-02 1.817940e-04 2.536334e-04 2.923822e-04 1.085263e-03 4.4213045023e+04 2.1979044305e+05 2.1986271232e+05
101.0505 1.076833e-02 1.600324e-02 1.873391e-04 2.386549e-04 3.422907e-04 1.115209e-03 4.4215123986e+04 2.1978906085e+05 2.1986172829e+05
102.0510 1.072635e-02 1.592795e-02 1.676669e-04 2.409508e-04 3.064382e-04 1.063793e-03 4.4217374517e+04 2.1979667455e+05 2.1985191950e+05
103.0515 1.056413e-02 1.578054e-02 1.772695e-04 2.644607e-04 3.161713e-04 1.105972e-03 4.4219613388e+04 2.1981114414e+05 2.1983531210e+05
104.0520 1.065893e-02 1.574993e-02 1.591657e-04 2.549690e-04 3.486558e-04 1.086324e-03 4.4221781632e+04 2.1982850708e+05 2.1981576914e+05
105.0525 1.074317e-02 1.606650e-02 1.815743e-04 2.480133e-04 3.625268e-04 1.037973e-03 4.4223997375e+04 2.1984401366e+05 2.1979781358e+05
106.0530 1.075003e-02 1.586707e-02 1.534851e-04 2.809856e-04 3.867225e-04 1.077129e-03 4.4226301397e+04 2.1985395504e+05 2.1978564502e+05
107.0535 1.088136e-02 1.588277e-02 1.916545e-04 2.621899e-04 3.963881e-04 1.026036e-03 4.4228594344e+04 2.1985530010e+05 2.1978195339e+05
108.0540 1.074586e-02 1.600156e-02 1.844385e-04 2.590270e-04 3.766766e-04 1.041554e-03 4.4230926949e+04 2.1984766006e+05 2.1978732666e+05
109.0545 1.086778e-02 1.598210e-02 1.735530e-04 2.749829e-04 4.041269e-04 1.067213e-03 4.4233122900e+04 2.1983262364e+05 2.1980009059e+05
110.0550 1.087031e-02 1.589351e-02 1.748630e-04 2.591411e-04 3.858116e-04 1.077341e-03 4.4235334180e+04 2.1981365108e+05 2.1981686522e+05
111.0555 1.081161e-02 1.570757e-02 1.732018e-04 2.597676e-04 3.872259e-04 1.086626e-03 4.4237649388e+04 2.1979509282e+05 2.1983323778e+05
112.0560 1.070707e-02 1.589999e-02 1.862658e-04 2.696031e-04 3.732489e-04 1.135349e-03 4.4240009741e+04 2.1978099548e+05 2.1984494080e+05
113.0565 1.088938e-02 1.595546e-02 1.622698e-04 2.563715e-04 3.309665e-04 1.170889e-03 4.4242182545e+04 2.1977477814e+05 2.1984884251e+05
114.0570 1.080333e-02 1.592710e-02 1.513463e-04 2.570725e-04 3.448765e-04 1.183928e-03 4.4244481216e+04 2.1977771879e+05 2.1984366058e+05
115.0575 1.084593e-02 1.610262e-02 1.693898e-04 2.466321e-04 3.365019e-04 1.211947e-03 4.4246812609e+04 2.1978845628e+05 2.1983048383e+05
116.0580 1.066690e-02 1.598970e-02 1.771165e-04 2.496205e-04 3.324585e-04 1.246173e-03 4.4249131864e+04 2.1980457164e+05 2.1981218368e+05
117.0585 1.069039e-02 1.559875e-02 1.747903e-04 2.587504e-04 3.514920e-04 1.247220e-03 4.4251300519e+04 2.1982177350e+05 2.1979294645e+05
118.0590 1.071326e-02 1.597207e-02 1.780252e-04 2.788095e-04 3.631006e-04 1.207116e-03 4.4253473271e+04 2.1983516794e+05 2.1977724954e+05
119.0595 1.085233e-02 1.582675e-02 1.704837e-04 2.410708e-04 3.298738e-04 1.234931e-03 4.4255608646e+04 2.1984149084e+05 2.1976876558e+05
120.0600 1.093157e-02 1.615843e-02 1.903635e-04 2.699889e-04 4.263624e-04 1.191077e-03 4.4257850790e+04 2.1983865691e+05 2.1976914271e+05
121.0605 1.087508e-02 1.629641e-02 1.708079e-04 2.746125e-04 3.923962e-04 1.161492e-03 4.4260161172e+04 2.1982742436e+05 2.1977809621e+05
122.0610 1.088745e-02 1.589637e-02 1.714597e-04 2.821162e-04 4.427359e-04 1.202209e-03 4.4262499428e+04 2.1981025551e+05 2.1979302094e+05
123.0615 1.088111e-02 1.601988e-02 1.789191e-04 2.762008e-04 4.124917e-04 1.138085e-03 4.4264738568e+04 2.1979086994e+05 2.1981014121e+05
124.0620 1.102526e-02 1.616971e-02 1.811417e-04 2.831390e-04 4.383668e-04 1.178257e-03 4.4266847784e+04 2.1977382861e+05 2.1982490780e+05
125.0625 1.088513e-02 1.580320e-02 1.617285e-04 2.850908e-04 4.037683e-04 1.229889e-03 4.4269070140e+04 2.1976328319e+05 2.1983348601e+05
126.0630 1.077941e-02 1.602918e-02 1.891673e-04 2.774359e-04 3.910087e-04 1.219095e-03 4.4271387758e+04 2.1976097308e+05 2.1983347526e+05
127.0635 1.083562e-02 1.580099e-02 1.659856e-04 2.642652e-04 4.072395e-04 1.249574e-03 4.4273693714e+04 2.1976756057e+05 2.1982459859e+05
128.0640 1.080083e-02 1.595753e-02 1.702323e-04 2.629274e-04 3.838700e-04 1.332336e-03 4.4275904425e+04 2.1978109141e+05 2.1980877692e+05
129.0645 1.082656e-02 1.584964e-02 1.586334e-04 2.827921e-04 3.462348e-04 1.306716e-03 4.4278068640e+04 2.1979821906e+05 2.1978959890e+05
130.0650 1.087895e-02 1.631403e-02 1.607561e-04 2.699923e-04 3.662517e-04 1.335192e-03 4.4280218494e+04 2.1981393202e+05 2.1977145890e+05
131.0655 1.094929e-02 1.604746e-02 2.043039e-04 2.578799e-04 3.588785e-04 1.330712e-03 4.4282462683e+04 2.1982468372e+05 2.1975857396e+05
132.0660 1.080990e-02 1.581152e-02 1.679090e-04 2.455363e-04 3.237484e-04 1.318095e-03 4.4284832469e+04 2.1982721528e+05 2.1975383885e+05
133.0665 1.089921e-02 1.586507e-02 1.892608e-04 2.612784e-04 3.771253e-04 1.358507e-03 4.4287027284e+04 2.1982070700e+05 2.1975804387e+05
134.0670 1.092996e-02 1.593992e-02 1.665878e-04 2.803439e-04 3.992679e-04 1.316077e-03 4.4289247959e+04 2.1980652841e+05 2.1977000378e+05
135.0675 1.070257e-02 1.581860e-02 1.902919e-04 2.592819e-04 3.632844e-04 1.337421e-03 4.4291561202e+04 2.1978784857e+05 2.1978647675e+05
136.0680 1.096409e-02 1.623690e-02 1.585611e-04 2.943899e-04 4.444170e-04 1.371175e-03 4.4293792236e+04 2.1976864518e+05 2.1980312520e+05
137.0685 1.096276e-02 1.617317e-02 1.780544e-04 2.882853e-04 3.863944e-04 1.297398e-03 4.4296100765e+04 2.1975390047e+05 2.1981564249e+05
138.0690 1.084887e-02 1.608409e-02 1.793830e-04 2.733017e-04 4.161880e-04 1.328843e-03 4.4298379440e+04 2.1974670887e+05 2.1982062609e+05
139.0695 1.099450e-02 1.650247e-02 1.674825e-04 2.954349e-04 4.385295e-04 1.336510e-03 4.4300531872e+04 2.1974832769e+05 2.1981659470e+05
140.0700 1.088557e-02 1.640481e-02 1.642865e-04 2.940754e-04 4.212379e-04 1.331357e-03 4.4302829203e+04 2.1975844608e+05 2.1980426245e+05
141.0705 1.090195e-02 1.604864e-02 1.679079e-04 2.851283e-04 4.132526e-04 1.318629e-03 4.4305065339e+04 2.1977430285e+05 2.1978636173e+05
142.0710 1.097553e-02 1.597519e-02 1.879318e-04 2.819078e-04 4.081863e-04 1.341234e-03 4.4307278707e+04 2.1979142214e+05 2.1976700197e+05
143.0715 1.093826e-02 1.593440e-02 1.752642e-04 2.921993e-04 4.028567e-04 1.423506e-03 4.4309588494e+04 2.1980547359e+05 2.1975063678e+05
144.0720 1.092150e-02 1.616995e-02 1.513578e-04 2.720424e-04 4.063678e-04 1.367664e-03 4.4311857899e+04 2.1981276211e+05 2.1974102139e+05
145.0725 1.106794e-02 1.608325e-02 1.646433e-04 2.772838e-04 3.570299e-04 1.394943e-03 4.4314053592e+04 2.1981132520e+05 2.1974022691e+05
146.0730 1.099027e-02 1.619300e-02 1.821109e-04 2.676362e-04 3.678169e-04 1.488468e-03 4.4316319218e+04 2.1980096115e+05 2.1974823104e+05
147.0735 1.098141e-02 1.628478e-02 1.867220e-04 2.603163e-04 3.745962e-04 1.446212e-03 4.4318606621e+04 2.1978408532e+05 2.1976278556e+05
148.0740 1.099941e-02 1.631244e-02 1.761178e-04 2.657246e-04 3.525217e-04 1.405306e-03 4.4320847050e+04 2.1976467680e+05 2.1978000701e+05
149.0745 1.078058e-02 1.584624e-02 1.731778e-04 2.637573e-04 3.682641e-04 1.484810e-03 4.4323089687e+04 2.1974735288e+05 2.1979537643e+05
150.0750 1.094542e-02 1.611712e-02 1.719343e-04 2.839510e-04 3.891862e-04 1.443954e-03 4.4325222969e+04 2.1973560717e+05 2.1980482293e+05
151.0755 1.110847e-02 1.606947e-02 1.692689e-04 2.525651e-04 3.654429e-04 1.478865e-03 4.4327432658e+04 2.1973241429e+05 2.1980576378e+05
152.0760 1.110274e-02 1.600177e-02 1.785119e-04 2.990250e-04 4.213087e-04 1.433497e-03 4.4329721453e+04 2.1973820589e+05 2.1979762033e+05
153.0765 1.096315e-02 1.624977e-02 1.748169e-04 2.798692e-04 3.938826e-04 1.467184e-03 4.4331982260e+04 2.1975127031e+05 2.1978229775e+05
154.0770 1.103021e-02 1.608710e-02 1.924899e-04 2.825691e-04 4.178808e-04 1.418102e-03 4.4334170993e+04 2.1976814382e+05 2.1976321301e+05
155.0775 1.092386e-02 1.617658e-02 1.554004e-04 3.026539e-04 4.160525e-04 1.447769e-03 4.4336456839e+04 2.1978429533e+05 2.1974480602e+05
156.0780 1.098626e-02 1.614493e-02 1.598586e-04 2.872072e-04 4.413252e-04 1.471234e-03 4.4338731515e+04 2.1979548196e+05 2.1973131613e+05
157.0785 1.089252e-02 1.618638e-02 1.701155e-04 2.984502e-04 4.201547e-04 1.469973e-03 4.4341009197e+04 2.1979882228e+05 2.1972574197e+05
158.0790 1.107840e-02 1.628770e-02 1.695526e-04 2.906648e-04 4.172293e-04 1.438172e-03 4.4343264856e+04 2.1979293839e+05 2.1972923349e+05
159.0795 1.089597e-02 1.600239e-02 1.722008e-04 2.820277e-04 4.221893e-04 1.530651e-03 4.4345579238e+04 2.1977945689e+05 2.1974057899e+05
160.0800 1.093098e-02 1.618295e-02 1.535706e-04 3.067528e-04 4.258846e-04 1.512269e-03 4.4347866841e+04 2.1976099460e+05 2.1975668277e+05
161.0805 1.099708e-02 1.647041e-02 1.730523e-04 2.817222e-04 4.074074e-04 1.480776e-03 4.4350165734e+04 2.1974184860e+05 2.1977338835e+05
162.0810 1.098110e-02 1.622534e-02 1.613161e-04 3.019354e-04 3.993110e-04 1.609743e-03 4.4352461228e+04 2.1972668062e+05 2.1978631790e+05
163.0815 1.109970e-02 1.607781e-02 1.797064e-04 2.729677e-04 3.950871e-04 1.544798e-03 4.4354741750e+04 2.1971871486e+05 2.1979202957e+05
164.0820 1.100247e-02 1.628326e-02 1.480182e-04 3.105694e-04 4.104493e-04 1.586555e-03 4.4356976502e+04 2.1971966005e+05 2.1978880345e+05
165.0825 1.091416e-02 1.602331e-02 1.638897e-04 2.802865e-04 3.931709e-04 1.617263e-03 4.4359174370e+04 2.1972922007e+05 2.1977721155e+05
166.0830 1.111230e-02 1.637485e-02 1.591586e-04 3.136609e-04 4.220981e-04 1.564938e-03 4.4361377946e+04 2.1974421151e+05 2.1975976362e+05
167.0835 1.096229e-02 1.619699e-02 1.520231e-04 3.057307e-04 3.767947e-04 1.590560e-03 4.4363698691e+04 2.1976130888e+05 2.1974051956e+05
168.0840 1.106264e-02 1.620845e-02 1.704007e-04 3.266942e-04 4.322029e-04 1.591019e-03 4.4366004713e+04 2.1977554657e+05 2.1972389561e+05
169.0845 1.098073e-02 1.611441e-02 1.621475e-04 3.142387e-04 4.331374e-04 1.576446e-03 4.4368363498e+04 2.1978343569e+05 2.1971373564e+05
170.0850 1.083980e-02 1.620970e-02 1.836864e-04 3.067699e-04 4.118546e-04 1.566103e-03 4.4370656578e+04 2.1978269558e+05 2.1971218152e+05
171.0855 1.107358e-02 1.647641e-02 1.541690e-04 3.557218e-04 4.632600e-04 1.566012e-03 4.4372738545e+04 2.1977315787e+05 2.1971938323e+05
172.0860 1.095227e-02 1.596431e-02 1.708955e-04 2.994878e-04 4.115018e-04 1.580859e-03 4.4374967470e+04 2.1975729390e+05 2.1973334389e+05
173.0865 1.096506e-02 1.610265e-02 1.624402e-04 3.271940e-04 4.514013e-04 1.622256e-03 4.4377186267e+04 2.1973816467e+05 2.1975017422e+05
174.0870 1.107647e-02 1.648256e-02 1.775691e-04 3.090691e-04 4.477731e-04 1.603266e-03 4.4379496520e+04 2.1972024622e+05 2.1976554772e+05
175.0875 1.092840e-02 1.626681e-02 1.612585e-04 3.059949e-04 4.532747e-04 1.638763e-03 4.4381868550e+04 2.1970818576e+05 2.1977538603e+05
176.0880 1.117117e-02 1.634431e-02 1.630636e-04 2.987014e-04 4.480779e-04 1.649032e-03 4.4384044926e+04 2.1970421034e+05 2.1977706706e+05
177.0885 1.114802e-02 1.664189e-02 1.713199e-04 2.949292e-04 4.345487e-04 1.677494e-03 4.4386281903e+04 2.1970892637e+05 2.1976992363e+05
178.0890 1.094839e-02 1.579608e-02 1.393289e-04 3.136883e-04 4.414580e-04 1.693364e-03 4.4388640368e+04 2.1972163127e+05 2.1975536888e+05
179.0895 1.111164e-02 1.622784e-02 1.780295e-04 3.075192e-04 4.490867e-04 1.735808e-03 4.4390889904e+04 2.1973768931e+05 2.1973670562e+05
180.0900 1.102047e-02 1.615526e-02 1.642293e-04 2.750524e-04 4.094532e-04 1.677520e-03 4.4393199409e+04 2.1975399524e+05 2.1971824293e+05
181.0905 1.084228e-02 1.596429e-02 1.599269e-04 2.999726e-04 4.326453e-04 1.780790e-03 4.4395410272e+04 2.1976598877e+05 2.1970416100e+05
182.0910 1.124343e-02 1.636864e-02 1.709955e-04 2.999620e-04 4.007018e-04 1.711956e-03 4.4397405302e+04 2.1977008179e+05 2.1969773850e+05
183.0915 1.108239e-02 1.605760e-02 1.633640e-04 3.034465e-04 4.286897e-04 1.771031e-03 4.4399704138e+04 2.1976545929e+05 2.1970021704e+05
184.0920 1.109253e-02 1.641186e-02 1.566238e-04 3.040435e-04 4.303177e-04 1.748828e-03 4.4402008695e+04 2.1975248286e+05 2.1971075626e+05
185.0925 1.124470e-02 1.710387e-02 1.730314e-04 3.406958e-04 4.485779e-04 1.753245e-03 4.4404287501e+04 2.1973413458e+05 2.1972645522e+05
186.0930 1.111448e-02 1.622226e-02 1.462289e-04 3.271821e-04 4.448541e-04 1.735925e-03 4.4406680296e+04 2.1971541643e+05 2.1974325003e+05
187.0935 1.103459e-02 1.620050e-02 1.618410e-04 3.579241e-04 4.952601e-04 1.751605e-03 4.4409019816e+04 2.1969960485e+05 2.1975671132e+05
188.0940 1.098632e-02 1.657725e-02 1.846298e-04 3.204951e-04 4.687287e-04 1.745414e-03 4.4411317866e+04 2.1969056763e+05 2.1976332971e+05
189.0945 1.093357e-02 1.638384e-02 1.610744e-04 3.593387e-04 5.016447e-04 1.780862e-03 4.4413529604e+04 2.1969069023e+05 2.1976109094e+05
190.0950 1.088701e-02 1.603169e-02 1.597326e-04 3.427948e-04 5.050678e-04 1.706465e-03 4.4415737809e+04 2.1969946485e+05 2.1975034616e+05
191.0955 1.112623e-02 1.625821e-02 1.604846e-04 3.334340e-04 4.743220e-04 1.804981e-03 4.4417921167e+04 2.1971389731e+05 2.1973346293e+05
192.0960 1.112661e-02 1.642083e-02 1.671562e-04 3.379566e-04 5.052309e-04 1.806598e-03 4.4420323358e+04 2.1973061327e+05 2.1971420865e+05
193.0965 1.106632e-02 1.624894e-02 1.577487e-04 3.248758e-04 4.640664e-04 1.846675e-03 4.4422663132e+04 2.1974551828e+05 2.1969706748e+05
194.0970 1.089758e-02 1.629791e-02 1.615546e-04 3.007211e-04 4.586857e-04 1.832095e-03 4.4424903333e+04 2.1975451700e+05 2.1968595121e+05
195.0975 1.111851e-02 1.651435e-02 1.731839e-04 2.950534e-04 4.497176e-04 1.863501e-03 4.4426943248e+04 2.1975492838e+05 2.1968326630e+05
196.0980 1.113324e-02 1.630314e-02 1.777661e-04 2.999823e-04 4.451079e-04 1.863496e-03 4.4429128590e+04 2.1974665699e+05 2.1968940064e+05
197.0985 1.095910e-02 1.623384e-02 1.593145e-04 3.147558e-04 4.689822e-04 1.962717e-03 4.4431487963e+04 2.1973114742e+05 2.1970261951e+05
198.0990 1.112366e-02 1.619768e-02 1.769534e-04 2.993985e-04 4.278667e-04 1.866938e-03 4.4433659992e+04 2.1971217184e+05 2.1971942533e+05
199.0995 1.097194e-02 1.595848e-02 1.507175e-04 3.168880e-04 4.586168e-04 1.878864e-03 4.4435943392e+04 2.1969406097e+05 2.1973544347e+05
200.1000 1.097506e-02 1.599822e-02 1.721608e-04 3.279943e-04 4.495511e-04 1.944835e-03 4.4438249687e+04 2.1968065530e+05 2.1974651914e+05
201.1005 1.120115e-02 1.614532e-02 1.415189e-04 3.354581e-04 4.684543e-04 1.910742e-03 4.4440438287e+04 2.1967511854e+05 2.1974968014e+05
202.1010 1.105929e-02 1.614089e-02 1.726401e-04 3.411959e-04 4.906194e-04 1.905455e-03 4.4442655428e+04 2.1967880604e+05 2.1974383656e+05
203.1015 1.121004e-02 1.643888e-02 1.705528e-04 3.365647e-04 4.786983e-04 1.824757e-03 4.4444783566e+04 2.1969014240e+05 2.1973019077e+05
204.1020 1.139689e-02 1.633456e-02 1.636181e-04 3.839390e-04 5.002258e-04 1.884485e-03 4.4446924027e+04 2.1970633223e+05 2.1971177646e+05
205.1025 1.108956e-02 1.652884e-02 1.795594e-04 3.736513e-04 4.894552e-04 1.871741e-03 4.4449381557e+04 2.1972281619e+05 2.1969289348e+05
206.1030 1.101905e-02 1.658591e-02 1.543502e-04 3.871079e-04 5.546569e-04 1.834253e-03 4.4451697529e+04 2.1973559577e+05 2.1967775985e+05
207.1035 1.117481e-02 1.642225e-02 1.795379e-04 3.484796e-04 4.864103e-04 1.938078e-03 4.4453943037e+04 2.1974125511e+05 2.1966988260e+05
208.1040 1.117124e-02 1.660405e-02 1.516384e-04 3.660914e-04 5.311744e-04 1.858151e-03 4.4456425763e+04 2.1973773017e+05 2.1967083926e+05
209.1045 1.123276e-02 1.673604e-02 1.741665e-04 3.582874e-04 5.046376e-04 1.936224e-03 4.4458692957e+04 2.1972602745e+05 2.1968015820e+05
210.1050 1.144849e-02 1.651569e-02 1.762102e-04 3.412610e-04 4.831052e-04 1.957984e-03 4.4460928614e+04 2.1970870461e+05 2.1969523881e+05
211.1055 1.126068e-02 1.674319e-02 1.871016e-04 3.396837e-04 5.241699e-04 2.005588e-03 4.4463418355e+04 2.1968932333e+05 2.1971208099e+05
212.1060 1.137354e-02 1.664369e-02 1.603611e-04 3.281805e-04 4.972153e-04 2.036671e-03 4.4465774039e+04 2.1967280132e+05 2.1972626366e+05
213.1065 1.131271e-02 1.657640e-02 1.753383e-04 3.133338e-04 4.760914e-04 2.044195e-03 4.4468116819e+04 2.1966284987e+05 2.1973392046e+05
214.1070 1.116826e-02 1.637469e-02 1.677727e-04 3.201600e-04 5.065881e-04 2.099575e-03 4.4470500460e+04 2.1966166694e+05 2.1973286751e+05
215.1075 1.128972e-02 1.602606e-02 1.630724e-04 3.455297e-04 5.244125e-04 2.054947e-03 4.4472811299e+04 2.1966915261e+05 2.1972317722e+05
216.1080 1.109103e-02 1.628980e-02 1.825316e-04 3.110570e-04 4.847723e-04 2.139646e-03 4.4475155730e+04 2.1968297704e+05 2.1970698693e+05
217.1085 1.110580e-02 1.618210e-02 1.628504e-04 3.311057e-04 4.730355e-04 2.034625e-03 4.4477328426e+04 2.1969992152e+05 2.1968793013e+05
218.1090 1.121492e-02 1.615426e-02 1.786253e-04 3.604821e-04 5.480206e-04 2.128007e-03 4.4479325348e+04 2.1971534018e+05 2.1967039730e+05
219.1095 1.121899e-02 1.670830e-02 1.833743e-04 3.547053e-04 5.393604e-04 2.068905e-03 4.4481399591e+04 2.1972484704e+05 2.1965855994e+05
220.1100 1.124134e-02 1.655011e-02 1.611240e-04 3.563350e-04 4.815573e-04 2.022883e-03 4.4483734102e+04 2.1972615856e+05 2.1965504744e+05
221.1105 1.144856e-02 1.642997e-02 1.864845e-04 3.675049e-04 5.522968e-04 2.095587e-03 4.4486014495e+04 2.1971854524e+05 2.1966027411e+05
222.1110 1.123403e-02 1.650566e-02 1.684697e-04 3.865380e-04 5.694887e-04 2.020084e-03 4.4488423282e+04 2.1970374448e+05 2.1967275056e+05
223.1115 1.104701e-02 1.591288e-02 1.683093e-04 4.212575e-04 5.367420e-04 2.024495e-03 4.4490611571e+04 2.1968552423e+05 2.1968912652e+05
224.1120 1.130796e-02 1.625323e-02 1.773508e-04 4.124490e-04 5.987023e-04 2.076249e-03 4.4492598880e+04 2.1966717848e+05 2.1970515468e+05
225.1125 1.116576e-02 1.629221e-02 1.597676e-04 4.261984e-04 5.943322e-04 2.012420e-03 4.4494911142e+04 2.1965346439e+05 2.1971668585e+05
226.1130 1.114085e-02 1.626077e-02 1.941922e-04 4.085631e-04 5.603424e-04 2.048552e-03 4.4497357260e+04 2.1964706227e+05 2.1972065292e+05
227.1135 1.136039e-02 1.641272e-02 1.671108e-04 4.311009e-04 6.079668e-04 2.050996e-03 4.4499778818e+04 2.1964930449e+05 2.1971575790e+05
228.1140 1.125930e-02 1.642629e-02 1.805601e-04 3.942908e-04 5.752608e-04 2.146528e-03 4.4502110832e+04 2.1965986510e+05 2.1970292867e+05
229.1145 1.129216e-02 1.629267e-02 1.555050e-04 4.110262e-04 5.560811e-04 2.183344e-03 4.4504395132e+04 2.1967553200e+05 2.1968500157e+05
230.1150 1.115055e-02 1.632895e-02 1.949053e-04 3.696165e-04 5.901687e-04 2.235352e-03 4.4506746523e+04 2.1969219351e+05 2.1966603092e+05
231.1155 1.135149e-02 1.655099e-02 1.576448e-04 3.512396e-04 5.189104e-04 2.192231e-03 4.4509026541e+04 2.1970538711e+05 2.1965040590e+05
232.1160 1.114987e-02 1.623021e-02 1.762684e-04 3.554056e-04 5.454187e-04 2.326511e-03 4.4511474643e+04 2.1971199073e+05 2.1964155626e+05
233.1165 1.114389e-02 1.646797e-02 1.674012e-04 3.547054e-04 5.276797e-04 2.307722e-03 4.4513839943e+04 2.1970963263e+05 2.1964143518e+05
234.1170 1.137342e-02 1.645188e-02 1.652082e-04 3.471331e-04 5.730363e-04 2.355195e-03 4.4516029247e+04 2.1969902153e+05 2.1964969753e+05
235.1175 1.140032e-02 1.634475e-02 1.766746e-04 3.332307e-04 5.264304e-04 2.323168e-03 4.4518319635e+04 2.1968242824e+05 2.1966409226e+05
236.1180 1.136962e-02 1.662730e-02 1.528439e-04 3.689240e-04 5.255490e-04 2.317863e-03 4.4520572403e+04 2.1966332475e+05 2.1968082725e+05
237.1185 1.156162e-02 1.670432e-02 1.919163e-04 3.664016e-04 5.691620e-04 2.273598e-03 4.4522743126e+04 2.1964635552e+05 2.1969550279e+05
238.1190 1.124744e-02 1.636662e-02 1.682697e-04 3.752148e-04 5.886215e-04 2.270498e-03 4.4525049224e+04 2.1963557825e+05 2.1970428846e+05
239.1195 1.138780e-02 1.643404e-02 1.817698e-04 4.135277e-04 5.825686e-04 2.276535e-03 4.4527057375e+04 2.1963294670e+05 2.1970476334e+05
240.1200 1.156264e-02 1.673046e-02 1.687072e-04 4.128868e-04 6.000470e-04 2.255402e-03 4.4529172469e+04 2.1963884399e+05 2.1969656939e+05
241.1205 1.123772e-02 1.631338e-02 1.873476e-04 4.422313e-04 6.412295e-04 2.205394e-03 4.4531489178e+04 2.1965196526e+05 2.1968142719e+05
242.1210 1.138621e-02 1.649787e-02 1.635314e-04 4.942045e-04 6.577493e-04 2.262531e-03 4.4533710178e+04 2.1966811799e+05 2.1966285949e+05
243.1215 1.133584e-02 1.667613e-02 1.658693e-04 4.453817e-04 6.289992e-04 2.181480e-03 4.4536066697e+04 2.1968347302e+05 2.1964516737e+05
244.1220 1.124201e-02 1.675897e-02 1.902346e-04 4.684668e-04 6.795528e-04 2.292740e-03 4.4538375182e+04 2.1969397309e+05 2.1963231162e+05
245.1225 1.154495e-02 1.670504e-02 1.687602e-04 4.465766e-04 6.269324e-04 2.258800e-03 4.4540633931e+04 2.1969664799e+05 2.1962729519e+05
246.1230 1.142427e-02 1.698437e-02 1.842749e-04 4.637733e-04 6.553089e-04 2.260285e-03 4.4543156530e+04 2.1969034202e+05 2.1963099454e+05
247.1235 1.135786e-02 1.623636e-02 1.880037e-04 4.385555e-04 6.394959e-04 2.352698e-03 4.4545534206e+04 2.1967702691e+05 2.1964225645e+05
248.1240 1.124886e-02 1.618049e-02 1.716756e-04 4.033625e-04 6.131968e-04 2.448296e-03 4.4547847564e+04 2.1965907625e+05 2.1965798747e+05
249.1245 1.134820e-02 1.644650e-02 1.632147e-04 3.931017e-04 6.063959e-04 2.420693e-03 4.4550182584e+04 2.1964057704e+05 2.1967398149e+05
250.1250 1.141306e-02 1.635428e-02 1.686763e-04 3.853179e-04 6.096807e-04 2.557251e-03 4.4552687690e+04 2.1962596753e+05 2.1968603271e+05
251.1255 1.128512e-02 1.632662e-02 1.680644e-04 3.703095e-04 5.935300e-04 2.534608e-03 4.4555209841e+04 2.1961870029e+05 2.1969085991e+05
252.1260 1.142434e-02 1.624960e-02 1.669172e-04 3.437499e-04 5.332230e-04 2.598330e-03 4.4557460427e+04 2.1962030402e+05 2.1968698760e+05
253.1265 1.130029e-02 1.644337e-02 1.767372e-04 3.678272e-04 6.087214e-04 2.613990e-03 4.4559759081e+04 2.1962991417e+05 2.1967499564e+05
254.1270 1.135433e-02 1.649447e-02 1.621346e-04 3.516357e-04 5.671950e-04 2.596712e-03 4.4561995444e+04 2.1964494223e+05 2.1965769562e+05
255.1275 1.144458e-02 1.653796e-02 1.518790e-04 3.800059e-04 5.722633e-04 2.606748e-03 4.4564165220e+04 2.1966148144e+05 2.1963893601e+05
256.1280 1.132849e-02 1.623654e-02 1.857399e-04 3.929546e-04 5.999926e-04 2.578169e-03 4.4566370716e+04 2.1967533196e+05 2.1962304373e+05
257.1285 1.134333e-02 1.627180e-02 1.627150e-04 4.178264e-04 6.459891e-04 2.509366e-03 4.4568538033e+04 2.1968256023e+05 2.1961367005e+05
258.1290 1.157572e-02 1.670142e-02 1.617229e-04 4.460173e-04 6.171357e-04 2.535232e-03 4.4570553306e+04 2.1968101049e+05 2.1961286058e+05
259.1295 1.136608e-02 1.657418e-02 1.847584e-04 4.529042e-04 6.584422e-04 2.391631e-03 4.4572883545e+04 2.1967128791e+05 2.1962046107e+05
260.1300 1.147462e-02 1.679819e-02 1.799124e-04 5.463320e-04 7.519214e-04 2.452540e-03 4.4575060079e+04 2.1965493517e+05 2.1963437102e+05
261.1305 1.160805e-02 1.700181e-02 1.698790e-04 5.270828e-04 7.047385e-04 2.406552e-03 4.4577250359e+04 2.1963591414e+05 2.1965113358e+05
262.1310 1.122776e-02 1.649273e-02 1.644048e-04 4.964875e-04 7.225399e-04 2.409447e-03 4.4579769365e+04 2.1961863898e+05 2.1966630112e+05
263.1315 1.135035e-02 1.655098e-02 1.745325e-04 5.618854e-04 7.859738e-04 2.429949e-03 4.4582022488e+04 2.1960664237e+05 2.1967585133e+05
264.1320 1.158837e-02 1.673375e-02 1.665972e-04 5.166293e-04 7.148027e-04 2.469819e-03 4.4584276195e+04 2.1960284402e+05 2.1967728626e+05
265.1325 1.143969e-02 1.692150e-02 1.564344e-04 5.189003e-04 7.819834e-04 2.521493e-03 4.4586890295e+04 2.1960759131e+05 2.1966978867e+05
266.1330 1.154429e-02 1.641441e-02 1.740113e-04 4.705166e-04 6.926108e-04 2.606918e-03 4.4589406169e+04 2.1962006158e+05 2.1965501502e+05
267.1335 1.151253e-02 1.696540e-02 1.809121e-04 4.640695e-04 7.083233e-04 2.656634e-03 4.4591944363e+04 2.1963621246e+05 2.1963609511e+05
268.1340 1.146413e-02 1.694062e-02 1.648103e-04 4.339115e-04 6.614502e-04 2.750969e-03 4.4594467740e+04 2.1965239209e+05 2.1961738302e+05
269.1345 1.158210e-02 1.670412e-02 1.653426e-04 4.285826e-04 6.659785e-04 2.818069e-03 4.4596929201e+04 2.1966425866e+05 2.1960311813e+05
270.1350 1.137596e-02 1.692654e-02 1.666969e-04 3.800413e-04 6.342489e-04 2.893270e-03 4.4599431697e+04 2.1966837423e+05 2.1959652894e+05
271.1355 1.111517e-02 1.622638e-02 1.523084e-04 3.862250e-04 6.196916e-04 2.901355e-03 4.4601833500e+04 2.1966413257e+05 2.1959881209e+05
272.1360 1.122645e-02 1.659907e-02 1.804465e-04 4.000567e-04 6.232656e-04 2.915790e-03 4.4604033671e+04 2.1965140370e+05 2.1960911350e+05
273.1365 1.138105e-02 1.684089e-02 1.515951e-04 3.933003e-04 6.059551e-04 2.854781e-03 4.4606249321e+04 2.1963345279e+05 2.1962468524e+05
274.1370 1.141712e-02 1.635333e-02 1.759878e-04 4.442837e-04 6.368280e-04 2.904614e-03 4.4608428219e+04 2.1961468079e+05 2.1964138086e+05
275.1375 1.149347e-02 1.668677e-02 1.706555e-04 4.485141e-04 6.604867e-04 2.769085e-03 4.4610564605e+04 2.1959881566e+05 2.1965498485e+05
276.1380 1.148026e-02 1.674713e-02 1.661709e-04 5.010622e-04 6.951013e-04 2.718313e-03 4.4612584138e+04 2.1958989065e+05 2.1966185380e+05
277.1385 1.139283e-02 1.652942e-02 1.669003e-04 5.389503e-04 7.405400e-04 2.724253e-03 4.4614656815e+04 2.1958971988e+05 2.1966005188e+05
278.1390 1.147979e-02 1.660648e-02 1.683175e-04 5.583907e-04 7.660218e-04 2.498859e-03 4.4616749247e+04 2.1959782855e+05 2.1964983109e+05
279.1395 1.143006e-02 1.681081e-02 1.701309e-04 6.383989e-04 8.819252e-04 2.614612e-03 4.4618918553e+04 2.1961192897e+05 2.1963342084e+05
280.1400 1.165972e-02 1.683840e-02 1.640867e-04 6.102510e-04 8.107964e-04 2.484675e-03 4.4621184077e+04 2.1962819715e+05 2.1961481305e+05
281.1405 1.160229e-02 1.666052e-02 1.591287e-04 6.185480e-04 8.868455e-04 2.553747e-03 4.4623606048e+04 2.1964256210e+05 2.1959811020e+05
282.1410 1.178935e-02 1.693634e-02 1.862893e-04 5.937606e-04 8.458397e-04 2.549971e-03 4.4626121658e+04 2.1965062410e+05 2.1958728242e+05
283.1415 1.160992e-02 1.619610e-02 1.754527e-04 6.033051e-04 8.668205e-04 2.644646e-03 4.4628776243e+04 2.1965111868e+05 2.1958455846e+05
284.1420 1.151436e-02 1.654428e-02 1.636678e-04 5.666184e-04 8.136395e-04 2.735176e-03 4.4631439808e+04 2.1964258206e+05 2.1959031583e+05
285.1425 1.160282e-02 1.662981e-02 1.778646e-04 5.133440e-04 7.733688e-04 2.923214e-03 4.4633902701e+04 2.1962761653e+05 2.1960272047e+05
286.1430 1.170665e-02 1.689464e-02 1.944365e-04 4.827553e-04 6.896632e-04 2.961075e-03 4.4636365618e+04 2.1960920396e+05 2.1961847153e+05
287.1435 1.161324e-02 1.690179e-02 1.792504e-04 4.649865e-04 6.767685e-04 3.130984e-03 4.4639047752e+04 2.1959169405e+05 2.1963332786e+05
288.1440 1.152914e-02 1.679344e-02 1.883243e-04 4.274789e-04 6.466572e-04 3.209816e-03 4.4641730017e+04 2.1957910514e+05 2.1964328244e+05
289.1445 1.163344e-02 1.685026e-02 1.784482e-04 3.896947e-04 5.786831e-04 3.264941e-03 4.4644266685e+04 2.1957420554e+05 2.1964557654e+05
290.1450 1.163273e-02 1.666705e-02 1.770732e-04 4.218812e-04 6.134696e-04 3.259126e-03 4.4646693398e+04 2.1957820596e+05 2.1963923824e+05
291.1455 1.159106e-02 1.655679e-02 1.855440e-04 4.282920e-04 6.345234e-04 3.278901e-03 4.4648922865e+04 2.1958965762e+05 2.1962557220e+05
292.1460 1.138574e-02 1.652940e-02 1.540620e-04 4.781023e-04 6.894256e-04 3.115456e-03 4.4651044209e+04 2.1960567579e+05 2.1960761277e+05
293.1465 1.148799e-02 1.649309e-02 1.809649e-04 5.516528e-04 7.659366e-04 3.136125e-03 4.4653041354e+04 2.1962174777e+05 2.1958946081e+05
294.1470 1.155488e-02 1.666581e-02 1.646784e-04 5.737587e-04 8.159156e-04 2.881351e-03 4.4655255578e+04 2.1963350809e+05 2.1957545257e+05
295.1475 1.164998e-02 1.667430e-02 1.717647e-04 6.314064e-04 9.228486e-04 2.947473e-03 4.4657472819e+04 2.1963785752e+05 2.1956874044e+05
296.1480 1.179410e-02 1.666780e-02 1.760294e-04 6.164897e-04 8.739674e-04 2.669041e-03 4.4659537404e+04 2.1963364424e+05 2.1957094186e+05
297.1485 1.172753e-02 1.694642e-02 1.720444e-04 7.311652e-04 1.035343e-03 2.686601e-03 4.4661551764e+04 2.1962123503e+05 2.1958110730e+05
298.1490 1.172283e-02 1.697827e-02 2.007949e-04 7.106678e-04 1.020372e-03 2.717910e-03 4.4663617368e+04 2.1960361976e+05 2.1959667190e+05
299.1495 1.159607e-02 1.640329e-02 1.591789e-04 6.700802e-04 9.411626e-04 2.639451e-03 4.4665899086e+04 2.1958485747e+05 2.1961356774e+05
300.1500 1.160799e-02 1.661159e-02 1.654242e-04 7.318673e-04 1.039131e-03 2.832948e-03 4.4668246541e+04 2.1956857560e+05 2.1962721023e+05
301.1505 1.164385e-02 1.681538e-02 1.779151e-04 6.820812e-04 9.193519e-04 2.901138e-03 4.4670860150e+04 2.1955895713e+05 2.1963417100e+05
302.1510 1.166963e-02 1.657379e-02 1.813709e-04 6.251205e-04 8.844698e-04 3.004639e-03 4.4673669631e+04 2.1955816375e+05 2.1963223711e+05
303.1515 1.163199e-02 1.684478e-02 1.570820e-04 5.803687e-04 7.804313e-04 3.242591e-03 4.4676556237e+04 2.1956580681e+05 2.1962160864e+05
304.1520 1.167278e-02 1.666624e-02 1.821100e-04 5.208083e-04 7.280811e-04 3.322430e-03 4.4679351408e+04 2.1958022573e+05 2.1960446080e+05
305.1525 1.153631e-02 1.652903e-02 1.655749e-04 5.023293e-04 6.817299e-04 3.476326e-03 4.4681971294e+04 2.1959754729e+05 2.1958463552e+05
306.1530 1.159735e-02 1.637602e-02 1.714423e-04 4.836573e-04 6.823798e-04 3.564668e-03 4.4684370958e+04 2.1961314919e+05 2.1956655214e+05
307.1535 1.160926e-02 1.623264e-02 1.784816e-04 4.231892e-04 6.605759e-04 3.571910e-03 4.4686793965e+04 2.1962308998e+05 2.1955433022e+05
308.1540 1.141047e-02 1.621468e-02 1.740161e-04 4.634162e-04 6.738253e-04 3.545520e-03 4.4689334061e+04 2.1962439173e+05 2.1955058773e+05
309.1545 1.153851e-02 1.691843e-02 2.039563e-04 4.734302e-04 7.220793e-04 3.551094e-03 4.4691776270e+04 2.1961606105e+05 2.1955604255e+05
310.1550 1.170254e-02 1.671212e-02 1.716081e-04 4.854485e-04 8.016531e-04 3.398338e-03 4.4694121815e+04 2.1960065084e+05 2.1956913782e+05
311.1555 1.175635e-02 1.682354e-02 1.809742e-04 5.978991e-04 8.859392e-04 3.308388e-03 4.4696343768e+04 2.1958112354e+05 2.1958633124e+05
312.1560 1.183504e-02 1.671832e-02 1.755054e-04 6.119845e-04 9.225570e-04 3.166087e-03 4.4698343483e+04 2.1956227901e+05 2.1960324671e+05
313.1565 1.178026e-02 1.657665e-02 1.676774e-04 6.576016e-04 1.038525e-03 3.061825e-03 4.4700257835e+04 2.1954827006e+05 2.1961540292e+05
314.1570 1.167711e-02 1.675973e-02 1.728885e-04 7.422190e-04 1.095188e-03 2.964308e-03 4.4702244804e+04 2.1954200593e+05 2.1961964851e+05
315.1575 1.157340e-02 1.704223e-02 1.635110e-04 7.609749e-04 1.053320e-03 2.918077e-03 4.4704441042e+04 2.1954454032e+05 2.1961480590e+05
316.1580 1.169090e-02 1.692832e-02 1.602917e-04 8.470155e-04 1.189265e-03 2.959950e-03 4.4706711517e+04 2.1955539430e+05 2.1960165053e+05
317.1585 1.181494e-02 1.712007e-02 1.738684e-04 7.540908e-04 1.011167e-03 2.962888e-03 4.4709125760e+04 2.1957116922e+05 2.1958345109e+05
318.1590 1.179567e-02 1.698989e-02 1.552724e-04 7.961708e-04 1.099865e-03 3.122871e-03 4.4711694349e+04 2.1958787623e+05 2.1956409064e+05
319.1595 1.187068e-02 1.698184e-02 1.710662e-04 7.439473e-04 9.480734e-04 3.220415e-03 4.4714250613e+04 2.1960117502e+05 2.1954822031e+05
320.1600 1.196564e-02 1.671573e-02 1.651900e-04 7.277616e-04 9.453476e-04 3.408663e-03 4.4716844974e+04 2.1960767553e+05 2.1953919942e+05
321.1605 1.204544e-02 1.701471e-02 1.743741e-04 6.798643e-04 8.871496e-04 3.605821e-03 4.4719498185e+04 2.1960500023e+05 2.1953897314e+05
322.1610 1.173388e-02 1.735526e-02 1.551674e-04 6.150125e-04 7.772651e-04 3.644040e-03 4.4722420268e+04 2.1959383692e+05 2.1954723684e+05
323.1615 1.169112e-02 1.735158e-02 1.820377e-04 5.706257e-04 7.985732e-04 3.806089e-03 4.4725284358e+04 2.1957665883e+05 2.1956152267e+05
324.1620 1.180128e-02 1.658242e-02 1.853341e-04 5.353719e-04 7.527581e-04 3.905296e-03 4.4728059581e+04 2.1955762079e+05 2.1957809307e+05
325.1625 1.184064e-02 1.723126e-02 1.756538e-04 5.380028e-04 7.833419e-04 3.912346e-03 4.4730679277e+04 2.1954035142e+05 2.1959240851e+05
326.1630 1.174714e-02 1.675074e-02 1.620022e-04 5.210707e-04 8.402111e-04 3.868270e-03 4.4733215095e+04 2.1952984819e+05 2.1960061669e+05
327.1635 1.173632e-02 1.650015e-02 1.852194e-04 5.390189e-04 8.597331e-04 3.791412e-03 4.4735501068e+04 2.1952791264e+05 2.1960040067e+05
328.1640 1.160070e-02 1.670217e-02 1.710889e-04 5.760887e-04 9.627371e-04 3.737072e-03 4.4737693276e+04 2.1953452604e+05 2.1959152881e+05
329.1645 1.162010e-02 1.675471e-02 1.658379e-04 6.263067e-04 1.044007e-03 3.626858e-03 4.4739777720e+04 2.1954800793e+05 2.1957591181e+05
330.1650 1.168315e-02 1.693096e-02 1.767728e-04 6.878459e-04 1.149524e-03 3.470984e-03 4.4741916328e+04 2.1956462870e+05 2.1955704463e+05
331.1655 1.178373e-02 1.691220e-02 1.624288e-04 7.036484e-04 1.080205e-03 3.333629e-03 4.4744090801e+04 2.1958006120e+05 2.1953949420e+05
332.1660 1.171465e-02 1.707088e-02 2.066508e-04 8.021540e-04 1.258921e-03 3.299302e-03 4.4746332296e+04 2.1959001846e+05 2.1952714183e+05
333.1665 1.175332e-02 1.685844e-02 1.680012e-04 7.914885e-04 1.137189e-03 3.270049e-03 4.4748480615e+04 2.1959203080e+05 2.1952313236e+05
334.1670 1.189365e-02 1.729068e-02 1.829097e-04 8.494533e-04 1.201263e-03 3.267374e-03 4.4750636723e+04 2.1958478519e+05 2.1952791897e+05
335.1675 1.180319e-02 1.713750e-02 1.952651e-04 8.666282e-04 1.154615e-03 3.339674e-03 4.4752966756e+04 2.1957026741e+05 2.1954023639e+05
336.1680 1.187967e-02 1.690469e-02 1.731942e-04 8.187934e-04 1.046245e-03 3.469950e-03 4.4755238762e+04 2.1955150153e+05 2.1955677313e+05
337.1685 1.185833e-02 1.718574e-02 1.771502e-04 8.744291e-04 1.112079e-03 3.617340e-03 4.4757729479e+04 2.1953247797e+05 2.1957310895e+05
338.1690 1.202001e-02 1.736918e-02 1.777280e-04 7.891201e-04 9.423427e-04 3.712753e-03 4.4760495437e+04 2.1951747593e+05 2.1958519959e+05
339.1695 1.192510e-02 1.711631e-02 1.877453e-04 7.711717e-04 9.465939e-04 3.850178e-03 4.4763454635e+04 2.1951045791e+05 2.1958938340e+05
340.1700 1.203023e-02 1.735705e-02 1.876135e-04 7.050333e-04 8.705569e-04 4.055992e-03 4.4766317443e+04 2.1951243044e+05 2.1958441261e+05
341.1705 1.204619e-02 1.717408e-02 1.711065e-04 6.748398e-04 8.935956e-04 4.116283e-03 4.4769174175e+04 2.1952297221e+05 2.1957101625e+05
342.1710 1.185115e-02 1.698539e-02 1.661935e-04 6.656445e-04 9.316788e-04 4.117190e-03 4.4771996958e+04 2.1953922014e+05 2.1955213756e+05
343.1715 1.184656e-02 1.725321e-02 1.783146e-04 6.366399e-04 9.338732e-04 4.167534e-03 4.4774739207e+04 2.1955638141e+05 2.1953208540e+05
344.1720 1.185287e-02 1.697040e-02 1.678144e-04 6.577401e-04 1.039737e-03 4.149087e-03 4.4777407609e+04 2.1957060646e+05 2.1951528170e+05
345.1725 1.184319e-02 1.713467e-02 1.727428e-04 6.416757e-04 1.038475e-03 4.018932e-03 4.4780062295e+04 2.1957753762e+05 2.1950565443e+05
346.1730 1.174397e-02 1.693953e-02 1.678628e-04 6.965027e-04 1.202160e-03 3.980087e-03 4.4782667631e+04 2.1957559804e+05 2.1950511137e+05
347.1735 1.187455e-02 1.683969e-02 1.833824e-04 6.918420e-04 1.157842e-03 3.898422e-03 4.4785041483e+04 2.1956467462e+05 2.1951365421e+05
348.1740 1.198853e-02 1.686283e-02 1.687687e-04 7.996011e-04 1.289004e-03 3.816520e-03 4.4787323172e+04 2.1954723004e+05 2.1952867011e+05
349.1745 1.203073e-02 1.755755e-02 1.817029e-04 7.818281e-04 1.189600e-03 3.694387e-03 4.4789553838e+04 2.1952705439e+05 2.1954641320e+05
350.1750 1.201805e-02 1.728207e-02 1.835197e-04 8.461922e-04 1.280119e-03 3.767444e-03 4.4791698149e+04 2.1950932412e+05 2.1956204016e+05
351.1755 1.180765e-02 1.688327e-02 1.808439e-04 9.142502e-04 1.305024e-03 3.754028e-03 4.4793933415e+04 2.1949774935e+05 2.1957164803e+05
352.1760 1.192153e-02 1.731835e-02 1.737839e-04 8.851483e-04 1.118591e-03 3.781766e-03 4.4796152180e+04 2.1949427269e+05 2.1957276843e+05
353.1765 1.198354e-02 1.754906e-02 1.740505e-04 9.830316e-04 1.259802e-03 3.871673e-03 4.4798481341e+04 2.1949985244e+05 2.1956454889e+05
354.1770 1.213686e-02 1.704989e-02 1.807778e-04 9.162043e-04 1.083761e-03 3.898391e-03 4.4800934338e+04 2.1951307998e+05 2.1954914086e+05
355.1775 1.217945e-02 1.760442e-02 1.827566e-04 9.127940e-04 1.054038e-03 4.080993e-03 4.4803455872e+04 2.1952948976e+05 2.1952987553e+05
356.1780 1.191810e-02 1.722715e-02 1.698274e-04 9.314818e-04 1.101772e-03 4.165748e-03 4.4806245632e+04 2.1954554884e+05 2.1951121195e+05
357.1785 1.190108e-02 1.715149e-02 1.700655e-04 8.887765e-04 1.044540e-03 4.110646e-03 4.4808893999e+04 2.1955680855e+05 2.1949745576e+05
358.1790 1.194865e-02 1.728459e-02 1.835689e-04 8.892350e-04 1.074672e-03 4.291301e-03 4.4811502783e+04 2.1955989437e+05 2.1949154575e+05
359.1795 1.198246e-02 1.717653e-02 1.664786e-04 8.127582e-04 1.106214e-03 4.324541e-03 4.4814292140e+04 2.1955408648e+05 2.1949461202e+05
360.1800 1.188998e-02 1.755335e-02 1.980777e-04 8.169233e-04 1.146736e-03 4.298197e-03 4.4817316873e+04 2.1954006499e+05 2.1950546188e+05
361.1805 1.179471e-02 1.713636e-02 1.688514e-04 8.092172e-04 1.187965e-03 4.303992e-03 4.4820360687e+04 2.1952165684e+05 2.1952110071e+05
362.1810 1.208652e-02 1.696667e-02 1.847472e-04 8.003778e-04 1.267307e-03 4.319955e-03 4.4823214222e+04 2.1950247931e+05 2.1953729298e+05
363.1815 1.207887e-02 1.714334e-02 1.703798e-04 7.820904e-04 1.288786e-03 4.396756e-03 4.4826073005e+04 2.1948697449e+05 2.1954979076e+05
364.1820 1.196916e-02 1.724563e-02 1.593512e-04 7.772322e-04 1.298660e-03 4.240656e-03 4.4828775361e+04 2.1947905076e+05 2.1955508482e+05
365.1825 1.216008e-02 1.724393e-02 1.852386e-04 8.291440e-04 1.340639e-03 4.352833e-03 4.4831213824e+04 2.1948009824e+05 2.1955144402e+05
366.1830 1.194136e-02 1.717760e-02 1.802396e-04 8.229633e-04 1.309553e-03 4.233675e-03 4.4833789893e+04 2.1948965645e+05 2.1953953157e+05
367.1835 1.188573e-02 1.742341e-02 1.568619e-04 8.752812e-04 1.383370e-03 4.387465e-03 4.4836256613e+04 2.1950459375e+05 2.1952190892e+05
368.1840 1.224827e-02 1.757174e-02 1.617649e-04 8.748642e-04 1.200813e-03 4.293151e-03 4.4838560460e+04 2.1952131398e+05 2.1950273970e+05
369.1845 1.202222e-02 1.725256e-02 1.756611e-04 9.457427e-04 1.293698e-03 4.482484e-03 4.4840961641e+04 2.1953560147e+05 2.1948618045e+05
370.1850 1.191791e-02 1.733642e-02 1.800777e-04 9.167845e-04 1.183050e-03 4.361648e-03 4.4843267719e+04 2.1954327854e+05 2.1947631759e+05
371.1855 1.236595e-02 1.790051e-02 1.761937e-04 9.810892e-04 1.140418e-03 4.481063e-03 4.4845409660e+04 2.1954177375e+05 2.1947519953e+05
372.1860 1.204363e-02 1.748373e-02 1.878132e-04 1.038436e-03 1.209434e-03 4.476531e-03 4.4847836156e+04 2.1953195062e+05 2.1948287379e+05
373.1865 1.199445e-02 1.743514e-02 1.763518e-04 1.058356e-03 1.213704e-03 4.465343e-03 4.4850105033e+04 2.1951533973e+05 2.1949728231e+05
374.1870 1.217035e-02 1.783445e-02 1.915560e-04 1.090248e-03 1.243778e-03 4.552521e-03 4.4852294162e+04 2.1949550145e+05 2.1951456384e+05
375.1875 1.214598e-02 1.752587e-02 1.752566e-04 1.090593e-03 1.306506e-03 4.413827e-03 4.4854885589e+04 2.1947750092e+05 2.1953020709e+05
376.1880 1.210724e-02 1.787863e-02 1.872097e-04 1.110767e-03 1.378172e-03 4.452536e-03 4.4857772787e+04 2.1946449860e+05 2.1954009723e+05
377.1885 1.234567e-02 1.781024e-02 1.761660e-04 1.111975e-03 1.437217e-03 4.512732e-03 4.4860757890e+04 2.1945992928e+05 2.1954153388e+05
378.1890 1.220731e-02 1.777116e-02 1.706952e-04 1.048301e-03 1.443973e-03 4.367156e-03 4.4863849126e+04 2.1946477284e+05 2.1953380228e+05
379.1895 1.245237e-02 1.769718e-02 1.626054e-04 1.083171e-03 1.591818e-03 4.593643e-03 4.4866774542e+04 2.1947712976e+05 2.1951828576e+05
380.1900 1.229538e-02 1.766167e-02 1.733417e-04 1.024571e-03 1.470583e-03 4.503125e-03 4.4869716526e+04 2.1949405038e+05 2.1949859478e+05
381.1905 1.236836e-02 1.740163e-02 1.781227e-04 1.027952e-03 1.564779e-03 4.719461e-03 4.4872617984e+04 2.1951076594e+05 2.1947892597e+05
382.1910 1.203166e-02 1.747697e-02 1.806477e-04 9.640080e-04 1.476814e-03 4.762891e-03 4.4875871520e+04 2.1952279430e+05 2.1946382832e+05
383.1915 1.221194e-02 1.746433e-02 1.769825e-04 9.817164e-04 1.504724e-03 4.885399e-03 4.4879018863e+04 2.1952693157e+05 2.1945637467e+05
384.1920 1.223606e-02 1.735724e-02 1.643317e-04 9.412866e-04 1.330754e-03 5.007163e-03 4.4882104078e+04 2.1952211808e+05 2.1945814934e+05
385.1925 1.210754e-02 1.733841e-02 1.836655e-04 9.483232e-04 1.371962e-03 5.088715e-03 4.4885070238e+04 2.1950916970e+05 2.1946814915e+05
386.1930 1.217954e-02 1.718445e-02 1.780060e-04 9.311389e-04 1.284030e-03 5.140256e-03 4.4887540988e+04 2.1949108788e+05 2.1948384710e+05
387.1935 1.229762e-02 1.704252e-02 1.719103e-04 9.933601e-04 1.235750e-03 5.125774e-03 4.4889678576e+04 2.1947178767e+05 2.1950101123e+05
388.1940 1.219634e-02 1.697333e-02 2.062425e-04 1.016813e-03 1.284081e-03 5.270030e-03 4.4891837047e+04 2.1945549619e+05 2.1951512041e+05
389.1945 1.221335e-02 1.717808e-02 1.729318e-04 1.057576e-03 1.321834e-03 5.003007e-03 4.4893932588e+04 2.1944602723e+05 2.1952246756e+05
390.1950 1.227468e-02 1.765438e-02 1.812632e-04 1.153602e-03 1.357027e-03 5.028255e-03 4.4896086506e+04 2.1944498110e+05 2.1952104035e+05
391.1955 1.238728e-02 1.775708e-02 1.951361e-04 1.225091e-03 1.491729e-03 4.832413e-03 4.4898387895e+04 2.1945268958e+05 2.1951097912e+05
392.1960 1.231794e-02 1.773449e-02 1.808320e-04 1.234597e-03 1.546804e-03 4.831494e-03 4.4900758749e+04 2.1946662398e+05 2.1949470888e+05
393.1965 1.243836e-02 1.767360e-02 1.847776e-04 1.288225e-03 1.641104e-03 4.676350e-03 4.4903151442e+04 2.1948287581e+05 2.1947600621e+05
394.1970 1.251822e-02 1.798240e-02 1.797545e-04 1.358160e-03 1.720495e-03 4.551375e-03 4.4905627246e+04 2.1949703441e+05 2.1945921451e+05
395.1975 1.235375e-02 1.790599e-02 1.797246e-04 1.384255e-03 1.846467e-03 4.728591e-03 4.4908298859e+04 2.1950547498e+05 2.1944805926e+05
396.1980 1.242084e-02 1.755233e-02 1.811228e-04 1.301137e-03 1.741101e-03 4.631336e-03 4.4911227651e+04 2.1950586796e+05 2.1944500361e+05
397.1985 1.237525e-02 1.785030e-02 1.931223e-04 1.316160e-03 1.870459e-03 4.765961e-03 4.4914566901e+04 2.1949712626e+05 2.1945019654e+05
398.1990 1.221219e-02 1.757177e-02 1.610129e-04 1.276166e-03 1.751205e-03 5.042070e-03 4.4918078751e+04 2.1948176106e+05 2.1946222670e+05
399.1995 1.258631e-02 1.767379e-02 1.796277e-04 1.236595e-03 1.698685e-03 5.154693e-03 4.4921588281e+04 2.1946264181e+05 2.1947757630e+05
400.2000 1.223182e-02 1.770758e-02 1.794617e-04 1.107208e-03 1.587187e-03 5.519004e-03 4.4925292855e+04 2.1944456193e+05 2.1949206076e+05
401.2005 1.217821e-02 1.753306e-02 1.809590e-04 1.039462e-03 1.481660e-03 5.577506e-03 4.4928683796e+04 2.1943184812e+05 2.1950148808e+05
402.2010 1.225640e-02 1.747172e-02 1.973444e-04 1.050460e-03 1.454808e-03 5.869230e-03 4.4931728874e+04 2.1942714182e+05 2.1950304160e+05
403.2015 1.218137e-02 1.744314e-02 1.841464e-04 9.742979e-04 1.303782e-03 5.879956e-03 4.4934831421e+04 2.1943116362e+05 2.1949598982e+05
404.2020 1.212553e-02 1.743609e-02 2.053485e-04 9.980364e-04 1.346746e-03 6.052396e-03 4.4937787854e+04 2.1944280845e+05 2.1948135147e+05
405.2025 1.217939e-02 1.753477e-02 1.740561e-04 1.035743e-03 1.366834e-03 5.979737e-03 4.4940552302e+04 2.1945892231e+05 2.1946243065e+05
406.2030 1.226270e-02 1.768645e-02 1.890426e-04 1.072670e-03 1.380675e-03 5.897549e-03 4.4942974289e+04 2.1947528861e+05 2.1944356645e+05
407.2035 1.247800e-02 1.772674e-02 1.693557e-04 1.138393e-03 1.492597e-03 5.699882e-03 4.4945054501e+04 2.1948743375e+05 2.1942924802e+05
408.2040 1.232733e-02 1.800648e-02 1.843320e-04 1.280128e-03 1.611954e-03 5.504507e-03 4.4946938440e+04 2.1949180607e+05 2.1942286065e+05
409.2045 1.247435e-02 1.807954e-02 1.566212e-04 1.399042e-03 1.789778e-03 5.394011e-03 4.4948709901e+04 2.1948695865e+05 2.1942580986e+05
410.2050 1.247946e-02 1.791916e-02 1.891437e-04 1.487721e-03 1.845918e-03 4.978843e-03 4.4950651926e+04 2.1947378935e+05 2.1943719785e+05
411.2055 1.244452e-02 1.794775e-02 1.761172e-04 1.557312e-03 2.008640e-03 4.967624e-03 4.4952737082e+04 2.1945483214e+05 2.1945399472e+05
412.2060 1.254832e-02 1.834055e-02 1.814746e-04 1.643439e-03 2.050766e-03 4.923173e-03 4.4955202034e+04 2.1943415912e+05 2.1947195884e+05
413.2065 1.248712e-02 1.848790e-02 1.723622e-04 1.717102e-03 2.123170e-03 4.817906e-03 4.4958000819e+04 2.1941689512e+05 2.1948641783e+05
414.2070 1.267280e-02 1.862065e-02 1.737917e-04 1.655632e-03 2.111965e-03 5.106758e-03 4.4961003994e+04 2.1940631276e+05 2.1949373461e+05
415.2075 1.260500e-02 1.838905e-02 1.744330e-04 1.582622e-03 1.979510e-03 5.105385e-03 4.4964401101e+04 2.1940510662e+05 2.1949177445e+05
416.2080 1.241179e-02 1.800273e-02 1.847382e-04 1.562400e-03 1.942228e-03 5.509308e-03 4.4967941214e+04 2.1941298714e+05 2.1948044951e+05
417.2085 1.232592e-02 1.789671e-02 1.622636e-04 1.486446e-03 1.825822e-03 5.838592e-03 4.4971539612e+04 2.1942779517e+05 2.1946210427e+05
418.2090 1.254754e-02 1.811474e-02 1.792367e-04 1.389623e-03 1.712294e-03 6.110755e-03 4.4975189660e+04 2.1944538177e+05 2.1944061821e+05
419.2095 1.249947e-02 1.770786e-02 1.711831e-04 1.240294e-03 1.545578e-03 6.416444e-03 4.4979218217e+04 2.1946149334e+05 2.1942068610e+05
420.2100 1.264074e-02 1.791966e-02 1.802239e-04 1.188001e-03 1.546461e-03 6.731541e-03 4.4983274880e+04 2.1947131919e+05 2.1940651330e+05
421.2105 1.250618e-02 1.792126e-02 1.691575e-04 1.135152e-03 1.443369e-03 6.739037e-03 4.4987050729e+04 2.1947301997e+05 2.1940114988e+05
422.2110 1.226578e-02 1.756836e-02 1.749122e-04 1.132918e-03 1.484484e-03 6.869943e-03 4.4990290693e+04 2.1946585639e+05 2.1940523939e+05
423.2115 1.235296e-02 1.761499e-02 1.906223e-04 1.150546e-03 1.548690e-03 6.748480e-03 4.4992796926e+04 2.1945118829e+05 2.1941739050e+05
424.2120 1.238953e-02 1.758910e-02 1.719019e-04 1.232657e-03 1.669165e-03 6.623339e-03 4.4995017326e+04 2.1943198732e+05 2.1943434633e+05
425.2125 1.230431e-02 1.729118e-02 1.917567e-04 1.328200e-03 1.797548e-03 6.403199e-03 4.4997201695e+04 2.1941257408e+05 2.1945173739e+05
426.2130 1.256609e-02 1.765532e-02 1.729341e-04 1.457888e-03 1.954832e-03 6.072093e-03 4.4999331362e+04 2.1939686602e+05 2.1946507172e+05
427.2135 1.268981e-02 1.781495e-02 1.805536e-04 1.628800e-03 2.154651e-03 5.853647e-03 4.5001472822e+04 2.1938874659e+05 2.1947087038e+05
428.2140 1.284007e-02 1.830789e-02 1.736588e-04 1.749409e-03 2.256228e-03 5.690537e-03 4.5003532297e+04 2.1938942460e+05 2.1946778664e+05
429.2145 1.278639e-02 1.839917e-02 1.758694e-04 1.830427e-03 2.348363e-03 5.317836e-03 4.5005641879e+04 2.1939876736e+05 2.1945647183e+05
430.2150 1.282736e-02 1.820929e-02 1.689155e-04 1.923140e-03 2.430089e-03 5.492437e-03 4.5007611127e+04 2.1941357718e+05 2.1943957673e+05
431.2155 1.289057e-02 1.835071e-02 1.833580e-04 2.004540e-03 2.354858e-03 5.326627e-03 4.5009942991e+04 2.1942966205e+05 2.1942111430e+05
432.2160 1.272006e-02 1.828653e-02 1.678306e-04 2.053810e-03 2.426250e-03 5.682741e-03 4.5012748079e+04 2.1944264197e+05 2.1940531849e+05
433.2165 1.261967e-02 1.820347e-02 1.854277e-04 1.918490e-03 2.194835e-03 5.804533e-03 4.5016037564e+04 2.1944890981e+05 2.1939590718e+05
434.2170 1.273308e-02 1.814120e-02 1.782128e-04 1.864457e-03 2.102305e-03 6.146842e-03 4.5019726847e+04 2.1944652042e+05 2.1939452280e+05
435.2175 1.284532e-02 1.870735e-02 1.732644e-04 1.797266e-03 2.009708e-03 6.675947e-03 4.5023780300e+04 2.1943538158e+05 2.1940113681e+05
436.2180 1.286834e-02 1.844123e-02 1.907388e-04 1.655823e-03 1.835397e-03 6.877173e-03 4.5028164398e+04 2.1941869381e+05 2.1941356444e+05
437.2185 1.263214e-02 1.827438e-02 1.872583e-04 1.540523e-03 1.756309e-03 7.206067e-03 4.5032413286e+04 2.1940022047e+05 2.1942793161e+05
438.2190 1.258901e-02 1.774403e-02 2.090620e-04 1.429962e-03 1.713851e-03 7.510781e-03 4.5036390657e+04 2.1938436772e+05 2.1943998942e+05
439.2195 1.270987e-02 1.757966e-02 1.831486e-04 1.424155e-03 1.756291e-03 7.554925e-03 4.5040180485e+04 2.1937440580e+05 2.1944614286e+05
440.2200 1.251850e-02 1.782065e-02 1.884608e-04 1.389877e-03 1.838445e-03 7.600634e-03 4.5043891933e+04 2.1937242552e+05 2.1944433965e+05
441.2205 1.235126e-02 1.770033e-02 1.915934e-04 1.405800e-03 1.939985e-03 7.500263e-03 4.5047434815e+04 2.1937886465e+05 2.1943449175e+05
442.2210 1.250885e-02 1.813707e-02 1.784877e-04 1.467030e-03 2.107754e-03 7.237113e-03 4.5050491970e+04 2.1939143447e+05 2.1941864956e+05
443.2215 1.265111e-02 1.791823e-02 1.933522e-04 1.563435e-03 2.236245e-03 7.037802e-03 4.5052966903e+04 2.1940721409e+05 2.1940040191e+05
444.2220 1.244059e-02 1.768131e-02 1.878952e-04 1.701300e-03 2.406113e-03 6.834954e-03 4.5054991504e+04 2.1942175154e+05 2.1938398526e+05
445.2225 1.257528e-02 1.820478e-02 1.827754e-04 1.848199e-03 2.516234e-03 6.442807e-03 4.5056750384e+04 2.1943045646e+05 2.1937328176e+05
446.2230 1.277975e-02 1.810919e-02 1.924471e-04 2.003821e-03 2.632632e-03 6.385181e-03 4.5058547290e+04 2.1943104222e+05 2.1937077415e+05
447.2235 1.261729e-02 1.837569e-02 1.805297e-04 2.120393e-03 2.640448e-03 6.227347e-03 4.5060667673e+04 2.1942261275e+05 2.1937708805e+05
448.2240 1.293241e-02 1.845067e-02 1.859449e-04 2.142298e-03 2.588125e-03 6.217168e-03 4.5062832254e+04 2.1940682007e+05 2.1939051408e+05
449.2245 1.305590e-02 1.846169e-02 1.774119e-04 2.244116e-03 2.523194e-03 6.336392e-03 4.5065325564e+04 2.1938715026e+05 2.1940759409e+05
450.2250 1.321003e-02 1.908822e-02 1.962341e-04 2.276328e-03 2.494873e-03 6.499697e-03 4.5068168023e+04 2.1936747571e+05 2.1942402400e+05
451.2255 1.337316e-02 1.910829e-02 1.866431e-04 2.227779e-03 2.334290e-03 6.820345e-03 4.5071331163e+04 2.1935263517e+05 2.1943552949e+05
452.2260 1.318348e-02 1.857586e-02 1.873737e-04 2.157564e-03 2.210472e-03 7.070949e-03 4.5074938383e+04 2.1934612581e+05 2.1943876463e+05
453.2265 1.300997e-02 1.884147e-02 2.108999e-04 2.076151e-03 2.143185e-03 7.477097e-03 4.5078840511e+04 2.1934840788e+05 2.1943241955e+05
454.2270 1.301233e-02 1.887157e-02 1.838306e-04 2.013548e-03 2.098602e-03 7.634192e-03 4.5083029752e+04 2.1935910604e+05 2.1941745774e+05
455.2275 1.314978e-02 1.895400e-02 2.011242e-04 1.882393e-03 2.133070e-03 8.043375e-03 4.5087626517e+04 2.1937480730e+05 2.1939695908e+05
456.2280 1.299312e-02 1.887123e-02 1.838852e-04 1.809022e-03 2.133926e-03 8.059080e-03 4.5092572585e+04 2.1939171415e+05 2.1937527570e+05
457.2285 1.289073e-02 1.840419e-02 1.913788e-04 1.680997e-03 2.201039e-03 8.281516e-03 4.5097253230e+04 2.1940546911e+05 2.1935700776e+05
458.2290 1.288831e-02 1.816962e-02 1.841404e-04 1.724402e-03 2.400985e-03 8.220567e-03 4.5101348265e+04 2.1941258101e+05 2.1934584517e+05
459.2295 1.268030e-02 1.835694e-02 1.963962e-04 1.732107e-03 2.480059e-03 8.175421e-03 4.5104806237e+04 2.1941087421e+05 2.1934407036e+05
460.2300 1.282175e-02 1.833684e-02 1.954938e-04 1.759653e-03 2.595594e-03 8.047207e-03 4.5107843085e+04 2.1940027186e+05 2.1935157242e+05
461.2305 1.280065e-02 1.810242e-02 1.857956e-04 1.837043e-03 2.750472e-03 7.875247e-03 4.5110769429e+04 2.1938289483e+05 2.1936610326e+05
462.2310 1.295163e-02 1.840682e-02 1.974585e-04 1.970996e-03 2.790947e-03 7.717136e-03 4.5113599955e+04 2.1936210661e+05 2.1938386036e+05
463.2315 1.307347e-02 1.839075e-02 1.871174e-04 2.105229e-03 2.851144e-03 7.636499e-03 4.5116164660e+04 2.1934314047e+05 2.1940018656e+05
464.2320 1.297530e-02 1.841600e-02 2.148959e-04 2.231789e-03 2.846486e-03 7.463423e-03 4.5118471334e+04 2.1933017958e+05 2.1941090102e+05
465.2325 1.324503e-02 1.883114e-02 1.831182e-04 2.384528e-03 2.854359e-03 7.546360e-03 4.5120389717e+04 2.1932537939e+05 2.1941339454e+05
466.2330 1.316596e-02 1.856643e-02 2.164878e-04 2.436072e-03 2.749148e-03 7.402519e-03 4.5122470202e+04 2.1932989995e+05 2.1940702309e+05
467.2335 1.318276e-02 1.856865e-02 1.902149e-04 2.515942e-03 2.701844e-03 7.768559e-03 4.5124776767e+04 2.1934130183e+05 2.1939312383e+05
468.2340 1.332516e-02 1.877717e-02 1.926148e-04 2.621042e-03 2.635059e-03 7.624243e-03 4.5127470634e+04 2.1935678240e+05 2.1937486445e+05
469.2345 1.331367e-02 1.894704e-02 2.049532e-04 2.630795e-03 2.599829e-03 8.047003e-03 4.5130532922e+04 2.1937192201e+05 2.1935647127e+05
470.2350 1.349098e-02 1.956863e-02 1.803339e-04 2.615551e-03 2.624298e-03 8.150103e-03 4.5133942843e+04 2.1938243822e+05 2.1934214662e+05
471.2355 1.344249e-02 1.945149e-02 2.011766e-04 2.523362e-03 2.538286e-03 8.338832e-03 4.5137938815e+04 2.1938561024e+05 2.1933505247e+05
472.2360 1.349971e-02 1.929369e-02 1.829654e-04 2.505573e-03 2.668334e-03 8.444749e-03 4.5142142147e+04 2.1938013495e+05 2.1933627624e+05
473.2365 1.351146e-02 1.908964e-02 1.971496e-04 2.496529e-03 2.810799e-03 8.649948e-03 4.5146427233e+04 2.1936705003e+05 2.1934502205e+05
474.2370 1.339262e-02 1.925367e-02 1.878878e-04 2.383862e-03 2.830337e-03 8.590631e-03 4.5150999498e+04 2.1934886888e+05 2.1935862384e+05
475.2375 1.327461e-02 1.924499e-02 1.783073e-04 2.365102e-03 3.006544e-03 8.775873e-03 4.5155639089e+04 2.1932993571e+05 2.1937284969e+05
476.2380 1.326392e-02 1.872939e-02 2.154383e-04 2.275189e-03 3.035601e-03 8.881260e-03 4.5160387238e+04 2.1931454521e+05 2.1938373271e+05
477.2385 1.312195e-02 1.902898e-02 1.709033e-04 2.337101e-03 3.191142e-03 8.858305e-03 4.5165104533e+04 2.1930561745e+05 2.1938778617e+05
478.2390 1.310983e-02 1.872984e-02 1.823033e-04 2.276188e-03 3.177833e-03 8.893366e-03 4.5169363745e+04 2.1930575633e+05 2.1938352723e+05
479.2395 1.318088e-02 1.867362e-02 1.906416e-04 2.287663e-03 3.149427e-03 8.914919e-03 4.5173033286e+04 2.1931428826e+05 2.1937134554e+05
480.2400 1.305037e-02 1.901638e-02 2.039219e-04 2.338455e-03 3.139525e-03 8.928445e-03 4.5176186783e+04 2.1932862668e+05 2.1935371453e+05
481.2405 1.306939e-02 1.852611e-02 1.863400e-04 2.432054e-03 3.083098e-03 9.117876e-03 4.5178929095e+04 2.1934508341e+05 2.1933457793e+05
482.2410 1.311742e-02 1.846912e-02 2.139423e-04 2.482262e-03 2.990689e-03 9.050512e-03 4.5181682214e+04 2.1935857400e+05 2.1931840573e+05
483.2415 1.331855e-02 1.892079e-02 1.852671e-04 2.585338e-03 2.942909e-03 9.241886e-03 4.5184354288e+04 2.1936505856e+05 2.1930887672e+05
484.2420 1.358175e-02 1.938610e-02 1.949101e-04 2.689010e-03 2.835057e-03 9.113836e-03 4.5186941731e+04 2.1936288359e+05 2.1930813896e+05
485.2425 1.350327e-02 1.955970e-02 2.108674e-04 2.725140e-03 2.841445e-03 9.368386e-03 4.5189622845e+04 2.1935213259e+05 2.1931610757e+05
486.2430 1.362400e-02 1.955494e-02 1.770547e-04 2.807185e-03 2.828661e-03 9.179240e-03 4.5192410173e+04 2.1933474217e+05 2.1933077799e+05
487.2435 1.362265e-02 1.964026e-02 2.135758e-04 2.937786e-03 2.906171e-03 9.286770e-03 4.5195425900e+04 2.1931396538e+05 2.1934832873e+05
488.2440 1.361031e-02 1.969004e-02 2.025299e-04 2.998880e-03 3.076152e-03 9.388594e-03 4.5198627435e+04 2.1929476635e+05 2.1936415155e+05
489.2445 1.366276e-02 1.995525e-02 2.041818e-04 3.013263e-03 3.133263e-03 9.196371e-03 4.5202187833e+04 2.1928128669e+05 2.1937403104e+05
490.2450 1.347082e-02 1.942306e-02 2.076258e-04 3.017165e-03 3.304941e-03 9.295217e-03 4.5206050604e+04 2.1927663431e+05 2.1937503625e+05
491.2455 1.368971e-02 1.997709e-02 1.768450e-04 3.071736e-03 3.536956e-03 9.308807e-03 4.5210229983e+04 2.1928051560e+05 2.1936653957e+05
492.2460 1.372487e-02 2.012832e-02 1.961750e-04 3.079158e-03 3.639026e-03 9.335304e-03 4.5214937834e+04 2.1929196882e+05 2.1935019106e+05
493.2465 1.358245e-02 1.963189e-02 1.701672e-04 3.031472e-03 3.723903e-03 9.379640e-03 4.5220001444e+04 2.1930794923e+05 2.1932939119e+05
494.2470 1.364716e-02 1.966724e-02 1.907721e-04 3.005095e-03 3.799851e-03 9.547026e-03 4.5224724797e+04 2.1932409440e+05 2.1930843240e+05
495.2475 1.368284e-02 1.979891e-02 1.964408e-04 3.005551e-03 3.754120e-03 9.790462e-03 4.5229122269e+04 2.1933615322e+05 2.1929183052e+05
496.2480 1.348474e-02 1.979679e-02 1.827314e-04 3.050707e-03 3.864978e-03 9.936663e-03 4.5233508627e+04 2.1934058033e+05 2.1928295280e+05
497.2485 1.374755e-02 1.954197e-02 1.934037e-04 2.905237e-03 3.576932e-03 1.016542e-02 4.5237809616e+04 2.1933561308e+05 2.1928366915e+05
498.2490 1.363842e-02 1.983733e-02 1.774446e-04 2.926056e-03 3.561904e-03 1.040625e-02 4.5242296386e+04 2.1932179300e+05 2.1929282498e+05
499.2495 1.355436e-02 1.954786e-02 2.157845e-04 2.930288e-03 3.413686e-03 1.062085e-02 4.5246641561e+04 2.1930264830e+05 2.1930776408e+05
500.2500 1.352325e-02 1.910635e-02 1.775331e-04 2.971545e-03 3.315827e-03 1.086493e-02 4.5250367079e+04 2.1928268835e+05 2.1932415271e+05
501.2505 1.369974e-02 1.956588e-02 2.219718e-04 2.968901e-03 3.239336e-03 1.094376e-02 4.5253459719e+04 2.1926584518e+05 2.1933758052e+05
502.2510 1.388373e-02 1.933759e-02 1.868694e-04 3.029824e-03 3.256133e-03 1.105788e-02 4.5256486644e+04 2.1925594258e+05 2.1934441967e+05
503.2515 1.363759e-02 1.947699e-02 1.976727e-04 3.123472e-03 3.258419e-03 1.095456e-02 4.5259725533e+04 2.1925437984e+05 2.1934277101e+05
504.2520 1.355328e-02 1.952308e-02 1.871710e-04 3.194212e-03 3.383029e-03 1.098987e-02 4.5263000472e+04 2.1926119104e+05 2.1933267918e+05
505.2525 1.373373e-02 1.962115e-02 2.004709e-04 3.321096e-03 3.537574e-03 1.074746e-02 4.5266134158e+04 2.1927433648e+05 2.1931625539e+05
506.2530 1.405454e-02 1.984110e-02 1.862138e-04 3.449456e-03 3.667085e-03 1.074922e-02 4.5269284022e+04 2.1928976519e+05 2.1929733363e+05
507.2535 1.384071e-02 2.036856e-02 1.800577e-04 3.475723e-03 3.822560e-03 1.046157e-02 4.5272861624e+04 2.1930312215e+05 2.1928037080e+05
508.2540 1.388853e-02 2.040272e-02 2.003544e-04 3.571266e-03 4.069622e-03 1.054980e-02 4.5276696244e+04 2.1931024981e+05 2.1926916019e+05
509.2545 1.390715e-02 2.002007e-02 1.802592e-04 3.663469e-03 4.112091e-03 1.037547e-02 4.5280837405e+04 2.1930925981e+05 2.1926620122e+05
510.2550 1.395621e-02 2.050179e-02 2.110256e-04 3.770038e-03 4.337309e-03 1.031140e-02 4.5285008677e+04 2.1929939500e+05 2.1927150888e+05
511.2555 1.401733e-02 2.044670e-02 1.910099e-04 3.793757e-03 4.369635e-03 1.047770e-02 4.5289185298e+04 2.1928315224e+05 2.1928346246e+05
512.2560 1.414528e-02 2.061862e-02 1.908378e-04 3.741390e-03 4.342268e-03 1.057983e-02 4.5293717492e+04 2.1926341152e+05 2.1929856901e+05
513.2565 1.401951e-02 2.062671e-02 1.941854e-04 3.757563e-03 4.296318e-03 1.089175e-02 4.5298786129e+04 2.1924429016e+05 2.1931254021e+05
514.2570 1.413092e-02 2.013239e-02 1.851454e-04 3.822651e-03 4.316584e-03 1.123750e-02 4.5303991342e+04 2.1923035462e+05 2.1932126884e+05
515.2575 1.386920e-02 2.002940e-02 2.095161e-04 3.741362e-03 4.137988e-03 1.140564e-02 4.5309024580e+04 2.1922475721e+05 2.1932199439e+05
516.2580 1.393024e-02 2.011365e-02 1.947370e-04 3.619850e-03 3.955307e-03 1.184831e-02 4.5313654654e+04 2.1922825240e+05 2.1931378454e+05
517.2585 1.428745e-02 2.024994e-02 2.149455e-04 3.629884e-03 3.935102e-03 1.215356e-02 4.5318224538e+04 2.1923921137e+05 2.1929795187e+05
518.2590 1.404740e-02 2.009723e-02 2.064241e-04 3.584946e-03 3.830884e-03 1.248549e-02 4.5323277302e+04 2.1925424651e+05 2.1927793118e+05
519.2595 1.401910e-02 2.010330e-02 1.919084e-04 3.594026e-03 3.766238e-03 1.270092e-02 4.5328365092e+04 2.1926916278e+05 2.1925784489e+05
520.2600 1.410170e-02 1.990578e-02 2.130146e-04 3.548986e-03 3.843825e-03 1.284596e-02 4.5333077305e+04 2.1928041490e+05 2.1924188867e+05
521.2605 1.395156e-02 1.969414e-02 1.915021e-04 3.575926e-03 3.823534e-03 1.281997e-02 4.5337207832e+04 2.1928491611e+05 2.1923341022e+05
522.2610 1.432191e-02 2.030566e-02 2.096437e-04 3.632307e-03 3.950575e-03 1.290983e-02 4.5340851665e+04 2.1928007711e+05 2.1923406157e+05
523.2615 1.437501e-02 2.034325e-02 1.773876e-04 3.737713e-03 4.165029e-03 1.276429e-02 4.5344699718e+04 2.1926690499e+05 2.1924329833e+05
524.2620 1.398465e-02 2.003756e-02 1.930464e-04 3.895011e-03 4.354555e-03 1.260239e-02 4.5348852392e+04 2.1924785292e+05 2.1925847125e+05
525.2625 1.411315e-02 2.030395e-02 2.036176e-04 4.047000e-03 4.479770e-03 1.230463e-02 4.5352649239e+04 2.1922690009e+05 2.1927542911e+05
526.2630 1.448848e-02 2.043456e-02 1.939324e-04 4.135019e-03 4.733309e-03 1.219114e-02 4.5356152640e+04 2.1920895782e+05 2.1928955088e+05
527.2635 1.451915e-02 2.054741e-02 2.113122e-04 4.253569e-03 4.796108e-03 1.208555e-02 4.5359883545e+04 2.1919749284e+05 2.1929718232e+05
528.2640 1.462248e-02 2.097288e-02 1.727875e-04 4.502278e-03 5.024949e-03 1.203549e-02 4.5363721295e+04 2.1919436757e+05 2.1929609408e+05
529.2645 1.465410e-02 2.112752e-02 2.134885e-04 4.608596e-03 5.064213e-03 1.188200e-02 4.5367867252e+04 2.1919993888e+05 2.1928633096e+05
530.2650 1.431798e-02 2.065048e-02 1.850167e-04 4.697023e-03 5.076026e-03 1.200240e-02 4.5372094716e+04 2.1921256685e+05 2.1926976498e+05
531.2655 1.456416e-02 2.106235e-02 2.220409e-04 4.728788e-03 5.040060e-03 1.219010e-02 4.5376108127e+04 2.1922782075e+05 2.1925010216e+05
532.2660 1.486390e-02 2.153904e-02 2.072526e-04 4.791317e-03 4.919357e-03 1.254130e-02 4.5380366535e+04 2.1924143851e+05 2.1923180437e+05
533.2665 1.478593e-02 2.187496e-02 1.990495e-04 4.825576e-03 4.960183e-03 1.277293e-02 4.5385569463e+04 2.1924895086e+05 2.1921883071e+05
534.2670 1.462949e-02 2.167898e-02 2.040664e-04 4.715924e-03 4.810233e-03 1.321614e-02 4.5391395966e+04 2.1924815422e+05 2.1921385256e+05
535.2675 1.460727e-02 2.135145e-02 1.989648e-04 4.575795e-03 4.622700e-03 1.352879e-02 4.5397389171e+04 2.1923909604e+05 2.1921708031e+05
536.2680 1.438793e-02 2.088727e-02 2.340847e-04 4.543861e-03 4.676934e-03 1.405241e-02 4.5403195713e+04 2.1922378841e+05 2.1922663204e+05
537.2685 1.440402e-02 2.071261e-02 1.996338e-04 4.421432e-03 4.603918e-03 1.432734e-02 4.5408668735e+04 2.1920539702e+05 2.1923961981e+05
538.2690 1.468274e-02 2.110320e-02 2.369227e-04 4.321131e-03 4.603609e-03 1.473079e-02 4.5414321598e+04 2.1918684515e+05 2.1925209322e+05
539.2695 1.464336e-02 2.104239e-02 2.005099e-04 4.251803e-03 4.680273e-03 1.475379e-02 4.5420420206e+04 2.1917262176e+05 2.1926021842e+05
540.2700 1.440784e-02 2.028782e-02 2.250225e-04 4.264189e-03 4.785497e-03 1.500526e-02 4.5426354259e+04 2.1916623798e+05 2.1926098548e+05
541.2705 1.474225e-02 2.051975e-02 2.212746e-04 4.297918e-03 4.938036e-03 1.499418e-02 4.5431565242e+04 2.1916822174e+05 2.1925345624e+05
542.2710 1.442335e-02 2.085814e-02 1.989354e-04 4.355855e-03 5.048143e-03 1.507260e-02 4.5436181123e+04 2.1917822945e+05 2.1923876073e+05
543.2715 1.470244e-02 2.107757e-02 2.260009e-04 4.509548e-03 5.258828e-03 1.490988e-02 4.5440481586e+04 2.1919239982e+05 2.1921998065e+05
544.2720 1.474158e-02 2.115567e-02 2.029456e-04 4.718273e-03 5.403603e-03 1.460967e-02 4.5444751756e+04 2.1920648870e+05 2.1920153318e+05
545.2725 1.434815e-02 2.100647e-02 2.009664e-04 4.836383e-03 5.477376e-03 1.448059e-02 4.5448805448e+04 2.1921662493e+05 2.1918752524e+05
546.2730 1.461816e-02 2.142305e-02 2.075179e-04 5.125420e-03 5.679125e-03 1.448779e-02 4.5452123409e+04 2.1921952872e+05 2.1918082254e+05
547.2735 1.489119e-02 2.172981e-02 2.171724e-04 5.391143e-03 5.712699e-03 1.410647e-02 4.5455154192e+04 2.1921415939e+05 2.1918297361e+05
548.2740 1.517568e-02 2.219391e-02 2.132462e-04 5.527458e-03 5.642265e-03 1.405993e-02 4.5458393208e+04 2.1920013179e+05 2.1919344350e+05
549.2745 1.510908e-02 2.248008e-02 1.939957e-04 5.741785e-03 5.881324e-03 1.429486e-02 4.5462215468e+04 2.1918005810e+05 2.1920937632e+05
550.2750 1.509465e-02 2.229916e-02 2.372448e-04 5.798838e-03 5.647808e-03 1.418291e-02 4.5466582251e+04 2.1915835280e+05 2.1922690279e+05
551.2755 1.520903e-02 2.193885e-02 1.922940e-04 6.018957e-03 5.755488e-03 1.437866e-02 4.5471081222e+04 2.1913980301e+05 2.1924088603e+05
552.2760 1.523370e-02 2.270444e-02 2.602589e-04 6.020496e-03 5.826404e-03 1.461533e-02 4.5475854297e+04 2.1912779019e+05 2.1924763842e+05
553.2765 1.549323e-02 2.285462e-02 1.891873e-04 5.911928e-03 5.699054e-03 1.483610e-02 4.5481344012e+04 2.1912466130e+05 2.1924512635e+05
554.2770 1.588652e-02 2.265265e-02 2.385664e-04 5.781975e-03 5.701813e-03 1.534814e-02 4.5487966333e+04 2.1912974482e+05 2.1923316124e+05
555.2775 1.528224e-02 2.232109e-02 2.316125e-04 5.784421e-03 5.881660e-03 1.577816e-02 4.5495723920e+04 2.1914165705e+05 2.1921365671e+05
556.2780 1.514857e-02 2.170142e-02 2.084277e-04 5.527226e-03 5.717889e-03 1.624245e-02 4.5503386409e+04 2.1915734893e+05 2.1919058495e+05
557.2785 1.535653e-02 2.171768e-02 2.388309e-04 5.395949e-03 5.898745e-03 1.675366e-02 4.5510774914e+04 2.1917221475e+05 2.1916798324e+05
558.2790 1.529449e-02 2.205963e-02 2.220604e-04 5.150764e-03 5.766471e-03 1.701096e-02 4.5518255645e+04 2.1918198160e+05 2.1915063913e+05
559.2795 1.514069e-02 2.194085e-02 2.371418e-04 5.084667e-03 5.922198e-03 1.763498e-02 4.5525972469e+04 2.1918335716e+05 2.1914136769e+05
560.2800 1.513115e-02 2.118036e-02 2.168721e-04 4.984668e-03 5.855823e-03 1.780784e-02 4.5533632455e+04 2.1917590926e+05 2.1914149490e+05
561.2805 1.458096e-02 2.110444e-02 2.382494e-04 5.038873e-03 5.959297e-03 1.805483e-02 4.5540423153e+04 2.1916117714e+05 2.1914950478e+05
562.2810 1.462303e-02 2.107460e-02 2.169747e-04 5.162845e-03 5.956697e-03 1.789441e-02 4.5545672559e+04 2.1914283883e+05 2.1916264857e+05
563.2815 1.507732e-02 2.187581e-02 2.323632e-04 5.329394e-03 6.080223e-03 1.799882e-02 4.5549692460e+04 2.1912365827e+05 2.1917714293e+05
564.2820 1.499848e-02 2.189463e-02 2.232927e-04 5.465753e-03 6.003811e-03 1.791478e-02 4.5553514907e+04 2.1910768835e+05 2.1918930364e+05
565.2825 1.510759e-02 2.185490e-02 2.109992e-04 5.986495e-03 6.275708e-03 1.750524e-02 4.5556991655e+04 2.1909778429e+05 2.1919560249e+05
566.2830 1.524300e-02 2.246386e-02 2.515538e-04 6.302579e-03 6.295607e-03 1.711027e-02 4.5559766699e+04 2.1909553628e+05 2.1919475253e+05
567.2835 1.523949e-02 2.254441e-02 2.126405e-04 6.670071e-03 6.498720e-03 1.697374e-02 4.5561929664e+04 2.1910130635e+05 2.1918667569e+05
568.2840 1.558854e-02 2.341560e-02 2.417004e-04 6.973134e-03 6.604850e-03 1.654013e-02 4.5563978344e+04 2.1911171396e+05 2.1917372008e+05
569.2845 1.615032e-02 2.419658e-02 2.253009e-04 7.290472e-03 6.831560e-03 1.625114e-02 4.5566830630e+04 2.1912269234e+05 2.1915921725e+05
570.2850 1.623582e-02 2.416156e-02 2.239540e-04 7.590109e-03 7.055494e-03 1.625283e-02 4.5571108742e+04 2.1913064867e+05 2.1914675628e+05
571.2855 1.616394e-02 2.445797e-02 2.087059e-04 7.734385e-03 7.281562e-03 1.616343e-02 4.5576540290e+04 2.1913268097e+05 2.1913907855e+05
572.2860 1.650996e-02 2.458572e-02 2.221532e-04 7.602879e-03 7.283375e-03 1.643419e-02 4.5582732805e+04 2.1912760323e+05 2.1913768561e+05
573.2865 1.663129e-02 2.441116e-02 2.334910e-04 7.562611e-03 7.494820e-03 1.696971e-02 4.5590001565e+04 2.1911579597e+05 2.1914199641e+05
574.2870 1.651800e-02 2.454667e-02 2.031998e-04 7.366852e-03 7.435869e-03 1.755185e-02 4.5598855319e+04 2.1909845429e+05 2.1915037654e+05
575.2875 1.646037e-02 2.412134e-02 2.310816e-04 7.027016e-03 7.416291e-03 1.841301e-02 4.5608990014e+04 2.1907937962e+05 2.1915924547e+05
576.2880 1.605923e-02 2.295817e-02 2.151996e-04 6.710666e-03 7.305621e-03 1.920719e-02 4.5619882100e+04 2.1906354818e+05 2.1916475248e+05
577.2885 1.547488e-02 2.253470e-02 2.404293e-04 6.302579e-03 7.071441e-03 2.022374e-02 4.5630361527e+04 2.1905434268e+05 2.1916368720e+05
578.2890 1.566485e-02 2.209482e-02 2.430753e-04 6.048296e-03 6.923433e-03 2.111931e-02 4.5640054876e+04 2.1905394246e+05 2.1915434211e+05
579.2895 1.542458e-02 2.208663e-02 2.178496e-04 5.790428e-03 6.742810e-03 2.194275e-02 4.5649362808e+04 2.1906131998e+05 2.1913754458e+05
580.2900 1.523255e-02 2.216655e-02 2.519107e-04 5.700840e-03 6.522047e-03 2.216350e-02 4.5658175096e+04 2.1907423669e+05 2.1911586718e+05
581.2905 1.499472e-02 2.165247e-02 2.316688e-04 5.825917e-03 6.534400e-03 2.244061e-02 4.5665685237e+04 2.1908954456e+05 2.1909321695e+05
582.2910 1.507616e-02 2.150869e-02 2.553374e-04 5.998181e-03 6.586620e-03 2.248434e-02 4.5670937045e+04 2.1910319411e+05 2.1907421453e+05
583.2915 1.527349e-02 2.210574e-02 2.217458e-04 6.301653e-03 6.579649e-03 2.211247e-02 4.5674066076e+04 2.1911100617e+05 2.1906299912e+05
584.2920 1.562140e-02 2.282015e-02 2.272925e-04 7.000639e-03 7.064651e-03 2.137569e-02 4.5675927616e+04 2.1910951775e+05 2.1906206509e+05
585.2925 1.561960e-02 2.344792e-02 2.381137e-04 7.496969e-03 7.281265e-03 2.044572e-02 4.5677449392e+04 2.1909742890e+05 2.1907244415e+05
586.2930 1.593311e-02 2.391339e-02 2.182823e-04 8.210416e-03 7.751082e-03 1.969933e-02 4.5678845531e+04 2.1907624906e+05 2.1909170921e+05
587.2935 1.648593e-02 2.476787e-02 2.453475e-04 8.766974e-03 8.268570e-03 1.876497e-02 4.5680129845e+04 2.1905027515e+05 2.1911579683e+05
588.2940 1.720399e-02 2.577859e-02 2.319805e-04 9.331260e-03 8.586369e-03 1.793422e-02 4.5681789208e+04 2.1902427516e+05 2.1913937859e+05
589.2945 1.756083e-02 2.655989e-02 2.297679e-04 9.803345e-03 9.145147e-03 1.770838e-02 4.5684928324e+04 2.1900262534e+05 2.1915715391e+05
590.2950 1.789145e-02 2.750169e-02 2.212249e-04 9.933377e-03 9.352413e-03 1.754887e-02 4.5690154068e+04 2.1898856198e+05 2.1916534711e+05
591.2955 1.798024e-02 2.674894e-02 2.214146e-04 9.868153e-03 9.392380e-03 1.812612e-02 4.5697573927e+04 2.1898505249e+05 2.1916145855e+05
592.2960 1.759458e-02 2.634549e-02 2.261346e-04 9.823045e-03 9.599636e-03 1.874398e-02 4.5706829824e+04 2.1899208536e+05 2.1914520911e+05
593.2965 1.749314e-02 2.613761e-02 2.300559e-04 9.403837e-03 9.286994e-03 2.000025e-02 4.5717581281e+04 2.1900689273e+05 2.1911960613e+05
594.2970 1.766330e-02 2.597771e-02 2.241508e-04 8.778024e-03 8.974244e-03 2.142281e-02 4.5730115745e+04 2.1902473475e+05 2.1908903305e+05
595.2975 1.714123e-02 2.513954e-02 2.134950e-04 8.135098e-03 8.526953e-03 2.304348e-02 4.5744384128e+04 2.1904089693e+05 2.1905894526e+05
596.2980 1.674547e-02 2.453730e-02 2.451987e-04 7.532293e-03 8.129922e-03 2.472326e-02 4.5759105589e+04 2.1905108899e+05 2.1903409300e+05
597.2985 1.627863e-02 2.304381e-02 2.118923e-04 6.986863e-03 7.647010e-03 2.605956e-02 4.5772953546e+04 2.1905420930e+05 2.1901784669e+05
598.2990 1.580130e-02 2.275612e-02 2.185615e-04 6.517705e-03 7.313551e-03 2.725394e-02 4.5784794769e+04 2.1904878538e+05 2.1901155786e+05
599.2995 1.558536e-02 2.260826e-02 2.373494e-04 6.386582e-03 7.133014e-03 2.773162e-02 4.5794526844e+04 2.1903603847e+05 2.1901462271e+05
600.3000 1.556364e-02 2.225378e-02 2.266078e-04 6.434384e-03 7.078905e-03 2.803085e-02 4.5802434133e+04 2.1901800426e+05 2.1902483537e+05
601.3005 1.526342e-02 2.182438e-02 2.488478e-04 6.686436e-03 7.215166e-03 2.760500e-02 4.5808660972e+04 2.1899841347e+05 2.1903852063e+05
602.3010 1.533311e-02 2.230679e-02 2.135348e-04 7.349540e-03 7.672399e-03 2.680957e-02 4.5812430261e+04 2.1898121593e+05 2.1905154980e+05
603.3015 1.594468e-02 2.312934e-02 2.625426e-04 8.183093e-03 8.188341e-03 2.514387e-02 4.5813326233e+04 2.1897051868e+05 2.1906095898e+05
604.3020 1.675228e-02 2.507707e-02 2.294318e-04 9.020656e-03 8.795425e-03 2.379259e-02 4.5812159012e+04 2.1896593908e+05 2.1906544042e+05
605.3025 1.739112e-02 2.610005e-02 2.519470e-04 1.005113e-02 9.662324e-03 2.231941e-02 4.5810670651e+04 2.1896702656e+05 2.1906503450e+05
606.3030 1.772980e-02 2.684561e-02 2.203669e-04 1.090516e-02 1.020640e-02 2.057569e-02 4.5810039287e+04 2.1897095665e+05 2.1906148686e+05
607.3035 1.797759e-02 2.737006e-02 2.167278e-04 1.191258e-02 1.101974e-02 1.987040e-02 4.5810693375e+04 2.1897477261e+05 2.1905625671e+05
608.3040 1.857222e-02 2.826821e-02 2.543991e-04 1.241054e-02 1.151081e-02 1.922334e-02 4.5813067753e+04 2.1897615828e+05 2.1905175531e+05
609.3045 1.933399e-02 2.931757e-02 2.155403e-04 1.248394e-02 1.151197e-02 1.915471e-02 4.5818039900e+04 2.1897258858e+05 2.1904965286e+05
610.3050 2.003368e-02 2.987409e-02 2.439517e-04 1.251500e-02 1.169194e-02 2.028623e-02 4.5826469537e+04 2.1896264318e+05 2.1905008364e+05
611.3055 1.979035e-02 2.998169e-02 2.389791e-04 1.217830e-02 1.137180e-02 2.130805e-02 4.5838669718e+04 2.1894787398e+05 2.1905256218e+05
612.3060 1.916626e-02 2.893127e-02 2.229964e-04 1.153957e-02 1.103482e-02 2.349571e-02 4.5853665599e+04 2.1893110620e+05 2.1905452864e+05
613.3065 1.850060e-02 2.739607e-02 2.299612e-04 1.060523e-02 1.032975e-02 2.564857e-02 4.5870229600e+04 2.1891691800e+05 2.1905285308e+05
614.3070 1.819271e-02 2.640130e-02 2.473834e-04 9.673815e-03 9.754180e-03 2.812885e-02 4.5887638121e+04 2.1890798178e+05 2.1904445046e+05
615.3075 1.748948e-02 2.534267e-02 2.673493e-04 8.721849e-03 9.089318e-03 3.038773e-02 4.5905713745e+04 2.1890672784e+05 2.1902811740e+05
616.3080 1.696784e-02 2.464767e-02 2.341757e-04 7.922206e-03 8.509726e-03 3.230837e-02 4.5923608503e+04 2.1891279041e+05 2.1900443488e+05
617.3085 1.638697e-02 2.360847e-02 2.553874e-04 7.337271e-03 8.215299e-03 3.352183e-02 4.5939923589e+04 2.1892560376e+05 2.1897584542e+05
618.3090 1.587347e-02 2.284895e-02 2.362027e-04 7.190478e-03 8.099935e-03 3.399576e-02 4.5952838722e+04 2.1894247660e+05 2.1894647579e+05
619.3095 1.604456e-02 2.286074e-02 2.623405e-04 7.265138e-03 8.154485e-03 3.411104e-02 4.5961149980e+04 2.1895895166e+05 2.1892147994e+05
620.3100 1.589548e-02 2.302272e-02 2.409735e-04 7.806621e-03 8.686205e-03 3.310540e-02 4.5965696297e+04 2.1897020940e+05 2.1890569207e+05
621.3105 1.590431e-02 2.333656e-02 2.453618e-04 8.723664e-03 9.221375e-03 3.157798e-02 4.5967232761e+04 2.1897129832e+05 2.1890298577e+05
622.3110 1.645222e-02 2.410893e-02 2.429867e-04 9.987198e-03 1.024193e-02 2.929857e-02 4.5966517503e+04 2.1896009911e+05 2.1891435614e+05
623.3115 1.709196e-02 2.579633e-02 2.384447e-04 1.119490e-02 1.094699e-02 2.738531e-02 4.5964025681e+04 2.1893740527e+05 2.1893858709e+05
624.3120 1.845662e-02 2.773430e-02 2.629533e-04 1.256038e-02 1.199061e-02 2.494247e-02 4.5960551170e+04 2.1890702364e+05 2.1897114055e+05
625.3125 1.978850e-02 2.982471e-02 2.309030e-04 1.376056e-02 1.268588e-02 2.317255e-02 4.5957409290e+04 2.1887319687e+05 2.1900665799e+05
626.3130 2.048170e-02 3.110428e-02 2.503751e-04 1.495363e-02 1.352981e-02 2.208210e-02 4.5956568244e+04 2.1884120376e+05 2.1903831126e+05
627.3135 2.066547e-02 3.163978e-02 2.567840e-04 1.539740e-02 1.376027e-02 2.132619e-02 4.5959213687e+04 2.1881628640e+05 2.1906034177e+05
628.3140 2.080728e-02 3.187898e-02 2.326619e-04 1.567842e-02 1.401593e-02 2.199248e-02 4.5965381940e+04 2.1880266151e+05 2.1906716514e+05
629.3145 2.114518e-02 3.221466e-02 2.617145e-04 1.551403e-02 1.381150e-02 2.321503e-02 4.5975473682e+04 2.1880233048e+05 2.1905675260e+05
630.3150 2.124139e-02 3.276089e-02 2.407279e-04 1.493633e-02 1.343720e-02 2.511887e-02 4.5990034744e+04 2.1881357228e+05 2.1903032261e+05
631.3155 2.116373e-02 3.236429e-02 2.662285e-04 1.383290e-02 1.277288e-02 2.807015e-02 4.6009040926e+04 2.1883222695e+05 2.1899237300e+05
632.3160 2.047485e-02 3.070141e-02 2.329716e-04 1.256751e-02 1.189862e-02 3.081748e-02 4.6031473739e+04 2.1885399804e+05 2.1894886583e+05
633.3165 1.944835e-02 2.883660e-02 2.690338e-04 1.139628e-02 1.125911e-02 3.407713e-02 4.6055003621e+04 2.1887389088e+05 2.1890599170e+05
634.3170 1.848438e-02 2.698661e-02 2.593178e-04 1.011692e-02 1.043633e-02 3.693366e-02 4.6077446832e+04 2.1888837815e+05 2.1886991167e+05
635.3175 1.779574e-02 2.541533e-02 2.430923e-04 9.036177e-03 9.816479e-03 3.929745e-02 4.6097754732e+04 2.1889378986e+05 2.1884486949e+05
636.3180 1.711511e-02 2.465097e-02 2.668201e-04 8.393648e-03 9.578035e-03 4.041357e-02 4.6115880595e+04 2.1888812652e+05 2.1883291107e+05
637.3185 1.649681e-02 2.371485e-02 2.727084e-04 8.149447e-03 9.481680e-03 4.118405e-02 4.6130970407e+04 2.1887268169e+05 2.1883374515e+05
638.3190 1.627631e-02 2.311261e-02 2.663671e-04 8.477522e-03 9.769439e-03 4.068090e-02 4.6141451633e+04 2.1885173715e+05 2.1884444826e+05
639.3195 1.661599e-02 2.375718e-02 2.570456e-04 9.249720e-03 1.027207e-02 3.923221e-02 4.6146351780e+04 2.1882979184e+05 2.1886114984e+05
640.3200 1.723577e-02 2.506575e-02 2.875574e-04 1.060273e-02 1.130339e-02 3.708222e-02 4.6146045777e+04 2.1881068715e+05 2.1887970184e+05
641.3205 1.795449e-02 2.659939e-02 2.565043e-04 1.211502e-02 1.216168e-02 3.393033e-02 4.6142187293e+04 2.1879631397e+05 2.1889734462e+05
642.3210 1.859926e-02 2.807968e-02 2.623614e-04 1.392938e-02 1.340651e-02 3.161298e-02 4.6136602693e+04 2.1878654859e+05 2.1891156004e+05
643.3215 1.954877e-02 2.918223e-02 2.708976e-04 1.565131e-02 1.450382e-02 2.838747e-02 4.6130896305e+04 2.1878156074e+05 2.1892160002e+05
644.3220 2.073957e-02 3.129050e-02 2.526836e-04 1.740013e-02 1.551160e-02 2.618304e-02 4.6125960374e+04 2.1877900443e+05 2.1892753822e+05
645.3225 2.192426e-02 3.410351e-02 2.739948e-04 1.863591e-02 1.641795e-02 2.505649e-02 4.6123583355e+04 2.1877621711e+05 2.1893069296e+05
646.3230 2.314420e-02 3.619860e-02 2.694542e-04 1.912184e-02 1.658333e-02 2.422962e-02 4.6125952105e+04 2.1877043268e+05 2.1893279814e+05
647.3235 2.369578e-02 3.629153e-02 2.494478e-04 1.944847e-02 1.684471e-02 2.533433e-02 4.6134296013e+04 2.1876018307e+05 2.1893379891e+05
648.3240 2.333186e-02 3.595432e-02 2.498368e-04 1.906428e-02 1.654693e-02 2.708964e-02 4.6148420223e+04 2.1874644987e+05 2.1893327384e+05
649.3245 2.310243e-02 3.515209e-02 2.683391e-04 1.816256e-02 1.603941e-02 2.996914e-02 4.6167189386e+04 2.1873181640e+05 2.1892893864e+05
650.3250 2.262804e-02 3.472108e-02 2.680350e-04 1.659425e-02 1.503723e-02 3.347812e-02 4.6190054383e+04 2.1871906298e+05 2.1891878972e+05
651.3255 2.202340e-02 3.353632e-02 2.545412e-04 1.494662e-02 1.406520e-02 3.715570e-02 4.6216563329e+04 2.1871086424e+05 2.1890079610e+05
652.3260 2.116428e-02 3.149095e-02 2.892745e-04 1.333092e-02 1.326818e-02 4.099658e-02 4.6245247130e+04 2.1870927787e+05 2.1887428631e+05
653.3265 1.956324e-02 2.897680e-02 2.679331e-04 1.167113e-02 1.217742e-02 4.473715e-02 4.6273901540e+04 2.1871580552e+05 2.1884037574e+05
654.3270 1.831256e-02 2.694439e-02 2.887639e-04 1.049757e-02 1.160416e-02 4.690727e-02 4.6299626201e+04 2.1873043290e+05 2.1880112643e+05
655.3275 1.767388e-02 2.550622e-02 2.722735e-04 9.704719e-03 1.121003e-02 4.852748e-02 4.6320405428e+04 2.1875001633e+05 2.1876142977e+05
656.3280 1.761474e-02 2.464308e-02 2.827635e-04 9.464496e-03 1.104810e-02 4.908082e-02 4.6335688072e+04 2.1876933015e+05 2.1872716252e+05
657.3285 1.722325e-02 2.474773e-02 2.910233e-04 9.989979e-03 1.151796e-02 4.816040e-02 4.6345826671e+04 2.1878241339e+05 2.1870404957e+05
658.3290 1.720705e-02 2.483861e-02 2.707485e-04 1.109843e-02 1.218446e-02 4.616900e-02 4.6350427079e+04 2.1878510074e+05 2.1869679754e+05
659.3295 1.796082e-02 2.577533e-02 2.734333e-04 1.292968e-02 1.338263e-02 4.301851e-02 4.6349059100e+04 2.1877549524e+05 2.1870713078e+05
660.3300 1.917175e-02 2.802278e-02 2.950039e-04 1.483910e-02 1.450773e-02 3.973533e-02 4.6342743876e+04 2.1875302783e+05 2.1873461429e+05
661.3305 2.063671e-02 3.065692e-02 2.836139e-04 1.707164e-02 1.600123e-02 3.627878e-02 4.6334069801e+04 2.1871940696e+05 2.1877521258e+05
662.3310 2.215331e-02 3.323913e-02 2.628390e-04 1.917486e-02 1.711325e-02 3.245659e-02 4.6326003608e+04 2.1867815825e+05 2.1882307783e+05
663.3315 2.306948e-02 3.522003e-02 2.607999e-04 2.149056e-02 1.882072e-02 3.045521e-02 4.6320600587e+04 2.1863518343e+05 2.1886949582e+05
664.3320 2.434938e-02 3.726287e-02 2.674378e-04 2.257498e-02 1.925601e-02 2.829080e-02 4.6318937701e+04 2.1859809190e+05 2.1890718528e+05
665.3325 2.547634e-02 3.931750e-02 2.881149e-04 2.328704e-02 1.990553e-02 2.825000e-02 4.6322116498e+04 2.1857219932e+05 2.1892809671e+05
666.3330 2.629606e-02 4.101837e-02 2.687240e-04 2.345569e-02 2.004138e-02 2.951974e-02 4.6331539548e+04 2.1856067642e+05 2.1892853926e+05
667.3335 2.645756e-02 4.144783e-02 2.792585e-04 2.277152e-02 1.958727e-02 3.185656e-02 4.6348504764e+04 2.1856342527e+05 2.1890806033e+05
668.3340 2.540949e-02 3.981578e-02 2.738304e-04 2.147226e-02 1.905471e-02 3.553185e-02 4.6372815422e+04 2.1857871932e+05 2.1886880171e+05
669.3345 2.433219e-02 3.765677e-02 2.760433e-04 1.949071e-02 1.772539e-02 4.000781e-02 4.6402222424e+04 2.1860276696e+05 2.1881619734e+05
670.3350 2.347480e-02 3.575456e-02 2.750857e-04 1.756877e-02 1.665798e-02 4.439083e-02 4.6434322686e+04 2.1863067879e+05 2.1875671231e+05
671.3355 2.251931e-02 3.407017e-02 2.791440e-04 1.541498e-02 1.544427e-02 4.938209e-02 4.6467318796e+04 2.1865573877e+05 2.1869907886e+05
672.3360 2.168776e-02 3.206471e-02 2.938095e-04 1.348427e-02 1.416131e-02 5.350830e-02 4.6499867681e+04 2.1867206295e+05 2.1865097989e+05
673.3365 2.009099e-02 2.937618e-02 2.863047e-04 1.220016e-02 1.354480e-02 5.592269e-02 4.6530081262e+04 2.1867692601e+05 2.1861740744e+05
674.3370 1.870337e-02 2.695419e-02 2.993009e-04 1.128748e-02 1.284401e-02 5.784139e-02 4.6554425656e+04 2.1867030518e+05 2.1860109915e+05
675.3375 1.806037e-02 2.596845e-02 2.988500e-04 1.142843e-02 1.305739e-02 5.831321e-02 4.6570745172e+04 2.1865464773e+05 2.1860079489e+05
676.3380 1.816830e-02 2.614739e-02 3.239325e-04 1.213008e-02 1.336518e-02 5.676663e-02 4.6579472262e+04 2.1863238612e+05 2.1861437228e+05
677.3385 1.869091e-02 2.676045e-02 2.920988e-04 1.368882e-02 1.432458e-02 5.401009e-02 4.6581909259e+04 2.1860651097e+05 2.1863752644e+05
678.3390 1.969348e-02 2.836331e-02 2.974034e-04 1.594765e-02 1.582108e-02 5.027156e-02 4.6579241003e+04 2.1857994632e+05 2.1866567136e+05
679.3395 2.080473e-02 3.071453e-02 2.976976e-04 1.834140e-02 1.724826e-02 4.618830e-02 4.6572277196e+04 2.1855677995e+05 2.1869450945e+05
680.3400 2.246690e-02 3.330067e-02 2.918216e-04 2.102970e-02 1.903821e-02 4.156422e-02 4.6561988911e+04 2.1853984513e+05 2.1872011820e+05
681.3405 2.428996e-02 3.670911e-02 2.853047e-04 2.362546e-02 2.081597e-02 3.757582e-02 4.6550668449e+04 2.1852819119e+05 2.1874079857e+05
682.3410 2.593925e-02 3.992010e-02 2.805471e-04 2.604539e-02 2.248117e-02 3.453037e-02 4.6542243700e+04 2.1851900196e+05 2.1875604707e+05
683.3415 2.676329e-02 4.233260e-02 2.756096e-04 2.715873e-02 2.318097e-02 3.261516e-02 4.6540287832e+04 2.1850910442e+05 2.1876661726e+05
684.3420 2.760403e-02 4.341870e-02 2.675092e-04 2.823323e-02 2.421720e-02 3.282527e-02 4.6545864615e+04 2.1849731109e+05 2.1877116838e+05
685.3425 2.837194e-02 4.468664e-02 2.556769e-04 2.802808e-02 2.391841e-02 3.420675e-02 4.6559072175e+04 2.1848388124e+05 2.1877019156e+05
686.3430 2.900080e-02 4.545689e-02 2.926234e-04 2.709223e-02 2.354075e-02 3.768152e-02 4.6579855497e+04 2.1846967709e+05 2.1876212065e+05
687.3435 2.884608e-02 4.518372e-02 2.863915e-04 2.524139e-02 2.241887e-02 4.208592e-02 4.6608146806e+04 2.1845670472e+05 2.1874643500e+05
688.3440 2.761100e-02 4.284361e-02 2.990514e-04 2.290142e-02 2.081119e-02 4.747315e-02 4.6643027869e+04 2.1844714297e+05 2.1872194965e+05
689.3445 2.542535e-02 3.914521e-02 2.931558e-04 2.073767e-02 1.964431e-02 5.314593e-02 4.6681709163e+04 2.1844462794e+05 2.1868724554e+05
690.3450 2.373714e-02 3.594651e-02 2.910609e-04 1.813613e-02 1.781432e-02 5.920751e-02 4.6720455917e+04 2.1845088884e+05 2.1864353619e+05
691.3455 2.227441e-02 3.333071e-02 3.191878e-04 1.600715e-02 1.643446e-02 6.328343e-02 4.6757544547e+04 2.1846603711e+05 2.1859272751e+05
692.3460 2.128809e-02 3.144752e-02 3.186761e-04 1.436705e-02 1.536215e-02 6.645378e-02 4.6790779937e+04 2.1848633850e+05 2.1854018475e+05
693.3465 2.043609e-02 2.969221e-02 3.227665e-04 1.355375e-02 1.473799e-02 6.864216e-02 4.6818563852e+04 2.1850694044e+05 2.1849255872e+05
694.3470 1.974426e-02 2.814609e-02 3.205162e-04 1.381942e-02 1.492809e-02 6.832975e-02 4.6838646164e+04 2.1852380122e+05 2.1845640601e+05
695.3475 1.968377e-02 2.819421e-02 3.322874e-04 1.481000e-02 1.558230e-02 6.622323e-02 4.6848708156e+04 2.1853263361e+05 2.1843767835e+05
696.3480 2.004370e-02 2.940696e-02 3.258494e-04 1.686846e-02 1.698994e-02 6.269079e-02 4.6849154704e+04 2.1852939070e+05 2.1843987453e+05
697.3485 2.110599e-02 3.120082e-02 3.292432e-04 1.946571e-02 1.869739e-02 5.815431e-02 4.6842428730e+04 2.1851063495e+05 2.1846430023e+05
698.3490 2.302103e-02 3.370785e-02 3.024306e-04 2.238431e-02 2.085674e-02 5.326901e-02 4.6832313768e+04 2.1847488287e+05 2.1850832225e+05
699.3495 2.448808e-02 3.690333e-02 3.097290e-04 2.545947e-02 2.289714e-02 4.745844e-02 4.6821961361e+04 2.1842632712e+05 2.1856562642e+05
700.3500 2.647570e-02 4.094536e-02 2.768788e-04 2.855357e-02 2.514207e-02 4.333070e-02 4.6811975229e+04 2.1837237204e+05 2.1862664470e+05
701.3505 2.850069e-02 4.464624e-02 2.830367e-04 3.086915e-02 2.680831e-02 3.961768e-02 4.6804293593e+04 2.1832268474e+05 2.1868164562e+05
702.3510 3.048361e-02 4.799749e-02 2.939124e-04 3.203636e-02 2.751624e-02 3.805771e-02 4.6801722678e+04 2.1828284543e+05 2.1872181053e+05
703.3515 3.148183e-02 5.004695e-02 2.774587e-04 3.324767e-02 2.855706e-02 3.850398e-02 4.6807449561e+04 2.1825728070e+05 2.1873929409e+05
704.3520 3.153419e-02 4.963591e-02 2.776334e-04 3.279250e-02 2.807573e-02 4.053050e-02 4.6823158921e+04 2.1824886364e+05 2.1873173273e+05
705.3525 3.077356e-02 4.948341e-02 3.094011e-04 3.169025e-02 2.748975e-02 4.460967e-02 4.6848319745e+04 2.1825684217e+05 2.1869796252e+05
706.3530 3.024725e-02 4.841104e-02 2.709049e-04 2.939400e-02 2.578455e-02 5.004302e-02 4.6881470432e+04 2.1827908124e+05 2.1864268211e+05
707.3535 3.011963e-02 4.736602e-02 3.261173e-04 2.683493e-02 2.402457e-02 5.635754e-02 4.6921198900e+04 2.1830874097e+05 2.1857292024e+05
708.3540 2.885746e-02 4.484186e-02 3.144239e-04 2.407182e-02 2.221237e-02 6.324368e-02 4.6965754317e+04 2.1833915863e+05 2.1849856520e+05
709.3545 2.670896e-02 4.093324e-02 3.127693e-04 2.109816e-02 2.004139e-02 6.955362e-02 4.7011699478e+04 2.1836432206e+05 2.1842941343e+05
710.3550 2.420108e-02 3.677399e-02 3.442400e-04 1.889998e-02 1.869749e-02 7.417166e-02 4.7054735067e+04 2.1838056667e+05 2.1837232103e+05
711.3555 2.237244e-02 3.296042e-02 3.265924e-04 1.721499e-02 1.757061e-02 7.785700e-02 4.7090980850e+04 2.1838575437e+05 2.1833284744e+05
712.3560 2.176187e-02 3.123785e-02 3.487211e-04 1.654490e-02 1.719008e-02 7.977100e-02 4.7119047502e+04 2.1837799182e+05 2.1831312784e+05
713.3565 2.166481e-02 3.119309e-02 3.497058e-04 1.681446e-02 1.754630e-02 7.907781e-02 4.7139458441e+04 2.1835774859e+05 2.1831305555e+05
714.3570 2.161125e-02 3.099155e-02 3.272505e-04 1.815362e-02 1.861786e-02 7.657405e-02 4.7152005336e+04 2.1832870717e+05 2.1832973363e+05
715.3575 2.219363e-02 3.190685e-02 3.469983e-04 2.051353e-02 2.028981e-02 7.196946e-02 4.7155370935e+04 2.1829633277e+05 2.1835837694e+05
716.3580 2.348531e-02 3.446907e-02 3.493468e-04 2.347348e-02 2.263359e-02 6.712234e-02 4.7149063382e+04 2.1826580207e+05 2.1839347563e+05
717.3585 2.567052e-02 3.814962e-02 3.173849e-04 2.671232e-02 2.483844e-02 6.082110e-02 4.7135732439e+04 2.1824000893e+05 2.1843056865e+05
718.3590 2.764452e-02 4.157541e-02 3.365476e-04 3.031917e-02 2.740143e-02 5.503725e-02 4.7120417725e+04 2.1821794938e+05 2.1846564391e+05
719.3595 2.917786e-02 4.527473e-02 3.128360e-04 3.375849e-02 2.986708e-02 5.021133e-02 4.7107575245e+04 2.1819771431e+05 2.1849616076e+05
720.3600 3.069308e-02 4.884861e-02 2.726247e-04 3.603451e-02 3.124204e-02 4.628760e-02 4.7100173266e+04 2.1817884799e+05 2.1852048548e+05
721.3605 3.275812e-02 5.252793e-02 3.239789e-04 3.778620e-02 3.250884e-02 4.526828e-02 4.7099331623e+04 2.1816094379e+05 2.1853611658e+05
722.3610 3.511341e-02 5.613485e-02 2.775930e-04 3.877838e-02 3.289259e-02 4.579681e-02 4.7106719969e+04 2.1814391002e+05 2.1854258790e+05
723.3615 3.573560e-02 5.753014e-02 2.939152e-04 3.798969e-02 3.209354e-02 4.807260e-02 4.7124551852e+04 2.1812780495e+05 2.1853979485e+05
724.3620 3.510574e-02 5.701737e-02 3.080532e-04 3.681191e-02 3.135295e-02 5.332489e-02 4.7152999314e+04 2.1811232987e+05 2.1852588560e+05
725.3625 3.371021e-02 5.451259e-02 2.995701e-04 3.441956e-02 2.931608e-02 5.888242e-02 4.7190931906e+04 2.1810094469e+05 2.1850041785e+05
726.3630 3.196064e-02 5.081396e-02 3.193165e-04 3.176481e-02 2.757594e-02 6.628594e-02 4.7235431006e+04 2.1809649916e+05 2.1846136443e+05
727.3635 3.039442e-02 4.780273e-02 3.255712e-04 2.856563e-02 2.539750e-02 7.379740e-02 4.7283920160e+04 2.1810048538e+05 2.1840994555e+05
728.3640 2.907846e-02 4.489781e-02 3.541749e-04 2.532690e-02 2.326362e-02 8.037860e-02 4.7334187155e+04 2.1811245775e+05 2.1834890343e+05
729.3645 2.732996e-02 4.144582e-02 3.527614e-04 2.282650e-02 2.178283e-02 8.511882e-02 4.7383495882e+04 2.1813080361e+05 2.1828300596e+05
730.3650 2.530989e-02 3.754964e-02 3.723639e-04 2.099655e-02 2.082701e-02 8.950138e-02 4.7427039183e+04 2.1815309830e+05 2.1821895272e+05
731.3655 2.407797e-02 3.457239e-02 3.665358e-04 2.028361e-02 2.076958e-02 9.112528e-02 4.7460573856e+04 2.1817597100e+05 2.1816383850e+05
732.3660 2.327997e-02 3.316644e-02 3.787135e-04 2.053981e-02 2.115370e-02 9.021971e-02 4.7482450511e+04 2.1819369270e+05 2.1812523582e+05
733.3665 2.336403e-02 3.353691e-02 3.496335e-04 2.205082e-02 2.263150e-02 8.721788e-02 4.7493533289e+04 2.1819882549e+05 2.1810891562e+05
734.3670 2.415162e-02 3.487100e-02 3.799258e-04 2.450597e-02 2.445567e-02 8.287379e-02 4.7495505021e+04 2.1818626445e+05 2.1811863996e+05
735.3675 2.549978e-02 3.768618e-02 3.358530e-04 2.779528e-02 2.695289e-02 7.716386e-02 4.7490195948e+04 2.1815489397e+05 2.1815362040e+05
736.3680 2.768915e-02 4.157152e-02 3.209313e-04 3.143374e-02 2.939880e-02 7.050090e-02 4.7478847902e+04 2.1810807718e+05 2.1820957051e+05
737.3685 3.051318e-02 4.672177e-02 3.483009e-04 3.541448e-02 3.214074e-02 6.429025e-02 4.7462914652e+04 2.1805209579e+05 2.1827807982e+05
738.3690 3.308609e-02 5.200056e-02 3.200140e-04 3.887205e-02 3.400049e-02 5.884687e-02 4.7446872781e+04 2.1799324599e+05 2.1834989763e+05
739.3695 3.507772e-02 5.630112e-02 3.325136e-04 4.153786e-02 3.571865e-02 5.523734e-02 4.7435775191e+04 2.1793748249e+05 2.1841386453e+05
740.3700 3.639037e-02 5.876182e-02 3.290752e-04 4.386153e-02 3.693409e-02 5.389706e-02 4.7433562236e+04 2.1789182714e+05 2.1845933991e+05
741.3705 3.729683e-02 5.995550e-02 3.037528e-04 4.474568e-02 3.701813e-02 5.405517e-02 4.7442122293e+04 2.1786284486e+05 2.1847848424e+05
742.3710 3.800050e-02 6.229420e-02 3.247410e-04 4.415809e-02 3.652429e-02 5.711742e-02 4.7461688107e+04 2.1785294390e+05 2.1846675471e+05
743.3715 3.899071e-02 6.376322e-02 3.442463e-04 4.273790e-02 3.523803e-02 6.218035e-02 4.7492594161e+04 2.1786176211e+05 2.1842504822e+05
744.3720 3.867252e-02 6.251825e-02 3.365030e-04 4.014392e-02 3.340515e-02 6.811884e-02 4.7535114739e+04 2.1788517867e+05 2.1835920832e+05
745.3725 3.695582e-02 5.891053e-02 3.645270e-04 3.714491e-02 3.146739e-02 7.636574e-02 4.7586340206e+04 2.1791624266e+05 2.1827767119e+05
746.3730 3.401635e-02 5.377977e-02 3.507196e-04 3.369287e-02 2.928173e-02 8.378081e-02 4.7642402392e+04 2.1794977711e+05 2.1819060325e+05
747.3735 3.114038e-02 4.829795e-02 3.618573e-04 3.022078e-02 2.740079e-02 9.102359e-02 4.7698411302e+04 2.1797956315e+05 2.1810748213e+05
748.3740 2.932985e-02 4.417420e-02 3.903101e-04 2.730077e-02 2.577980e-02 9.664240e-02 4.7751024696e+04 2.1799928121e+05 2.1803707537e+05
749.3745 2.799209e-02 4.090379e-02 3.636747e-04 2.514476e-02 2.490430e-02 1.015863e-01 4.7798345477e+04 2.1800425214e+05 2.1798591882e+05
750.3750 2.625039e-02 3.822147e-02 4.189575e-04 2.400602e-02 2.453894e-02 1.032855e-01 4.7838488874e+04 2.1799422370e+05 2.1795750487e+05
751.3755 2.533497e-02 3.633605e-02 3.675186e-04 2.428575e-02 2.522114e-02 1.027584e-01 4.7867267947e+04 2.1797247977e+05 2.1795141774e+05
752.3760 2.588216e-02 3.661002e-02 3.648591e-04 2.568109e-02 2.642164e-02 9.978983e-02 4.7881990903e+04 2.1794387740e+05 2.1796509143e+05
753.3765 2.648052e-02 3.859208e-02 4.140557e-04 2.819892e-02 2.829841e-02 9.561465e-02 4.7882992166e+04 2.1791272002e+05 2.1799409504e+05
754.3770 2.831269e-02 4.182481e-02 3.456452e-04 3.176839e-02 3.069178e-02 8.957838e-02 4.7873632077e+04 2.1788047836e+05 2.1803370790e+05
755.3775 3.040716e-02 4.553490e-02 3.776292e-04 3.593052e-02 3.324940e-02 8.251881e-02 4.7858559908e+04 2.1784793512e+05 2.1807911992e+05
756.3780 3.234152e-02 5.055112e-02 3.682830e-04 4.041227e-02 3.610822e-02 7.554946e-02 4.7841316949e+04 2.1781601813e+05 2.1812535008e+05
757.3785 3.533637e-02 5.634645e-02 3.305855e-04 4.433523e-02 3.822824e-02 6.973291e-02 4.7824265593e+04 2.1778598120e+05 2.1816878557e+05
758.3790 3.907929e-02 6.262822e-02 3.560743e-04 4.764443e-02 4.012814e-02 6.525567e-02 4.7811002879e+04 2.1775784283e+05 2.1820590673e+05
759.3795 4.196338e-02 6.738999e-02 3.473501e-04 5.030603e-02 4.148121e-02 6.314658e-02 4.7806226808e+04 2.1773014671e+05 2.1823447839e+05
760.3800 4.291409e-02 6.981208e-02 3.413526e-04 5.134123e-02 4.183554e-02 6.272006e-02 4.7813803711e+04 2.1770306739e+05 2.1825224642e+05
761.3805 4.259618e-02 7.045973e-02 3.498117e-04 5.128303e-02 4.169504e-02 6.556690e-02 4.7834929042e+04 2.1767756243e+05 2.1825538887e+05
762.3810 4.184564e-02 6.878375e-02 3.461520e-04 4.988740e-02 4.068465e-02 7.043220e-02 4.7869117900e+04 2.1765816492e+05 2.1824058854e+05
763.3815 4.149720e-02 6.753828e-02 3.691814e-04 4.714453e-02 3.909978e-02 7.716031e-02 4.7914891616e+04 2.1764696156e+05 2.1820569960e+05
764.3820 4.060260e-02 6.568641e-02 3.764462e-04 4.364322e-02 3.683426e-02 8.577479e-02 4.7970990374e+04 2.1764539575e+05 2.1815112712e+05
765.3825 3.861150e-02 6.117063e-02 3.886243e-04 3.971189e-02 3.474753e-02 9.406083e-02 4.8035492318e+04 2.1765428587e+05 2.1807945409e+05
766.3830 3.570017e-02 5.574707e-02 4.131742e-04 3.556990e-02 3.238448e-02 1.022792e-01 4.8102462425e+04 2.1767354343e+05 2.1799586610e+05
767.3835 3.267892e-02 4.916516e-02 3.869375e-04 3.224131e-02 3.065590e-02 1.091861e-01 4.8165014938e+04 2.1770340707e+05 2.1790656890e+05
768.3840 2.998380e-02 4.397932e-02 4.218115e-04 2.945547e-02 2.921602e-02 1.152087e-01 4.8217571728e+04 2.1773890423e+05 2.1782098350e+05
769.3845 2.837364e-02 4.156248e-02 4.407804e-04 2.802427e-02 2.866553e-02 1.175687e-01 4.8258571283e+04 2.1777122737e+05 2.1774918639e+05
770.3850 2.780678e-02 3.973506e-02 3.827433e-04 2.808347e-02 2.881096e-02 1.174522e-01 4.8287911017e+04 2.1779077219e+05 2.1770125680e+05
771.3855 2.758492e-02 4.000383e-02 4.492022e-04 2.946223e-02 2.984033e-02 1.151926e-01 4.8305227161e+04 2.1779025688e+05 2.1768433423e+05
772.3860 2.874196e-02 4.215858e-02 4.104613e-04 3.217704e-02 3.174764e-02 1.105170e-01 4.8308941229e+04 2.1776834435e+05 2.1770120516e+05
773.3865 3.098402e-02 4.617951e-02 3.591628e-04 3.605406e-02 3.384367e-02 1.038567e-01 4.8299199193e+04 2.1772693689e+05 2.1775021288e+05
774.3870 3.392946e-02 5.201381e-02 3.993818e-04 4.078693e-02 3.697385e-02 9.596658e-02 4.8279475483e+04 2.1766857945e+05 2.1782470889e+05
775.3875 3.714488e-02 5.748451e-02 3.767673e-04 4.564391e-02 3.972093e-02 8.800065e-02 4.8255687195e+04 2.1759859963e+05 2.1791508362e+05
776.3880 3.932101e-02 6.260738e-02 3.671399e-04 5.041926e-02 4.255694e-02 8.072984e-02 4.8234022350e+04 2.1752478378e+05 2.1800754408e+05
777.3885 4.217253e-02 6.756662e-02 3.510998e-04 5.473054e-02 4.541513e-02 7.544902e-02 4.8218510802e+04 2.1745637750e+05 2.1808755035e+05
778.3890 4.551924e-02 7.329775e-02 3.478471e-04 5.773973e-02 4.697113e-02 7.150246e-02 4.8212631491e+04 2.1740280871e+05 2.1814303090e+05
779.3895 4.791503e-02 7.868714e-02 3.615466e-04 5.905570e-02 4.790699e-02 7.079915e-02 4.8220037539e+04 2.1736936736e+05 2.1816527650e+05
780.3900 4.907273e-02 8.051964e-02 3.792112e-04 5.905632e-02 4.801527e-02 7.343065e-02 4.8243705680e+04 2.1735762039e+05 2.1815106855e+05
781.3905 4.852175e-02 7.902407e-02 3.750154e-04 5.729941e-02 4.684687e-02 7.833311e-02 4.8283810665e+04 2.1736647216e+05 2.1810213426e+05
782.3910 4.613519e-02 7.522664e-02 3.663784e-04 5.436325e-02 4.530943e-02 8.625104e-02 4.8337524075e+04 2.1739266364e+05 2.1802330821e+05
783.3915 4.319242e-02 7.006503e-02 3.975727e-04 5.037624e-02 4.277946e-02 9.566959e-02 4.8400711753e+04 2.1743127505e+05 2.1792365428e+05
784.3920 4.100359e-02 6.542512e-02 3.931425e-04 4.567554e-02 4.011601e-02 1.055350e-01 4.8469881114e+04 2.1747293998e+05 2.1781452980e+05
785.3925 3.846870e-02 6.006229e-02 4.097197e-04 4.076767e-02 3.701764e-02 1.154525e-01 4.8542075527e+04 2.1750896206e+05 2.1770873695e+05
786.3930 3.612109e-02 5.379593e-02 4.236837e-04 3.675433e-02 3.473866e-02 1.240338e-01 4.8612783677e+04 2.1753267529e+05 2.1761684007e+05
787.3935 3.306644e-02 4.876201e-02 4.481224e-04 3.342879e-02 3.263871e-02 1.311232e-01 4.8675101300e+04 2.1754219779e+05 2.1754759947e+05
788.3940 3.057706e-02 4.506747e-02 4.297313e-04 3.187647e-02 3.182663e-02 1.335353e-01 4.8722718059e+04 2.1753969050e+05 2.1750499554e+05
789.3945 3.036066e-02 4.393978e-02 4.407644e-04 3.183002e-02 3.177188e-02 1.342033e-01 4.8751566444e+04 2.1752491856e+05 2.1749125653e+05
790.3950 3.092139e-02 4.525711e-02 4.633338e-04 3.345468e-02 3.298805e-02 1.316094e-01 4.8763589362e+04 2.1749800916e+05 2.1750522711e+05
791.3955 3.171154e-02 4.703007e-02 4.303427e-04 3.663760e-02 3.487811e-02 1.256859e-01 4.8762691996e+04 2.1746006799e+05 2.1754343784e+05
792.3960 3.357943e-02 5.059793e-02 4.390190e-04 4.140418e-02 3.810769e-02 1.182608e-01 4.8750859136e+04 2.1741378832e+05 2.1759909496e+05
793.3965 3.661607e-02 5.624772e-02 4.404785e-04 4.667342e-02 4.151997e-02 1.083899e-01 4.8730306708e+04 2.1736527209e+05 2.1766518864e+05
794.3970 4.076023e-02 6.373846e-02 4.067096e-04 5.214298e-02 4.492979e-02 9.916570e-02 4.8704560600e+04 2.1731749618e+05 2.1773418093e+05
795.3975 4.500803e-02 7.143543e-02 4.149588e-04 5.762460e-02 4.873663e-02 9.108267e-02 4.8679571572e+04 2.1727218365e+05 2.1779916177e+05
796.3980 4.869066e-02 7.675595e-02 3.756881e-04 6.222395e-02 5.166972e-02 8.396100e-02 4.8662112668e+04 2.1723017119e+05 2.1785488489e+05
797.3985 5.019179e-02 8.108499e-02 3.963195e-04 6.556027e-02 5.381020e-02 7.977689e-02 4.8657065872e+04 2.1719182001e+05 2.1789539948e+05
798.3990 5.131275e-02 8.428875e-02 3.638723e-04 6.724981e-02 5.518547e-02 7.931179e-02 4.8666725986e+04 2.1715932072e+05 2.1791541110e+05
799.3995 5.241709e-02 8.636447e-02 3.746078e-04 6.689379e-02 5.476685e-02 8.201148e-02 4.8692978919e+04 2.1713496044e+05 2.1791145972e+05
800.4000 5.261755e-02 8.641856e-02 3.787943e-04 6.467710e-02 5.347193e-02 8.853513e-02 4.8737129291e+04 2.1711965507e+05 2.1788131473e+05
801.4005 5.106387e-02 8.343291e-02 4.324868e-04 6.106515e-02 5.090287e-02 9.752006e-02 4.8798105488e+04 2.1711523515e+05 2.1782549263e+05
802.4010 4.806622e-02 7.738995e-02 4.015792e-04 5.632056e-02 4.776040e-02 1.081644e-01 4.8871496272e+04 2.1712378650e+05 2.1774603062e+05
803.4015 4.402058e-02 7.022547e-02 4.385775e-04 5.094480e-02 4.430275e-02 1.200769e-01 4.8949882144e+04 2.1714729700e+05 2.1764739801e+05
804.4020 4.077273e-02 6.323765e-02 4.614192e-04 4.581178e-02 4.085098e-02 1.307546e-01 4.9026270310e+04 2.1718440351e+05 2.1753716621e+05
805.4025 3.819335e-02 5.769566e-02 4.682179e-04 4.124711e-02 3.791406e-02 1.409137e-01 4.9096281464e+04 2.1722752704e+05 2.1742624191e+05
806.4030 3.522153e-02 5.389815e-02 4.814907e-04 3.792370e-02 3.582854e-02 1.474227e-01 4.9157445969e+04 2.1726760827e+05 2.1732730614e+05
807.4035 3.371814e-02 5.033613e-02 4.764692e-04 3.645416e-02 3.505140e-02 1.499044e-01 4.9206474074e+04 2.1729531834e+05 2.1725246603e+05
808.4040 3.295222e-02 4.868437e-02 4.683192e-04 3.672090e-02 3.546338e-02 1.501891e-01 4.9238903089e+04 2.1730462838e+05 2.1721138527e+05
809.4045 3.366473e-02 4.983269e-02 4.985573e-04 3.871987e-02 3.705296e-02 1.461691e-01 4.9251971149e+04 2.1729281055e+05 2.1720955743e+05
810.4050 3.617404e-02 5.328953e-02 4.455466e-04 4.257453e-02 3.989644e-02 1.391562e-01 4.9246854860e+04 2.1725752046e+05 2.1724771993e+05
811.4055 3.888894e-02 5.849138e-02 4.651206e-04 4.786535e-02 4.362821e-02 1.298429e-01 4.9228919319e+04 2.1719862350e+05 2.1732146787e+05
812.4060 4.186670e-02 6.389396e-02 4.423161e-04 5.357831e-02 4.783374e-02 1.186706e-01 4.9204554954e+04 2.1712066137e+05 2.1742087965e+05
813.4065 4.459143e-02 6.956472e-02 4.247029e-04 5.977168e-02 5.195675e-02 1.091231e-01 4.9178517712e+04 2.1703325576e+05 2.1753069577e+05
814.4070 4.836109e-02 7.634889e-02 3.960610e-04 6.550050e-02 5.599077e-02 1.002540e-01 4.9155553386e+04 2.1694837333e+05 2.1763392288e+05
815.4075 5.305346e-02 8.380895e-02 3.875603e-04 6.975937e-02 5.872452e-02 9.306134e-02 4.9140676477e+04 2.1687693394e+05 2.1771544812e+05
816.4080 5.596829e-02 9.041393e-02 3.947919e-04 7.273001e-02 6.053367e-02 9.009493e-02 4.9139279800e+04 2.1682631889e+05 2.1776293585e+05
817.4085 5.720716e-02 9.349321e-02 3.949716e-04 7.380533e-02 6.090836e-02 9.045086e-02 4.9155474607e+04 2.1680076655e+05 2.1776977545e+05
818.4090 5.674705e-02 9.344152e-02 3.904975e-04 7.296187e-02 6.011474e-02 9.491523e-02 4.9189558714e+04 2.1680142310e+05 2.1773406371e+05
819.4095 5.529925e-02 9.083815e-02 4.227134e-04 7.031277e-02 5.793490e-02 1.025552e-01 4.9239833160e+04 2.1682602848e+05 2.1765957030e+05
820.4100 5.305582e-02 8.675139e-02 4.364484e-04 6.632203e-02 5.484841e-02 1.125377e-01 4.9303467501e+04 2.1686848573e+05 2.1755489880e+05
821.4105 5.041927e-02 8.200124e-02 4.385025e-04 6.097319e-02 5.103947e-02 1.245589e-01 4.9377540997e+04 2.1691781544e+05 2.1743333242e+05
822.4110 4.729547e-02 7.562951e-02 4.624232e-04 5.550737e-02 4.731996e-02 1.365209e-01 4.9457900700e+04 2.1696426350e+05 2.1730924378e+05
823.4115 4.426615e-02 6.812506e-02 4.845528e-04 5.050589e-02 4.392705e-02 1.469100e-01 4.9537835026e+04 2.1700045236e+05 2.1719654359e+05
824.4120 4.098519e-02 6.289047e-02 5.020929e-04 4.615580e-02 4.133946e-02 1.566565e-01 4.9609274564e+04 2.1702129775e+05 2.1710655852e+05
825.4125 3.894791e-02 5.940056e-02 4.807876e-04 4.349014e-02 4.000209e-02 1.610000e-01 4.9667063242e+04 2.1702533675e+05 2.1704683968e+05
826.4130 3.801787e-02 5.682786e-02 4.705121e-04 4.255292e-02 3.988835e-02 1.630379e-01 4.9708835372e+04 2.1701007557e+05 2.1702139654e+05
827.4135 3.769358e-02 5.632326e-02 5.196132e-04 4.342353e-02 4.122661e-02 1.616807e-01 4.9734750150e+04 2.1697618048e+05 2.1702932940e+05
828.4140 3.834049e-02 5.678056e-02 4.763879e-04 4.602571e-02 4.357284e-02 1.563576e-01 4.9745616148e+04 2.1692858390e+05 2.1706576871e+05
829.4145 4.023288e-02 5.998619e-02 4.499868e-04 5.048677e-02 4.717555e-02 1.483427e-01 4.9742023889e+04 2.1687368600e+05 2.1712222965e+05
830.4150 4.351108e-02 6.545018e-02 4.769065e-04 5.574794e-02 5.131346e-02 1.385616e-01 4.9726263029e+04 2.1681829953e+05 2.1719005474e+05
831.4155 4.803162e-02 7.214353e-02 4.248150e-04 6.121836e-02 5.509833e-02 1.276474e-01 4.9703143798e+04 2.1676656459e+05 2.1726107023e+05
832.4160 5.185895e-02 7.957105e-02 4.441354e-04 6.738514e-02 5.931966e-02 1.193132e-01 4.9679315460e+04 2.1671904219e+05 2.1732705576e+05
833.4165 5.471812e-02 8.576541e-02 4.075359e-04 7.229606e-02 6.248473e-02 1.111945e-01 4.9661885181e+04 2.1667709641e+05 2.1738275033e+05
834.4170 5.668728e-02 9.004354e-02 4.035008e-04 7.595423e-02 6.428183e-02 1.056017e-01 4.9654785436e+04 2.1664240770e+05 2.1742212783e+05
835.4175 5.848192e-02 9.462809e-02 4.285502e-04 7.828319e-02 6.543024e-02 1.050289e-01 4.9660573924e+04 2.1661446408e+05 2.1744048811e+05
836.4180 5.969948e-02 9.824227e-02 4.130458e-04 7.850974e-02 6.469358e-02 1.068252e-01 4.9682841257e+04 2.1659390215e+05 2.1743633318e+05
837.4185 6.007239e-02 9.920629e-02 4.401068e-04 7.683428e-02 6.285319e-02 1.126842e-01 4.9722620732e+04 2.1658012502e+05 2.1740881698e+05
838.4190 5.842914e-02 9.645000e-02 4.509706e-04 7.392326e-02 6.030777e-02 1.207872e-01 4.9778712013e+04 2.1657502383e+05 2.1735854260e+05
839.4195 5.526398e-02 9.127216e-02 4.837310e-04 6.988567e-02 5.704694e-02 1.306243e-01 4.9845915525e+04 2.1658091200e+05 2.1728777092e+05
840.4200 5.223988e-02 8.510491e-02 4.581975e-04 6.499445e-02 5.370905e-02 1.417530e-01 4.9918195248e+04 2.1659845127e+05 2.1720048563e+05
841.4205 4.955000e-02 7.913961e-02 5.048096e-04 6.030942e-02 5.059252e-02 1.518297e-01 4.9991264109e+04 2.1662545234e+05 2.1710299315e+05
842.4210 4.679797e-02 7.390156e-02 5.215733e-04 5.608315e-02 4.815638e-02 1.606251e-01 5.0061700228e+04 2.1665611929e+05 2.1700431104e+05
843.4215 4.435575e-02 6.968563e-02 5.357946e-04 5.279893e-02 4.664757e-02 1.676556e-01 5.0125791862e+04 2.1668354577e+05 2.1691455038e+05
844.4220 4.274722e-02 6.661020e-02 5.135301e-04 5.126469e-02 4.647051e-02 1.695204e-01 5.0179653055e+04 2.1670271748e+05 2.1684329960e+05
845.4225 4.247635e-02 6.542193e-02 5.183302e-04 5.108717e-02 4.742051e-02 1.705276e-01 5.0217746352e+04 2.1670882715e+05 2.1679898285e+05
846.4230 4.405182e-02 6.561877e-02 5.326849e-04 5.246130e-02 4.915326e-02 1.672011e-01 5.0239104751e+04 2.1669865168e+05 2.1678719545e+05
847.4235 4.505334e-02 6.763857e-02 4.880542e-04 5.550274e-02 5.205145e-02 1.618209e-01 5.0246157476e+04 2.1666808946e+05 2.1680930731e+05
848.4240 4.685623e-02 7.011138e-02 4.729760e-04 5.979234e-02 5.568035e-02 1.543602e-01 5.0242711929e+04 2.1661686769e+05 2.1686205238e+05
849.4245 4.929710e-02 7.378324e-02 4.740501e-04 6.417763e-02 5.880521e-02 1.457556e-01 5.0232754951e+04 2.1654922643e+05 2.1693763220e+05
850.4250 5.199199e-02 7.888799e-02 4.521953e-04 6.923871e-02 6.219570e-02 1.377277e-01 5.0219771831e+04 2.1647378402e+05 2.1702278331e+05
851.4255 5.594940e-02 8.595854e-02 4.690405e-04 7.402075e-02 6.514605e-02 1.320084e-01 5.0207646669e+04 2.1639907950e+05 2.1710432121e+05
852.4260 5.968360e-02 9.295129e-02 4.363781e-04 7.703546e-02 6.628133e-02 1.258502e-01 5.0202693688e+04 2.1633436946e+05 2.1717049367e+05
853.4265 6.150877e-02 9.812705e-02 4.636818e-04 7.976981e-02 6.756824e-02 1.240887e-01 5.0208657220e+04 2.1628569629e+05 2.1720940700e+05
854.4270 6.160675e-02 9.981225e-02 4.694297e-04 8.087849e-02 6.720417e-02 1.248707e-01 5.0227191675e+04 2.1625991931e+05 2.1721534387e+05
855.4275 6.107215e-02 1.000081e-01 4.484790e-04 8.043571e-02 6.609570e-02 1.278047e-01 5.0257817917e+04 2.1625878768e+05 2.1718537521e+05
856.4280 5.989895e-02 9.855931e-02 4.977996e-04 7.862167e-02 6.415517e-02 1.341485e-01 5.0299622533e+04 2.1627986080e+05 2.1712247868e+05
857.4285 5.873398e-02 9.661117e-02 4.928823e-04 7.589358e-02 6.177721e-02 1.406090e-01 5.0352145958e+04 2.1631576639e+05 2.1703478122e+05
858.4290 5.674634e-02 9.380980e-02 5.442571e-04 7.250608e-02 5.925294e-02 1.491261e-01 5.0413518295e+04 2.1635586400e+05 2.1693422394e+05
859.4295 5.465967e-02 8.942032e-02 5.075438e-04 6.888686e-02 5.710994e-02 1.569467e-01 5.0479829128e+04 2.1639169221e+05 2.1683380375e+05
860.4300 5.260625e-02 8.449892e-02 5.731314e-04 6.560006e-02 5.512070e-02 1.636422e-01 5.0544385707e+04 2.1641756729e+05 2.1674566207e+05
861.4305 5.102528e-02 8.085097e-02 5.268353e-04 6.311953e-02 5.437262e-02 1.697504e-01 5.0601557929e+04 2.1642805360e+05 2.1667895713e+05
862.4310 4.960295e-02 7.846132e-02 5.551580e-04 6.139275e-02 5.407207e-02 1.727976e-01 5.0649705123e+04 2.1641991688e+05 2.1664006017e+05
863.4315 4.905864e-02 7.605265e-02 5.304061e-04 6.120501e-02 5.503105e-02 1.730674e-01 5.0688876120e+04 2.1639177483e+05 2.1662984561e+05
864.4320 4.891275e-02 7.557539e-02 5.354041e-04 6.172555e-02 5.633214e-02 1.727630e-01 5.0718813531e+04 2.1634601306e+05 2.1664524618e+05
865.4325 4.976029e-02 7.555283e-02 5.496532e-04 6.351083e-02 5.840703e-02 1.691903e-01 5.0739455104e+04 2.1629183588e+05 2.1667841178e+05
866.4330 5.171555e-02 7.869540e-02 5.004397e-04 6.651842e-02 6.110703e-02 1.650503e-01 5.0750242363e+04 2.1623659378e+05 2.1672021669e+05
867.4335 5.497273e-02 8.291418e-02 5.046437e-04 6.947743e-02 6.345897e-02 1.592698e-01 5.0753987036e+04 2.1618723580e+05 2.1676295881e+05
868.4340 5.772172e-02 8.633792e-02 4.936477e-04 7.246017e-02 6.549860e-02 1.541597e-01 5.0755222254e+04 2.1614683329e+05 2.1679970863e+05
869.4345 5.897613e-02 8.931798e-02 5.060991e-04 7.614947e-02 6.780348e-02 1.502038e-01 5.0757999889e+04 2.1611656770e+05 2.1682466198e+05
870.4350 6.012521e-02 9.188430e-02 4.884409e-04 7.852186e-02 6.870557e-02 1.475409e-01 5.0764994832e+04 2.1609656276e+05 2.1683589636e+05
871.4355 6.092041e-02 9.452315e-02 4.859619e-04 8.000506e-02 6.908312e-02 1.452426e-01 5.0777797161e+04 2.1608685986e+05 2.1683164071e+05
872.4360 6.240697e-02 9.848399e-02 5.521062e-04 8.136512e-02 6.914893e-02 1.463389e-01 5.0797274358e+04 2.1608252119e+05 2.1681321703e+05
873.4365 6.323461e-02 1.013111e-01 4.843229e-04 8.091320e-02 6.793752e-02 1.485103e-01 5.0826327004e+04 2.1607972831e+05 2.1678536773e+05
874.4370 6.263744e-02 1.019217e-01 5.570490e-04 8.001092e-02 6.663389e-02 1.521070e-01 5.0864762910e+04 2.1607490554e+05 2.1675113129e+05
875.4375 6.103899e-02 9.965325e-02 5.139191e-04 7.856295e-02 6.510103e-02 1.567664e-01 5.0909532009e+04 2.1606853199e+05 2.1671363339e+05
876.4380 5.894929e-02 9.667412e-02 5.208804e-04 7.676483e-02 6.352757e-02 1.614887e-01 5.0956602075e+04 2.1606223594e+05 2.1667436578e+05
877.4385 5.743664e-02 9.420925e-02 5.788565e-04 7.498312e-02 6.233075e-02 1.667341e-01 5.1003347536e+04 2.1605606318e+05 2.1663441054e+05
878.4390 5.666783e-02 9.128216e-02 5.239203e-04 7.311491e-02 6.119513e-02 1.701468e-01 5.1049846188e+04 2.1604991051e+05 2.1659540228e+05
879.4395 5.582658e-02 8.903472e-02 5.845629e-04 7.222400e-02 6.110643e-02 1.735447e-01 5.1094996766e+04 2.1604224434e+05 2.1655817505e+05
880.4400 5.495024e-02 8.801061e-02 5.416523e-04 7.191135e-02 6.162779e-02 1.749856e-01 5.1136264006e+04 2.1603456917e+05 2.1652476922e+05
881.4405 5.530449e-02 8.807996e-02 5.535211e-04 7.208084e-02 6.238905e-02 1.743296e-01 5.1170268642e+04 2.1602741725e+05 2.1649759699e+05
882.4410 5.683254e-02 8.949403e-02 5.406457e-04 7.335310e-02 6.426174e-02 1.730638e-01 5.1195955273e+04 2.1601854228e+05 2.1647889064e+05
883.4415 5.898987e-02 9.114865e-02 5.590105e-04 7.442100e-02 6.582081e-02 1.712197e-01 5.1215834762e+04 2.1600335768e+05 2.1647226693e+05
884.4420 5.990352e-02 9.147412e-02 5.141944e-04 7.642126e-02 6.781790e-02 1.682498e-01 5.1233904026e+04 2.1597876992e+05 2.1647791802e+05
885.4425 5.993826e-02 9.236392e-02 5.424102e-04 7.873615e-02 7.022118e-02 1.661132e-01 5.1251814864e+04 2.1594348664e+05 2.1649386843e+05
886.4430 6.138788e-02 9.260125e-02 5.076806e-04 7.972111e-02 7.100218e-02 1.635660e-01 5.1270610702e+04 2.1590136770e+05 2.1651685599e+05
887.4435 6.350315e-02 9.454696e-02 5.086201e-04 8.089942e-02 7.208344e-02 1.626414e-01 5.1290889490e+04 2.1585656447e+05 2.1653921211e+05
888.4440 6.503408e-02 9.735240e-02 5.681138e-04 8.173404e-02 7.243973e-02 1.636077e-01 5.1315655987e+04 2.1581289683e+05 2.1655546296e+05
889.4445 6.534027e-02 9.782671e-02 4.849726e-04 8.119645e-02 7.162957e-02 1.648307e-01 5.1346911005e+04 2.1577643806e+05 2.1656046143e+05
890.4450 6.425484e-02 9.781385e-02 5.780272e-04 8.079217e-02 7.084148e-02 1.670292e-01 5.1383335933e+04 2.1575214856e+05 2.1654826297e+05
891.4455 6.281662e-02 9.733323e-02 5.325732e-04 8.023352e-02 6.978792e-02 1.712037e-01 5.1422122368e+04 2.1574451399e+05 2.1651685346e+05
892.4460 6.191318e-02 9.727365e-02 5.194307e-04 7.842038e-02 6.760565e-02 1.750354e-01 5.1461627246e+04 2.1575398105e+05 2.1646842966e+05
893.4465 6.118253e-02 9.823860e-02 6.186753e-04 7.747439e-02 6.619139e-02 1.788669e-01 5.1501630365e+04 2.1577441139e+05 2.1640722211e+05
894.4470 6.014878e-02 9.779610e-02 5.542694e-04 7.641578e-02 6.488258e-02 1.821131e-01 5.1541789206e+04 2.1579893582e+05 2.1634279586e+05
895.4475 5.881038e-02 9.585950e-02 6.234726e-04 7.615767e-02 6.407548e-02 1.839613e-01 5.1579566102e+04 2.1582064071e+05 2.1628427070e+05
896.4480 5.805736e-02 9.402608e-02 5.859879e-04 7.660810e-02 6.418159e-02 1.842729e-01 5.1611134472e+04 2.1583377491e+05 2.1624030246e+05
897.4485 5.885405e-02 9.420166e-02 5.626412e-04 7.745284e-02 6.465249e-02 1.830673e-01 5.1633873099e+04 2.1583305281e+05 2.1621784203e+05
898.4490 6.025394e-02 9.586372e-02 6.010895e-04 7.983335e-02 6.671643e-02 1.808500e-01 5.1649620655e+04 2.1581348799e+05 2.1621954274e+05
899.4495 6.132315e-02 9.848031e-02 5.610681e-04 8.210629e-02 6.881537e-02 1.764168e-01 5.1662707234e+04 2.1577254141e+05 2.1624596353e+05
900.4500 6.307996e-02 1.000954e-01 5.936597e-04 8.490657e-02 7.150534e-02 1.720456e-01 5.1675571788e+04 2.1571284373e+05 2.1629097158e+05
901.4505 6.500001e-02 1.032129e-01 5.212773e-04 8.790200e-02 7.469435e-02 1.678376e-01 5.1689423182e+04 2.1564250758e+05 2.1634467102e+05
902.4510 6.830425e-02 1.062978e-01 5.335228e-04 8.947128e-02 7.659835e-02 1.645344e-01 5.1705487768e+04 2.1557207618e+05 2.1639637046e+05
903.4515 7.007438e-02 1.086525e-01 5.203890e-04 9.128993e-02 7.918298e-02 1.628980e-01 5.1727080420e+04 2.1551114482e+05 2.1643299736e+05
904.4520 7.127009e-02 1.094172e-01 5.112242e-04 9.155493e-02 8.005666e-02 1.630810e-01 5.1757706532e+04 2.1546538682e+05 2.1644673829e+05
905.4525 7.142615e-02 1.064934e-01 5.139622e-04 9.018225e-02 7.974797e-02 1.649737e-01 5.1798838298e+04 2.1544115202e+05 2.1643087534e+05
906.4530 6.912150e-02 1.035021e-01 5.654404e-04 8.868520e-02 7.930682e-02 1.707131e-01 5.1848680220e+04 2.1544093421e+05 2.1638189187e+05
907.4535 6.772048e-02 1.006810e-01 5.300499e-04 8.559849e-02 7.687794e-02 1.772474e-01 5.1904263010e+04 2.1546407941e+05 2.1630445097e+05
908.4540 6.722004e-02 9.895470e-02 5.592408e-04 8.187943e-02 7.395453e-02 1.846359e-01 5.1963689447e+04 2.1550298453e+05 2.1620669271e+05
909.4545 6.463682e-02 9.750056e-02 6.299019e-04 7.864822e-02 7.098383e-02 1.928904e-01 5.2026041785e+04 2.1554665620e+05 2.1610144798e+05
910.4550 6.217962e-02 9.558623e-02 5.490765e-04 7.528934e-02 6.745344e-02 2.008166e-01 5.2086659830e+04 2.1558494660e+05 2.1600388811e+05
911.4555 6.023569e-02 9.274026e-02 6.446317e-04 7.272304e-02 6.447437e-02 2.067940e-01 5.2139761347e+04 2.1561141986e+05 2.1592599047e+05
912.4560 5.824349e-02 9.067863e-02 6.354578e-04 7.210766e-02 6.285323e-02 2.103894e-01 5.2180925808e+04 2.1562070587e+05 2.1587662706e+05
913.4565 5.765265e-02 9.135890e-02 5.970171e-04 7.212153e-02 6.158656e-02 2.105222e-01 5.2207834608e+04 2.1560896533e+05 2.1586198269e+05
914.4570 5.824301e-02 9.298631e-02 6.591459e-04 7.466375e-02 6.268755e-02 2.081358e-01 5.2221823790e+04 2.1557457170e+05 2.1588098990e+05
915.4575 5.895338e-02 9.499500e-02 6.433287e-04 7.831743e-02 6.472739e-02 2.014882e-01 5.2225623994e+04 2.1552110478e+05 2.1592995946e+05
916.4580 6.158387e-02 9.793984e-02 6.179901e-04 8.326243e-02 6.813056e-02 1.932098e-01 5.2219469187e+04 2.1545547348e+05 2.1599940946e+05
917.4585 6.518755e-02 1.036064e-01 5.915163e-04 8.971303e-02 7.336589e-02 1.826548e-01 5.2205683510e+04 2.1538708701e+05 2.1607744311e+05
918.4590 6.907017e-02 1.122408e-01 5.692644e-04 9.515375e-02 7.777666e-02 1.714221e-01 5.2189524341e+04 2.1532137073e+05 2.1615486821e+05
919.4595 7.429981e-02 1.193445e-01 5.619663e-04 1.009350e-01 8.338741e-02 1.619867e-01 5.2178156903e+04 2.1526128773e+05 2.1622051261e+05
920.4600 7.765068e-02 1.229066e-01 5.162728e-04 1.050357e-01 8.764811e-02 1.550108e-01 5.2179403941e+04 2.1520965308e+05 2.1626754469e+05
921.4605 7.863473e-02 1.237651e-01 5.165628e-04 1.071422e-01 9.064879e-02 1.515297e-01 5.2197284417e+04 2.1516918274e+05 2.1628877225e+05
922.4610 7.937358e-02 1.235143e-01 5.150269e-04 1.076270e-01 9.273749e-02 1.526467e-01 5.2232089211e+04 2.1514273390e+05 2.1627879896e+05
923.4615 8.030823e-02 1.222502e-01 5.226216e-04 1.045895e-01 9.133119e-02 1.574264e-01 5.2284667724e+04 2.1513106456e+05 2.1623780394e+05
924.4620 7.908037e-02 1.178884e-01 5.172755e-04 1.000934e-01 8.909425e-02 1.680276e-01 5.2355300764e+04 2.1513311351e+05 2.1616583673e+05
925.4625 7.616505e-02 1.119016e-01 5.919466e-04 9.406344e-02 8.489175e-02 1.818289e-01 5.2441318714e+04 2.1514690690e+05 2.1606812342e+05
926.4630 7.170792e-02 1.043483e-01 5.321494e-04 8.652813e-02 7.904234e-02 1.967787e-01 5.2536982569e+04 2.1517232285e+05 2.1595124380e+05
927.4635 6.615729e-02 9.765664e-02 6.231741e-04 7.923953e-02 7.311805e-02 2.127580e-01 5.2632885987e+04 2.1520886702e+05 2.1582264895e+05
928.4640 6.283669e-02 9.262326e-02 6.383911e-04 7.257751e-02 6.671090e-02 2.270617e-01 5.2720116991e+04 2.1525302840e+05 2.1569405344e+05
929.4645 5.955535e-02 8.815118e-02 6.267309e-04 6.737693e-02 6.157484e-02 2.390116e-01 5.2794211561e+04 2.1529731075e+05 2.1557819515e+05
930.4650 5.643843e-02 8.478662e-02 7.428053e-04 6.477266e-02 5.803365e-02 2.454812e-01 5.2851420551e+04 2.1533241065e+05 2.1548831801e+05
931.4655 5.501842e-02 8.258932e-02 6.659295e-04 6.517723e-02 5.678476e-02 2.455655e-01 5.2886317645e+04 2.1535224947e+05 2.1543535672e+05
932.4660 5.433135e-02 8.379112e-02 6.921866e-04 6.829356e-02 5.798376e-02 2.403097e-01 5.2895343952e+04 2.1535199075e+05 2.1542682037e+05
933.4665 5.723888e-02 8.867386e-02 6.810248e-04 7.491008e-02 6.204016e-02 2.288407e-01 5.2878618562e+04 2.1532704119e+05 2.1546572033e+05
934.4670 6.298308e-02 9.744861e-02 6.471574e-04 8.303555e-02 6.765694e-02 2.130223e-01 5.2842017486e+04 2.1527237261e+05 2.1555193703e+05
935.4675 6.875625e-02 1.074398e-01 6.219939e-04 9.335719e-02 7.594398e-02 1.943876e-01 5.2796015175e+04 2.1518692354e+05 2.1567708054e+05
936.4680 7.342928e-02 1.178813e-01 5.755717e-04 1.036688e-01 8.425710e-02 1.743494e-01 5.2749498281e+04 2.1507679788e+05 2.1582824019e+05
937.4685 7.893296e-02 1.271712e-01 5.412536e-04 1.127050e-01 9.222773e-02 1.569465e-01 5.2708894679e+04 2.1495466763e+05 2.1598518808e+05
938.4690 8.547618e-02 1.352002e-01 5.266690e-04 1.205154e-01 9.994383e-02 1.435898e-01 5.2682384005e+04 2.1483532822e+05 2.1612427399e+05
939.4695 8.962271e-02 1.420907e-01 4.868905e-04 1.242997e-01 1.039790e-01 1.358855e-01 5.2679211617e+04 2.1473288064e+05 2.1622536042e+05
940.4700 9.164174e-02 1.440934e-01 4.740473e-04 1.255354e-01 1.067852e-01 1.360906e-01 5.2706246855e+04 2.1465957657e+05 2.1626835829e+05
941.4705 9.146145e-02 1.405948e-01 5.370041e-04 1.224794e-01 1.057664e-01 1.431474e-01 5.2766215893e+04 2.1462548130e+05 2.1624271084e+05
942.4710 8.845830e-02 1.330849e-01 4.805266e-04 1.155236e-01 1.010628e-01 1.572800e-01 5.2856136854e+04 2.1463703713e+05 2.1614448584e+05
943.4715 8.438440e-02 1.243943e-01 5.616933e-04 1.066053e-01 9.497656e-02 1.790162e-01 5.2968074268e+04 2.1469342313e+05 2.1597853934e+05
944.4720 7.984878e-02 1.152357e-01 6.081158e-04 9.484068e-02 8.566319e-02 2.030901e-01 5.3095120324e+04 2.1478587875e+05 2.1576331045e+05
945.4725 7.266320e-02 1.044880e-01 6.190220e-04 8.278613e-02 7.585067e-02 2.278032e-01 5.3229268861e+04 2.1489871854e+05 2.1552242459e+05
946.4730 6.518723e-02 9.315538e-02 7.565405e-04 7.176881e-02 6.631227e-02 2.512627e-01 5.3358599783e+04 2.1501305329e+05 2.1528516506e+05
947.4735 5.919396e-02 8.362056e-02 6.786987e-04 6.308323e-02 5.823444e-02 2.696409e-01 5.3469861024e+04 2.1511205841e+05 2.1508051901e+05
948.4740 5.404556e-02 7.726789e-02 7.870844e-04 5.779381e-02 5.274629e-02 2.816222e-01 5.3552127989e+04 2.1518073820e+05 2.1493365678e+05
949.4745 5.249160e-02 7.465606e-02 7.909884e-04 5.654302e-02 5.039657e-02 2.838210e-01 5.3598805339e+04 2.1520666981e+05 2.1486331495e+05
950.4750 5.344594e-02 7.628625e-02 7.437913e-04 5.999423e-02 5.194997e-02 2.769686e-01 5.3608923384e+04 2.1518114233e+05 2.1487843969e+05
951.4755 5.526436e-02 8.147007e-02 7.709802e-04 6.806090e-02 5.753486e-02 2.615333e-01 5.3585764814e+04 2.1510390962e+05 2.1497671764e+05
952.4760 6.017253e-02 9.076625e-02 6.926140e-04 7.949926e-02 6.611050e-02 2.388408e-01 5.3533182284e+04 2.1498384697e+05 2.1514479618e+05
953.4765 6.762953e-02 1.033487e-01 6.767725e-04 9.302864e-02 7.675719e-02 2.119808e-01 5.3458918075e+04 2.1483644264e+05 2.1535949457e+05
954.4770 7.685859e-02 1.184067e-01 5.628727e-04 1.081136e-01 8.916623e-02 1.832506e-01 5.3375392985e+04 2.1467863683e+05 2.1559159487e+05
955.4775 8.606072e-02 1.345007e-01 5.494287e-04 1.213295e-01 1.001631e-01 1.565365e-01 5.3297627329e+04 2.1452625871e+05 2.1581253889e+05
956.4780 9.317361e-02 1.477148e-01 5.350596e-04 1.327010e-01 1.103019e-01 1.358654e-01 5.3241038209e+04 2.1439419314e+05 2.1599267593e+05
957.4785 9.860172e-02 1.557082e-01 4.845427e-04 1.403483e-01 1.174480e-01 1.229921e-01 5.3216160802e+04 2.1429674604e+05 2.1610884272e+05
958.4790 1.015138e-01 1.597480e-01 4.618338e-04 1.425918e-01 1.200218e-01 1.195038e-01 5.3228253657e+04 2.1424494346e+05 2.1614520285e+05
959.4795 1.022611e-01 1.584189e-01 4.901568e-04 1.404989e-01 1.197551e-01 1.276997e-01 5.3280486489e+04 2.1424169753e+05 2.1609409809e+05
960.4800 1.005847e-01 1.530131e-01 5.249699e-04 1.322425e-01 1.135000e-01 1.444088e-01 5.3373751774e+04 2.1428223412e+05 2.1596222193e+05
961.4805 9.608466e-02 1.432212e-01 5.464432e-04 1.208926e-01 1.048812e-01 1.704554e-01 5.3503640858e+04 2.1435653693e+05 2.1576128843e+05
962.4810 8.784857e-02 1.290651e-01 6.510767e-04 1.066683e-01 9.386902e-02 2.030356e-01 5.3660641989e+04 2.1445392992e+05 2.1551290394e+05
963.4815 7.853842e-02 1.130813e-01 6.131886e-04 9.016953e-02 8.017850e-02 2.355647e-01 5.3830033920e+04 2.1456332471e+05 2.1524342108e+05
964.4820 7.011932e-02 9.808254e-02 7.763217e-04 7.533096e-02 6.804965e-02 2.674017e-01 5.3994429981e+04 2.1467154645e+05 2.1497819123e+05
965.4825 6.253183e-02 8.511828e-02 7.755229e-04 6.247393e-02 5.705376e-02 2.932665e-01 5.4140281294e+04 2.1476567921e+05 2.1474571169e+05
966.4830 5.527143e-02 7.490692e-02 7.714285e-04 5.388668e-02 4.942783e-02 3.105222e-01 5.4255131936e+04 2.1483392847e+05 2.1456921442e+05
967.4835 5.104280e-02 6.846208e-02 9.130893e-04 5.076389e-02 4.657987e-02 3.177181e-01 5.4328318791e+04 2.1486715561e+05 2.1446661095e+05
968.4840 5.010792e-02 6.817269e-02 7.798418e-04 5.294003e-02 4.765353e-02 3.108026e-01 5.4354769731e+04 2.1486015623e+05 2.1444917339e+05
969.4845 5.199053e-02 7.407250e-02 8.152341e-04 6.117460e-02 5.385629e-02 2.943357e-01 5.4333660911e+04 2.1481021545e+05 2.1451794359e+05
970.4850 5.843133e-02 8.501201e-02 7.565094e-04 7.426358e-02 6.448678e-02 2.676262e-01 5.4271264959e+04 2.1471825446e+05 2.1466656718e+05
971.4855 6.760169e-02 9.936095e-02 7.145434e-04 9.005712e-02 7.687853e-02 2.350688e-01 5.4179832247e+04 2.1458791391e+05 2.1488060243e+05
972.4860 7.668756e-02 1.156520e-01 6.445593e-04 1.081746e-01 9.181894e-02 1.992891e-01 5.4075110401e+04 2.1442919843e+05 2.1513493391e+05
973.4865 8.584890e-02 1.331761e-01 5.618263e-04 1.256004e-01 1.060218e-01 1.657407e-01 5.3971565623e+04 2.1425701491e+05 2.1540079470e+05
974.4870 9.552764e-02 1.505785e-01 5.431189e-04 1.399317e-01 1.176330e-01 1.371998e-01 5.3883932359e+04 2.1409008977e+05 2.1564547238e+05
975.4875 1.040452e-01 1.638782e-01 4.712976e-04 1.508564e-01 1.268967e-01 1.192577e-01 5.3827488066e+04 2.1394615638e+05 2.1583615876e+05
976.4880 1.089823e-01 1.718098e-01 4.825981e-04 1.557914e-01 1.307107e-01 1.114529e-01 5.3815056740e+04 2.1384158475e+05 2.1594754770e+05
977.4885 1.100564e-01 1.746301e-01 4.527610e-04 1.549716e-01 1.301204e-01 1.166644e-01 5.3852784463e+04 2.1378796772e+05 2.1596030071e+05
978.4890 1.077956e-01 1.707430e-01 5.240306e-04 1.482335e-01 1.248163e-01 1.342115e-01 5.3940546143e+04 2.1379341893e+05 2.1586732460e+05
979.4895 1.026595e-01 1.599869e-01 5.680231e-04 1.356965e-01 1.142984e-01 1.608526e-01 5.4072158111e+04 2.1385925383e+05 2.1567482506e+05
980.4900 9.630488e-02 1.453530e-01 6.126878e-04 1.203795e-01 1.021444e-01 1.967885e-01 5.4235858945e+04 2.1397541993e+05 2.1539996867e+05
981.4905 8.676987e-02 1.282804e-01 6.826911e-04 1.019695e-01 8.707033e-02 2.351202e-01 5.4419984034e+04 2.1412520643e+05 2.1507478621e+05
982.4910 7.565804e-02 1.088794e-01 7.192562e-04 8.386563e-02 7.255290e-02 2.711494e-01 5.4609035690e+04 2.1428667549e+05 2.1473519020e+05
983.4915 6.599755e-02 9.115849e-02 8.769574e-04 6.866015e-02 6.047628e-02 3.035413e-01 5.4783475923e+04 2.1443622640e+05 2.1442018148e+05
984.4920 5.790898e-02 7.742595e-02 7.872896e-04 5.647648e-02 5.074073e-02 3.253186e-01 5.4927390025e+04 2.1455368887e+05 2.1416767100e+05
985.4925 5.219193e-02 7.014847e-02 8.719449e-04 5.049770e-02 4.646254e-02 3.377640e-01 5.5027286026e+04 2.1462000498e+05 2.1400581227e+05
986.4930 5.107586e-02 6.852986e-02 8.977319e-04 5.057842e-02 4.696431e-02 3.350458e-01 5.5076516867e+04 2.1462400796e+05 2.1395458932e+05
987.4935 5.261810e-02 7.183423e-02 8.143800e-04 5.668359e-02 5.238060e-02 3.193030e-01 5.5074977517e+04 2.1456081898e+05 2.1401901628e+05
988.4940 5.591951e-02 7.918877e-02 8.376409e-04 6.898276e-02 6.298208e-02 2.937677e-01 5.5026176264e+04 2.1443725902e+05 2.1418826904e+05
989.4945 6.427090e-02 9.160381e-02 7.027394e-04 8.515122e-02 7.627634e-02 2.595546e-01 5.4938418632e+04 2.1426722627e+05 2.1443966568e+05
990.4950 7.484059e-02 1.092905e-01 6.890884e-04 1.034782e-01 9.127214e-02 2.221783e-01 5.4826605468e+04 2.1406980260e+05 2.1473915064e+05
991.4955 8.556974e-02 1.288209e-01 6.135497e-04 1.225930e-01 1.067045e-01 1.842338e-01 5.4709782182e+04 2.1386787650e+05 2.1504708952e+05
992.4960 9.614337e-02 1.476123e-01 5.262769e-04 1.393237e-01 1.195504e-01 1.520440e-01 5.4605687944e+04 2.1368370310e+05 2.1532461936e+05
993.4965 1.048852e-01 1.638411e-01 5.250130e-04 1.523872e-01 1.294254e-01 1.285412e-01 5.4530902846e+04 2.1353782291e+05 2.1553542924e+05
994.4970 1.105057e-01 1.757728e-01 4.824408e-04 1.603901e-01 1.351214e-01 1.170206e-01 5.4497002971e+04 2.1344628869e+05 2.1565287688e+05
995.4975 1.132228e-01 1.828938e-01 5.001402e-04 1.617507e-01 1.348277e-01 1.170340e-01 5.4510427350e+04 2.1341813983e+05 2.1566317658e+05
996.4980 1.136831e-01 1.830056e-01 5.149712e-04 1.575117e-01 1.305172e-01 1.307509e-01 5.4573650273e+04 2.1345100441e+05 2.1556473084e+05
997.4985 1.094981e-01 1.744574e-01 5.715535e-04 1.474756e-01 1.214013e-01 1.552437e-01 5.4686144885e+04 2.1353485007e+05 2.1537133315e+05
998.4990 1.022574e-01 1.603564e-01 6.014867e-04 1.327849e-01 1.088955e-01 1.876298e-01 5.4838963269e+04 2.1365356241e+05 2.1510628071e+05
999.4995 9.388982e-02 1.426987e-01 7.050036e-04 1.158253e-01 9.503809e-02 2.262432e-01 5.5017694132e+04 2.1378886915e+05 2.1479956038e+05
1000.5000 8.355369e-02 1.239534e-01 7.079612e-04 9.730286e-02 8.024055e-02 2.629225e-01 5.5207262124e+04 2.1392323522e+05 2.1448603527e+05
1001.5005 7.415417e-02 1.064959e-01 8.270732e-04 8.042217e-02 6.722968e-02 2.969788e-01 5.5389579347e+04 2.1403789017e+05 2.1419818625e+05
1002.5010 6.595374e-02 9.260362e-02 8.842390e-04 6.705206e-02 5.771626e-02 3.229518e-01 5.5548903314e+04 2.1411950646e+05 2.1396484917e+05
1003.5015 5.916103e-02 8.162190e-02 8.092057e-04 5.797888e-02 5.170607e-02 3.381291e-01 5.5672242209e+04 2.1415999221e+05 2.1380819345e+05
1004.5020 5.475605e-02 7.539979e-02 9.302271e-04 5.539902e-02 5.130967e-02 3.418686e-01 5.5748534253e+04 2.1415685857e+05 2.1373898400e+05
1005.5025 5.502337e-02 7.430883e-02 8.166456e-04 5.842035e-02 5.529804e-02 3.315946e-01 5.5773531679e+04 2.1411179779e+05 2.1376076198e+05
1006.5030 5.908044e-02 7.929090e-02 8.224063e-04 6.726573e-02 6.387402e-02 3.104938e-01 5.5750115679e+04 2.1402743740e+05 2.1386637412e+05
1007.5035 6.551584e-02 8.903097e-02 7.737390e-04 8.062764e-02 7.550665e-02 2.814556e-01 5.5687567185e+04 2.1390977025e+05 2.1404174398e+05
1008.5040 7.355289e-02 1.022413e-01 6.563522e-04 9.714524e-02 8.935017e-02 2.475684e-01 5.5598378175e+04 2.1376840109e+05 2.1426531686e+05
1009.5045 8.402158e-02 1.195988e-01 6.898999e-04 1.145913e-01 1.031762e-01 2.118635e-01 5.5495306886e+04 2.1361611001e+05 2.1451124569e+05
1010.5050 9.399631e-02 1.390237e-01 5.461024e-04 1.314550e-01 1.158604e-01 1.789271e-01 5.5393914306e+04 2.1346713808e+05 2.1475113078e+05
1011.5055 1.016508e-01 1.588901e-01 5.743105e-04 1.453010e-01 1.254549e-01 1.540498e-01 5.5309437308e+04 2.1333394598e+05 2.1495826964e+05
1012.5060 1.095294e-01 1.739586e-01 5.150507e-04 1.552775e-01 1.318055e-01 1.379086e-01 5.5255535989e+04 2.1322832808e+05 2.1510850430e+05
1013.5065 1.131282e-01 1.820126e-01 5.103534e-04 1.601508e-01 1.334070e-01 1.330868e-01 5.5243792123e+04 2.1315888471e+05 2.1518422822e+05
1014.5070 1.117149e-01 1.833057e-01 5.533748e-04 1.591550e-01 1.306676e-01 1.388139e-01 5.5278384722e+04 2.1313335356e+05 2.1517438144e+05
1015.5075 1.120105e-01 1.788426e-01 5.746185e-04 1.531139e-01 1.239611e-01 1.561332e-01 5.5355603153e+04 2.1315311884e+05 2.1507720542e+05
1016.5080 1.083821e-01 1.701035e-01 5.987865e-04 1.427693e-01 1.143284e-01 1.810619e-01 5.5471859738e+04 2.1321594121e+05 2.1490110198e+05
1017.5085 1.009715e-01 1.570289e-01 7.083878e-04 1.285677e-01 1.021932e-01 2.124010e-01 5.5618836657e+04 2.1331134239e+05 2.1466499307e+05
1018.5090 9.416156e-02 1.417904e-01 7.130114e-04 1.132194e-01 9.019814e-02 2.450638e-01 5.5783413825e+04 2.1342490564e+05 2.1439356779e+05
1019.5095 8.400405e-02 1.259576e-01 7.804080e-04 9.770489e-02 7.843115e-02 2.755563e-01 5.5952890220e+04 2.1354150355e+05 2.1411662854e+05
1020.5100 7.490917e-02 1.118622e-01 8.759488e-04 8.431502e-02 6.941966e-02 3.027194e-01 5.6110671443e+04 2.1364489859e+05 2.1386288541e+05
1021.5105 7.031383e-02 1.005878e-01 8.555201e-04 7.383799e-02 6.311353e-02 3.199563e-01 5.6242968785e+04 2.1372188827e+05 2.1365979638e+05
1022.5110 6.535677e-02 9.169631e-02 8.613833e-04 6.775359e-02 6.073793e-02 3.295569e-01 5.6342963321e+04 2.1375878018e+05 2.1352806554e+05
1023.5115 6.345491e-02 8.742132e-02 8.971040e-04 6.678864e-02 6.251337e-02 3.282121e-01 5.6404638554e+04 2.1374781269e+05 2.1348004051e+05
1024.5120 6.633066e-02 8.610949e-02 7.951561e-04 7.048000e-02 6.761688e-02 3.156682e-01 5.6425464128e+04 2.1368980363e+05 2.1351814831e+05
1025.5125 6.776629e-02 8.988896e-02 8.166804e-04 7.874165e-02 7.616836e-02 2.963113e-01 5.6407977387e+04 2.1359164015e+05 2.1363277742e+05
1026.5130 7.311223e-02 9.840047e-02 6.921554e-04 9.019736e-02 8.610388e-02 2.714337e-01 5.6356607929e+04 2.1346519087e+05 2.1380651027e+05
1027.5135 8.178615e-02 1.121320e-01 6.955907e-04 1.041232e-01 9.739265e-02 2.433226e-01 5.6283267585e+04 2.1332291475e+05 2.1401424116e+05
1028.5140 8.832981e-02 1.290098e-01 6.385560e-04 1.178543e-01 1.074358e-01 2.150815e-01 5.6204490972e+04 2.1317875416e+05 2.1422961720e+05
1029.5145 9.415353e-02 1.455920e-01 5.962075e-04 1.312703e-01 1.162456e-01 1.905704e-01 5.6132654595e+04 2.1304781058e+05 2.1442427897e+05
1030.5150 1.005191e-01 1.610529e-01 5.902087e-04 1.420557e-01 1.225495e-01 1.728516e-01 5.6076518936e+04 2.1294487566e+05 2.1457475579e+05
1031.5155 1.071394e-01 1.713207e-01 5.246056e-04 1.492981e-01 1.254018e-01 1.621325e-01 5.6044245858e+04 2.1288138875e+05 2.1466400282e+05
1032.5160 1.092295e-01 1.780817e-01 5.845796e-04 1.529171e-01 1.256088e-01 1.595185e-01 5.6042594491e+04 2.1286021176e+05 2.1468271956e+05
1033.5165 1.092740e-01 1.785629e-01 5.999142e-04 1.517506e-01 1.219195e-01 1.659534e-01 5.6074588013e+04 2.1287767794e+05 2.1463238241e+05
1034.5170 1.083324e-01 1.722551e-01 6.288331e-04 1.473351e-01 1.165011e-01 1.797180e-01 5.6140466029e+04 2.1292544730e+05 2.1452005218e+05
1035.5175 1.033271e-01 1.640469e-01 6.826598e-04 1.396872e-01 1.091699e-01 1.993180e-01 5.6236586173e+04 2.1299231848e+05 2.1436047099e+05
1036.5180 9.905243e-02 1.549034e-01 7.240694e-04 1.288179e-01 1.001492e-01 2.228826e-01 5.6354922151e+04 2.1306537560e+05 2.1417305402e+05
1037.5185 9.510455e-02 1.466049e-01 7.618649e-04 1.171494e-01 9.169313e-02 2.459884e-01 5.6487637836e+04 2.1313185004e+05 2.1397757537e+05
1038.5190 8.881255e-02 1.376767e-01 8.365282e-04 1.052723e-01 8.387906e-02 2.699451e-01 5.6626394595e+04 2.1318059061e+05 2.1379447428e+05
1039.5195 8.324753e-02 1.257859e-01 8.252817e-04 9.481277e-02 7.800272e-02 2.885342e-01 5.6759821383e+04 2.1320870517e+05 2.1363903593e+05
1040.5200 7.848017e-02 1.145280e-01 8.195146e-04 8.649679e-02 7.432227e-02 3.016545e-01 5.6876378627e+04 2.1321589435e+05 2.1352129428e+05
1041.5205 7.374554e-02 1.049083e-01 8.634333e-04 8.117614e-02 7.337931e-02 3.099642e-01 5.6967696987e+04 2.1320549243e+05 2.1344531836e+05
1042.5210 7.256554e-02 9.776552e-02 8.045440e-04 7.912112e-02 7.436494e-02 3.087316e-01 5.7029240015e+04 2.1318205303e+05 2.1341158409e+05
1043.5215 7.416928e-02 9.545432e-02 7.904545e-04 8.098041e-02 7.829044e-02 3.015743e-01 5.7061928133e+04 2.1314518726e+05 2.1341659197e+05
1044.5220 7.422244e-02 9.863332e-02 8.100670e-04 8.573268e-02 8.346195e-02 2.893762e-01 5.7069287286e+04 2.1309776879e+05 2.1345630761e+05
1045.5225 7.803304e-02 1.067481e-01 7.063471e-04 9.351766e-02 8.987672e-02 2.726211e-01 5.7052273497e+04 2.1304315298e+05 2.1352421336e+05
1046.5230 8.440455e-02 1.196471e-01 7.195659e-04 1.035623e-01 9.752388e-02 2.529424e-01 5.7014699402e+04 2.1298472515e+05 2.1361321591e+05
1047.5235 8.900457e-02 1.333855e-01 6.490474e-04 1.132310e-01 1.032291e-01 2.324515e-01 5.6965232321e+04 2.1292371586e+05 2.1371838879e+05
1048.5240 9.357649e-02 1.473550e-01 6.340144e-04 1.243411e-01 1.098216e-01 2.142955e-01 5.6912336318e+04 2.1285798168e+05 2.1382968884e+05
1049.5245 9.928536e-02 1.568781e-01 6.375068e-04 1.333265e-01 1.139674e-01 2.000557e-01 5.6866034618e+04 2.1278845115e+05 2.1393981786e+05
1050.5250 1.019743e-01 1.620872e-01 6.251206e-04 1.405584e-01 1.164656e-01 1.890264e-01 5.6836838603e+04 2.1271839806e+05 2.1403641400e+05
1051.5255 1.035679e-01 1.661861e-01 6.347430e-04 1.453482e-01 1.176162e-01 1.840197e-01 5.6827486079e+04 2.1265475351e+05 2.1410677458e+05
1052.5260 1.082387e-01 1.682902e-01 6.593626e-04 1.463853e-01 1.157129e-01 1.858995e-01 5.6840049302e+04 2.1260453453e+05 2.1414127679e+05
1053.5265 1.096908e-01 1.700897e-01 6.540553e-04 1.454139e-01 1.134265e-01 1.913462e-01 5.6879041675e+04 2.1257333940e+05 2.1413130502e+05
1054.5270 1.073735e-01 1.696567e-01 7.058506e-04 1.413242e-01 1.093666e-01 2.033725e-01 5.6943741414e+04 2.1256365928e+05 2.1407584028e+05
1055.5275 1.057767e-01 1.643700e-01 7.380764e-04 1.345944e-01 1.044855e-01 2.175993e-01 5.7030229094e+04 2.1257752257e+05 2.1397715693e+05
1056.5280 1.009580e-01 1.580367e-01 7.587467e-04 1.263832e-01 9.929691e-02 2.343854e-01 5.7134002513e+04 2.1261181842e+05 2.1384214353e+05
1057.5285 9.526589e-02 1.493015e-01 7.881961e-04 1.170419e-01 9.422086e-02 2.528664e-01 5.7248813929e+04 2.1266079201e+05 2.1368259667e+05
1058.5290 9.285649e-02 1.386774e-01 7.867011e-04 1.078145e-01 8.969169e-02 2.680058e-01 5.7367518494e+04 2.1271595735e+05 2.1351341265e+05
1059.5295 8.853486e-02 1.263738e-01 7.922106e-04 9.924857e-02 8.621785e-02 2.828557e-01 5.7484317115e+04 2.1276711511e+05 2.1335099505e+05
1060.5300 8.328004e-02 1.143168e-01 8.276070e-04 9.203492e-02 8.346815e-02 2.932967e-01 5.7591225217e+04 2.1280707403e+05 2.1321096782e+05
1061.5305 8.144461e-02 1.059996e-01 7.787024e-04 8.760130e-02 8.238411e-02 2.981373e-01 5.7677904427e+04 2.1283043837e+05 2.1310530405e+05
1062.5310 7.906108e-02 1.037364e-01 7.861302e-04 8.653430e-02 8.359606e-02 2.982706e-01 5.7738451899e+04 2.1283441104e+05 2.1304252735e+05
1063.5315 7.753838e-02 1.058253e-01 7.726661e-04 8.721989e-02 8.465164e-02 2.939789e-01 5.7770841827e+04 2.1281633122e+05 2.1302910752e+05
1064.5320 7.982759e-02 1.117890e-01 7.250527e-04 9.187386e-02 8.849740e-02 2.844935e-01 5.7777654251e+04 2.1277271681e+05 2.1306292528e+05
1065.5325 8.168304e-02 1.211798e-01 7.475698e-04 9.858252e-02 9.263918e-02 2.702040e-01 5.7764588640e+04 2.1270554675e+05 2.1314000990e+05
1066.5330 8.453561e-02 1.310922e-01 6.890905e-04 1.064339e-01 9.666944e-02 2.541818e-01 5.7734570525e+04 2.1262208321e+05 2.1325002019e+05
1067.5335 9.074125e-02 1.399865e-01 6.933525e-04 1.167142e-01 1.027543e-01 2.373983e-01 5.7690702844e+04 2.1253336785e+05 2.1337668625e+05
1068.5340 9.661896e-02 1.477128e-01 6.664713e-04 1.254481e-01 1.062756e-01 2.215301e-01 5.7641340866e+04 2.1244768306e+05 2.1350771741e+05
1069.5345 1.012028e-01 1.547550e-01 6.501291e-04 1.344692e-01 1.109829e-01 2.069188e-01 5.7596146038e+04 2.1237077691e+05 2.1362557951e+05
1070.5350 1.063833e-01 1.610909e-01 7.145240e-04 1.410623e-01 1.134930e-01 1.973416e-01 5.7562984625e+04 2.1230611187e+05 2.1371888000e+05
1071.5355 1.086972e-01 1.660834e-01 6.500387e-04 1.456267e-01 1.149890e-01 1.922924e-01 5.7551599464e+04 2.1225704047e+05 2.1377602324e+05
1072.5360 1.095595e-01 1.717180e-01 7.374155e-04 1.475686e-01 1.152935e-01 1.915778e-01 5.7566089466e+04 2.1222521415e+05 2.1379005390e+05
1073.5365 1.130289e-01 1.768409e-01 7.158070e-04 1.458356e-01 1.135808e-01 1.981199e-01 5.7606831494e+04 2.1221006372e+05 2.1375977885e+05
1074.5370 1.134081e-01 1.785696e-01 7.274938e-04 1.411809e-01 1.105092e-01 2.072397e-01 5.7677437839e+04 2.1221008109e+05 2.1368772979e+05
1075.5375 1.094798e-01 1.736077e-01 7.817307e-04 1.343117e-01 1.066028e-01 2.222800e-01 5.7774374969e+04 2.1222294654e+05 2.1357974175e+05
1076.5380 1.050489e-01 1.597220e-01 7.476854e-04 1.254934e-01 1.019147e-01 2.391365e-01 5.7890156679e+04 2.1224918600e+05 2.1344373017e+05
1077.5385 9.945720e-02 1.431701e-01 7.510093e-04 1.158513e-01 9.694269e-02 2.558418e-01 5.8015630867e+04 2.1228753483e+05 2.1328800319e+05
1078.5390 9.300344e-02 1.292530e-01 7.980162e-04 1.060731e-01 9.225666e-02 2.739434e-01 5.8141359010e+04 2.1233384843e+05 2.1312268009e+05
1079.5395 8.748425e-02 1.178844e-01 7.794490e-04 9.703076e-02 8.762124e-02 2.878903e-01 5.8260405394e+04 2.1238374647e+05 2.1296049995e+05
1080.5400 8.340438e-02 1.112087e-01 7.794026e-04 9.079292e-02 8.490305e-02 2.971328e-01 5.8365320007e+04 2.1242893284e+05 2.1281457756e+05
1081.5405 7.976873e-02 1.091735e-01 7.743111e-04 8.739221e-02 8.394757e-02 3.023499e-01 5.8448181856e+04 2.1246283885e+05 2.1269979063e+05
1082.5410 7.836215e-02 1.112054e-01 7.581203e-04 8.620676e-02 8.326555e-02 3.020642e-01 5.8501075483e+04 2.1248014250e+05 2.1263024102e+05
1083.5415 7.968024e-02 1.161880e-01 7.381931e-04 8.964274e-02 8.623700e-02 2.941719e-01 5.8520280016e+04 2.1247604974e+05 2.1261318846e+05
1084.5420 8.161711e-02 1.212953e-01 7.582870e-04 9.494505e-02 8.912929e-02 2.820440e-01 5.8508193959e+04 2.1244449770e+05 2.1265552577e+05
1085.5425 8.411922e-02 1.248063e-01 7.232766e-04 1.032101e-01 9.405119e-02 2.665363e-01 5.8472496373e+04 2.1238148259e+05 2.1275278897e+05
1086.5430 8.906260e-02 1.299881e-01 7.633606e-04 1.133358e-01 9.977532e-02 2.488040e-01 5.8421800006e+04 2.1228752693e+05 2.1289410534e+05
1087.5435 9.583932e-02 1.376476e-01 6.608343e-04 1.232820e-01 1.048384e-01 2.311106e-01 5.8364572206e+04 2.1217222682e+05 2.1306199787e+05
1088.5440 1.018141e-01 1.492197e-01 7.446145e-04 1.331977e-01 1.102250e-01 2.141426e-01 5.8310297138e+04 2.1204905544e+05 2.1323306359e+05
1089.5445 1.091105e-01 1.636391e-01 6.938959e-04 1.408000e-01 1.135423e-01 2.022132e-01 5.8266566646e+04 2.1193143970e+05 2.1338614289e+05
1090.5450 1.165418e-01 1.760677e-01 6.738300e-04 1.468990e-01 1.164103e-01 1.939546e-01 5.8243397313e+04 2.1183275796e+05 2.1349960663e+05
1091.5455 1.174753e-01 1.836426e-01 7.663199e-04 1.494352e-01 1.170355e-01 1.921830e-01 5.8249856731e+04 2.1176365239e+05 2.1355818724e+05
1092.5460 1.161974e-01 1.836157e-01 6.743192e-04 1.486703e-01 1.159715e-01 1.965732e-01 5.8287690125e+04 2.1173316584e+05 2.1355036769e+05
1093.5465 1.158522e-01 1.782123e-01 7.736682e-04 1.446429e-01 1.132328e-01 2.055937e-01 5.8355628623e+04 2.1174414524e+05 2.1347276828e+05
1094.5470 1.118201e-01 1.700214e-01 7.649874e-04 1.380444e-01 1.094373e-01 2.206814e-01 5.8452869684e+04 2.1179172378e+05 2.1333101598e+05
1095.5475 1.080281e-01 1.587657e-01 7.419250e-04 1.290273e-01 1.042486e-01 2.362430e-01 5.8573919401e+04 2.1186682549e+05 2.1314047548e+05
1096.5480 1.040301e-01 1.467754e-01 7.861339e-04 1.189746e-01 9.898201e-02 2.547148e-01 5.8708454668e+04 2.1195587480e+05 2.1292197136e+05
1097.5485 9.559029e-02 1.332526e-01 7.649999e-04 1.090721e-01 9.407696e-02 2.719645e-01 5.8846712514e+04 2.1204748331e+05 2.1270001312e+05
1098.5490 8.844438e-02 1.222668e-01 7.861213e-04 1.001814e-01 8.937683e-02 2.857638e-01 5.8973055501e+04 2.1212884944e+05 2.1249952231e+05
1099.5495 8.509218e-02 1.164018e-01 7.714671e-04 9.402184e-02 8.731991e-02 2.957852e-01 5.9075972539e+04 2.1218719103e+05 2.1234126666e+05
1100.5500 8.066634e-02 1.138843e-01 7.762659e-04 8.982420e-02 8.532927e-02 3.007017e-01 5.9152653602e+04 2.1221101867e+05 2.1224403695e+05
1101.5505 7.787077e-02 1.117115e-01 7.628035e-04 8.906057e-02 8.563260e-02 3.001401e-01 5.9200623755e+04 2.1219377480e+05 2.1221575613e+05
1102.5510 8.101630e-02 1.115521e-01 7.818051e-04 9.183943e-02 8.826796e-02 2.918603e-01 5.9217575795e+04 2.1213654973e+05 2.1225592044e+05
1103.5515 8.370301e-02 1.147811e-01 7.393354e-04 9.665662e-02 9.066297e-02 2.804997e-01 5.9205620571e+04 2.1204717628e+05 2.1235662342e+05
1104.5520 8.767016e-02 1.222082e-01 7.247639e-04 1.047124e-01 9.574240e-02 2.659786e-01 5.9168279803e+04 2.1193760255e+05 2.1249953524e+05
1105.5525 9.634902e-02 1.312176e-01 7.582969e-04 1.133917e-01 9.995136e-02 2.493443e-01 5.9112855312e+04 2.1182089121e+05 2.1266602586e+05
1106.5530 1.023791e-01 1.406486e-01 6.924497e-04 1.226985e-01 1.046552e-01 2.332944e-01 5.9053259729e+04 2.1170855822e+05 2.1283254348e+05
1107.5535 1.050322e-01 1.518963e-01 7.872952e-04 1.314313e-01 1.087000e-01 2.186589e-01 5.9001532609e+04 2.1161040737e+05 2.1297760622e+05
1108.5540 1.112880e-01 1.655279e-01 7.078838e-04 1.387029e-01 1.116124e-01 2.085859e-01 5.8963641116e+04 2.1153456907e+05 2.1308322112e+05
1109.5545 1.172829e-01 1.769982e-01 7.466613e-04 1.436218e-01 1.133382e-01 2.023900e-01 5.8948974271e+04 2.1148753679e+05 2.1313765317e+05
1110.5550 1.191513e-01 1.829815e-01 7.717204e-04 1.450662e-01 1.130386e-01 2.012643e-01 5.8964870571e+04 2.1146881007e+05 2.1313736549e+05
1111.5555 1.206630e-01 1.826456e-01 7.096400e-04 1.444883e-01 1.120923e-01 2.056706e-01 5.9011930904e+04 2.1147393234e+05 2.1308352600e+05
1112.5560 1.187718e-01 1.771827e-01 7.970141e-04 1.407395e-01 1.094657e-01 2.143398e-01 5.9088323520e+04 2.1149944650e+05 2.1298354339e+05
1113.5565 1.128062e-01 1.658209e-01 7.180295e-04 1.352587e-01 1.067581e-01 2.262432e-01 5.9188596538e+04 2.1154242507e+05 2.1284586725e+05
1114.5570 1.076668e-01 1.524968e-01 7.673873e-04 1.276391e-01 1.027808e-01 2.393969e-01 5.9303061660e+04 2.1159694183e+05 2.1268369161e+05
1115.5575 1.025165e-01 1.418901e-01 7.546208e-04 1.195600e-01 9.945793e-02 2.541926e-01 5.9424717703e+04 2.1165315911e+05 2.1251083176e+05
1116.5580 9.695313e-02 1.338746e-01 7.631600e-04 1.115400e-01 9.602580e-02 2.666831e-01 5.9547584330e+04 2.1170217010e+05 2.1234402770e+05
1117.5585 9.267095e-02 1.281639e-01 7.627479e-04 1.051298e-01 9.379807e-02 2.771654e-01 5.9660922739e+04 2.1173817311e+05 2.1219797754e+05
1118.5590 8.857240e-02 1.220985e-01 7.309597e-04 1.000612e-01 9.249318e-02 2.834285e-01 5.9754832836e+04 2.1176031648e+05 2.1208604675e+05
1119.5595 8.577129e-02 1.176482e-01 7.242654e-04 9.678798e-02 9.122046e-02 2.866587e-01 5.9820344340e+04 2.1176642008e+05 2.1201789823e+05
1120.5600 8.774045e-02 1.158809e-01 7.445181e-04 9.680166e-02 9.246967e-02 2.850869e-01 5.9853490311e+04 2.1175381924e+05 2.1199739073e+05
1121.5605 8.827591e-02 1.159324e-01 7.753178e-04 9.852078e-02 9.326084e-02 2.779703e-01 5.9860400280e+04 2.1171881701e+05 2.1202710153e+05
1122.5610 8.879282e-02 1.168248e-01 7.160804e-04 1.026928e-01 9.556947e-02 2.701149e-01 5.9845694113e+04 2.1165989328e+05 2.1210081568e+05
1123.5615 9.533398e-02 1.214528e-01 8.224717e-04 1.083925e-01 9.805729e-02 2.597327e-01 5.9814201777e+04 2.1157989253e+05 2.1220856246e+05
1124.5620 1.005981e-01 1.312909e-01 7.166958e-04 1.145205e-01 9.991844e-02 2.483342e-01 5.9775189148e+04 2.1148657133e+05 2.1233622551e+05
1125.5625 1.053606e-01 1.451115e-01 7.720319e-04 1.208206e-01 1.020764e-01 2.377211e-01 5.9735617699e+04 2.1138912043e+05 2.1246668400e+05
1126.5630 1.117086e-01 1.577089e-01 8.253151e-04 1.261656e-01 1.031173e-01 2.286289e-01 5.9703221968e+04 2.1129754986e+05 2.1258400017e+05
1127.5635 1.138838e-01 1.663547e-01 7.072076e-04 1.313579e-01 1.045639e-01 2.232956e-01 5.9687076700e+04 2.1122157707e+05 2.1267130010e+05
1128.5640 1.137286e-01 1.707313e-01 8.522361e-04 1.343328e-01 1.048327e-01 2.195636e-01 5.9691364707e+04 2.1117036044e+05 2.1271669546e+05
1129.5645 1.152155e-01 1.718700e-01 7.479206e-04 1.356393e-01 1.048749e-01 2.187223e-01 5.9716370251e+04 2.1114942439e+05 2.1271133681e+05
1130.5650 1.144652e-01 1.705401e-01 7.647216e-04 1.355320e-01 1.046299e-01 2.218053e-01 5.9764012910e+04 2.1115894662e+05 2.1265398172e+05
1131.5655 1.130861e-01 1.658613e-01 8.308656e-04 1.334042e-01 1.039470e-01 2.261934e-01 5.9834046910e+04 2.1119314653e+05 2.1255155619e+05
1132.5660 1.114249e-01 1.583342e-01 6.861470e-04 1.303284e-01 1.033407e-01 2.321564e-01 5.9922597855e+04 2.1124272948e+05 2.1241622543e+05
1133.5665 1.058826e-01 1.507731e-01 7.754950e-04 1.258192e-01 1.020991e-01 2.392089e-01 6.0022639023e+04 2.1129914470e+05 2.1226448802e+05
1134.5670 1.009382e-01 1.433797e-01 7.262728e-04 1.212833e-01 1.018045e-01 2.469309e-01 6.0121786637e+04 2.1135567715e+05 2.1211263420e+05
1135.5675 9.818608e-02 1.370813e-01 7.069490e-04 1.165163e-01 1.005048e-01 2.527794e-01 6.0213164556e+04 2.1140198221e+05 2.1197870505e+05
1136.5680 9.389313e-02 1.334803e-01 6.965418e-04 1.131040e-01 1.006558e-01 2.579429e-01 6.0293836519e+04 2.1142662433e+05 2.1187583576e+05
1137.5685 9.201236e-02 1.289278e-01 7.026337e-04 1.095288e-01 9.981589e-02 2.610592e-01 6.0360843278e+04 2.1142324514e+05 2.1181532628e+05
1138.5690 9.091863e-02 1.242711e-01 7.159481e-04 1.075333e-01 9.938435e-02 2.631210e-01 6.0411420217e+04 2.1139188230e+05 2.1179857994e+05
1139.5695 9.028718e-02 1.216677e-01 7.615038e-04 1.069561e-01 9.927490e-02 2.622311e-01 6.0443061087e+04 2.1133907580e+05 2.1182167095e+05
1140.5700 9.404819e-02 1.213568e-01 7.161238e-04 1.069497e-01 9.830472e-02 2.593525e-01 6.0454151885e+04 2.1127341554e+05 2.1187646190e+05
1141.5705 9.718068e-02 1.249670e-01 7.210151e-04 1.083446e-01 9.804712e-02 2.578675e-01 6.0449751742e+04 2.1120145687e+05 2.1195027040e+05
1142.5710 9.846974e-02 1.307962e-01 8.104898e-04 1.101761e-01 9.692335e-02 2.537420e-01 6.0438892159e+04 2.1112994463e+05 2.1203110661e+05
1143.5715 1.008304e-01 1.377424e-01 7.383338e-04 1.128501e-01 9.640138e-02 2.503644e-01 6.0426434904e+04 2.1106512561e+05 2.1210509891e+05
1144.5720 1.037641e-01 1.454684e-01 8.610350e-04 1.149268e-01 9.527292e-02 2.467266e-01 6.0417275921e+04 2.1101446646e+05 2.1216165346e+05
1145.5725 1.052324e-01 1.538734e-01 7.935781e-04 1.170643e-01 9.435688e-02 2.438770e-01 6.0415552112e+04 2.1098207873e+05 2.1219249176e+05
1146.5730 1.067241e-01 1.606649e-01 8.010198e-04 1.196788e-01 9.458072e-02 2.423887e-01 6.0423733912e+04 2.1096811420e+05 2.1219436658e+05
1147.5735 1.092365e-01 1.622409e-01 8.677657e-04 1.209709e-01 9.438708e-02 2.392440e-01 6.0444950577e+04 2.1096974498e+05 2.1217063664e+05
1148.5740 1.085600e-01 1.585190e-01 7.616050e-04 1.223344e-01 9.541120e-02 2.378530e-01 6.0480251009e+04 2.1098151129e+05 2.1212502393e+05
1149.5745 1.061129e-01 1.546806e-01 8.305872e-04 1.234246e-01 9.679311e-02 2.370505e-01 6.0526392600e+04 2.1099801442e+05 2.1206424198e+05
1150.5750 1.052274e-01 1.521601e-01 7.461980e-04 1.241489e-01 9.891972e-02 2.347177e-01 6.0579784958e+04 2.1101465037e+05 2.1199540629e+05
1151.5755 1.051052e-01 1.505960e-01 7.142482e-04 1.241901e-01 1.007464e-01 2.342356e-01 6.0639118003e+04 2.1102409468e+05 2.1192678027e+05
1152.5760 1.023131e-01 1.496318e-01 7.292339e-04 1.235789e-01 1.028314e-01 2.339034e-01 6.0704126436e+04 2.1102205876e+05 2.1186487522e+05
1153.5765 9.987036e-02 1.473010e-01 7.012233e-04 1.229369e-01 1.045742e-01 2.337375e-01 6.0771174414e+04 2.1100752263e+05 2.1181389031e+05
1154.5770 9.896628e-02 1.446740e-01 6.616873e-04 1.219739e-01 1.056468e-01 2.336258e-01 6.0834212152e+04 2.1098490664e+05 2.1177490691e+05
1155.5775 9.690226e-02 1.412739e-01 6.420376e-04 1.210581e-01 1.069498e-01 2.344597e-01 6.0888564171e+04 2.1096116715e+05 2.1174604780e+05
1156.5780 9.641311e-02 1.363235e-01 6.676472e-04 1.190298e-01 1.057674e-01 2.353922e-01 6.0932218049e+04 2.1093965661e+05 2.1172699368e+05
1157.5785 9.705187e-02 1.327822e-01 6.738099e-04 1.179774e-01 1.055712e-01 2.379922e-01 6.0965935483e+04 2.1091974595e+05 2.1171388443e+05
1158.5790 9.641545e-02 1.308975e-01 7.521034e-04 1.163048e-01 1.033711e-01 2.390671e-01 6.0994374162e+04 2.1090024378e+05 2.1170706368e+05
1159.5795 9.741448e-02 1.304997e-01 6.630292e-04 1.147602e-01 1.008637e-01 2.416251e-01 6.1016895697e+04 2.1088127530e+05 2.1170392730e+05
1160.5800 9.910458e-02 1.336822e-01 7.680687e-04 1.132117e-01 9.800025e-02 2.460892e-01 6.1034553898e+04 2.1086212805e+05 2.1170342315e+05
1161.5805 9.897883e-02 1.395387e-01 7.908640e-04 1.113545e-01 9.431719e-02 2.481008e-01 6.1051614725e+04 2.1084203079e+05 2.1170556484e+05
1162.5810 1.009995e-01 1.458695e-01 7.595895e-04 1.100078e-01 9.141107e-02 2.520477e-01 6.1068609286e+04 2.1081777760e+05 2.1170955208e+05
1163.5815 1.033388e-01 1.496156e-01 8.769551e-04 1.085050e-01 8.856310e-02 2.535720e-01 6.1089438224e+04 2.1079009392e+05 2.1171493011e+05
1164.5820 1.000438e-01 1.484295e-01 7.973135e-04 1.081269e-01 8.699735e-02 2.556494e-01 6.1116036521e+04 2.1076237551e+05 2.1171789184e+05
1165.5825 9.863390e-02 1.457875e-01 8.594021e-04 1.083849e-01 8.660597e-02 2.557332e-01 6.1144912648e+04 2.1073844754e+05 2.1171469806e+05
1166.5830 1.016101e-01 1.448635e-01 8.346089e-04 1.087398e-01 8.694493e-02 2.529987e-01 6.1175212312e+04 2.1072016014e+05 2.1170261850e+05
1167.5835 1.006868e-01 1.448730e-01 7.764542e-04 1.099834e-01 8.861570e-02 2.512022e-01 6.1210015759e+04 2.1070799911e+05 2.1167992986e+05
1168.5840 9.892841e-02 1.455415e-01 8.031375e-04 1.120122e-01 9.135648e-02 2.454724e-01 6.1248975423e+04 2.1070181960e+05 2.1164798303e+05
1169.5845 9.971207e-02 1.465073e-01 7.375901e-04 1.149901e-01 9.495738e-02 2.396986e-01 6.1287774193e+04 2.1070026105e+05 2.1160965979e+05
1170.5850 9.907898e-02 1.472188e-01 6.980365e-04 1.177605e-01 9.849907e-02 2.344720e-01 6.1325063058e+04 2.1070252979e+05 2.1156967843e+05
1171.5855 9.796959e-02 1.493989e-01 6.779011e-04 1.202314e-01 1.020396e-01 2.279837e-01 6.1359017097e+04 2.1070490674e+05 2.1153310619e+05
1172.5860 9.979321e-02 1.494467e-01 6.886891e-04 1.228616e-01 1.048940e-01 2.225864e-01 6.1389275521e+04 2.1070180473e+05 2.1150518284e+05
1173.5865 1.003519e-01 1.469258e-01 6.310029e-04 1.253586e-01 1.077758e-01 2.179479e-01 6.1419089698e+04 2.1068849938e+05 2.1148920714e+05
1174.5870 9.916503e-02 1.442867e-01 6.752049e-04 1.265779e-01 1.088698e-01 2.150898e-01 6.1448320433e+04 2.1066350025e+05 2.1148678138e+05
1175.5875 1.016212e-01 1.420255e-01 6.161241e-04 1.265433e-01 1.086175e-01 2.146623e-01 6.1474888216e+04 2.1062894630e+05 2.1149499906e+05
1176.5880 1.027790e-01 1.411167e-01 6.929552e-04 1.262552e-01 1.078613e-01 2.169505e-01 6.1500512076e+04 2.1058937081e+05 2.1150834264e+05
1177.5885 1.032585e-01 1.429090e-01 6.917161e-04 1.242715e-01 1.048832e-01 2.190361e-01 6.1527593842e+04 2.1054833872e+05 2.1152254956e+05
1178.5890 1.053480e-01 1.464511e-01 6.621830e-04 1.216366e-01 1.020399e-01 2.255730e-01 6.1557291178e+04 2.1050776031e+05 2.1153067138e+05
1179.5895 1.041739e-01 1.493002e-01 7.927669e-04 1.179009e-01 9.776357e-02 2.323320e-01 6.1593022841e+04 2.1047434541e+05 2.1152809565e+05
1180.5900 1.018331e-01 1.485483e-01 7.337720e-04 1.136536e-01 9.348224e-02 2.397104e-01 6.1633860764e+04 2.1045357825e+05 2.1150977347e+05
1181.5905 1.036752e-01 1.463451e-01 8.147625e-04 1.091349e-01 8.952088e-02 2.479703e-01 6.1676847330e+04 2.1044695350e+05 2.1147360131e+05
1182.5910 1.037442e-01 1.434220e-01 8.064630e-04 1.047815e-01 8.575262e-02 2.532904e-01 6.1724694274e+04 2.1045398977e+05 2.1142093950e+05
1183.5915 9.948499e-02 1.408134e-01 7.868006e-04 1.016986e-01 8.361801e-02 2.601799e-01 6.1775971977e+04 2.1047026106e+05 2.1135552283e+05
1184.5920 9.906789e-02 1.379473e-01 8.658012e-04 9.941197e-02 8.243239e-02 2.617611e-01 6.1825652822e+04 2.1049323573e+05 2.1128495844e+05
1185.5925 9.959369e-02 1.355150e-01 7.721072e-04 9.842217e-02 8.232924e-02 2.616102e-01 6.1870458736e+04 2.1051690670e+05 2.1121773002e+05
1186.5930 9.662772e-02 1.364223e-01 7.957209e-04 9.919690e-02 8.371302e-02 2.602421e-01 6.1910254704e+04 2.1053279665e+05 2.1116260626e+05
1187.5935 9.614799e-02 1.404714e-01 7.581202e-04 1.013840e-01 8.631455e-02 2.532809e-01 6.1943391527e+04 2.1053387142e+05 2.1112792498e+05
1188.5940 9.866798e-02 1.433486e-01 7.451921e-04 1.049538e-01 8.954436e-02 2.476801e-01 6.1968975745e+04 2.1051481387e+05 2.1111858985e+05
1189.5945 9.821582e-02 1.428350e-01 7.101433e-04 1.091749e-01 9.342100e-02 2.392404e-01 6.1990656865e+04 2.1047769599e+05 2.1113464021e+05
1190.5950 9.758215e-02 1.430522e-01 7.163566e-04 1.139637e-01 9.735077e-02 2.294026e-01 6.2005640267e+04 2.1042661620e+05 2.1117133565e+05
1191.5955 1.011832e-01 1.443858e-01 6.681166e-04 1.194118e-01 1.012077e-01 2.200757e-01 6.2011666327e+04 2.1036981561e+05 2.1122012801e+05
1192.5960 1.041110e-01 1.456831e-01 6.485953e-04 1.244291e-01 1.048573e-01 2.118042e-01 6.2013139985e+04 2.1031494860e+05 2.1127172166e+05
1193.5965 1.052841e-01 1.477104e-01 6.613424e-04 1.284670e-01 1.071244e-01 2.046949e-01 6.2014948066e+04 2.1026643174e+05 2.1131753525e+05
1194.5970 1.076657e-01 1.502689e-01 6.384947e-04 1.311872e-01 1.083869e-01 2.010130e-01 6.2021243249e+04 2.1022585913e+05 2.1134965786e+05
1195.5975 1.086239e-01 1.542120e-01 6.951352e-04 1.327820e-01 1.087962e-01 1.997015e-01 6.2035611691e+04 2.1019653257e+05 2.1136236592e+05
1196.5980 1.105562e-01 1.588832e-01 6.593145e-04 1.319942e-01 1.071438e-01 2.010836e-01 6.2059015815e+04 2.1017890042e+05 2.1135435675e+05
1197.5985 1.124257e-01 1.616807e-01 6.845967e-04 1.291741e-01 1.046176e-01 2.074688e-01 6.2092910539e+04 2.1017106429e+05 2.1132595059e+05
1198.5990 1.119093e-01 1.592669e-01 7.570648e-04 1.244930e-01 1.006770e-01 2.144744e-01 6.2140281332e+04 2.1017106960e+05 2.1128035654e+05
1199.5995 1.091787e-01 1.526354e-01 7.597998e-04 1.186643e-01 9.648301e-02 2.255613e-01 6.2199537918e+04 2.1017505986e+05 2.1122048760e+05
1200.6000 1.057885e-01 1.451276e-01 7.999914e-04 1.118835e-01 9.185274e-02 2.362179e-01 6.2267521648e+04 2.1018274938e+05 2.1114950574e+05
1201.6005 1.023930e-01 1.390092e-01 7.704706e-04 1.051497e-01 8.728198e-02 2.467204e-01 6.2339291527e+04 2.1019424766e+05 2.1107044290e+05
1202.6010 1.003361e-01 1.361678e-01 8.246196e-04 9.917018e-02 8.355423e-02 2.580763e-01 6.2410221861e+04 2.1020733622e+05 2.1098765951e+05
1203.6015 9.739135e-02 1.354079e-01 8.121301e-04 9.395654e-02 8.052283e-02 2.633367e-01 6.2479945696e+04 2.1022016650e+05 2.1090786873e+05
1204.6020 9.403785e-02 1.359613e-01 7.837627e-04 9.066836e-02 7.863144e-02 2.690652e-01 6.2542395360e+04 2.1022893027e+05 2.1083751678e+05
1205.6025 9.367108e-02 1.356516e-01 8.348821e-04 8.992217e-02 7.867295e-02 2.696753e-01 6.2593236548e+04 2.1023335370e+05 2.1078253791e+05
1206.6030 9.348508e-02 1.343289e-01 7.493059e-04 9.097505e-02 7.965616e-02 2.655748e-01 6.2629817887e+04 2.1023188043e+05 2.1074885857e+05
1207.6035 9.090439e-02 1.326896e-01 7.701796e-04 9.435770e-02 8.210083e-02 2.608672e-01 6.2650670444e+04 2.1022221734e+05 2.1073899899e+05
1208.6040 9.280649e-02 1.319998e-01 7.152852e-04 9.929278e-02 8.559832e-02 2.503149e-01 6.2655956614e+04 2.1020197802e+05 2.1075433395e+05
1209.6045 9.555917e-02 1.334715e-01 7.343803e-04 1.060481e-01 9.011649e-02 2.378952e-01 6.2648908720e+04 2.1016954280e+05 2.1079255263e+05
1210.6050 9.646848e-02 1.359080e-01 7.242839e-04 1.140676e-01 9.536818e-02 2.249912e-01 6.2634721738e+04 2.1012562900e+05 2.1084924166e+05
1211.6055 1.001982e-01 1.431165e-01 6.875068e-04 1.219013e-01 1.005267e-01 2.112628e-01 6.2614350284e+04 2.1007252840e+05 2.1091864580e+05
1212.6060 1.058910e-01 1.546895e-01 6.760789e-04 1.291434e-01 1.048279e-01 1.990323e-01 6.2592392538e+04 2.1001267939e+05 2.1099379722e+05
1213.6065 1.107310e-01 1.645639e-01 6.579879e-04 1.349340e-01 1.087451e-01 1.906686e-01 6.2577162377e+04 2.0994835557e+05 2.1106689628e+05
1214.6070 1.133551e-01 1.703286e-01 6.921980e-04 1.387218e-01 1.108525e-01 1.836168e-01 6.2575512753e+04 2.0988437362e+05 2.1112953513e+05
1215.6075 1.141192e-01 1.693087e-01 6.352253e-04 1.395857e-01 1.111928e-01 1.830126e-01 6.2591912429e+04 2.0982581149e+05 2.1117158898e+05
1216.6080 1.134060e-01 1.657066e-01 7.029914e-04 1.373878e-01 1.099363e-01 1.878143e-01 6.2627708556e+04 2.0978047487e+05 2.1118233600e+05
1217.6085 1.136816e-01 1.603923e-01 6.897576e-04 1.324324e-01 1.063902e-01 1.948875e-01 6.2682107760e+04 2.0975731163e+05 2.1115369074e+05
1218.6090 1.114302e-01 1.533531e-01 7.408980e-04 1.253202e-01 1.018255e-01 2.088635e-01 6.2754263149e+04 2.0975977985e+05 2.1108187682e+05
1219.6095 1.062604e-01 1.483611e-01 7.458691e-04 1.166293e-01 9.614784e-02 2.225719e-01 6.2841965488e+04 2.0978802103e+05 2.1097034208e+05
1220.6100 1.027174e-01 1.459715e-01 7.433821e-04 1.073050e-01 8.975142e-02 2.392348e-01 6.2937018421e+04 2.0983643949e+05 2.1082879731e+05
1221.6105 9.912729e-02 1.434063e-01 8.096225e-04 9.824594e-02 8.384124e-02 2.550829e-01 6.3033314543e+04 2.0989907037e+05 2.1067197788e+05
1222.6110 9.351876e-02 1.393016e-01 8.087747e-04 8.996522e-02 7.822808e-02 2.665751e-01 6.3124279837e+04 2.0996610694e+05 2.1051883676e+05
1223.6115 8.791897e-02 1.339303e-01 8.046893e-04 8.405950e-02 7.413156e-02 2.780845e-01 6.3201466646e+04 2.1002394189e+05 2.1038765056e+05
1224.6120 8.766559e-02 1.271267e-01 8.351712e-04 8.095487e-02 7.186590e-02 2.814223e-01 6.3260821009e+04 2.1006104816e+05 2.1029483286e+05
1225.6125 8.598312e-02 1.205705e-01 7.950366e-04 8.066831e-02 7.141784e-02 2.807331e-01 6.3301261621e+04 2.1006807928e+05 2.1025129461e+05
1226.6130 8.310533e-02 1.171785e-01 8.119184e-04 8.380945e-02 7.343515e-02 2.754538e-01 6.3320469087e+04 2.1004285083e+05 2.1025996525e+05
1227.6135 8.700164e-02 1.192514e-01 7.746250e-04 8.950475e-02 7.687659e-02 2.628502e-01 6.3315530581e+04 2.0998866701e+05 2.1031808143e+05
1228.6140 9.055965e-02 1.272406e-01 7.754316e-04 9.832080e-02 8.255042e-02 2.478932e-01 6.3291019069e+04 2.0991134203e+05 2.1041543025e+05
1229.6145 9.391140e-02 1.384348e-01 7.345406e-04 1.085157e-01 8.945696e-02 2.305501e-01 6.3254287515e+04 2.0981836342e+05 2.1053945828e+05
1230.6150 9.951250e-02 1.515122e-01 7.088089e-04 1.188964e-01 9.624029e-02 2.110932e-01 6.3211019458e+04 2.0972024850e+05 2.1067430837e+05
1231.6155 1.055741e-01 1.618390e-01 6.706114e-04 1.293507e-01 1.034110e-01 1.939265e-01 6.3169728615e+04 2.0962694214e+05 2.1080204346e+05
1232.6160 1.097622e-01 1.683791e-01 6.500073e-04 1.377855e-01 1.093973e-01 1.798256e-01 6.3139068788e+04 2.0954798325e+05 2.1090726972e+05
1233.6165 1.137807e-01 1.719953e-01 6.541295e-04 1.435554e-01 1.134000e-01 1.687309e-01 6.3125084210e+04 2.0949008819e+05 2.1097664910e+05
1234.6170 1.179192e-01 1.709992e-01 6.124578e-04 1.458150e-01 1.153967e-01 1.663780e-01 6.3133171053e+04 2.0945533991e+05 2.1100130184e+05
1235.6175 1.179454e-01 1.686393e-01 6.522866e-04 1.444418e-01 1.146770e-01 1.688153e-01 6.3169112778e+04 2.0944414191e+05 2.1097729450e+05
1236.6180 1.143110e-01 1.648126e-01 6.570923e-04 1.396815e-01 1.117393e-01 1.774905e-01 6.3232980503e+04 2.0945490754e+05 2.1090527550e+05
1237.6185 1.119895e-01 1.613490e-01 6.982792e-04 1.316493e-01 1.064268e-01 1.931417e-01 6.3318365853e+04 2.0948498471e+05 2.1079118911e+05
1238.6190 1.085083e-01 1.585223e-01 6.900378e-04 1.212964e-01 9.919687e-02 2.106896e-01 6.3420798889e+04 2.0953075876e+05 2.1064549772e+05
1239.6195 1.001120e-01 1.538083e-01 7.197773e-04 1.096863e-01 9.130501e-02 2.325598e-01 6.3534759656e+04 2.0958443211e+05 2.1048218675e+05
1240.6200 9.497587e-02 1.443726e-01 7.884154e-04 9.774157e-02 8.276735e-02 2.522414e-01 6.3650201319e+04 2.0963980752e+05 2.1031749675e+05
1241.6205 9.150491e-02 1.324094e-01 7.852758e-04 8.720595e-02 7.529409e-02 2.697873e-01 6.3757928396e+04 2.0969001237e+05 2.1016595193e+05
1242.6210 8.376721e-02 1.208695e-01 8.191912e-04 7.913847e-02 6.940434e-02 2.842193e-01 6.3850648227e+04 2.0973049198e+05 2.1004041459e+05
1243.6215 8.113832e-02 1.118117e-01 8.142963e-04 7.427380e-02 6.546453e-02 2.903481e-01 6.3918476106e+04 2.0975729140e+05 2.0995154891e+05
1244.6220 8.140534e-02 1.085098e-01 8.304902e-04 7.332307e-02 6.448024e-02 2.914251e-01 6.3957180627e+04 2.0976504312e+05 2.0990664222e+05
1245.6225 7.963217e-02 1.106590e-01 8.525822e-04 7.613941e-02 6.598565e-02 2.854849e-01 6.3968853792e+04 2.0975015417e+05 2.0991045149e+05
1246.6230 8.242915e-02 1.186001e-01 7.803400e-04 8.260599e-02 7.011615e-02 2.715330e-01 6.3953571353e+04 2.0970996455e+05 2.0996294761e+05
1247.6235 8.721862e-02 1.304289e-01 7.766349e-04 9.307399e-02 7.702550e-02 2.535686e-01 6.3916219806e+04 2.0964509970e+05 2.1005866553e+05
1248.6240 9.214208e-02 1.420034e-01 7.422222e-04 1.047301e-01 8.516107e-02 2.326750e-01 6.3864565519e+04 2.0955989812e+05 2.1018937432e+05
1249.6245 1.010352e-01 1.528814e-01 7.054687e-04 1.170572e-01 9.382180e-02 2.091830e-01 6.3805324057e+04 2.0946060007e+05 2.1034096205e+05
1250.6250 1.091837e-01 1.608526e-01 6.817880e-04 1.291170e-01 1.024559e-01 1.882485e-01 6.3750191732e+04 2.0935428505e+05 2.1049598994e+05
1251.6255 1.128802e-01 1.659938e-01 6.503109e-04 1.393026e-01 1.100353e-01 1.702407e-01 6.3710265021e+04 2.0925159999e+05 2.1063528031e+05
1252.6260 1.181925e-01 1.694443e-01 6.550518e-04 1.464371e-01 1.153460e-01 1.575420e-01 6.3691133693e+04 2.0916282309e+05 2.1073970325e+05
1253.6265 1.215436e-01 1.721916e-01 5.960481e-04 1.494597e-01 1.178045e-01 1.534480e-01 6.3699106835e+04 2.0909877344e+05 2.1079270727e+05
1254.6270 1.194905e-01 1.752229e-01 6.205040e-04 1.486446e-01 1.175997e-01 1.553435e-01 6.3738609246e+04 2.0906844560e+05 2.1078285741e+05
1255.6275 1.181278e-01 1.757271e-01 6.212337e-04 1.436410e-01 1.141626e-01 1.652549e-01 6.3807586781e+04 2.0907426701e+05 2.1070779177e+05
1256.6280 1.159721e-01 1.720058e-01 6.411008e-04 1.345003e-01 1.079103e-01 1.819485e-01 6.3902552930e+04 2.0911564020e+05 2.1057324339e+05
1257.6285 1.090627e-01 1.627879e-01 6.695909e-04 1.230453e-01 9.967914e-02 2.025111e-01 6.4018388966e+04 2.0918702286e+05 2.1039211807e+05
1258.6290 1.010962e-01 1.493106e-01 6.988748e-04 1.099618e-01 9.044598e-02 2.264476e-01 6.4143065012e+04 2.0927890980e+05 2.1018356471e+05
1259.6295 9.684056e-02 1.333777e-01 7.653861e-04 9.651069e-02 8.045199e-02 2.492495e-01 6.4264638130e+04 2.0937869510e+05 2.0997049832e+05
1260.6300 9.031370e-02 1.191646e-01 7.752072e-04 8.472979e-02 7.192006e-02 2.694792e-01 6.4375932706e+04 2.0947066969e+05 2.0977563937e+05
1261.6305 8.153691e-02 1.099227e-01 8.160587e-04 7.558525e-02 6.475766e-02 2.851497e-01 6.4469216955e+04 2.0953916440e+05 2.0962143503e+05
1262.6310 8.156884e-02 1.059247e-01 8.196098e-04 7.022804e-02 6.038168e-02 2.929162e-01 6.4534587790e+04 2.0957263214e+05 2.0952494299e+05
1263.6315 8.097274e-02 1.075507e-01 8.619398e-04 6.900432e-02 5.903155e-02 2.942494e-01 6.4570480171e+04 2.0956508432e+05 2.0949665408e+05
1264.6320 7.862287e-02 1.135725e-01 8.381180e-04 7.200198e-02 6.071099e-02 2.866393e-01 6.4576268525e+04 2.0951709767e+05 2.0953871058e+05
1265.6325 8.550198e-02 1.232602e-01 8.052955e-04 7.935376e-02 6.569786e-02 2.717723e-01 6.4548966528e+04 2.0943346496e+05 2.0964388062e+05
1266.6330 9.101515e-02 1.314712e-01 8.036817e-04 9.009635e-02 7.337567e-02 2.527676e-01 6.4499593893e+04 2.0932376181e+05 2.0979762795e+05
1267.6335 9.477587e-02 1.376893e-01 7.556565e-04 1.021276e-01 8.213991e-02 2.292333e-01 6.4438489562e+04 2.0920009318e+05 2.0997963908e+05
1268.6340 1.034133e-01 1.456124e-01 7.015630e-04 1.154676e-01 9.189835e-02 2.047656e-01 6.4372633585e+04 2.0907517639e+05 2.1016430847e+05
1269.6345 1.105324e-01 1.557886e-01 6.705330e-04 1.280372e-01 1.013049e-01 1.823158e-01 6.4315044391e+04 2.0896292389e+05 2.1032740079e+05
1270.6350 1.144851e-01 1.664965e-01 6.352408e-04 1.386095e-01 1.091793e-01 1.634146e-01 6.4275400719e+04 2.0887630401e+05 2.1044801252e+05
1271.6355 1.204572e-01 1.753974e-01 6.190166e-04 1.459514e-01 1.148561e-01 1.511013e-01 6.4259828919e+04 2.0882158606e+05 2.1051199834e+05
1272.6360 1.224194e-01 1.813941e-01 6.042794e-04 1.487235e-01 1.172919e-01 1.465673e-01 6.4274972298e+04 2.0880177420e+05 2.1051319717e+05
1273.6365 1.199313e-01 1.816365e-01 6.038757e-04 1.478323e-01 1.166523e-01 1.493565e-01 6.4323030244e+04 2.0881541403e+05 2.1045189321e+05
1274.6370 1.170693e-01 1.749875e-01 6.020761e-04 1.424860e-01 1.132210e-01 1.597915e-01 6.4399854827e+04 2.0885811187e+05 2.1033550746e+05
1275.6375 1.117215e-01 1.635225e-01 6.402742e-04 1.330952e-01 1.061782e-01 1.771032e-01 6.4499986589e+04 2.0892289013e+05 2.1017697452e+05
1276.6380 1.057775e-01 1.496423e-01 6.456227e-04 1.217278e-01 9.797093e-02 1.983579e-01 6.4616567188e+04 2.0899904555e+05 2.0999152390e+05
1277.6385 9.836784e-02 1.368729e-01 7.122641e-04 1.082381e-01 8.793420e-02 2.224527e-01 6.4740427679e+04 2.0907581213e+05 2.0979887229e+05
1278.6390 9.154468e-02 1.260517e-01 7.507777e-04 9.527928e-02 7.802811e-02 2.453503e-01 6.4861397884e+04 2.0914362101e+05 2.0961718469e+05
1279.6395 8.621719e-02 1.175709e-01 7.643531e-04 8.368874e-02 6.924653e-02 2.647678e-01 6.4968743921e+04 2.0919548330e+05 2.0946386611e+05
1280.6400 8.038784e-02 1.122598e-01 7.962209e-04 7.499368e-02 6.218933e-02 2.795349e-01 6.5053437827e+04 2.0922691951e+05 2.0935259176e+05
1281.6405 7.759711e-02 1.103883e-01 8.290143e-04 7.023088e-02 5.826117e-02 2.871547e-01 6.5107857889e+04 2.0923512253e+05 2.0929229453e+05
1282.6410 7.778279e-02 1.118889e-01 8.421482e-04 6.890549e-02 5.695524e-02 2.867576e-01 6.5130314510e+04 2.0921739861e+05 2.0928804083e+05
1283.6415 7.908410e-02 1.139331e-01 8.181571e-04 7.196304e-02 5.886453e-02 2.782825e-01 6.5123701065e+04 2.0917409770e+05 2.0933810421e+05
1284.6420 8.331712e-02 1.179031e-01 7.887806e-04 7.963261e-02 6.455057e-02 2.637919e-01 6.5091911222e+04 2.0910608221e+05 2.0943508736e+05
1285.6425 8.947766e-02 1.252679e-01 7.740643e-04 8.950725e-02 7.163951e-02 2.442513e-01 6.5042512864e+04 2.0901752583e+05 2.0956862179e+05
1286.6430 9.567710e-02 1.371262e-01 7.472305e-04 1.007780e-01 8.033438e-02 2.211823e-01 6.4983698762e+04 2.0891659489e+05 2.0972245351e+05
1287.6435 1.028941e-01 1.514810e-01 7.119178e-04 1.132197e-01 8.967536e-02 1.985801e-01 6.4924243413e+04 2.0881184548e+05 2.0987832317e+05
1288.6440 1.089027e-01 1.646274e-01 6.582270e-04 1.246223e-01 9.835089e-02 1.775152e-01 6.4875652863e+04 2.0871300389e+05 2.1001840461e+05
1289.6445 1.127588e-01 1.736547e-01 6.557893e-04 1.341663e-01 1.056926e-01 1.610800e-01 6.4847218743e+04 2.0862926089e+05 2.1012521276e+05
1290.6450 1.152627e-01 1.773547e-01 5.907696e-04 1.404339e-01 1.108587e-01 1.506908e-01 6.4844861609e+04 2.0856944424e+05 2.1018451058e+05
1291.6455 1.156841e-01 1.767407e-01 5.845529e-04 1.423175e-01 1.122502e-01 1.474314e-01 6.4870987129e+04 2.0854061444e+05 2.1018729285e+05
1292.6460 1.153172e-01 1.705881e-01 6.069887e-04 1.413876e-01 1.119602e-01 1.509290e-01 6.4925994205e+04 2.0854587046e+05 2.1012876518e+05
1293.6465 1.122792e-01 1.617718e-01 5.969486e-04 1.356286e-01 1.076822e-01 1.609549e-01 6.5007013462e+04 2.0858362687e+05 2.1001472861e+05
1294.6470 1.066425e-01 1.522079e-01 6.238067e-04 1.273530e-01 1.013225e-01 1.774271e-01 6.5107823077e+04 2.0864801133e+05 2.0985497439e+05
1295.6475 1.014348e-01 1.431911e-01 6.467048e-04 1.172926e-01 9.385465e-02 1.970578e-01 6.5219554993e+04 2.0872968901e+05 2.0966638944e+05
1296.6480 9.478896e-02 1.349506e-01 7.062927e-04 1.051866e-01 8.417441e-02 2.184200e-01 6.5333070571e+04 2.0881743294e+05 2.0947128504e+05
1297.6485 8.726344e-02 1.283067e-01 7.082855e-04 9.451950e-02 7.605352e-02 2.383159e-01 6.5439526563e+04 2.0889744509e+05 2.0929009258e+05
1298.6490 8.363171e-02 1.226962e-01 7.657994e-04 8.433519e-02 6.793482e-02 2.551015e-01 6.5529545547e+04 2.0895627290e+05 2.0914555651e+05
1299.6495 8.095604e-02 1.172910e-01 7.599795e-04 7.703743e-02 6.214139e-02 2.674907e-01 6.5598004238e+04 2.0898425257e+05 2.0905260221e+05
1300.6500 7.771254e-02 1.116226e-01 8.207849e-04 7.294034e-02 5.895506e-02 2.731397e-01 6.5641608024e+04 2.0897749824e+05 2.0901999711e+05
1301.6505 7.939767e-02 1.080565e-01 8.182249e-04 7.195793e-02 5.800511e-02 2.718114e-01 6.5656094470e+04 2.0893664547e+05 2.0904843881e+05
1302.6510 8.316628e-02 1.107081e-01 7.846452e-04 7.512824e-02 6.053685e-02 2.637588e-01 6.5643861181e+04 2.0886622925e+05 2.0912947890e+05
1303.6515 8.473322e-02 1.198851e-01 8.083986e-04 8.173274e-02 6.537439e-02 2.509613e-01 6.5611830261e+04 2.0877386518e+05 2.0925017169e+05
1304.6520 9.130352e-02 1.328189e-01 7.650244e-04 9.010617e-02 7.183079e-02 2.333530e-01 6.5565685918e+04 2.0866971943e+05 2.0939374912e+05
1305.6525 9.864883e-02 1.461720e-01 7.639051e-04 9.981763e-02 7.922472e-02 2.137114e-01 6.5515941303e+04 2.0856499339e+05 2.0954081032e+05
1306.6530 1.010835e-01 1.578076e-01 6.941142e-04 1.107447e-01 8.745324e-02 1.943475e-01 6.5473491498e+04 2.0847098998e+05 2.0967177403e+05
1307.6535 1.067405e-01 1.666390e-01 6.688455e-04 1.201528e-01 9.454655e-02 1.770161e-01 6.5441891753e+04 2.0839745134e+05 2.0977137266e+05
1308.6540 1.122023e-01 1.701497e-01 6.422264e-04 1.280353e-01 1.005925e-01 1.640343e-01 6.5427629725e+04 2.0835198701e+05 2.0982708838e+05
1309.6545 1.122032e-01 1.678269e-01 6.102262e-04 1.327162e-01 1.042314e-01 1.553169e-01 6.5436919464e+04 2.0833749829e+05 2.0983348239e+05
1310.6550 1.111080e-01 1.627986e-01 5.997101e-04 1.345646e-01 1.055639e-01 1.528913e-01 6.5469476309e+04 2.0835060570e+05 2.0979001812e+05
1311.6555 1.111930e-01 1.579427e-01 6.165982e-04 1.341256e-01 1.051474e-01 1.565342e-01 6.5524550267e+04 2.0838455235e+05 2.0970181608e+05
1312.6560 1.076676e-01 1.546141e-01 6.031753e-04 1.293797e-01 1.013535e-01 1.650525e-01 6.5600919725e+04 2.0843162654e+05 2.0958114611e+05
1313.6565 1.015904e-01 1.516472e-01 6.318190e-04 1.232136e-01 9.652150e-02 1.786584e-01 6.5692308516e+04 2.0848347890e+05 2.0944053197e+05
1314.6570 9.773242e-02 1.472410e-01 6.500435e-04 1.145985e-01 8.988057e-02 1.949386e-01 6.5790041130e+04 2.0853220297e+05 2.0929690223e+05
1315.6575 9.367885e-02 1.411801e-01 6.949971e-04 1.048135e-01 8.233259e-02 2.120124e-01 6.5887143221e+04 2.0857159090e+05 2.0916455803e+05
1316.6580 8.879315e-02 1.321216e-01 7.281858e-04 9.629495e-02 7.619617e-02 2.277421e-01 6.5976469898e+04 2.0859826329e+05 2.0905372145e+05
1317.6585 8.390078e-02 1.202508e-01 7.453170e-04 8.755216e-02 6.966916e-02 2.418096e-01 6.6050812363e+04 2.0861120343e+05 2.0897372226e+05
1318.6590 8.132004e-02 1.103117e-01 7.566931e-04 8.169009e-02 6.553144e-02 2.517891e-01 6.6104894755e+04 2.0861001900e+05 2.0892590601e+05
1319.6595 8.187611e-02 1.068283e-01 8.216354e-04 7.777199e-02 6.291600e-02 2.563857e-01 6.6136682095e+04 2.0859452089e+05 2.0891149727e+05
1320.6600 8.227087e-02 1.109514e-01 7.728081e-04 7.680398e-02 6.227406e-02 2.553202e-01 6.6148424220e+04 2.0856519914e+05 2.0892837083e+05
1321.6605 8.404028e-02 1.202683e-01 7.896149e-04 7.889878e-02 6.390877e-02 2.503913e-01 6.6142883664e+04 2.0852205713e+05 2.0897311825e+05
1322.6610 8.973493e-02 1.318439e-01 7.720752e-04 8.353515e-02 6.728578e-02 2.407381e-01 6.6123499776e+04 2.0846724974e+05 2.0904093699e+05
1323.6615 9.288945e-02 1.427740e-01 7.528114e-04 8.933401e-02 7.138760e-02 2.275426e-01 6.6096997908e+04 2.0840517064e+05 2.0912513449e+05
1324.6620 9.422013e-02 1.509124e-01 7.766399e-04 9.671046e-02 7.679244e-02 2.136867e-01 6.6067375432e+04 2.0834108462e+05 2.0921552117e+05
1325.6625 1.000445e-01 1.540642e-01 6.949372e-04 1.051481e-01 8.284320e-02 1.985729e-01 6.6038367847e+04 2.0828076317e+05 2.0930147009e+05
1326.6630 1.038713e-01 1.524448e-01 7.069320e-04 1.123549e-01 8.764925e-02 1.850658e-01 6.6018841065e+04 2.0822830295e+05 2.0937320909e+05
1327.6635 1.035990e-01 1.514505e-01 6.337387e-04 1.192573e-01 9.265480e-02 1.748982e-01 6.6014835130e+04 2.0818587296e+05 2.0941954227e+05
1328.6640 1.059782e-01 1.529144e-01 6.684759e-04 1.234209e-01 9.528951e-02 1.663119e-01 6.6026972658e+04 2.0815757473e+05 2.0943484772e+05
1329.6645 1.083131e-01 1.570915e-01 6.288112e-04 1.265497e-01 9.735523e-02 1.625178e-01 6.6055765391e+04 2.0814582638e+05 2.0941459290e+05
1330.6650 1.059594e-01 1.620457e-01 6.301083e-04 1.273431e-01 9.771246e-02 1.638563e-01 6.6101882155e+04 2.0815038276e+05 2.0936187697e+05
1331.6655 1.037598e-01 1.646764e-01 5.976856e-04 1.249336e-01 9.588132e-02 1.679213e-01 6.6161690025e+04 2.0816847024e+05 2.0928390788e+05
1332.6660 1.035972e-01 1.612428e-01 6.173157e-04 1.215593e-01 9.395792e-02 1.760716e-01 6.6231607840e+04 2.0819463906e+05 2.0918802464e+05
1333.6665 9.815817e-02 1.507947e-01 6.487858e-04 1.151367e-01 8.946248e-02 1.870885e-01 6.6310393546e+04 2.0822469934e+05 2.0908552833e+05
1334.6670 9.221205e-02 1.364652e-01 6.576265e-04 1.083396e-01 8.516988e-02 1.990595e-01 6.6390934219e+04 2.0825479607e+05 2.0898277543e+05
1335.6675 9.224036e-02 1.233573e-01 6.800170e-04 1.011157e-01 8.057867e-02 2.114327e-01 6.6464877547e+04 2.0828101823e+05 2.0888763522e+05
1336.6680 9.028063e-02 1.161734e-01 6.880352e-04 9.349423e-02 7.539070e-02 2.230967e-01 6.6531049995e+04 2.0829931632e+05 2.0880728800e+05
1337.6685 8.575415e-02 1.144706e-01 7.395274e-04 8.796606e-02 7.171600e-02 2.328532e-01 6.6586474477e+04 2.0830719914e+05 2.0874641456e+05
1338.6690 8.655855e-02 1.183285e-01 7.535547e-04 8.339599e-02 6.832700e-02 2.387866e-01 6.6625575877e+04 2.0830213320e+05 2.0871126904e+05
1339.6695 8.733296e-02 1.257056e-01 7.583558e-04 8.129313e-02 6.659439e-02 2.417474e-01 6.6649327975e+04 2.0828290219e+05 2.0870370910e+05
1340.6700 8.450046e-02 1.325163e-01 7.752440e-04 8.103512e-02 6.585550e-02 2.416413e-01 6.6660304063e+04 2.0825033397e+05 2.0872417083e+05
1341.6705 8.721634e-02 1.361771e-01 7.650349e-04 8.260759e-02 6.633061e-02 2.376931e-01 6.6657931370e+04 2.0820641824e+05 2.0876868209e+05
1342.6710 9.113023e-02 1.360940e-01 7.742546e-04 8.559802e-02 6.789815e-02 2.302768e-01 6.6648089978e+04 2.0815438791e+05 2.0883010516e+05
1343.6715 9.112584e-02 1.339781e-01 7.377677e-04 9.072365e-02 7.095751e-02 2.210413e-01 6.6635599081e+04 2.0810052434e+05 2.0889779924e+05
1344.6720 9.358481e-02 1.333032e-01 7.255054e-04 9.683819e-02 7.462722e-02 2.094797e-01 6.6620802913e+04 2.0805172066e+05 2.0896143807e+05
1345.6725 9.765808e-02 1.377061e-01 7.207560e-04 1.030727e-01 7.876243e-02 1.978222e-01 6.6605689785e+04 2.0801345990e+05 2.0901190853e+05
1346.6730 9.966922e-02 1.466472e-01 6.756266e-04 1.098802e-01 8.330885e-02 1.867773e-01 6.6595169702e+04 2.0798783329e+05 2.0904355868e+05
1347.6735 1.008367e-01 1.564317e-01 6.837757e-04 1.152110e-01 8.706029e-02 1.759041e-01 6.6593966754e+04 2.0797250039e+05 2.0905643199e+05
1348.6740 1.029107e-01 1.643706e-01 6.254531e-04 1.204479e-01 9.124926e-02 1.689058e-01 6.6604654727e+04 2.0796210054e+05 2.0905111940e+05
1349.6745 1.025642e-01 1.684103e-01 6.416539e-04 1.230819e-01 9.355949e-02 1.644791e-01 6.6630348577e+04 2.0795356172e+05 2.0903222434e+05
1350.6750 1.004900e-01 1.660434e-01 5.989368e-04 1.233409e-01 9.467718e-02 1.630906e-01 6.6670558563e+04 2.0794555737e+05 2.0900187901e+05
1351.6755 1.013209e-01 1.556429e-01 6.121368e-04 1.219833e-01 9.479451e-02 1.664179e-01 6.6721396555e+04 2.0793857371e+05 2.0896102169e+05
1352.6760 1.006333e-01 1.427208e-01 6.368582e-04 1.174331e-01 9.221427e-02 1.726831e-01 6.6782877174e+04 2.0793281259e+05 2.0891110292e+05
1353.6765 9.527073e-02 1.318216e-01 6.120873e-04 1.126379e-01 8.967699e-02 1.819879e-01 6.6853457013e+04 2.0792983061e+05 2.0884938542e+05
1354.6770 9.067085e-02 1.260283e-01 6.568670e-04 1.058754e-01 8.499953e-02 1.937861e-01 6.6926198173e+04 2.0793286929e+05 2.0877767095e+05
1355.6775 8.972563e-02 1.268072e-01 6.565661e-04 9.889114e-02 8.001497e-02 2.058353e-01 6.6995098914e+04 2.0794435379e+05 2.0869722643e+05
1356.6780 8.665038e-02 1.305120e-01 7.535975e-04 9.252540e-02 7.493370e-02 2.174906e-01 6.7058514038e+04 2.0796400357e+05 2.0861381544e+05
1357.6785 8.259145e-02 1.341491e-01 7.135598e-04 8.640153e-02 6.976552e-02 2.273016e-01 6.7113145307e+04 2.0798728196e+05 2.0853674244e+05
1358.6790 8.367268e-02 1.331201e-01 7.369280e-04 8.242446e-02 6.617577e-02 2.345931e-01 6.7154429094e+04 2.0800818015e+05 2.0847455705e+05
1359.6795 8.265373e-02 1.272899e-01 7.534203e-04 7.980075e-02 6.324124e-02 2.379885e-01 6.7182729805e+04 2.0802182310e+05 2.0843619235e+05
1360.6800 8.089654e-02 1.208106e-01 7.728064e-04 7.928385e-02 6.213807e-02 2.379996e-01 6.7196554929e+04 2.0802252193e+05 2.0842576746e+05
1361.6805 8.459367e-02 1.172379e-01 7.681387e-04 8.066124e-02 6.261669e-02 2.333036e-01 6.7194843457e+04 2.0800658359e+05 2.0844448357e+05
1362.6810 8.642705e-02 1.197238e-01 7.319910e-04 8.457745e-02 6.496412e-02 2.260209e-01 6.7183691084e+04 2.0797154190e+05 2.0848935369e+05
1363.6815 8.681332e-02 1.285240e-01 7.525180e-04 8.980570e-02 6.830890e-02 2.153556e-01 6.7168428191e+04 2.0791797497e+05 2.0855537172e+05
1364.6820 9.081636e-02 1.411725e-01 6.906937e-04 9.603485e-02 7.313660e-02 2.031583e-01 6.7150306490e+04 2.0785151585e+05 2.0863364300e+05
1365.6825 9.395150e-02 1.547378e-01 7.113671e-04 1.028144e-01 7.833488e-02 1.901844e-01 6.7133750009e+04 2.0778124131e+05 2.0871411391e+05
1366.6830 9.620484e-02 1.642155e-01 6.697507e-04 1.090482e-01 8.336220e-02 1.776331e-01 6.7121783597e+04 2.0771682524e+05 2.0878632370e+05
1367.6835 9.983878e-02 1.647351e-01 6.311792e-04 1.150439e-01 8.852093e-02 1.683622e-01 6.7117746281e+04 2.0766521279e+05 2.0883956992e+05
1368.6840 1.018947e-01 1.587209e-01 6.308663e-04 1.185587e-01 9.180523e-02 1.609941e-01 6.7127557793e+04 2.0763030282e+05 2.0886646632e+05
1369.6845 1.010705e-01 1.498132e-01 5.880680e-04 1.205072e-01 9.411966e-02 1.579163e-01 6.7154656634e+04 2.0761350683e+05 2.0885968461e+05
1370.6850 1.007771e-01 1.424187e-01 6.051999e-04 1.203055e-01 9.430667e-02 1.596287e-01 6.7197092321e+04 2.0761605731e+05 2.0881720624e+05
1371.6855 1.001843e-01 1.402416e-01 6.146298e-04 1.173727e-01 9.237562e-02 1.645829e-01 6.7253389628e+04 2.0763615360e+05 2.0874186812e+05
1372.6860 9.792302e-02 1.433753e-01 6.299020e-04 1.136629e-01 8.941008e-02 1.735711e-01 6.7321081104e+04 2.0766814143e+05 2.0864093066e+05
1373.6865 9.573912e-02 1.473136e-01 6.178620e-04 1.073494e-01 8.417860e-02 1.850477e-01 6.7395463599e+04 2.0770564461e+05 2.0852828613e+05
1374.6870 9.136284e-02 1.470805e-01 6.966958e-04 1.009871e-01 7.906937e-02 1.977784e-01 6.7471915932e+04 2.0774299205e+05 2.0841573631e+05
1375.6875 8.598527e-02 1.397544e-01 7.098172e-04 9.443786e-02 7.350812e-02 2.090377e-01 6.7543402980e+04 2.0777674507e+05 2.0831593803e+05
1376.6880 8.370899e-02 1.289952e-01 6.872633e-04 8.824719e-02 6.841844e-02 2.197305e-01 6.7602353943e+04 2.0780131111e+05 2.0823794729e+05
1377.6885 8.369282e-02 1.178391e-01 7.645900e-04 8.399982e-02 6.496444e-02 2.269789e-01 6.7647185974e+04 2.0781194038e+05 2.0818717974e+05
1378.6890 8.185356e-02 1.107197e-01 7.481957e-04 8.059355e-02 6.223122e-02 2.302401e-01 6.7679532926e+04 2.0780405798e+05 2.0816753804e+05
1379.6895 8.134396e-02 1.101921e-01 7.682324e-04 7.982992e-02 6.154816e-02 2.301165e-01 6.7698106403e+04 2.0777689963e+05 2.0817721385e+05
1380.6900 8.456623e-02 1.157703e-01 7.418804e-04 8.087382e-02 6.261798e-02 2.258739e-01 6.7702334244e+04 2.0773440249e+05 2.0821278505e+05
1381.6905 8.588313e-02 1.269115e-01 7.216678e-04 8.385892e-02 6.494396e-02 2.186223e-01 6.7694918726e+04 2.0768223977e+05 2.0826809469e+05
1382.6910 8.766368e-02 1.397723e-01 7.348564e-04 8.809844e-02 6.837284e-02 2.089027e-01 6.7678702629e+04 2.0762553496e+05 2.0833597571e+05
1383.6915 9.247592e-02 1.492723e-01 6.714893e-04 9.324120e-02 7.290723e-02 1.984258e-01 6.7658343971e+04 2.0756808779e+05 2.0840828000e+05
1384.6920 9.539277e-02 1.523026e-01 6.910099e-04 9.838543e-02 7.701306e-02 1.870793e-01 6.7642012585e+04 2.0751443873e+05 2.0847665799e+05
1385.6925 9.655677e-02 1.494057e-01 6.397149e-04 1.038739e-01 8.147796e-02 1.773579e-01 6.7633329953e+04 2.0746983467e+05 2.0853064694e+05
1386.6930 9.923405e-02 1.444794e-01 6.564297e-04 1.086730e-01 8.512070e-02 1.701729e-01 6.7633520946e+04 2.0743847067e+05 2.0856221353e+05
1387.6935 1.017230e-01 1.417921e-01 6.254435e-04 1.112418e-01 8.687521e-02 1.644063e-01 6.7645057109e+04 2.0742322131e+05 2.0856665670e+05
1388.6940 1.029653e-01 1.428543e-01 6.245354e-04 1.132779e-01 8.802398e-02 1.632189e-01 6.7670053138e+04 2.0742118712e+05 2.0854197416e+05
1389.6945 1.020266e-01 1.468700e-01 6.306326e-04 1.135213e-01 8.741312e-02 1.649426e-01 6.7710561864e+04 2.0742832662e+05 2.0849254090e+05
1390.6950 1.000068e-01 1.514743e-01 6.253371e-04 1.119896e-01 8.549725e-02 1.695130e-01 6.7764568433e+04 2.0744095702e+05 2.0842437661e+05
1391.6955 9.788445e-02 1.535521e-01 6.303209e-04 1.096790e-01 8.311245e-02 1.761524e-01 6.7826959367e+04 2.0745789615e+05 2.0834427034e+05
1392.6960 9.392855e-02 1.504464e-01 6.504741e-04 1.050483e-01 7.918002e-02 1.849746e-01 6.7892967792e+04 2.0747755294e+05 2.0826123128e+05
1393.6965 9.154058e-02 1.408380e-01 7.190688e-04 1.007993e-01 7.588659e-02 1.934887e-01 6.7957923227e+04 2.0749738152e+05 2.0818092134e+05
1394.6970 9.117272e-02 1.277242e-01 6.702675e-04 9.583914e-02 7.232446e-02 2.002829e-01 6.8018315654e+04 2.0751371004e+05 2.0811036822e+05
1395.6975 8.732577e-02 1.156105e-01 6.810133e-04 9.166823e-02 6.955709e-02 2.072991e-01 6.8071894220e+04 2.0752420856e+05 2.0805271884e+05
1396.6980 8.414549e-02 1.103177e-01 7.173597e-04 8.899381e-02 6.812171e-02 2.106042e-01 6.8112948932e+04 2.0752922557e+05 2.0801044748e+05
1397.6985 8.606941e-02 1.124558e-01 7.015733e-04 8.628697e-02 6.663383e-02 2.117626e-01 6.8137365160e+04 2.0752722360e+05 2.0798761320e+05
1398.6990 8.573617e-02 1.208644e-01 7.256086e-04 8.589061e-02 6.701295e-02 2.109405e-01 6.8149838472e+04 2.0751393804e+05 2.0798550644e+05
1399.6995 8.724439e-02 1.306246e-01 6.789424e-04 8.624340e-02 6.789169e-02 2.077103e-01 6.8153392141e+04 2.0748510003e+05 2.0800705725e+05
1400.7000 9.068816e-02 1.373318e-01 6.931483e-04 8.774594e-02 6.929249e-02 2.027425e-01 6.8151021221e+04 2.0744108697e+05 2.0805012257e+05
1401.7005 8.989194e-02 1.392101e-01 6.984489e-04 8.992346e-02 7.127420e-02 1.969362e-01 6.8147351779e+04 2.0738690448e+05 2.0810818778e+05
1402.7010 9.216901e-02 1.377954e-01 6.792381e-04 9.214004e-02 7.304852e-02 1.917731e-01 6.8141077437e+04 2.0732988816e+05 2.0817159146e+05
1403.7015 9.645360e-02 1.357618e-01 6.897760e-04 9.465301e-02 7.455503e-02 1.861288e-01 6.8136324002e+04 2.0727734028e+05 2.0822866483e+05
1404.7020 9.630422e-02 1.342223e-01 6.477249e-04 9.772031e-02 7.638423e-02 1.822144e-01 6.8139967434e+04 2.0723434571e+05 2.0826841217e+05
1405.7025 9.674164e-02 1.338966e-01 6.864387e-04 1.000116e-01 7.719599e-02 1.786586e-01 6.8153288792e+04 2.0720590918e+05 2.0828361251e+05
1406.7030 9.773927e-02 1.376767e-01 6.542567e-04 1.014343e-01 7.747654e-02 1.774411e-01 6.8176188032e+04 2.0719474759e+05 2.0826981659e+05
1407.7035 9.656215e-02 1.443808e-01 6.661024e-04 1.033978e-01 7.787906e-02 1.770320e-01 6.8208488651e+04 2.0720185631e+05 2.0822736638e+05
1408.7040 9.543730e-02 1.515930e-01 6.774138e-04 1.035864e-01 7.731121e-02 1.778392e-01 6.8247249221e+04 2.0722360136e+05 2.0816422381e+05
1409.7045 9.668614e-02 1.512604e-01 6.582573e-04 1.035264e-01 7.693256e-02 1.800507e-01 6.8290931570e+04 2.0725332049e+05 2.0808967169e+05
1410.7050 9.506866e-02 1.436852e-01 6.410457e-04 1.032036e-01 7.647857e-02 1.813048e-01 6.8340430305e+04 2.0728233444e+05 2.0801466702e+05
1411.7055 9.037077e-02 1.328292e-01 6.734406e-04 1.013092e-01 7.549052e-02 1.845979e-01 6.8391498306e+04 2.0730348692e+05 2.0794861732e+05
1412.7060 8.837935e-02 1.226419e-01 6.918453e-04 1.003636e-01 7.535124e-02 1.860581e-01 6.8438102636e+04 2.0731470240e+05 2.0789564563e+05
1413.7065 8.971507e-02 1.167780e-01 6.351456e-04 9.854639e-02 7.471661e-02 1.873115e-01 6.8477267605e+04 2.0731321879e+05 2.0786026927e+05
1414.7070 8.808759e-02 1.178055e-01 6.729857e-04 9.718201e-02 7.444950e-02 1.890155e-01 6.8510766324e+04 2.0729729580e+05 2.0784297234e+05
1415.7075 8.635205e-02 1.233985e-01 6.741537e-04 9.598444e-02 7.438259e-02 1.890544e-01 6.8537672344e+04 2.0726875296e+05 2.0784351945e+05
1416.7080 8.853388e-02 1.293477e-01 6.563835e-04 9.441457e-02 7.384082e-02 1.888881e-01 6.8556212216e+04 2.0723146142e+05 2.0785981342e+05
1417.7085 8.881623e-02 1.328223e-01 6.857815e-04 9.410972e-02 7.387869e-02 1.882378e-01 6.8568284047e+04 2.0719204575e+05 2.0788601950e+05
1418.7090 8.825784e-02 1.336661e-01 6.388379e-04 9.297369e-02 7.316008e-02 1.878888e-01 6.8575114880e+04 2.0715459250e+05 2.0791748174e+05
1419.7095 9.024680e-02 1.320721e-01 7.054428e-04 9.211765e-02 7.254126e-02 1.874113e-01 6.8579221649e+04 2.0712164306e+05 2.0794684975e+05
1420.7100 9.189534e-02 1.294773e-01 6.547649e-04 9.161881e-02 7.170782e-02 1.875975e-01 6.8585940539e+04 2.0709444172e+05 2.0796823819e+05
1421.7105 9.187960e-02 1.270683e-01 6.856227e-04 9.089941e-02 7.081492e-02 1.876767e-01 6.8597958265e+04 2.0707550227e+05 2.0797677109e+05
1422.7110 9.126180e-02 1.273779e-01 7.027697e-04 9.062815e-02 6.993081e-02 1.882127e-01 6.8614483000e+04 2.0706674918e+05 2.0796937505e+05
1423.7115 9.232940e-02 1.308435e-01 6.856368e-04 9.096643e-02 6.936488e-02 1.891263e-01 6.8634689134e+04 2.0706731848e+05 2.0794649842e+05
1424.7120 9.346808e-02 1.367437e-01 7.175527e-04 9.083091e-02 6.864100e-02 1.889845e-01 6.8659898696e+04 2.0707357079e+05 2.0791258508e+05
1425.7125 9.205851e-02 1.417284e-01 6.992699e-04 9.082326e-02 6.807487e-02 1.903949e-01 6.8691180552e+04 2.0708007297e+05 2.0787297725e+05
1426.7130 9.047191e-02 1.422478e-01 7.011565e-04 9.207083e-02 6.874250e-02 1.897349e-01 6.8727470489e+04 2.0708431989e+05 2.0783237602e+05
1427.7135 8.978213e-02 1.386212e-01 7.054992e-04 9.247535e-02 6.895242e-02 1.894132e-01 6.8765025547e+04 2.0708462567e+05 2.0779611429e+05
1428.7140 8.871937e-02 1.318076e-01 6.826396e-04 9.406641e-02 7.020553e-02 1.876920e-01 6.8801925966e+04 2.0708169525e+05 2.0776490758e+05
1429.7145 8.762133e-02 1.257742e-01 6.741887e-04 9.523218e-02 7.145094e-02 1.853900e-01 6.8836169294e+04 2.0707456444e+05 2.0774067393e+05
1430.7150 8.773391e-02 1.216959e-01 6.858065e-04 9.599102e-02 7.253948e-02 1.830311e-01 6.8866154758e+04 2.0706367480e+05 2.0772347170e+05
1431.7155 8.729972e-02 1.213172e-01 6.607977e-04 9.836836e-02 7.468931e-02 1.789497e-01 6.8891995414e+04 2.0704996258e+05 2.0771150506e+05
1432.7160 8.646309e-02 1.233956e-01 6.308080e-04 9.945425e-02 7.601983e-02 1.760369e-01 6.8912498110e+04 2.0703477408e+05 2.0770590695e+05
1433.7165 8.592084e-02 1.272259e-01 6.387955e-04 1.007121e-01 7.732667e-02 1.730882e-01 6.8926789590e+04 2.0701987016e+05 2.0770531584e+05
1434.7170 8.744868e-02 1.315522e-01 6.585050e-04 1.012311e-01 7.795413e-02 1.701366e-01 6.8936211955e+04 2.0700384420e+05 2.0771031622e+05
1435.7175 8.913898e-02 1.341270e-01 6.229343e-04 1.011155e-01 7.806951e-02 1.688728e-01 6.8943548285e+04 2.0698502414e+05 2.0772054850e+05
1436.7180 8.959786e-02 1.340105e-01 6.595207e-04 1.005827e-01 7.782018e-02 1.684453e-01 6.8952087368e+04 2.0696282902e+05 2.0773457271e+05
1437.7185 9.050174e-02 1.316119e-01 6.086553e-04 9.867873e-02 7.637346e-02 1.696741e-01 6.8962472768e+04 2.0693817238e+05 2.0775031517e+05
1438.7190 9.214477e-02 1.294101e-01 6.847024e-04 9.683404e-02 7.485316e-02 1.723796e-01 6.8975406303e+04 2.0691347711e+05 2.0776257228e+05
1439.7195 9.123834e-02 1.284399e-01 6.546698e-04 9.398447e-02 7.252339e-02 1.766623e-01 6.8994039371e+04 2.0689058559e+05 2.0776797198e+05
1440.7200 9.010320e-02 1.302463e-01 6.940266e-04 9.047975e-02 6.980288e-02 1.806878e-01 6.9019586916e+04 2.0687092522e+05 2.0776263416e+05
1441.7205 9.088130e-02 1.322549e-01 7.218603e-04 8.771080e-02 6.729455e-02 1.869994e-01 6.9051722995e+04 2.0685638591e+05 2.0774346575e+05
1442.7210 8.834097e-02 1.336568e-01 7.052966e-04 8.533073e-02 6.511229e-02 1.918708e-01 6.9092006035e+04 2.0685003778e+05 2.0770981264e+05
1443.7215 8.516985e-02 1.338821e-01 7.514987e-04 8.212891e-02 6.263213e-02 1.961889e-01 6.9136505118e+04 2.0685341839e+05 2.0766375656e+05
1444.7220 8.769590e-02 1.326482e-01 7.116081e-04 8.054500e-02 6.123790e-02 2.000287e-01 6.9178618748e+04 2.0686644089e+05 2.0760768132e+05
1445.7225 8.700328e-02 1.290278e-01 7.592018e-04 8.074951e-02 6.098570e-02 2.012926e-01 6.9220267301e+04 2.0688632593e+05 2.0754733860e+05
1446.7230 8.267094e-02 1.233206e-01 6.932232e-04 8.083158e-02 6.088301e-02 2.014414e-01 6.9259032088e+04 2.0690822030e+05 2.0749078435e+05
1447.7235 8.375889e-02 1.180397e-01 7.090588e-04 8.314476e-02 6.248687e-02 1.977752e-01 6.9288705719e+04 2.0692787675e+05 2.0744306368e+05
1448.7240 8.413641e-02 1.161862e-01 7.121864e-04 8.594436e-02 6.443118e-02 1.932725e-01 6.9309426130e+04 2.0693936535e+05 2.0741134938e+05
1449.7245 8.256823e-02 1.190652e-01 6.906769e-04 8.978347e-02 6.727825e-02 1.860406e-01 6.9321686808e+04 2.0693830769e+05 2.0739992862e+05
1450.7250 8.508865e-02 1.250659e-01 6.657466e-04 9.506665e-02 7.104823e-02 1.773603e-01 6.9323802994e+04 2.0692082204e+05 2.0741163539e+05
1451.7255 8.857017e-02 1.300131e-01 6.326656e-04 9.914200e-02 7.441852e-02 1.689883e-01 6.9319210556e+04 2.0688605354e+05 2.0744798370e+05
1452.7260 8.982579e-02 1.331206e-01 6.456071e-04 1.037405e-01 7.801736e-02 1.599520e-01 6.9311433718e+04 2.0683674960e+05 2.0750368475e+05
1453.7265 9.155623e-02 1.353868e-01 6.303976e-04 1.069522e-01 8.091697e-02 1.525414e-01 6.9301913053e+04 2.0677769009e+05 2.0757120948e+05
1454.7270 9.508473e-02 1.357821e-01 6.005488e-04 1.088702e-01 8.289361e-02 1.475362e-01 6.9293822884e+04 2.0671698465e+05 2.0763887002e+05
1455.7275 9.715789e-02 1.355422e-01 6.213470e-04 1.092474e-01 8.359499e-02 1.456613e-01 6.9293128458e+04 2.0666172753e+05 2.0769444994e+05
1456.7280 9.652670e-02 1.359575e-01 6.202118e-04 1.074807e-01 8.283614e-02 1.469871e-01 6.9304624950e+04 2.0661802404e+05 2.0772720305e+05
1457.7285 9.626877e-02 1.364186e-01 6.576255e-04 1.043371e-01 8.080728e-02 1.524495e-01 6.9329405873e+04 2.0659161840e+05 2.0772870897e+05
1458.7290 9.747448e-02 1.375955e-01 6.397211e-04 9.911543e-02 7.702375e-02 1.602874e-01 6.9366767065e+04 2.0658670856e+05 2.0769567782e+05
1459.7295 9.519962e-02 1.381769e-01 7.122648e-04 9.293794e-02 7.240125e-02 1.706276e-01 6.9416484655e+04 2.0660438789e+05 2.0762905975e+05
1460.7300 9.127447e-02 1.368352e-01 6.956660e-04 8.652379e-02 6.729305e-02 1.834122e-01 6.9474855327e+04 2.0664082493e+05 2.0753587888e+05
1461.7305 8.995559e-02 1.324283e-01 7.261299e-04 8.014888e-02 6.214846e-02 1.945720e-01 6.9537384528e+04 2.0668931220e+05 2.0742722268e+05
1462.7310 8.691774e-02 1.259142e-01 7.570156e-04 7.398130e-02 5.710046e-02 2.057953e-01 6.9601415227e+04 2.0674002205e+05 2.0731628684e+05
1463.7315 8.095343e-02 1.175785e-01 7.356212e-04 7.031083e-02 5.353706e-02 2.140252e-01 6.9662759188e+04 2.0678556385e+05 2.0721485713e+05
1464.7320 7.934358e-02 1.121938e-01 8.280367e-04 6.852611e-02 5.139379e-02 2.186284e-01 6.9713350396e+04 2.0681732169e+05 2.0713498790e+05
1465.7325 8.054141e-02 1.098186e-01 7.143067e-04 6.840470e-02 5.082070e-02 2.191816e-01 6.9749689997e+04 2.0683068247e+05 2.0708587794e+05
1466.7330 7.863794e-02 1.104542e-01 7.567121e-04 7.149865e-02 5.236036e-02 2.138484e-01 6.9772046551e+04 2.0682285767e+05 2.0707222461e+05
1467.7335 7.882752e-02 1.139898e-01 7.491148e-04 7.644113e-02 5.595434e-02 2.055993e-01 6.9776889713e+04 2.0679292885e+05 2.0709573150e+05
1468.7340 8.325260e-02 1.192271e-01 7.071208e-04 8.345704e-02 6.110668e-02 1.923347e-01 6.9764766331e+04 2.0674475110e+05 2.0715251585e+05
1469.7345 8.459872e-02 1.249982e-01 6.834534e-04 9.202803e-02 6.781237e-02 1.774511e-01 6.9741001971e+04 2.0668373307e+05 2.0723432452e+05
1470.7350 8.704126e-02 1.304680e-01 6.193593e-04 9.980660e-02 7.428494e-02 1.612385e-01 6.9708860792e+04 2.0661656678e+05 2.0733130977e+05
1471.7355 9.284150e-02 1.349914e-01 6.263072e-04 1.078003e-01 8.096360e-02 1.455784e-01 6.9673874875e+04 2.0654924880e+05 2.0742981145e+05
1472.7360 9.668700e-02 1.380681e-01 5.861039e-04 1.140032e-01 8.650550e-02 1.333262e-01 6.9645175906e+04 2.0648723768e+05 2.0751798129e+05
1473.7365 9.970164e-02 1.413793e-01 5.838415e-04 1.179442e-01 9.012770e-02 1.246245e-01 6.9628525424e+04 2.0643526730e+05 2.0758455453e+05
1474.7370 1.027224e-01 1.452291e-01 5.395299e-04 1.191392e-01 9.164366e-02 1.218477e-01 6.9627009971e+04 2.0639770125e+05 2.0762081985e+05
1475.7375 1.033737e-01 1.470248e-01 6.040792e-04 1.172957e-01 9.070483e-02 1.245188e-01 6.9644764520e+04 2.0637836953e+05 2.0762147277e+05
1476.7380 1.018479e-01 1.473998e-01 6.001184e-04 1.124870e-01 8.711721e-02 1.335985e-01 6.9683318903e+04 2.0637628305e+05 2.0758517866e+05
1477.7385 1.005776e-01 1.455990e-01 6.000350e-04 1.044533e-01 8.100189e-02 1.471276e-01 6.9741406212e+04 2.0639054607e+05 2.0751426717e+05
1478.7390 9.547708e-02 1.406773e-01 7.198441e-04 9.540920e-02 7.382565e-02 1.645839e-01 6.9817162586e+04 2.0641967174e+05 2.0741287039e+05
1479.7395 8.908839e-02 1.334350e-01 6.729702e-04 8.549932e-02 6.580930e-02 1.834002e-01 6.9903655328e+04 2.0646156294e+05 2.0728962856e+05
1480.7400 8.562706e-02 1.240705e-01 7.614380e-04 7.558452e-02 5.758303e-02 2.014623e-01 6.9991218427e+04 2.0651345133e+05 2.0715530728e+05
1481.7405 8.142592e-02 1.154912e-01 7.518146e-04 6.673683e-02 5.040319e-02 2.179362e-01 7.0073748867e+04 2.0656864177e+05 2.0702262830e+05
1482.7410 7.617955e-02 1.085590e-01 7.893487e-04 6.095497e-02 4.528273e-02 2.285336e-01 7.0145659436e+04 2.0661941655e+05 2.0690500344e+05
1483.7415 7.304263e-02 1.031791e-01 8.351214e-04 5.805786e-02 4.267156e-02 2.347589e-01 7.0200219227e+04 2.0665701049e+05 2.0681596580e+05
1484.7420 7.217291e-02 1.006186e-01 7.553742e-04 5.798322e-02 4.243314e-02 2.337603e-01 7.0233769534e+04 2.0667506061e+05 2.0676634780e+05
1485.7425 7.133627e-02 1.026259e-01 7.972544e-04 6.188196e-02 4.541353e-02 2.264019e-01 7.0244956144e+04 2.0666822944e+05 2.0676175581e+05
1486.7430 7.303944e-02 1.083879e-01 7.558297e-04 6.845587e-02 5.071882e-02 2.139847e-01 7.0233411269e+04 2.0663441616e+05 2.0680432625e+05
1487.7435 7.739216e-02 1.158900e-01 6.938573e-04 7.755822e-02 5.791963e-02 1.962501e-01 7.0203106836e+04 2.0657510120e+05 2.0688976877e+05
1488.7440 8.167025e-02 1.226443e-01 6.515428e-04 8.837639e-02 6.677178e-02 1.764093e-01 7.0160244589e+04 2.0649547405e+05 2.0700794393e+05
1489.7445 8.688968e-02 1.280325e-01 6.250189e-04 9.894189e-02 7.512409e-02 1.552018e-01 7.0111046383e+04 2.0640453459e+05 2.0714474971e+05
1490.7450 9.137061e-02 1.346166e-01 6.034158e-04 1.094561e-01 8.350355e-02 1.361505e-01 7.0062086977e+04 2.0631270412e+05 2.0728116699e+05
1491.7455 9.667623e-02 1.417883e-01 5.748902e-04 1.176878e-01 8.998053e-02 1.212479e-01 7.0021136211e+04 2.0622973961e+05 2.0740014370e+05
1492.7460 1.012539e-01 1.484396e-01 5.363603e-04 1.231016e-01 9.390783e-02 1.114482e-01 6.9996698978e+04 2.0616410624e+05 2.0748587032e+05
1493.7465 1.020549e-01 1.524534e-01 5.314617e-04 1.248494e-01 9.517170e-02 1.086060e-01 6.9995585704e+04 2.0612257295e+05 2.0752655810e+05
1494.7470 1.028087e-01 1.541627e-01 6.068456e-04 1.234321e-01 9.367634e-02 1.124817e-01 7.0018836311e+04 2.0610898264e+05 2.0751547708e+05
1495.7475 1.025284e-01 1.530917e-01 5.564671e-04 1.179992e-01 8.904916e-02 1.229861e-01 7.0065753192e+04 2.0612493314e+05 2.0745291970e+05
1496.7480 9.823952e-02 1.491173e-01 6.223460e-04 1.091046e-01 8.200960e-02 1.386353e-01 7.0134536553e+04 2.0616759047e+05 2.0734492924e+05
1497.7485 9.425887e-02 1.423916e-01 6.868206e-04 9.916939e-02 7.413762e-02 1.583070e-01 7.0219404534e+04 2.0622863052e+05 2.0720255742e+05
1498.7490 9.005212e-02 1.327241e-01 6.545619e-04 8.738128e-02 6.499598e-02 1.791748e-01 7.0314724643e+04 2.0629863385e+05 2.0704280648e+05
1499.7495 8.301576e-02 1.215094e-01 7.794121e-04 7.576981e-02 5.630633e-02 1.996702e-01 7.0413896417e+04 2.0636751559e+05 2.0688195368e+05
1500.7500 7.693200e-02 1.110164e-01 7.288081e-04 6.557366e-02 4.890770e-02 2.171520e-01 7.0506622586e+04 2.0642713609e+05 2.0673638011e+05
1501.7505 7.335941e-02 1.023258e-01 8.345589e-04 5.809319e-02 4.342045e-02 2.288731e-01 7.0585180450e+04 2.0647007013e+05 2.0662034215e+05
1502.7510 6.991343e-02 9.856018e-02 8.134448e-04 5.372549e-02 4.071129e-02 2.364094e-01 7.0644343305e+04 2.0648889346e+05 2.0654506065e+05
1503.7515 6.806372e-02 9.804007e-02 7.860840e-04 5.246735e-02 4.028069e-02 2.358632e-01 7.0681442277e+04 2.0648123919e+05 2.0651751164e+05
1504.7520 6.836713e-02 9.939734e-02 8.004549e-04 5.564748e-02 4.318974e-02 2.293470e-01 7.0694577100e+04 2.0644756783e+05 2.0653757986e+05
1505.7525 7.064755e-02 1.024557e-01 7.606914e-04 6.198823e-02 4.826426e-02 2.173451e-01 7.0684406771e+04 2.0639244536e+05 2.0660100256e+05
1506.7530 7.394624e-02 1.082339e-01 7.268614e-04 7.088551e-02 5.512683e-02 1.998236e-01 7.0654058986e+04 2.0632292803e+05 2.0669790153e+05
1507.7535 7.821931e-02 1.151893e-01 6.822268e-04 8.154698e-02 6.319824e-02 1.805657e-01 7.0608316520e+04 2.0624706488e+05 2.0681530623e+05
1508.7540 8.390385e-02 1.228097e-01 6.504786e-04 9.283759e-02 7.129479e-02 1.596482e-01 7.0555329954e+04 2.0617139960e+05 2.0693922950e+05
1509.7545 8.840716e-02 1.298550e-01 5.995198e-04 1.041696e-01 7.936467e-02 1.405698e-01 7.0503465181e+04 2.0610270025e+05 2.0705502119e+05
1510.7550 9.283248e-02 1.368636e-01 5.929300e-04 1.136804e-01 8.577074e-02 1.246634e-01 7.0458934756e+04 2.0604690429e+05 2.0715084091e+05
1511.7555 9.839287e-02 1.464187e-01 5.121318e-04 1.211814e-01 9.051754e-02 1.129322e-01 7.0427185471e+04 2.0600627255e+05 2.0721689208e+05
1512.7560 1.022351e-01 1.551812e-01 5.719823e-04 1.247336e-01 9.255008e-02 1.068051e-01 7.0414540246e+04 2.0598208774e+05 2.0724878480e+05
1513.7565 1.024796e-01 1.591930e-01 5.570462e-04 1.254036e-01 9.237809e-02 1.075801e-01 7.0425834317e+04 2.0597268330e+05 2.0724471965e+05
1514.7570 1.017370e-01 1.590092e-01 5.499532e-04 1.216093e-01 8.927137e-02 1.147818e-01 7.0461716175e+04 2.0597455008e+05 2.0720723865e+05
1515.7575 1.004180e-01 1.538619e-01 6.269794e-04 1.150052e-01 8.426262e-02 1.267026e-01 7.0520345382e+04 2.0598698706e+05 2.0713850021e+05
1516.7580 9.539665e-02 1.450243e-01 6.161868e-04 1.062612e-01 7.781505e-02 1.432392e-01 7.0598446745e+04 2.0600968194e+05 2.0704281322e+05
1517.7585 8.990320e-02 1.354530e-01 6.788591e-04 9.447890e-02 6.960607e-02 1.625435e-01 7.0689872503e+04 2.0604013943e+05 2.0692723368e+05
1518.7590 8.590903e-02 1.237028e-01 7.108043e-04 8.267535e-02 6.170639e-02 1.825973e-01 7.0788490824e+04 2.0607675359e+05 2.0679822956e+05
1519.7595 8.046697e-02 1.134383e-01 7.234294e-04 7.127281e-02 5.378281e-02 2.007608e-01 7.0888499191e+04 2.0611615515e+05 2.0666558034e+05
1520.7600 7.384678e-02 1.052800e-01 7.870625e-04 6.177324e-02 4.759400e-02 2.155833e-01 7.0981392514e+04 2.0615657846e+05 2.0653856921e+05
1521.7605 7.003773e-02 9.950839e-02 7.931026e-04 5.483414e-02 4.304099e-02 2.271981e-01 7.1057019298e+04 2.0619524669e+05 2.0642808646e+05
1522.7610 6.812982e-02 9.694509e-02 7.938047e-04 5.072848e-02 4.035449e-02 2.315603e-01 7.1110634967e+04 2.0622731250e+05 2.0634511189e+05
1523.7615 6.614954e-02 9.647442e-02 8.010951e-04 5.108153e-02 4.085121e-02 2.306852e-01 7.1140326372e+04 2.0624531436e+05 2.0629843358e+05
1524.7620 6.624018e-02 9.602989e-02 7.646992e-04 5.490324e-02 4.337861e-02 2.233728e-01 7.1145846886e+04 2.0624310731e+05 2.0629568237e+05
1525.7625 6.901100e-02 9.780464e-02 7.507584e-04 6.176319e-02 4.822913e-02 2.096706e-01 7.1128695973e+04 2.0621637998e+05 2.0633860843e+05
1526.7630 7.288487e-02 1.020280e-01 7.137421e-04 7.106006e-02 5.451871e-02 1.937867e-01 7.1092323326e+04 2.0616446160e+05 2.0642383014e+05
1527.7635 7.834319e-02 1.106214e-01 6.810071e-04 8.258814e-02 6.231208e-02 1.736871e-01 7.1042584210e+04 2.0609076039e+05 2.0654193407e+05
1528.7640 8.351235e-02 1.223357e-01 6.680522e-04 9.445872e-02 7.060230e-02 1.536390e-01 7.0986095391e+04 2.0600219775e+05 2.0668015469e+05
1529.7645 8.918294e-02 1.335700e-01 6.213037e-04 1.056774e-01 7.803083e-02 1.346519e-01 7.0930489367e+04 2.0590896803e+05 2.0682239763e+05
1530.7650 9.450837e-02 1.445220e-01 5.615936e-04 1.155910e-01 8.504200e-02 1.186414e-01 7.0882601169e+04 2.0582170667e+05 2.0695062739e+05
1531.7655 9.810365e-02 1.534090e-01 5.947748e-04 1.219063e-01 8.943548e-02 1.070163e-01 7.0850313190e+04 2.0575008304e+05 2.0704981503e+05
1532.7660 9.981467e-02 1.588223e-01 5.672431e-04 1.261011e-01 9.236157e-02 1.015555e-01 7.0839702322e+04 2.0570130251e+05 2.0710571643e+05
1533.7665 1.028343e-01 1.595024e-01 5.622990e-04 1.252944e-01 9.192294e-02 1.027761e-01 7.0853232185e+04 2.0567978305e+05 2.0711219570e+05
1534.7670 1.031331e-01 1.555865e-01 5.749667e-04 1.212495e-01 8.933728e-02 1.095020e-01 7.0894216374e+04 2.0568638681e+05 2.0706598243e+05
1535.7675 9.801254e-02 1.488262e-01 5.780166e-04 1.138916e-01 8.428774e-02 1.228226e-01 7.0960835063e+04 2.0571908828e+05 2.0697112934e+05
1536.7680 9.424840e-02 1.395899e-01 6.476810e-04 1.030203e-01 7.680602e-02 1.403257e-01 7.1046141142e+04 2.0577323566e+05 2.0683722906e+05
1537.7685 9.042188e-02 1.294959e-01 6.535343e-04 9.120173e-02 6.863220e-02 1.609420e-01 7.1144715691e+04 2.0584032983e+05 2.0667683920e+05
1538.7690 8.234405e-02 1.205564e-01 7.099994e-04 7.855337e-02 5.948159e-02 1.817989e-01 7.1251471855e+04 2.0591034692e+05 2.0650728720e+05
1539.7695 7.603526e-02 1.118194e-01 7.315686e-04 6.698724e-02 5.131964e-02 2.011317e-01 7.1356484297e+04 2.0597363607e+05 2.0634515112e+05
1540.7700 7.092850e-02 1.031932e-01 7.874537e-04 5.697778e-02 4.390895e-02 2.183980e-01 7.1451608276e+04 2.0602247635e+05 2.0620678994e+05
1541.7705 6.588330e-02 9.524839e-02 7.850131e-04 4.974803e-02 3.858901e-02 2.287344e-01 7.1530274889e+04 2.0605232504e+05 2.0610444070e+05
1542.7710 6.301968e-02 8.923487e-02 8.080774e-04 4.657114e-02 3.607506e-02 2.337744e-01 7.1583911864e+04 2.0606103105e+05 2.0604593872e+05
1543.7715 6.286143e-02 8.619127e-02 8.017081e-04 4.745483e-02 3.648010e-02 2.312927e-01 7.1608992207e+04 2.0604900666e+05 2.0603476487e+05
1544.7720 6.369476e-02 8.733524e-02 8.085235e-04 5.185336e-02 3.973380e-02 2.220051e-01 7.1605156101e+04 2.0601756149e+05 2.0606981979e+05
1545.7725 6.611055e-02 9.192669e-02 7.424993e-04 5.998436e-02 4.542215e-02 2.071542e-01 7.1575020072e+04 2.0596949939e+05 2.0614572852e+05
1546.7730 7.102841e-02 1.017496e-01 7.165867e-04 7.160474e-02 5.391001e-02 1.868122e-01 7.1524196849e+04 2.0590654202e+05 2.0625368290e+05
1547.7735 7.794242e-02 1.143596e-01 7.281058e-04 8.376143e-02 6.282398e-02 1.653002e-01 7.1460386686e+04 2.0583180516e+05 2.0638456413e+05
1548.7740 8.551889e-02 1.285088e-01 6.049197e-04 9.654600e-02 7.209996e-02 1.426098e-01 7.1393872370e+04 2.0574923695e+05 2.0652514794e+05
1549.7745 9.097798e-02 1.410006e-01 6.140987e-04 1.082990e-01 8.097594e-02 1.219308e-01 7.1333899833e+04 2.0566546640e+05 2.0666170120e+05
1550.7750 9.643110e-02 1.490894e-01 5.821650e-04 1.170550e-01 8.747558e-02 1.060468e-01 7.1286722890e+04 2.0558854251e+05 2.0678061012e+05
1551.7755 1.014272e-01 1.531899e-01 5.443444e-04 1.235625e-01 9.227646e-02 9.615366e-02 7.1258749650e+04 2.0552611536e+05 2.0686677703e+05
1552.7760 1.031049e-01 1.537456e-01 5.715850e-04 1.251612e-01 9.341213e-02 9.301574e-02 7.1256166981e+04 2.0548478449e+05 2.0690995602e+05
1553.7765 1.015721e-01 1.518186e-01 5.631045e-04 1.236667e-01 9.223241e-02 9.699992e-02 7.1282729730e+04 2.0546794913e+05 2.0690106428e+05
1554.7770 9.891333e-02 1.477568e-01 5.732532e-04 1.178532e-01 8.757935e-02 1.080813e-01 7.1337731823e+04 2.0547776836e+05 2.0683872830e+05
1555.7775 9.632829e-02 1.423263e-01 6.382336e-04 1.081096e-01 8.018185e-02 1.242479e-01 7.1417671713e+04 2.0551333607e+05 2.0672678275e+05
1556.7780 9.106893e-02 1.364410e-01 6.236638e-04 9.670759e-02 7.147871e-02 1.455774e-01 7.1516634020e+04 2.0557052296e+05 2.0657463120e+05
1557.7785 8.414358e-02 1.287522e-01 7.069958e-04 8.404527e-02 6.179417e-02 1.671947e-01 7.1626204722e+04 2.0564347700e+05 2.0639826055e+05
1558.7790 7.871440e-02 1.173746e-01 7.411540e-04 7.134549e-02 5.245551e-02 1.889422e-01 7.1735865375e+04 2.0572271377e+05 2.0621617954e+05
1559.7795 7.167800e-02 1.044372e-01 7.728974e-04 5.968067e-02 4.390804e-02 2.083662e-01 7.1838125248e+04 2.0579729848e+05 2.0604769125e+05
1560.7800 6.466106e-02 9.303384e-02 7.818445e-04 5.111011e-02 3.782013e-02 2.216920e-01 7.1925022169e+04 2.0585675827e+05 2.0590934555e+05
1561.7805 6.202944e-02 8.505866e-02 7.980417e-04 4.591374e-02 3.433738e-02 2.300618e-01 7.1988003250e+04 2.0589218196e+05 2.0581527669e+05
1562.7810 6.110130e-02 8.248977e-02 7.943904e-04 4.454770e-02 3.391198e-02 2.302649e-01 7.2024392282e+04 2.0589850978e+05 2.0577463729e+05
1563.7815 6.168580e-02 8.376076e-02 8.137058e-04 4.697838e-02 3.637257e-02 2.240319e-01 7.2032864628e+04 2.0587337616e+05 2.0579118618e+05
1564.7820 6.538781e-02 9.018734e-02 7.629506e-04 5.362866e-02 4.172149e-02 2.106021e-01 7.2013622573e+04 2.0581842902e+05 2.0586185896e+05
1565.7825 7.021421e-02 1.001816e-01 7.378465e-04 6.368393e-02 4.982039e-02 1.921936e-01 7.1970402438e+04 2.0574005563e+05 2.0597764443e+05
1566.7830 7.578234e-02 1.112191e-01 7.217457e-04 7.476168e-02 5.818119e-02 1.716501e-01 7.1910449785e+04 2.0564571864e+05 2.0612571239e+05
1567.7835 8.270232e-02 1.202711e-01 6.119361e-04 8.761175e-02 6.779249e-02 1.487825e-01 7.1843852258e+04 2.0554512973e+05 2.0628665591e+05
1568.7840 8.802808e-02 1.284204e-01 6.544970e-04 9.923161e-02 7.638847e-02 1.284326e-01 7.1781379814e+04 2.0544716960e+05 2.0644178593e+05
1569.7845 9.317175e-02 1.354572e-01 5.927696e-04 1.088021e-01 8.300402e-02 1.116449e-01 7.1731532582e+04 2.0536268037e+05 2.0657147688e+05
1570.7850 9.741020e-02 1.409543e-01 5.697198e-04 1.163773e-01 8.799189e-02 1.002129e-01 7.1700558048e+04 2.0530244884e+05 2.0665827128e+05
1571.7855 9.992530e-02 1.447706e-01 5.611955e-04 1.196159e-01 8.952770e-02 9.476948e-02 7.1692342668e+04 2.0527412658e+05 2.0669261259e+05
1572.7860 1.003215e-01 1.471118e-01 5.353417e-04 1.198135e-01 8.880369e-02 9.636688e-02 7.1708771271e+04 2.0527894481e+05 2.0666983152e+05
1573.7865 9.841943e-02 1.474863e-01 5.897720e-04 1.161113e-01 8.510280e-02 1.042376e-01 7.1750001389e+04 2.0531338946e+05 2.0659451637e+05
1574.7870 9.578768e-02 1.429475e-01 5.970559e-04 1.088311e-01 7.909200e-02 1.169262e-01 7.1814318683e+04 2.0536955892e+05 2.0647708534e+05
1575.7875 8.953426e-02 1.358980e-01 6.023291e-04 9.961976e-02 7.171597e-02 1.345845e-01 7.1897157545e+04 2.0543712597e+05 2.0633161246e+05
1576.7880 8.365345e-02 1.272733e-01 6.453392e-04 8.881620e-02 6.369597e-02 1.532300e-01 7.1991260753e+04 2.0550523902e+05 2.0617534428e+05
1577.7885 8.043437e-02 1.184222e-01 7.062604e-04 7.705710e-02 5.510820e-02 1.722430e-01 7.2087968198e+04 2.0556344489e+05 2.0602571101e+05
1578.7890 7.460815e-02 1.095680e-01 7.320302e-04 6.605964e-02 4.756610e-02 1.893681e-01 7.2181700986e+04 2.0560514327e+05 2.0589671380e+05
1579.7895 6.866957e-02 9.977435e-02 7.618007e-04 5.750101e-02 4.205319e-02 2.028440e-01 7.2263725062e+04 2.0562795345e+05 2.0579848067e+05
1580.7900 6.584547e-02 9.189179e-02 7.647515e-04 5.129366e-02 3.828969e-02 2.120883e-01 7.2325988433e+04 2.0563146777e+05 2.0573731889e+05
1581.7905 6.433155e-02 8.809188e-02 7.746139e-04 4.813708e-02 3.713855e-02 2.145769e-01 7.2366147695e+04 2.0561727830e+05 2.0571422344e+05
1582.7910 6.416076e-02 8.771222e-02 7.923698e-04 4.837166e-02 3.818109e-02 2.122513e-01 7.2382941430e+04 2.0558835923e+05 2.0572703528e+05
1583.7915 6.683812e-02 9.113652e-02 7.424855e-04 5.223982e-02 4.176780e-02 2.038759e-01 7.2378147988e+04 2.0554737607e+05 2.0577069893e+05
1584.7920 7.002989e-02 9.674112e-02 7.584789e-04 5.876568e-02 4.721103e-02 1.911709e-01 7.2355417472e+04 2.0549875002e+05 2.0583890334e+05
1585.7925 7.537244e-02 1.033046e-01 6.804447e-04 6.687504e-02 5.324899e-02 1.756037e-01 7.2318362430e+04 2.0544617174e+05 2.0592429854e+05
1586.7930 7.960279e-02 1.110359e-01 6.453848e-04 7.750695e-02 6.085769e-02 1.576289e-01 7.2273296762e+04 2.0539359447e+05 2.0601708344e+05
1587.7935 8.451140e-02 1.179870e-01 6.557083e-04 8.710261e-02 6.740988e-02 1.408173e-01 7.2225519692e+04 2.0534341079e+05 2.0611054393e+05
1588.7940 8.953608e-02 1.227696e-01 6.015482e-04 9.613909e-02 7.332614e-02 1.258589e-01 7.2183372661e+04 2.0529678769e+05 2.0619539162e+05
1589.7945 9.119331e-02 1.289096e-01 6.036097e-04 1.041370e-01 7.826504e-02 1.140315e-01 7.2154108729e+04 2.0525446242e+05 2.0626334095e+05
1590.7950 9.267711e-02 1.342853e-01 5.670977e-04 1.089719e-01 8.079940e-02 1.060702e-01 7.2140984327e+04 2.0522010513e+05 2.0630836911e+05
1591.7955 9.515943e-02 1.383216e-01 5.641279e-04 1.113943e-01 8.162914e-02 1.033807e-01 7.2144676310e+04 2.0519745943e+05 2.0632439619e+05
1592.7960 9.491365e-02 1.403433e-01 5.943694e-04 1.104907e-01 8.013780e-02 1.056515e-01 7.2167087830e+04 2.0518911579e+05 2.0630968185e+05
1593.7965 9.307618e-02 1.393932e-01 5.871656e-04 1.069482e-01 7.690958e-02 1.128037e-01 7.2207254606e+04 2.0519502884e+05 2.0626458212e+05
1594.7970 9.010626e-02 1.351675e-01 5.949753e-04 1.013582e-01 7.252529e-02 1.230213e-01 7.2262264204e+04 2.0521519727e+05 2.0619222504e+05
1595.7975 8.563105e-02 1.288622e-01 6.277447e-04 9.382397e-02 6.703687e-02 1.357441e-01 7.2328594203e+04 2.0524662101e+05 2.0609886614e+05
1596.7980 8.115814e-02 1.209055e-01 6.722872e-04 8.470466e-02 6.066088e-02 1.501762e-01 7.2400298937e+04 2.0528668132e+05 2.0599258265e+05
1597.7985 7.801772e-02 1.144550e-01 6.998388e-04 7.579537e-02 5.476885e-02 1.635867e-01 7.2472308399e+04 2.0532900680e+05 2.0588256056e+05
1598.7990 7.407813e-02 1.087923e-01 6.992156e-04 6.794342e-02 4.961594e-02 1.760981e-01 7.2540810856e+04 2.0536740697e+05 2.0577977387e+05
1599.7995 7.173558e-02 1.036900e-01 7.072543e-04 6.097270e-02 4.537422e-02 1.866046e-01 7.2600196553e+04 2.0539599102e+05 2.0569506771e+05
1600.8000 7.100004e-02 9.866654e-02 7.557295e-04 5.605008e-02 4.263085e-02 1.920161e-01 7.2647638764e+04 2.0541043403e+05 2.0563642167e+05
1601.8005 6.964683e-02 9.496373e-02 7.456477e-04 5.344120e-02 4.138900e-02 1.950946e-01 7.2680693240e+04 2.0540749012e+05 2.0560857837e+05
1602.8010 6.832801e-02 9.313046e-02 7.144745e-04 5.352307e-02 4.209134e-02 1.937259e-01 7.2699129246e+04 2.0538741074e+05 2.0561188049e+05
1603.8015 7.001822e-02 9.439893e-02 7.729590e-04 5.584808e-02 4.420434e-02 1.882177e-01 7.2702626292e+04 2.0535159596e+05 2.0564340501e+05
1604.8020 7.315145e-02 9.685459e-02 6.691968e-04 6.012859e-02 4.746784e-02 1.800635e-01 7.2694142942e+04 2.0530461433e+05 2.0569682353e+05
1605.8025 7.379892e-02 1.005085e-01 7.172583e-04 6.680803e-02 5.237500e-02 1.684690e-01 7.2678276326e+04 2.0525292035e+05 2.0576273599e+05
1606.8030 7.599950e-02 1.055790e-01 6.948766e-04 7.367373e-02 5.699895e-02 1.565127e-01 7.2655991896e+04 2.0520207253e+05 2.0583317192e+05
1607.8035 8.203022e-02 1.113151e-01 6.429551e-04 8.147722e-02 6.231215e-02 1.434700e-01 7.2630142845e+04 2.0515813433e+05 2.0589815797e+05
1608.8040 8.382123e-02 1.175024e-01 6.453702e-04 8.897056e-02 6.717236e-02 1.314679e-01 7.2606535171e+04 2.0512538566e+05 2.0595115803e+05
1609.8045 8.399803e-02 1.223099e-01 6.142463e-04 9.494919e-02 7.089260e-02 1.213796e-01 7.2588544531e+04 2.0510445831e+05 2.0598827185e+05
1610.8050 8.687955e-02 1.274793e-01 6.096937e-04 9.993483e-02 7.381306e-02 1.140619e-01 7.2576976215e+04 2.0509390129e+05 2.0600695604e+05
1611.8055 8.957243e-02 1.314378e-01 5.998532e-04 1.025481e-01 7.498043e-02 1.104913e-01 7.2575366969e+04 2.0509121130e+05 2.0600849607e+05
1612.8060 8.842319e-02 1.335452e-01 5.940725e-04 1.030941e-01 7.479488e-02 1.101616e-01 7.2587025453e+04 2.0509296774e+05 2.0599468992e+05
1613.8065 8.689383e-02 1.334557e-01 5.760251e-04 1.013769e-01 7.314344e-02 1.129959e-01 7.2610522024e+04 2.0509641942e+05 2.0596865042e+05
1614.8070 8.827945e-02 1.317800e-01 6.151982e-04 9.758079e-02 7.011913e-02 1.195658e-01 7.2643822102e+04 2.0509858341e+05 2.0593330839e+05
1615.8075 8.620547e-02 1.295236e-01 6.129172e-04 9.162310e-02 6.582297e-02 1.288878e-01 7.2687702406e+04 2.0509913744e+05 2.0589091661e+05
1616.8080 8.178267e-02 1.238888e-01 6.505345e-04 8.516332e-02 6.138246e-02 1.385171e-01 7.2739728889e+04 2.0510073874e+05 2.0584191337e+05
1617.8085 7.987650e-02 1.161786e-01 6.767694e-04 7.832094e-02 5.669817e-02 1.498508e-01 7.2794118495e+04 2.0510479362e+05 2.0578743678e+05
1618.8090 7.907919e-02 1.097697e-01 6.892924e-04 7.087872e-02 5.202927e-02 1.608708e-01 7.2848974294e+04 2.0511166366e+05 2.0572900441e+05
1619.8095 7.565433e-02 1.050720e-01 7.495675e-04 6.436668e-02 4.792288e-02 1.694754e-01 7.2904102011e+04 2.0512134908e+05 2.0566821184e+05
1620.8100 7.223951e-02 1.021150e-01 7.254355e-04 5.925703e-02 4.489764e-02 1.775757e-01 7.2954563162e+04 2.0513344313e+05 2.0560824574e+05
1621.8105 7.219159e-02 9.843116e-02 7.316657e-04 5.560815e-02 4.297268e-02 1.818443e-01 7.2996880736e+04 2.0514772098e+05 2.0555366963e+05
1622.8110 7.063739e-02 9.550135e-02 7.574537e-04 5.401899e-02 4.226885e-02 1.840625e-01 7.3030396783e+04 2.0516047682e+05 2.0550924669e+05
1623.8115 7.022590e-02 9.313308e-02 7.089017e-04 5.446093e-02 4.298738e-02 1.824815e-01 7.3053358523e+04 2.0516846786e+05 2.0547958288e+05
1624.8120 6.965279e-02 9.261561e-02 7.295800e-04 5.705827e-02 4.512464e-02 1.771918e-01 7.3065190684e+04 2.0516879949e+05 2.0546815417e+05
1625.8125 7.026186e-02 9.376836e-02 7.204355e-04 6.109646e-02 4.790904e-02 1.708573e-01 7.3065254115e+04 2.0515847134e+05 2.0547761363e+05
1626.8130 7.400045e-02 9.808097e-02 7.009226e-04 6.707108e-02 5.213576e-02 1.605914e-01 7.3054563267e+04 2.0513611569e+05 2.0550736232e+05
1627.8135 7.632571e-02 1.043658e-01 6.508542e-04 7.340272e-02 5.621242e-02 1.494023e-01 7.3036695016e+04 2.0510198339e+05 2.0555623083e+05
1628.8140 7.704306e-02 1.104822e-01 6.589857e-04 8.031370e-02 6.065932e-02 1.381867e-01 7.3014942227e+04 2.0505842966e+05 2.0561879091e+05
1629.8145 7.957664e-02 1.171936e-01 6.315116e-04 8.685965e-02 6.476920e-02 1.281268e-01 7.2990661578e+04 2.0500936825e+05 2.0568819942e+05
1630.8150 8.411548e-02 1.228329e-01 5.990575e-04 9.244052e-02 6.808608e-02 1.189699e-01 7.2967712496e+04 2.0496049797e+05 2.0575598576e+05
1631.8155 8.521335e-02 1.280883e-01 6.087989e-04 9.657092e-02 7.048652e-02 1.119243e-01 7.2951387219e+04 2.0491720554e+05 2.0581331002e+05
1632.8160 8.595155e-02 1.317577e-01 5.567833e-04 9.889005e-02 7.172097e-02 1.082040e-01 7.2943972488e+04 2.0488353863e+05 2.0585268043e+05
1633.8165 8.854267e-02 1.319390e-01 6.364360e-04 9.899795e-02 7.143987e-02 1.081182e-01 7.2947033023e+04 2.0486345570e+05 2.0586860562e+05
1634.8170 8.828148e-02 1.304184e-01 5.920223e-04 9.671544e-02 6.978743e-02 1.118289e-01 7.2963638141e+04 2.0485813726e+05 2.0585822644e+05
1635.8175 8.740867e-02 1.280082e-01 6.212272e-04 9.306923e-02 6.723169e-02 1.172139e-01 7.2993815582e+04 2.0486660682e+05 2.0582119448e+05
1636.8180 8.666010e-02 1.250857e-01 6.402640e-04 8.795643e-02 6.369920e-02 1.267474e-01 7.3035825095e+04 2.0488575275e+05 2.0576104655e+05
1637.8185 8.437159e-02 1.204289e-01 6.370295e-04 8.064073e-02 5.900683e-02 1.374207e-01 7.3089405862e+04 2.0491227307e+05 2.0568430797e+05
1638.8190 8.054290e-02 1.149793e-01 6.906837e-04 7.339237e-02 5.407783e-02 1.486733e-01 7.3151383388e+04 2.0494126936e+05 2.0559748857e+05
1639.8195 7.802330e-02 1.098371e-01 6.954224e-04 6.652102e-02 4.973896e-02 1.608323e-01 7.3216264336e+04 2.0496807124e+05 2.0550842801e+05
1640.8200 7.523186e-02 1.038327e-01 7.120692e-04 5.995181e-02 4.550408e-02 1.701515e-01 7.3280594503e+04 2.0499113814e+05 2.0542517053e+05
1641.8205 7.078264e-02 9.736898e-02 7.491737e-04 5.485605e-02 4.215499e-02 1.790656e-01 7.3339293600e+04 2.0500822142e+05 2.0535362009e+05
1642.8210 6.833671e-02 9.047232e-02 7.500495e-04 5.168301e-02 4.025186e-02 1.833268e-01 7.3387997486e+04 2.0501897148e+05 2.0529829576e+05
1643.8215 6.728829e-02 8.585377e-02 7.433789e-04 5.067495e-02 3.968665e-02 1.839341e-01 7.3423350658e+04 2.0502228932e+05 2.0526229645e+05
1644.8220 6.636167e-02 8.443335e-02 7.553823e-04 5.217991e-02 4.080201e-02 1.823756e-01 7.3443359815e+04 2.0501803874e+05 2.0524706055e+05
1645.8225 6.661620e-02 8.823594e-02 7.206389e-04 5.616306e-02 4.360158e-02 1.751161e-01 7.3446508145e+04 2.0500718453e+05 2.0525336945e+05
1646.8230 6.933908e-02 9.383289e-02 6.889413e-04 6.131911e-02 4.715851e-02 1.650259e-01 7.3433237686e+04 2.0498872609e+05 2.0528231750e+05
1647.8235 7.226189e-02 1.016010e-01 7.060620e-04 6.854291e-02 5.214813e-02 1.534724e-01 7.3407341079e+04 2.0496017849e+05 2.0533223240e+05
1648.8240 7.554770e-02 1.097727e-01 6.357661e-04 7.615467e-02 5.728377e-02 1.409145e-01 7.3373239796e+04 2.0492071874e+05 2.0540112345e+05
1649.8245 7.923124e-02 1.149768e-01 6.448026e-04 8.395904e-02 6.256509e-02 1.275637e-01 7.3336760552e+04 2.0487205569e+05 2.0548278304e+05
1650.8250 8.195061e-02 1.201294e-01 6.262326e-04 9.050847e-02 6.706797e-02 1.157401e-01 7.3302028700e+04 2.0481771996e+05 2.0556897991e+05
1651.8255 8.549642e-02 1.248715e-01 6.071689e-04 9.574036e-02 7.053905e-02 1.072924e-01 7.3273184716e+04 2.0476300820e+05 2.0564912256e+05
1652.8260 8.928524e-02 1.285662e-01 5.934230e-04 9.909322e-02 7.270489e-02 1.020748e-01 7.3255592953e+04 2.0471370528e+05 2.0571289297e+05
1653.8265 9.108115e-02 1.320793e-01 5.799130e-04 9.962644e-02 7.303683e-02 1.008149e-01 7.3254003903e+04 2.0467438801e+05 2.0575177840e+05
1654.8270 9.045165e-02 1.323446e-01 5.991197e-04 9.841470e-02 7.181335e-02 1.032361e-01 7.3270956252e+04 2.0465105290e+05 2.0575836363e+05
1655.8275 8.932338e-02 1.314547e-01 6.100840e-04 9.479050e-02 6.908350e-02 1.108027e-01 7.3304496330e+04 2.0464685941e+05 2.0572929292e+05
1656.8280 8.822273e-02 1.287275e-01 6.243903e-04 8.818435e-02 6.428803e-02 1.203873e-01 7.3353421310e+04 2.0466376824e+05 2.0566569748e+05
1657.8285 8.329312e-02 1.229304e-01 6.830565e-04 8.098427e-02 5.902625e-02 1.332708e-01 7.3416331695e+04 2.0469935693e+05 2.0557133046e+05
1658.8290 7.907695e-02 1.147014e-01 6.745044e-04 7.314950e-02 5.342201e-02 1.474567e-01 7.3488152926e+04 2.0474781395e+05 2.0545575931e+05
1659.8295 7.651240e-02 1.040459e-01 7.434640e-04 6.480697e-02 4.748552e-02 1.599676e-01 7.3563800890e+04 2.0480280366e+05 2.0533107816e+05
1660.8300 7.066322e-02 9.459314e-02 7.259695e-04 5.780621e-02 4.264310e-02 1.727568e-01 7.3637237317e+04 2.0485692455e+05 2.0520936234e+05
1661.8305 6.688305e-02 8.835890e-02 7.456463e-04 5.240433e-02 3.906363e-02 1.802979e-01 7.3700293076e+04 2.0490395537e+05 2.0510393526e+05
1662.8310 6.597811e-02 8.563654e-02 7.581317e-04 4.914974e-02 3.699866e-02 1.853553e-01 7.3747213122e+04 2.0493559812e+05 2.0502693855e+05
1663.8315 6.438220e-02 8.545587e-02 7.798193e-04 4.869856e-02 3.711511e-02 1.859767e-01 7.3777432440e+04 2.0494563587e+05 2.0498731873e+05
1664.8320 6.385253e-02 8.750933e-02 7.325450e-04 5.069132e-02 3.896246e-02 1.811883e-01 7.3789547159e+04 2.0493050364e+05 2.0499008570e+05
1665.8325 6.600729e-02 9.064805e-02 7.113209e-04 5.477380e-02 4.233948e-02 1.728190e-01 7.3783610372e+04 2.0489049419e+05 2.0503432350e+05
1666.8330 6.840296e-02 9.494373e-02 7.187084e-04 6.120340e-02 4.742727e-02 1.618187e-01 7.3762220007e+04 2.0483063941e+05 2.0511268004e+05
1667.8335 7.249808e-02 9.929459e-02 6.518537e-04 6.827965e-02 5.284136e-02 1.487841e-01 7.3729618657e+04 2.0475819173e+05 2.0521457066e+05
1668.8340 7.703768e-02 1.043773e-01 6.584905e-04 7.634739e-02 5.872122e-02 1.341493e-01 7.3692205300e+04 2.0468160721e+05 2.0532497064e+05
1669.8345 7.998680e-02 1.108674e-01 6.140022e-04 8.362077e-02 6.394271e-02 1.213519e-01 7.3655209130e+04 2.0461073499e+05 2.0542919927e+05
1670.8350 8.353002e-02 1.166035e-01 6.234911e-04 9.004656e-02 6.834580e-02 1.109384e-01 7.3623007588e+04 2.0455529510e+05 2.0551296837e+05
1671.8355 8.655790e-02 1.222591e-01 5.883088e-04 9.503890e-02 7.130849e-02 1.036173e-01 7.3599777554e+04 2.0452158372e+05 2.0556613531e+05
1672.8360 8.821202e-02 1.283541e-01 6.241792e-04 9.752953e-02 7.244064e-02 9.978378e-02 7.3589925588e+04 2.0451052250e+05 2.0558400286e+05
1673.8365 8.994495e-02 1.322589e-01 5.918691e-04 9.798407e-02 7.188961e-02 1.000075e-01 7.3596301142e+04 2.0451899027e+05 2.0556685221e+05
1674.8370 8.928384e-02 1.323427e-01 6.056650e-04 9.590217e-02 6.953453e-02 1.053237e-01 7.3620218701e+04 2.0454198898e+05 2.0551980327e+05
1675.8375 8.655128e-02 1.280079e-01 6.320230e-04 9.133048e-02 6.554097e-02 1.125791e-01 7.3661373829e+04 2.0457349254e+05 2.0545047253e+05
1676.8380 8.373172e-02 1.211616e-01 6.641430e-04 8.563482e-02 6.085739e-02 1.240488e-01 7.3714438003e+04 2.0460767298e+05 2.0536668850e+05
1677.8385 8.100320e-02 1.156021e-01 6.779393e-04 7.858267e-02 5.542000e-02 1.361236e-01 7.3775692390e+04 2.0463904073e+05 2.0527758207e+05
1678.8390 7.666362e-02 1.088448e-01 7.067686e-04 7.103227e-02 4.996354e-02 1.481744e-01 7.3842081854e+04 2.0466412080e+05 2.0519093049e+05
1679.8395 7.156975e-02 1.021015e-01 7.265203e-04 6.407677e-02 4.533749e-02 1.600281e-01 7.3908750037e+04 2.0468036270e+05 2.0511271299e+05
1680.8400 7.004744e-02 9.714057e-02 7.327382e-04 5.796013e-02 4.148999e-02 1.681820e-01 7.3969800248e+04 2.0468769215e+05 2.0504763615e+05
1681.8405 6.682385e-02 9.374214e-02 7.434806e-04 5.369052e-02 3.938408e-02 1.750231e-01 7.4021364512e+04 2.0468845350e+05 2.0499775093e+05
1682.8410 6.378513e-02 9.206844e-02 7.475219e-04 5.151924e-02 3.887741e-02 1.770414e-01 7.4059847796e+04 2.0468514938e+05 2.0496482452e+05
1683.8415 6.551556e-02 9.068933e-02 7.245154e-04 5.081477e-02 3.949080e-02 1.757114e-01 7.4081974710e+04 2.0467780466e+05 2.0495043229e+05
1684.8420 6.701848e-02 8.751895e-02 7.581210e-04 5.266451e-02 4.185188e-02 1.713670e-01 7.4091033581e+04 2.0466592260e+05 2.0495404172e+05
1685.8425 6.660100e-02 8.701152e-02 7.270971e-04 5.664394e-02 4.544616e-02 1.638849e-01 7.4088912409e+04 2.0464765757e+05 2.0497480736e+05
1686.8430 6.936072e-02 8.983815e-02 6.680638e-04 6.146854e-02 4.936690e-02 1.546809e-01 7.4075075654e+04 2.0462329489e+05 2.0501090937e+05
1687.8435 7.280337e-02 9.519073e-02 6.794744e-04 6.739759e-02 5.365351e-02 1.438600e-01 7.4053631620e+04 2.0459384195e+05 2.0505852406e+05
1688.8440 7.450536e-02 1.019654e-01 6.499985e-04 7.354812e-02 5.767323e-02 1.339996e-01 7.4029257833e+04 2.0455938309e+05 2.0511389521e+05
1689.8445 7.749564e-02 1.077608e-01 6.359482e-04 7.961411e-02 6.124501e-02 1.245440e-01 7.4005563023e+04 2.0452148309e+05 2.0517186362e+05
1690.8450 7.937983e-02 1.139812e-01 6.133338e-04 8.493576e-02 6.396461e-02 1.169028e-01 7.3985686060e+04 2.0448339193e+05 2.0522640835e+05
1691.8455 8.052461e-02 1.177870e-01 6.313339e-04 8.893705e-02 6.558580e-02 1.112301e-01 7.3971847825e+04 2.0445064015e+05 2.0527105979e+05
1692.8460 8.195994e-02 1.199168e-01 6.341875e-04 9.137025e-02 6.617031e-02 1.080293e-01 7.3965729204e+04 2.0442627148e+05 2.0530015222e+05
1693.8465 8.281048e-02 1.211435e-01 6.338054e-04 9.217066e-02 6.563683e-02 1.081145e-01 7.3969148617e+04 2.0441202256e+05 2.0530999761e+05
1694.8470 8.315810e-02 1.208642e-01 6.195348e-04 9.124300e-02 6.412472e-02 1.103733e-01 7.3984191555e+04 2.0440779000e+05 2.0529926469e+05
1695.8475 8.168147e-02 1.207365e-01 6.319260e-04 8.890987e-02 6.201438e-02 1.155020e-01 7.4010959810e+04 2.0441204624e+05 2.0526858616e+05
1696.8480 7.971776e-02 1.201835e-01 6.562167e-04 8.494908e-02 5.901015e-02 1.210849e-01 7.4047695586e+04 2.0442417446e+05 2.0522128812e+05
1697.8485 7.810539e-02 1.192421e-01 6.775518e-04 8.001810e-02 5.595090e-02 1.291997e-01 7.4090905984e+04 2.0444140989e+05 2.0516178308e+05
1698.8490 7.562932e-02 1.167604e-01 6.928416e-04 7.437496e-02 5.254428e-02 1.374523e-01 7.4139321674e+04 2.0446074498e+05 2.0509641018e+05
1699.8495 7.420911e-02 1.118701e-01 6.886106e-04 6.858439e-02 4.936114e-02 1.452817e-01 7.4190492004e+04 2.0447763999e+05 2.0503127286e+05
1700.8500 7.155254e-02 1.047248e-01 7.085380e-04 6.304847e-02 4.675667e-02 1.537851e-01 7.4242622157e+04 2.0448918296e+05 2.0497133675e+05
1701.8505 6.828519e-02 9.669921e-02 7.118829e-04 5.870043e-02 4.468370e-02 1.589470e-01 7.4293090979e+04 2.0449553433e+05 2.0491967371e+05
1702.8510 6.730693e-02 9.114915e-02 7.108185e-04 5.504817e-02 4.306101e-02 1.637647e-01 7.4336333692e+04 2.0449639275e+05 2.0487835000e+05
1703.8515 6.731190e-02 8.756105e-02 7.507358e-04 5.303561e-02 4.240751e-02 1.662424e-01 7.4371075172e+04 2.0449375462e+05 2.0484776459e+05
1704.8520 6.567606e-02 8.661603e-02 6.982901e-04 5.298345e-02 4.268929e-02 1.663375e-01 7.4397051101e+04 2.0448810451e+05 2.0482840014e+05
1705.8525 6.579858e-02 8.689775e-02 7.163325e-04 5.436026e-02 4.363035e-02 1.638631e-01 7.4413282389e+04 2.0447937339e+05 2.0482087830e+05
1706.8530 6.720450e-02 8.996911e-02 7.153993e-04 5.733547e-02 4.533465e-02 1.585672e-01 7.4418779942e+04 2.0446819742e+05 2.0482494490e+05
1707.8535 6.694118e-02 9.306959e-02 7.163320e-04 6.170452e-02 4.777321e-02 1.527398e-01 7.4414344597e+04 2.0445588601e+05 2.0484016274e+05
1708.8540 6.872666e-02 9.596264e-02 6.832268e-04 6.687644e-02 5.062444e-02 1.448877e-01 7.4400305258e+04 2.0444183518e+05 2.0486634198e+05
1709.8545 7.233754e-02 9.994380e-02 6.616657e-04 7.241334e-02 5.361309e-02 1.355299e-01 7.4379029488e+04 2.0442424980e+05 2.0490247739e+05
1710.8550 7.376164e-02 1.033754e-01 6.678062e-04 7.829895e-02 5.691611e-02 1.266315e-01 7.4355296750e+04 2.0440203882e+05 2.0494635342e+05
1711.8555 7.480488e-02 1.076727e-01 6.472057e-04 8.365776e-02 6.002767e-02 1.176265e-01 7.4331162679e+04 2.0437547628e+05 2.0499517910e+05
1712.8560 7.842354e-02 1.140063e-01 6.431076e-04 8.798623e-02 6.254036e-02 1.103985e-01 7.4307731019e+04 2.0434513347e+05 2.0504509267e+05
1713.8565 8.079807e-02 1.203454e-01 6.353233e-04 9.105346e-02 6.449547e-02 1.052098e-01 7.4290695075e+04 2.0431215757e+05 2.0509167786e+05
1714.8570 8.193380e-02 1.270413e-01 6.204858e-04 9.244605e-02 6.550575e-02 1.022561e-01 7.4284097082e+04 2.0427703505e+05 2.0513047158e+05
1715.8575 8.366668e-02 1.309691e-01 6.389278e-04 9.177842e-02 6.521801e-02 1.020859e-01 7.4290744987e+04 2.0424237181e+05 2.0515659162e+05
1716.8580 8.304731e-02 1.296595e-01 6.378195e-04 8.893362e-02 6.393023e-02 1.063911e-01 7.4312858539e+04 2.0421333473e+05 2.0516422609e+05
1717.8585 8.126845e-02 1.250742e-01 6.542646e-04 8.433990e-02 6.120221e-02 1.123527e-01 7.4349450768e+04 2.0419588094e+05 2.0514819702e+05
1718.8590 8.001919e-02 1.176478e-01 6.695284e-04 7.854507e-02 5.791594e-02 1.216696e-01 7.4397621805e+04 2.0419448090e+05 2.0510474835e+05
1719.8595 7.726994e-02 1.104313e-01 6.889844e-04 7.130687e-02 5.348759e-02 1.332740e-01 7.4456333252e+04 2.0421019218e+05 2.0503440520e+05
1720.8600 7.283959e-02 1.029897e-01 6.870497e-04 6.433785e-02 4.888621e-02 1.437838e-01 7.4523308675e+04 2.0424257686e+05 2.0494025617e+05
1721.8605 6.940550e-02 9.623724e-02 7.344594e-04 5.743750e-02 4.434018e-02 1.559677e-01 7.4591492625e+04 2.0428797926e+05 2.0483043443e+05
1722.8610 6.654456e-02 9.175973e-02 7.601943e-04 5.159806e-02 4.031374e-02 1.655916e-01 7.4655924230e+04 2.0434079909e+05 2.0471623200e+05
1723.8615 6.294641e-02 8.835710e-02 6.991126e-04 4.783767e-02 3.755522e-02 1.724658e-01 7.4711466433e+04 2.0439324874e+05 2.0461098405e+05
1724.8620 6.098559e-02 8.515595e-02 7.751185e-04 4.597266e-02 3.591400e-02 1.759134e-01 7.4753381038e+04 2.0443539709e+05 2.0452899536e+05
1725.8625 6.008679e-02 8.134192e-02 7.448087e-04 4.616573e-02 3.569676e-02 1.748929e-01 7.4779620498e+04 2.0445887474e+05 2.0448163187e+05
1726.8630 5.909471e-02 7.938205e-02 7.228172e-04 4.920480e-02 3.739880e-02 1.714304e-01 7.4788085172e+04 2.0445793067e+05 2.0447484124e+05
1727.8635 6.010186e-02 8.087817e-02 7.256775e-04 5.433812e-02 4.063192e-02 1.624347e-01 7.4777903956e+04 2.0443243871e+05 2.0450981944e+05
1728.8640 6.296223e-02 8.618542e-02 6.961840e-04 6.088683e-02 4.491246e-02 1.500984e-01 7.4750371126e+04 2.0438461172e+05 2.0458255167e+05
1729.8645 6.634688e-02 9.478101e-02 6.892363e-04 6.892829e-02 5.034926e-02 1.372829e-01 7.4709965405e+04 2.0431841910e+05 2.0468400483e+05
1730.8650 7.085766e-02 1.060658e-01 6.598127e-04 7.713241e-02 5.606531e-02 1.221988e-01 7.4662378792e+04 2.0424165426e+05 2.0480244368e+05
1731.8655 7.589655e-02 1.166815e-01 6.347105e-04 8.489423e-02 6.143739e-02 1.086093e-01 7.4613455233e+04 2.0416339547e+05 2.0492350475e+05
1732.8660 7.937193e-02 1.243791e-01 6.153698e-04 9.140031e-02 6.626559e-02 9.703332e-02 7.4570448191e+04 2.0409347872e+05 2.0503204231e+05
1733.8665 8.207106e-02 1.305155e-01 6.381382e-04 9.571726e-02 6.938258e-02 8.847335e-02 7.4538735294e+04 2.0403921115e+05 2.0511485741e+05
1734.8670 8.566339e-02 1.325607e-01 6.162114e-04 9.751514e-02 7.091340e-02 8.517002e-02 7.4523771277e+04 2.0400527613e+05 2.0516153383e+05
1735.8675 8.707601e-02 1.321166e-01 6.039239e-04 9.599560e-02 7.010569e-02 8.712126e-02 7.4530914921e+04 2.0399282550e+05 2.0516659884e+05
1736.8680 8.613177e-02 1.287263e-01 6.220471e-04 9.236931e-02 6.760048e-02 9.257385e-02 7.4562682941e+04 2.0400158192e+05 2.0512808131e+05
1737.8685 8.354673e-02 1.244795e-01 6.529275e-04 8.618844e-02 6.349813e-02 1.044401e-01 7.4615523589e+04 2.0402939149e+05 2.0504949565e+05
1738.8690 7.994617e-02 1.189741e-01 6.676561e-04 7.747648e-02 5.729741e-02 1.183941e-01 7.4686053712e+04 2.0407348667e+05 2.0493895510e+05
1739.8695 7.516870e-02 1.119868e-01 6.797365e-04 6.842564e-02 5.097854e-02 1.338838e-01 7.4769009394e+04 2.0412771324e+05 2.0480640639e+05
1740.8700 7.047135e-02 1.034468e-01 7.292510e-04 5.897750e-02 4.428514e-02 1.515347e-01 7.4856778919e+04 2.0418519595e+05 2.0466579294e+05
1741.8705 6.542413e-02 9.199045e-02 7.426315e-04 5.046590e-02 3.822637e-02 1.654663e-01 7.4943830463e+04 2.0424031288e+05 2.0453052133e+05
1742.8710 5.934708e-02 8.171089e-02 7.250432e-04 4.383168e-02 3.355596e-02 1.772836e-01 7.5021681637e+04 2.0428628332e+05 2.0441319352e+05
1743.8715 5.665963e-02 7.492336e-02 7.960212e-04 3.957250e-02 3.048663e-02 1.841865e-01 7.5082264012e+04 2.0431819889e+05 2.0432467095e+05
1744.8720 5.571490e-02 7.231817e-02 7.598913e-04 3.822112e-02 2.936872e-02 1.857298e-01 7.5120506368e+04 2.0433329450e+05 2.0427311932e+05
1745.8725 5.412206e-02 7.259477e-02 7.715177e-04 4.038268e-02 3.091635e-02 1.828226e-01 7.5134392667e+04 2.0432956326e+05 2.0426327038e+05
1746.8730 5.465561e-02 7.658101e-02 7.468972e-04 4.539663e-02 3.436292e-02 1.727409e-01 7.5123163517e+04 2.0430607778e+05 2.0429679720e+05
1747.8735 5.833878e-02 8.341768e-02 7.159972e-04 5.301199e-02 3.963997e-02 1.589556e-01 7.5088139311e+04 2.0426363140e+05 2.0437041402e+05
1748.8740 6.247906e-02 9.347664e-02 7.107241e-04 6.246915e-02 4.637516e-02 1.430191e-01 7.5035128944e+04 2.0420426908e+05 2.0447701902e+05
1749.8745 6.743870e-02 1.046074e-01 6.498922e-04 7.240427e-02 5.334735e-02 1.243908e-01 7.4971007244e+04 2.0413311231e+05 2.0460651501e+05
1750.8750 7.397654e-02 1.136240e-01 6.727345e-04 8.250786e-02 6.033076e-02 1.069642e-01 7.4904242867e+04 2.0405505344e+05 2.0474523081e+05
1751.8755 8.037055e-02 1.215506e-01 6.079270e-04 9.119123e-02 6.646969e-02 9.143437e-02 7.4844079432e+04 2.0397647259e+05 2.0487852835e+05
1752.8760 8.510176e-02 1.287225e-01 6.007883e-04 9.742373e-02 7.077468e-02 8.006751e-02 7.4797917634e+04 2.0390552850e+05 2.0499111687e+05
1753.8765 8.750652e-02 1.325960e-01 5.838290e-04 1.009898e-01 7.334842e-02 7.449926e-02 7.4772594974e+04 2.0385072552e+05 2.0506853451e+05
1754.8770 8.882247e-02 1.354338e-01 5.917290e-04 1.007966e-01 7.309050e-02 7.472830e-02 7.4772006621e+04 2.0381787154e+05 2.0510039378e+05
1755.8775 8.838452e-02 1.357815e-01 6.235032e-04 9.807041e-02 7.103621e-02 7.981950e-02 7.4799710765e+04 2.0381069245e+05 2.0507970713e+05
1756.8780 8.514657e-02 1.326810e-01 6.395421e-04 9.167001e-02 6.660183e-02 9.231831e-02 7.4854713153e+04 2.0383017391e+05 2.0500713650e+05
1757.8785 8.140600e-02 1.257747e-01 6.454106e-04 8.251070e-02 6.016816e-02 1.068317e-01 7.4933161776e+04 2.0387514287e+05 2.0488837523e+05
1758.8790 7.575614e-02 1.142244e-01 6.832579e-04 7.225481e-02 5.316263e-02 1.252125e-01 7.5027507777e+04 2.0394168791e+05 2.0473397319e+05
1759.8795 6.989617e-02 1.015379e-01 7.263705e-04 6.122364e-02 4.543305e-02 1.451422e-01 7.5128171782e+04 2.0402159873e+05 2.0456032062e+05
1760.8800 6.440882e-02 8.918046e-02 7.137584e-04 5.109492e-02 3.847230e-02 1.614739e-01 7.5227570983e+04 2.0410464856e+05 2.0438538449e+05
1761.8805 5.767560e-02 7.835983e-02 7.599807e-04 4.242733e-02 3.248504e-02 1.764461e-01 7.5316799652e+04 2.0417914784e+05 2.0422863995e+05
1762.8810 5.222478e-02 7.081825e-02 7.682925e-04 3.650362e-02 2.840872e-02 1.859019e-01 7.5388222812e+04 2.0423455868e+05 2.0410732635e+05
1763.8815 5.011769e-02 6.870304e-02 7.991558e-04 3.395759e-02 2.643748e-02 1.896094e-01 7.5434698336e+04 2.0426228007e+05 2.0403511595e+05
1764.8820 5.007895e-02 7.037314e-02 7.857821e-04 3.510248e-02 2.717380e-02 1.879335e-01 7.5452941657e+04 2.0425835251e+05 2.0402002812e+05
1765.8825 5.097203e-02 7.473870e-02 7.531473e-04 3.890806e-02 2.973169e-02 1.785198e-01 7.5443331171e+04 2.0422300010e+05 2.0406419267e+05
1766.8830 5.439791e-02 8.033556e-02 7.318612e-04 4.641767e-02 3.488982e-02 1.655330e-01 7.5406785773e+04 2.0415931175e+05 2.0416089322e+05
1767.8835 5.943983e-02 8.727227e-02 7.111900e-04 5.621437e-02 4.163262e-02 1.484072e-01 7.5348724458e+04 2.0407556281e+05 2.0429817679e+05
1768.8840 6.475663e-02 9.666538e-02 6.748639e-04 6.694753e-02 4.894153e-02 1.286709e-01 7.5276614064e+04 2.0398146006e+05 2.0445913646e+05
1769.8845 7.209819e-02 1.064215e-01 6.666184e-04 7.824854e-02 5.680347e-02 1.094932e-01 7.5199249814e+04 2.0388740450e+05 2.0462372943e+05
1770.8850 7.867703e-02 1.167481e-01 6.375024e-04 8.816756e-02 6.355100e-02 9.141889e-02 7.5128341843e+04 2.0380239138e+05 2.0477340895e+05
1771.8855 8.328339e-02 1.275843e-01 6.109690e-04 9.611289e-02 6.909289e-02 7.785948e-02 7.5073475868e+04 2.0373357973e+05 2.0489094680e+05
1772.8860 8.808426e-02 1.361699e-01 6.007466e-04 1.012292e-01 7.280244e-02 6.990898e-02 7.5040888016e+04 2.0368762526e+05 2.0496368680e+05
1773.8865 8.974532e-02 1.403068e-01 6.064967e-04 1.026299e-01 7.368917e-02 6.725286e-02 7.5035516467e+04 2.0366998632e+05 2.0498450063e+05
1774.8870 8.904371e-02 1.391622e-01 6.059086e-04 1.010200e-01 7.278650e-02 7.101401e-02 7.5058936165e+04 2.0368022121e+05 2.0495102150e+05
1775.8875 8.656442e-02 1.332095e-01 6.180656e-04 9.512510e-02 6.882180e-02 8.166474e-02 7.5109861720e+04 2.0371514368e+05 2.0486827260e+05
1776.8880 8.267225e-02 1.234515e-01 6.437654e-04 8.689537e-02 6.319328e-02 9.570601e-02 7.5186413747e+04 2.0376807813e+05 2.0474411272e+05
1777.8885 7.590013e-02 1.118305e-01 6.561631e-04 7.652792e-02 5.619576e-02 1.147020e-01 7.5282332056e+04 2.0383191788e+05 2.0459122424e+05
1778.8890 7.011363e-02 1.016883e-01 7.227035e-04 6.492534e-02 4.812204e-02 1.346202e-01 7.5387408703e+04 2.0389962719e+05 2.0442469467e+05
1779.8895 6.475310e-02 9.232527e-02 6.950789e-04 5.391727e-02 4.063721e-02 1.531872e-01 7.5492647590e+04 2.0396492014e+05 2.0426004114e+05
1780.8900 5.752054e-02 8.372487e-02 7.792232e-04 4.395976e-02 3.353897e-02 1.701842e-01 7.5589374753e+04 2.0402087922e+05 2.0411371991e+05
1781.8905 5.282629e-02 7.545440e-02 7.910023e-04 3.661508e-02 2.830965e-02 1.816930e-01 7.5668153573e+04 2.0406264527e+05 2.0399894614e+05
1782.8910 5.087097e-02 6.941201e-02 7.906457e-04 3.231783e-02 2.520558e-02 1.887407e-01 7.5721400163e+04 2.0408553711e+05 2.0392607142e+05
1783.8915 4.788474e-02 6.601755e-02 8.075857e-04 3.161690e-02 2.459902e-02 1.888026e-01 7.5747144039e+04 2.0408814257e+05 2.0390077533e+05
1784.8920 4.793908e-02 6.628906e-02 7.749052e-04 3.414533e-02 2.618360e-02 1.821360e-01 7.5742668534e+04 2.0406970003e+05 2.0392467713e+05
1785.8925 5.272833e-02 7.102471e-02 7.754777e-04 4.066453e-02 3.069083e-02 1.709310e-01 7.5709456131e+04 2.0402973633e+05 2.0399414352e+05
1786.8930 5.733191e-02 7.977004e-02 7.798879e-04 4.959311e-02 3.667516e-02 1.543942e-01 7.5655071101e+04 2.0397049746e+05 2.0410302228e+05
1787.8935 6.244313e-02 9.038609e-02 7.066499e-04 6.000464e-02 4.391784e-02 1.354659e-01 7.5586097192e+04 2.0389637477e+05 2.0424033951e+05
1788.8940 7.031485e-02 1.016564e-01 6.807779e-04 7.143071e-02 5.197557e-02 1.151934e-01 7.5509661943e+04 2.0381403718e+05 2.0439171162e+05
1789.8945 7.603807e-02 1.142617e-01 6.619926e-04 8.234193e-02 5.941727e-02 9.636832e-02 7.5435810209e+04 2.0373066638e+05 2.0454172744e+05
1790.8950 8.188390e-02 1.250319e-01 5.995823e-04 9.170902e-02 6.612907e-02 8.130046e-02 7.5373627006e+04 2.0365325482e+05 2.0467426408e+05
1791.8955 8.731565e-02 1.322537e-01 6.153441e-04 9.787171e-02 7.058726e-02 7.041075e-02 7.5331988346e+04 2.0358905161e+05 2.0477511903e+05
1792.8960 8.891095e-02 1.360083e-01 5.781757e-04 1.013105e-01 7.296491e-02 6.532067e-02 7.5317758871e+04 2.0354476671e+05 2.0483117548e+05
1793.8965 8.885550e-02 1.359565e-01 5.964277e-04 1.013716e-01 7.311439e-02 6.661487e-02 7.5332398706e+04 2.0352647309e+05 2.0483421244e+05
1794.8970 8.754727e-02 1.331602e-01 5.988809e-04 9.721330e-02 7.012301e-02 7.420015e-02 7.5374291691e+04 2.0353801584e+05 2.0478233013e+05
1795.8975 8.507958e-02 1.273503e-01 6.366243e-04 9.047601e-02 6.550493e-02 8.690365e-02 7.5440854573e+04 2.0357783430e+05 2.0467863492e+05
1796.8980 7.991181e-02 1.187463e-01 6.473092e-04 8.100015e-02 5.888088e-02 1.036904e-01 7.5527332219e+04 2.0364097779e+05 2.0453429658e+05
1797.8985 7.213673e-02 1.087061e-01 6.947492e-04 7.035837e-02 5.147633e-02 1.218659e-01 7.5626775549e+04 2.0371876886e+05 2.0436424281e+05
1798.8990 6.586935e-02 9.760888e-02 7.089179e-04 5.928135e-02 4.380836e-02 1.410318e-01 7.5729097843e+04 2.0380048242e+05 2.0418697080e+05
1799.8995 6.058998e-02 8.642592e-02 7.536723e-04 4.864911e-02 3.643050e-02 1.582033e-01 7.5825382957e+04 2.0387646839e+05 2.0402161636e+05
1800.9000 5.481825e-02 7.662168e-02 7.807558e-04 4.005583e-02 3.054994e-02 1.715791e-01 7.5908069312e+04 2.0393678080e+05 2.0388535609e+05
1801.9005 5.131705e-02 6.876397e-02 7.758871e-04 3.400503e-02 2.642336e-02 1.809246e-01 7.5969512291e+04 2.0397301603e+05 2.0379266030e+05
1802.9010 5.006265e-02 6.513892e-02 7.935050e-04 3.132206e-02 2.461550e-02 1.838038e-01 7.6005792187e+04 2.0397975420e+05 2.0375219589e+05
1803.9015 4.911552e-02 6.464205e-02 7.802865e-04 3.189258e-02 2.503116e-02 1.807613e-01 7.6015067650e+04 2.0395760457e+05 2.0376656045e+05
1804.9020 5.098835e-02 6.678139e-02 7.912830e-04 3.594210e-02 2.807825e-02 1.728698e-01 7.5996852433e+04 2.0390972473e+05 2.0383136347e+05
1805.9025 5.512120e-02 7.366530e-02 7.606027e-04 4.277234e-02 3.272925e-02 1.596208e-01 7.5955005113e+04 2.0384187328e+05 2.0393733905e+05
1806.9030 6.023705e-02 8.277790e-02 7.153847e-04 5.198420e-02 3.921227e-02 1.437865e-01 7.5896524193e+04 2.0376151094e+05 2.0407050499e+05
1807.9035 6.604191e-02 9.326330e-02 7.002046e-04 6.223575e-02 4.625707e-02 1.252022e-01 7.5829512035e+04 2.0367769252e+05 2.0421538411e+05
1808.9040 7.187818e-02 1.049901e-01 6.787598e-04 7.281631e-02 5.345363e-02 1.075420e-01 7.5761211092e+04 2.0359891716e+05 2.0435525964e+05
1809.9045 7.780613e-02 1.154066e-01 6.586197e-04 8.282921e-02 6.031871e-02 9.192221e-02 7.5699767842e+04 2.0353344767e+05 2.0447520053e+05
1810.9050 8.347451e-02 1.251008e-01 6.162988e-04 9.026725e-02 6.514452e-02 7.908744e-02 7.5651920606e+04 2.0348619493e+05 2.0456427993e+05
1811.9055 8.681518e-02 1.318714e-01 6.089256e-04 9.591928e-02 6.877973e-02 7.168730e-02 7.5624417361e+04 2.0345937512e+05 2.0461374150e+05
1812.9060 8.697032e-02 1.337858e-01 6.018900e-04 9.824480e-02 7.016313e-02 6.902634e-02 7.5622655563e+04 2.0345257823e+05 2.0462106743e+05
1813.9065 8.619434e-02 1.330579e-01 5.912892e-04 9.697909e-02 6.902050e-02 7.226117e-02 7.5646364872e+04 2.0346326810e+05 2.0458697274e+05
1814.9070 8.578097e-02 1.299175e-01 6.208147e-04 9.303986e-02 6.626143e-02 8.052368e-02 7.5693266129e+04 2.0348913022e+05 2.0451494704e+05
1815.9075 8.108074e-02 1.241250e-01 6.214832e-04 8.589557e-02 6.135150e-02 9.238224e-02 7.5760946486e+04 2.0352768903e+05 2.0441299636e+05
1816.9080 7.569244e-02 1.155039e-01 6.811000e-04 7.740254e-02 5.558593e-02 1.072337e-01 7.5843011131e+04 2.0357387792e+05 2.0429015729e+05
1817.9085 7.225979e-02 1.043521e-01 6.676636e-04 6.722510e-02 4.884920e-02 1.240936e-01 7.5932268426e+04 2.0362227727e+05 2.0415838930e+05
1818.9090 6.622192e-02 9.303693e-02 7.068601e-04 5.708335e-02 4.216829e-02 1.398575e-01 7.6023695803e+04 2.0366830303e+05 2.0402834389e+05
1819.9095 5.787946e-02 8.248833e-02 7.428416e-04 4.793908e-02 3.634664e-02 1.544373e-01 7.6109144191e+04 2.0370889933e+05 2.0391013689e+05
1820.9100 5.534877e-02 7.357863e-02 7.616538e-04 4.018923e-02 3.143055e-02 1.661019e-01 7.6178507260e+04 2.0374152560e+05 2.0381309957e+05
1821.9105 5.456003e-02 6.733563e-02 7.732996e-04 3.509543e-02 2.818629e-02 1.726765e-01 7.6228817135e+04 2.0376353400e+05 2.0374428507e+05
1822.9110 5.016406e-02 6.487756e-02 7.877849e-04 3.267228e-02 2.675409e-02 1.750375e-01 7.6258724757e+04 2.0377192093e+05 2.0370938751e+05
1823.9115 5.067517e-02 6.516904e-02 7.957022e-04 3.335878e-02 2.734953e-02 1.726624e-01 7.6263964530e+04 2.0376479408e+05 2.0371138358e+05
1824.9120 5.420655e-02 6.880048e-02 7.571288e-04 3.717596e-02 2.982176e-02 1.653842e-01 7.6245852190e+04 2.0374168531e+05 2.0375009651e+05
1825.9125 5.684497e-02 7.460821e-02 7.517654e-04 4.356191e-02 3.398750e-02 1.545387e-01 7.6209573424e+04 2.0370259602e+05 2.0382223891e+05
1826.9130 6.039472e-02 8.348274e-02 7.300237e-04 5.160877e-02 3.906200e-02 1.397131e-01 7.6159885286e+04 2.0364871444e+05 2.0392152699e+05
1827.9135 6.581601e-02 9.483468e-02 7.029782e-04 6.117509e-02 4.512930e-02 1.253745e-01 7.6101720081e+04 2.0358328937e+05 2.0403788679e+05
1828.9140 7.201493e-02 1.049015e-01 6.988486e-04 7.089886e-02 5.128952e-02 1.096871e-01 7.6043839652e+04 2.0351265715e+05 2.0415977204e+05
1829.9145 7.624289e-02 1.137368e-01 6.466032e-04 7.949034e-02 5.660256e-02 9.561628e-02 7.5992756647e+04 2.0344400193e+05 2.0427426186e+05
1830.9150 7.942563e-02 1.220183e-01 6.412442e-04 8.732944e-02 6.171401e-02 8.464981e-02 7.5953269773e+04 2.0338491034e+05 2.0436747658e+05
1831.9155 8.367252e-02 1.278465e-01 6.164045e-04 9.231090e-02 6.484691e-02 7.652493e-02 7.5929625908e+04 2.0334230299e+05 2.0442968565e+05
1832.9160 8.548278e-02 1.301309e-01 6.185470e-04 9.487481e-02 6.649911e-02 7.401475e-02 7.5926247604e+04 2.0332019882e+05 2.0445281530e+05
1833.9165 8.427683e-02 1.289698e-01 5.939126e-04 9.449320e-02 6.647173e-02 7.562459e-02 7.5946043946e+04 2.0331971488e+05 2.0443403465e+05
1834.9170 8.273122e-02 1.263272e-01 6.295277e-04 9.095360e-02 6.444040e-02 8.070156e-02 7.5986899381e+04 2.0333970857e+05 2.0437501393e+05
1835.9175 8.028537e-02 1.210135e-01 6.523725e-04 8.557639e-02 6.117166e-02 9.078914e-02 7.6045613030e+04 2.0337748993e+05 2.0428095854e+05
1836.9180 7.584729e-02 1.130359e-01 6.397099e-04 7.722210e-02 5.609984e-02 1.035942e-01 7.6118208667e+04 2.0342851694e+05 2.0416266864e+05
1837.9185 7.159288e-02 1.026655e-01 6.896355e-04 6.813094e-02 5.049117e-02 1.175324e-01 7.6198515793e+04 2.0348542513e+05 2.0403158704e+05
1838.9190 6.623678e-02 9.201762e-02 6.827600e-04 5.886134e-02 4.463269e-02 1.327727e-01 7.6281009824e+04 2.0353973926e+05 2.0390117171e+05
1839.9195 6.053503e-02 8.214872e-02 7.348218e-04 4.980985e-02 3.885397e-02 1.466349e-01 7.6359734695e+04 2.0358480546e+05 2.0378404988e+05
1840.9200 5.652905e-02 7.387885e-02 7.358365e-04 4.216951e-02 3.378941e-02 1.572836e-01 7.6428001590e+04 2.0361621802e+05 2.0369017076e+05
1841.9205 5.366112e-02 6.810926e-02 7.684645e-04 3.652513e-02 2.981898e-02 1.663796e-01 7.6480062025e+04 2.0363121546e+05 2.0362679566e+05
1842.9210 5.229634e-02 6.544761e-02 7.861873e-04 3.365321e-02 2.751943e-02 1.706922e-01 7.6513275497e+04 2.0362907893e+05 2.0359772791e+05
1843.9215 5.248874e-02 6.737889e-02 7.863648e-04 3.341813e-02 2.695272e-02 1.699682e-01 7.6525261048e+04 2.0361076026e+05 2.0360378789e+05
1844.9220 5.422777e-02 7.074582e-02 7.561603e-04 3.614999e-02 2.825133e-02 1.654189e-01 7.6515941128e+04 2.0357964382e+05 2.0364233535e+05
1845.9225 5.553502e-02 7.619722e-02 7.647788e-04 4.155175e-02 3.125899e-02 1.555585e-01 7.6488031386e+04 2.0353983292e+05 2.0370797725e+05
1846.9230 5.864275e-02 8.368505e-02 7.441167e-04 4.933588e-02 3.598654e-02 1.443878e-01 7.6443604815e+04 2.0349422847e+05 2.0379327144e+05
1847.9235 6.536590e-02 9.156562e-02 7.299357e-04 5.804166e-02 4.142218e-02 1.292878e-01 7.6388920332e+04 2.0344607149e+05 2.0389058073e+05
1848.9240 6.980295e-02 1.008323e-01 6.920562e-04 6.753766e-02 4.756164e-02 1.140470e-01 7.6332631482e+04 2.0339636196e+05 2.0399094969e+05
1849.9245 7.404469e-02 1.103069e-01 6.807940e-04 7.701904e-02 5.407722e-02 9.931155e-02 7.6280632520e+04 2.0334748486e+05 2.0408581923e+05
1850.9250 7.965058e-02 1.186449e-01 6.586366e-04 8.444540e-02 5.916021e-02 8.677499e-02 7.6237467112e+04 2.0330274139e+05 2.0416808012e+05
1851.9255 8.333091e-02 1.254081e-01 6.211117e-04 9.084129e-02 6.380127e-02 7.780661e-02 7.6209068883e+04 2.0326483217e+05 2.0422934039e+05
1852.9260 8.466055e-02 1.295112e-01 6.124116e-04 9.407786e-02 6.655463e-02 7.227681e-02 7.6199493298e+04 2.0323659114e+05 2.0426479926e+05
1853.9265 8.556661e-02 1.294916e-01 6.117005e-04 9.427119e-02 6.728686e-02 7.143639e-02 7.6210382023e+04 2.0322012442e+05 2.0426994698e+05
1854.9270 8.372456e-02 1.251923e-01 6.281799e-04 9.211794e-02 6.630353e-02 7.648205e-02 7.6243614931e+04 2.0321678333e+05 2.0424177649e+05
1855.9275 8.011906e-02 1.194855e-01 6.190798e-04 8.648040e-02 6.294225e-02 8.492581e-02 7.6296956321e+04 2.0322824432e+05 2.0418096826e+05
1856.9280 7.729655e-02 1.124519e-01 6.574884e-04 7.908114e-02 5.827745e-02 9.697864e-02 7.6365168145e+04 2.0325521982e+05 2.0408976939e+05
1857.9285 7.302946e-02 1.045618e-01 6.508903e-04 6.990752e-02 5.227609e-02 1.120611e-01 7.6443622459e+04 2.0329601463e+05 2.0397542398e+05
1858.9290 6.678034e-02 9.521706e-02 7.269958e-04 6.022371e-02 4.563837e-02 1.273015e-01 7.6527334074e+04 2.0334679197e+05 2.0384763672e+05
1859.9295 6.247924e-02 8.500404e-02 7.284586e-04 5.102252e-02 3.911224e-02 1.417732e-01 7.6607472936e+04 2.0340245761e+05 2.0371812089e+05
1860.9300 5.860886e-02 7.672053e-02 7.654626e-04 4.255777e-02 3.308489e-02 1.554736e-01 7.6677377089e+04 2.0345610485e+05 2.0359972428e+05
1861.9305 5.318657e-02 7.080621e-02 8.059525e-04 3.656102e-02 2.845404e-02 1.649168e-01 7.6732769271e+04 2.0350139308e+05 2.0350411725e+05
1862.9310 5.045422e-02 6.812595e-02 7.994250e-04 3.297637e-02 2.550802e-02 1.700973e-01 7.6767894226e+04 2.0353089329e+05 2.0344226599e+05
1863.9315 5.157889e-02 6.879119e-02 8.129674e-04 3.232564e-02 2.456553e-02 1.705482e-01 7.6781254851e+04 2.0353767636e+05 2.0342185620e+05
1864.9320 5.242381e-02 7.102643e-02 7.949481e-04 3.466354e-02 2.574913e-02 1.658963e-01 7.6774741976e+04 2.0351939983e+05 2.0344589082e+05
1865.9325 5.426859e-02 7.574381e-02 7.892099e-04 3.989457e-02 2.907622e-02 1.574568e-01 7.6748503221e+04 2.0347702784e+05 2.0351180734e+05
1866.9330 5.855910e-02 8.199358e-02 7.693146e-04 4.719791e-02 3.390384e-02 1.440254e-01 7.6704990095e+04 2.0341654902e+05 2.0361213127e+05
1867.9335 6.340093e-02 9.112296e-02 7.262276e-04 5.650447e-02 4.030356e-02 1.290975e-01 7.6649486737e+04 2.0334373753e+05 2.0373450023e+05
1868.9340 6.815294e-02 1.011791e-01 7.066707e-04 6.631705e-02 4.712061e-02 1.125880e-01 7.6590429213e+04 2.0326629521e+05 2.0386503670e+05
1869.9345 7.270242e-02 1.103656e-01 6.870212e-04 7.526792e-02 5.352199e-02 9.745265e-02 7.6535085562e+04 2.0319233155e+05 2.0398876314e+05
1870.9350 7.801731e-02 1.182534e-01 6.510017e-04 8.395793e-02 5.981051e-02 8.446141e-02 7.6490031811e+04 2.0312975088e+05 2.0409034350e+05
1871.9355 8.129970e-02 1.251539e-01 6.525345e-04 8.996013e-02 6.414438e-02 7.414143e-02 7.6461049823e+04 2.0308561424e+05 2.0415927786e+05
1872.9360 8.372512e-02 1.295463e-01 6.213726e-04 9.352745e-02 6.692325e-02 6.893994e-02 7.6451101518e+04 2.0306387867e+05 2.0418779636e+05
1873.9365 8.515072e-02 1.301175e-01 6.279983e-04 9.388952e-02 6.742278e-02 6.912449e-02 7.6462036276e+04 2.0306543754e+05 2.0417402195e+05
1874.9370 8.303720e-02 1.268946e-01 6.261894e-04 9.107904e-02 6.565570e-02 7.377176e-02 7.6495082984e+04 2.0308825147e+05 2.0412033864e+05
1875.9375 7.957408e-02 1.205517e-01 6.329911e-04 8.623218e-02 6.245298e-02 8.276997e-02 7.6547760506e+04 2.0312693106e+05 2.0403250472e+05
1876.9380 7.591227e-02 1.127258e-01 6.628698e-04 7.829378e-02 5.701606e-02 9.609546e-02 7.6615545734e+04 2.0317540194e+05 2.0392088945e+05
1877.9385 7.081925e-02 1.046666e-01 7.002930e-04 6.935115e-02 5.079407e-02 1.106612e-01 7.6693849459e+04 2.0322766504e+05 2.0379588047e+05
1878.9390 6.613473e-02 9.683575e-02 7.097327e-04 5.970044e-02 4.401917e-02 1.260140e-01 7.6775790717e+04 2.0327688325e+05 2.0367011463e+05
1879.9395 6.211047e-02 8.858972e-02 7.383387e-04 5.006354e-02 3.726516e-02 1.417882e-01 7.6854068599e+04 2.0331855636e+05 2.0355535507e+05
1880.9400 5.775343e-02 8.105888e-02 7.660961e-04 4.229021e-02 3.164477e-02 1.540409e-01 7.6923404613e+04 2.0334901347e+05 2.0346076805e+05
1881.9405 5.354497e-02 7.347974e-02 7.746300e-04 3.631214e-02 2.739674e-02 1.629678e-01 7.6977130419e+04 2.0336766881e+05 2.0339365586e+05
1882.9410 5.205202e-02 6.901272e-02 8.235382e-04 3.273156e-02 2.482296e-02 1.675837e-01 7.7010229883e+04 2.0337330368e+05 2.0335800999e+05
1883.9415 5.192088e-02 6.774877e-02 8.109073e-04 3.204168e-02 2.428370e-02 1.676554e-01 7.7021523034e+04 2.0336596318e+05 2.0335501795e+05
1884.9420 5.259289e-02 6.952267e-02 8.088619e-04 3.465987e-02 2.599737e-02 1.630370e-01 7.7012339014e+04 2.0334582484e+05 2.0338350728e+05
1885.9425 5.573642e-02 7.579005e-02 8.091330e-04 3.977457e-02 2.949299e-02 1.533197e-01 7.6984909528e+04 2.0331270695e+05 2.0344073933e+05
1886.9430 6.022438e-02 8.453816e-02 7.631750e-04 4.712287e-02 3.461206e-02 1.411009e-01 7.6943457682e+04 2.0326813574e+05 2.0352132156e+05
1887.9435 6.354396e-02 9.375897e-02 7.505706e-04 5.564248e-02 4.047531e-02 1.260750e-01 7.6893265572e+04 2.0321668598e+05 2.0361824909e+05
1888.9440 6.931710e-02 1.027853e-01 7.151033e-04 6.498721e-02 4.696918e-02 1.112929e-01 7.6838293796e+04 2.0316114932e+05 2.0372236732e+05
1889.9445 7.430665e-02 1.103164e-01 6.723776e-04 7.426478e-02 5.331724e-02 9.652250e-02 7.6786720944e+04 2.0310577856e+05 2.0382394821e+05
1890.9450 7.625130e-02 1.172077e-01 6.750555e-04 8.158764e-02 5.834310e-02 8.444093e-02 7.6745366145e+04 2.0305399033e+05 2.0391347632e+05
1891.9455 7.972415e-02 1.221592e-01 6.446338e-04 8.763041e-02 6.254647e-02 7.553808e-02 7.6718439758e+04 2.0300998719e+05 2.0398046921e+05
1892.9460 8.215603e-02 1.249471e-01 6.592589e-04 9.075442e-02 6.457369e-02 7.082866e-02 7.6710113455e+04 2.0297891577e+05 2.0401755194e+05
1893.9465 8.157652e-02 1.256734e-01 6.353257e-04 9.135750e-02 6.494571e-02 7.079902e-02 7.6722050860e+04 2.0296532635e+05 2.0401879216e+05
1894.9470 8.118068e-02 1.250330e-01 6.450576e-04 8.940261e-02 6.353108e-02 7.495017e-02 7.6752577118e+04 2.0297090811e+05 2.0398276015e+05
1895.9475 7.936282e-02 1.222942e-01 6.355161e-04 8.410395e-02 5.990959e-02 8.363419e-02 7.6800134751e+04 2.0299505532e+05 2.0391300238e+05
1896.9480 7.507816e-02 1.173246e-01 6.888169e-04 7.772425e-02 5.549794e-02 9.446981e-02 7.6862416822e+04 2.0303425941e+05 2.0381516220e+05
1897.9485 7.162560e-02 1.087617e-01 6.891944e-04 6.960363e-02 4.988946e-02 1.076302e-01 7.6933314837e+04 2.0308360834e+05 2.0369995522e+05
1898.9490 6.743777e-02 9.922417e-02 7.182172e-04 6.067510e-02 4.388153e-02 1.223846e-01 7.7007299887e+04 2.0313646875e+05 2.0357866876e+05
1899.9495 6.185580e-02 8.920954e-02 7.766388e-04 5.215082e-02 3.815717e-02 1.350143e-01 7.7079862723e+04 2.0318648983e+05 2.0346304318e+05
1900.9500 5.878865e-02 8.127139e-02 7.622895e-04 4.438115e-02 3.294440e-02 1.463815e-01 7.7143298554e+04 2.0322624267e+05 2.0336490755e+05
1901.9505 5.738193e-02 7.581846e-02 8.113646e-04 3.868053e-02 2.913659e-02 1.550172e-01 7.7193724396e+04 2.0325055876e+05 2.0329324550e+05
1902.9510 5.425903e-02 7.206940e-02 7.885854e-04 3.486246e-02 2.669891e-02 1.598914e-01 7.7229266733e+04 2.0325697372e+05 2.0325467443e+05
1903.9515 5.326309e-02 7.123450e-02 8.227739e-04 3.375305e-02 2.603356e-02 1.604420e-01 7.7246339582e+04 2.0324483876e+05 2.0325095635e+05
1904.9520 5.408457e-02 7.360728e-02 8.113593e-04 3.532610e-02 2.709044e-02 1.572212e-01 7.7244560194e+04 2.0321648710e+05 2.0328010600e+05
1905.9525 5.583877e-02 7.816032e-02 7.781878e-04 3.927250e-02 2.985112e-02 1.500071e-01 7.7226356940e+04 2.0317551044e+05 2.0333691589e+05
1906.9530 5.841578e-02 8.394551e-02 7.853762e-04 4.506710e-02 3.376413e-02 1.400350e-01 7.7194882576e+04 2.0312678434e+05 2.0341391685e+05
1907.9535 6.244820e-02 8.917426e-02 7.293193e-04 5.271833e-02 3.903322e-02 1.284098e-01 7.7154627334e+04 2.0307511996e+05 2.0350160081e+05
1908.9540 6.686633e-02 9.441309e-02 7.442511e-04 6.073848e-02 4.425432e-02 1.143196e-01 7.7110478833e+04 2.0302643763e+05 2.0359096966e+05
1909.9545 7.034930e-02 1.021129e-01 6.824328e-04 6.868124e-02 4.958775e-02 1.022403e-01 7.7066423933e+04 2.0298385957e+05 2.0367261879e+05
1910.9550 7.428961e-02 1.095148e-01 6.883382e-04 7.643487e-02 5.466486e-02 9.103620e-02 7.7028167213e+04 2.0295054853e+05 2.0373898237e+05
1911.9555 7.657618e-02 1.164670e-01 6.725828e-04 8.204415e-02 5.826653e-02 8.186021e-02 7.7000782428e+04 2.0292725072e+05 2.0378590928e+05
1912.9560 7.878057e-02 1.226600e-01 6.456064e-04 8.610784e-02 6.089019e-02 7.643870e-02 7.6987017324e+04 2.0291307217e+05 2.0380990260e+05
1913.9565 7.946836e-02 1.259090e-01 6.436407e-04 8.777875e-02 6.189464e-02 7.456593e-02 7.6989833470e+04 2.0290762024e+05 2.0381067360e+05
1914.9570 7.882771e-02 1.257399e-01 6.570413e-04 8.660214e-02 6.103279e-02 7.617008e-02 7.7009300733e+04 2.0291002245e+05 2.0378927013e+05
1915.9575 7.746500e-02 1.213176e-01 6.691453e-04 8.384306e-02 5.922172e-02 8.134066e-02 7.7043884788e+04 2.0291992251e+05 2.0374690740e+05
1916.9580 7.590371e-02 1.146916e-01 6.442335e-04 7.832058e-02 5.553188e-02 8.972129e-02 7.7091318948e+04 2.0293540838e+05 2.0368754231e+05
1917.9585 7.213914e-02 1.064499e-01 6.978974e-04 7.159464e-02 5.116016e-02 1.007900e-01 7.7149188368e+04 2.0295584406e+05 2.0361408883e+05
1918.9590 6.790227e-02 9.971077e-02 7.081588e-04 6.394319e-02 4.622853e-02 1.119045e-01 7.7213232118e+04 2.0297954978e+05 2.0353139465e+05
1919.9595 6.435501e-02 9.260309e-02 7.452243e-04 5.577048e-02 4.081905e-02 1.242048e-01 7.7278204898e+04 2.0300571390e+05 2.0344502845e+05
1920.9600 6.082317e-02 8.633992e-02 7.866336e-04 4.864677e-02 3.614737e-02 1.357250e-01 7.7340104627e+04 2.0303252199e+05 2.0336036798e+05
1921.9605 5.787850e-02 8.234180e-02 7.685063e-04 4.213983e-02 3.193717e-02 1.450508e-01 7.7394309925e+04 2.0305723242e+05 2.0328479469e+05
1922.9610 5.561210e-02 7.834138e-02 8.110547e-04 3.744334e-02 2.877003e-02 1.510803e-01 7.7437578124e+04 2.0307751419e+05 2.0322451331e+05
1923.9615 5.356889e-02 7.412842e-02 7.861339e-04 3.500065e-02 2.715579e-02 1.546156e-01 7.7467000722e+04 2.0309048319e+05 2.0318493168e+05
1924.9620 5.381929e-02 7.093773e-02 8.056284e-04 3.471888e-02 2.692715e-02 1.544189e-01 7.7480192366e+04 2.0309364468e+05 2.0316998486e+05
1925.9625 5.455012e-02 7.097385e-02 8.211209e-04 3.665311e-02 2.824261e-02 1.506934e-01 7.7477391413e+04 2.0308535431e+05 2.0318098840e+05
1926.9630 5.628232e-02 7.424412e-02 7.667767e-04 4.112683e-02 3.106232e-02 1.436853e-01 7.7460050577e+04 2.0306465108e+05 2.0321689991e+05
1927.9635 5.912159e-02 8.010875e-02 7.966088e-04 4.693526e-02 3.467542e-02 1.333179e-01 7.7430733760e+04 2.0303274633e+05 2.0327500064e+05
1928.9640 6.201635e-02 8.881049e-02 7.379176e-04 5.444223e-02 3.961056e-02 1.223551e-01 7.7392660235e+04 2.0299114649e+05 2.0334947516e+05
1929.9645 6.626966e-02 9.803426e-02 7.118176e-04 6.240163e-02 4.464240e-02 1.097904e-01 7.7350221975e+04 2.0294336192e+05 2.0343417690e+05
1930.9650 7.025817e-02 1.076973e-01 7.145092e-04 6.977052e-02 4.950618e-02 9.762675e-02 7.7307890101e+04 2.0289319278e+05 2.0352113068e+05
1931.9655 7.339381e-02 1.145295e-01 6.742063e-04 7.681235e-02 5.414136e-02 8.724920e-02 7.7270997960e+04 2.0284552780e+05 2.0360114909e+05
1932.9660 7.619603e-02 1.176908e-01 6.654795e-04 8.195188e-02 5.761026e-02 7.882717e-02 7.7244246204e+04 2.0280509603e+05 2.0366593328e+05
1933.9665 7.837462e-02 1.191472e-01 6.492501e-04 8.517889e-02 5.980944e-02 7.381575e-02 7.7231068357e+04 2.0277533792e+05 2.0370719330e+05
1934.9670 7.902426e-02 1.193555e-01 6.606867e-04 8.645017e-02 6.084883e-02 7.204428e-02 7.7234022251e+04 2.0276010252e+05 2.0371885707e+05
1935.9675 7.856011e-02 1.188650e-01 6.353335e-04 8.435859e-02 5.969736e-02 7.486267e-02 7.7253932027e+04 2.0276011108e+05 2.0369949471e+05
1936.9680 7.721211e-02 1.164630e-01 6.933869e-04 8.091925e-02 5.763694e-02 8.076762e-02 7.7289907668e+04 2.0277580277e+05 2.0364917627e+05
1937.9685 7.468369e-02 1.126406e-01 6.565775e-04 7.521105e-02 5.392492e-02 8.930025e-02 7.7340179837e+04 2.0280390680e+05 2.0357371035e+05
1938.9690 7.151866e-02 1.069574e-01 7.093288e-04 6.773613e-02 4.907705e-02 1.009707e-01 7.7401241257e+04 2.0283981201e+05 2.0348056217e+05
1939.9695 6.718029e-02 9.946298e-02 7.216026e-04 6.001640e-02 4.401437e-02 1.138236e-01 7.7468375043e+04 2.0287974825e+05 2.0337820005e+05
1940.9700 6.332972e-02 9.065440e-02 7.298105e-04 5.156626e-02 3.825542e-02 1.264687e-01 7.7536414222e+04 2.0291865471e+05 2.0327695831e+05
1941.9705 5.916433e-02 8.122354e-02 8.104355e-04 4.412163e-02 3.322455e-02 1.375822e-01 7.7600906689e+04 2.0295224478e+05 2.0318480881e+05
1942.9710 5.589823e-02 7.257553e-02 7.618259e-04 3.801631e-02 2.897799e-02 1.473378e-01 7.7656441837e+04 2.0297726669e+05 2.0310937020e+05
1943.9715 5.316070e-02 6.683608e-02 8.244234e-04 3.382890e-02 2.586114e-02 1.536588e-01 7.7699307455e+04 2.0299155617e+05 2.0305604512e+05
1944.9720 5.125521e-02 6.521626e-02 7.776553e-04 3.208155e-02 2.450917e-02 1.561994e-01 7.7725259278e+04 2.0299525081e+05 2.0302801192e+05
1945.9725 5.132190e-02 6.761903e-02 8.040840e-04 3.285807e-02 2.466275e-02 1.541329e-01 7.7732194820e+04 2.0298876620e+05 2.0302709561e+05
1946.9730 5.272864e-02 7.354520e-02 8.274504e-04 3.616863e-02 2.668358e-02 1.478494e-01 7.7720304630e+04 2.0297184676e+05 2.0305329202e+05
1947.9735 5.493077e-02 8.032052e-02 7.775524e-04 4.204479e-02 3.052504e-02 1.389962e-01 7.7692395822e+04 2.0294438882e+05 2.0310474206e+05
1948.9740 5.805757e-02 8.607599e-02 7.708976e-04 4.918129e-02 3.525346e-02 1.266975e-01 7.7652245785e+04 2.0290795502e+05 2.0317793200e+05
1949.9745 6.233690e-02 9.229776e-02 7.405748e-04 5.727884e-02 4.089147e-02 1.128726e-01 7.7603843100e+04 2.0286397081e+05 2.0326617660e+05
1950.9750 6.734370e-02 9.910866e-02 7.147400e-04 6.623346e-02 4.693810e-02 9.896104e-02 7.7552694839e+04 2.0281494781e+05 2.0336116236e+05
1951.9755 7.159245e-02 1.068874e-01 6.894684e-04 7.377039e-02 5.230969e-02 8.639595e-02 7.7505179595e+04 2.0276400084e+05 2.0345467895e+05
1952.9760 7.533322e-02 1.136544e-01 6.423114e-04 8.018311e-02 5.692007e-02 7.542098e-02 7.7467539611e+04 2.0271532502e+05 2.0353671346e+05
1953.9765 7.841416e-02 1.185126e-01 6.591456e-04 8.498954e-02 6.036655e-02 6.823085e-02 7.7444794175e+04 2.0267302060e+05 2.0359819599e+05
1954.9770 7.979169e-02 1.216371e-01 6.409221e-04 8.650623e-02 6.155341e-02 6.595465e-02 7.7440415226e+04 2.0264142638e+05 2.0363216465e+05
1955.9775 7.902783e-02 1.238141e-01 6.673210e-04 8.611959e-02 6.146540e-02 6.681236e-02 7.7455768337e+04 2.0262545438e+05 2.0363199124e+05
1956.9780 7.771383e-02 1.221146e-01 6.492977e-04 8.243216e-02 5.907492e-02 7.260613e-02 7.7490007051e+04 2.0262792482e+05 2.0359663347e+05
1957.9785 7.518166e-02 1.150700e-01 7.008121e-04 7.663872e-02 5.511983e-02 8.266652e-02 7.7541825045e+04 2.0264919701e+05 2.0352722697e+05
1958.9790 7.078122e-02 1.054499e-01 6.925632e-04 6.918997e-02 4.996953e-02 9.552941e-02 7.7607559638e+04 2.0268715806e+05 2.0342906780e+05
1959.9795 6.701857e-02 9.480030e-02 7.341377e-04 6.039743e-02 4.365948e-02 1.093010e-01 7.7681492824e+04 2.0273780743e+05 2.0331085291e+05
1960.9800 6.186530e-02 8.502684e-02 7.692501e-04 5.168575e-02 3.759641e-02 1.231955e-01 7.7757565389e+04 2.0279593137e+05 2.0318303173e+05
1961.9805 5.622031e-02 7.784910e-02 7.608196e-04 4.316882e-02 3.144904e-02 1.373585e-01 7.7828369037e+04 2.0285415818e+05 2.0305943254e+05
1962.9810 5.392971e-02 7.315516e-02 8.514078e-04 3.659115e-02 2.661501e-02 1.477512e-01 7.7887444722e+04 2.0290429471e+05 2.0295326552e+05
1963.9815 5.115292e-02 7.076535e-02 7.941144e-04 3.213067e-02 2.332705e-02 1.546400e-01 7.7931570568e+04 2.0293867777e+05 2.0287721390e+05
1964.9820 4.715354e-02 6.943885e-02 8.799561e-04 2.994231e-02 2.160931e-02 1.568233e-01 7.7958018875e+04 2.0295213757e+05 2.0284024624e+05
1965.9825 4.769882e-02 6.911709e-02 8.217208e-04 3.062687e-02 2.217492e-02 1.546255e-01 7.7962422625e+04 2.0294244946e+05 2.0284587203e+05
1966.9830 5.079708e-02 7.015782e-02 8.057672e-04 3.439423e-02 2.477377e-02 1.484137e-01 7.7946142888e+04 2.0291020972e+05 2.0289260036e+05
1967.9835 5.257736e-02 7.453422e-02 8.234391e-04 4.010685e-02 2.891058e-02 1.377068e-01 7.7914079596e+04 2.0285823179e+05 2.0297453160e+05
1968.9840 5.674583e-02 8.015935e-02 7.561754e-04 4.748879e-02 3.443123e-02 1.244604e-01 7.7869224391e+04 2.0279298449e+05 2.0308090425e+05
1969.9845 6.289047e-02 8.796730e-02 7.519826e-04 5.641728e-02 4.072506e-02 1.099005e-01 7.7816754972e+04 2.0272230255e+05 2.0319812058e+05
1970.9850 6.696099e-02 9.741236e-02 7.153235e-04 6.508361e-02 4.704837e-02 9.548988e-02 7.7763953782e+04 2.0265506205e+05 2.0331255003e+05
1971.9855 7.109902e-02 1.076540e-01 6.736235e-04 7.340134e-02 5.292609e-02 8.216395e-02 7.7715932035e+04 2.0259841805e+05 2.0341109528e+05
1972.9860 7.553442e-02 1.167012e-01 7.065843e-04 7.999987e-02 5.763804e-02 7.204096e-02 7.7678419245e+04 2.0255691568e+05 2.0348416612e+05
1973.9865 7.875507e-02 1.217351e-01 6.596415e-04 8.408124e-02 6.041304e-02 6.581558e-02 7.7657822406e+04 2.0253263236e+05 2.0352552236e+05
1974.9870 7.854416e-02 1.225183e-01 6.521157e-04 8.620211e-02 6.187602e-02 6.325489e-02 7.7658199747e+04 2.0252601679e+05 2.0353111895e+05
1975.9875 7.849364e-02 1.197548e-01 6.588316e-04 8.477787e-02 6.068145e-02 6.591214e-02 7.7678358457e+04 2.0253598593e+05 2.0350204896e+05
1976.9880 7.746424e-02 1.138180e-01 7.133521e-04 8.122318e-02 5.801065e-02 7.292434e-02 7.7717290678e+04 2.0256112525e+05 2.0344048693e+05
1977.9885 7.314821e-02 1.074232e-01 6.864701e-04 7.494504e-02 5.343798e-02 8.354003e-02 7.7772323126e+04 2.0259774727e+05 2.0335321731e+05
1978.9890 6.877688e-02 1.010217e-01 7.452194e-04 6.719953e-02 4.769714e-02 9.616296e-02 7.7838780946e+04 2.0264059856e+05 2.0324854069e+05
1979.9895 6.547812e-02 9.419211e-02 7.168744e-04 5.874707e-02 4.164888e-02 1.102732e-01 7.7910660687e+04 2.0268513392e+05 2.0313637549e+05
1980.9900 6.006717e-02 8.795051e-02 7.582140e-04 4.990569e-02 3.515999e-02 1.250688e-01 7.7982956735e+04 2.0272655044e+05 2.0302754929e+05
1981.9905 5.428071e-02 8.110483e-02 8.166856e-04 4.235429e-02 2.990470e-02 1.365824e-01 7.8049616107e+04 2.0276208192e+05 2.0293095432e+05
1982.9910 5.159459e-02 7.514562e-02 8.011343e-04 3.590893e-02 2.549983e-02 1.459247e-01 7.8102986232e+04 2.0278825137e+05 2.0285550891e+05
1983.9915 5.022804e-02 7.005411e-02 8.687240e-04 3.161508e-02 2.265685e-02 1.516655e-01 7.8139813354e+04 2.0280306802e+05 2.0280697967e+05
1984.9920 4.825782e-02 6.587693e-02 7.983373e-04 3.010415e-02 2.199619e-02 1.531482e-01 7.8159102766e+04 2.0280483928e+05 2.0278875940e+05
1985.9925 4.886157e-02 6.518391e-02 8.189302e-04 3.129688e-02 2.315050e-02 1.498970e-01 7.8159047118e+04 2.0279222194e+05 2.0280181682e+05
1986.9930 5.132507e-02 6.810009e-02 8.388252e-04 3.476800e-02 2.595241e-02 1.428740e-01 7.8141203849e+04 2.0276594058e+05 2.0284405440e+05
1987.9935 5.300431e-02 7.467287e-02 7.909866e-04 4.045355e-02 3.027306e-02 1.323942e-01 7.8110020600e+04 2.0272753299e+05 2.0291060950e+05
1988.9940 5.740438e-02 8.465742e-02 7.890021e-04 4.778672e-02 3.554410e-02 1.203213e-01 7.8068237772e+04 2.0267883245e+05 2.0299505725e+05
1989.9945 6.297254e-02 9.432534e-02 7.536712e-04 5.577918e-02 4.126476e-02 1.072565e-01 7.8021885528e+04 2.0262455874e+05 2.0308927631e+05
1990.9950 6.645204e-02 1.013961e-01 7.231470e-04 6.384728e-02 4.684507e-02 9.407978e-02 7.7977549150e+04 2.0257008782e+05 2.0318365923e+05
1991.9955 7.019087e-02 1.066146e-01 6.936182e-04 7.077002e-02 5.156645e-02 8.330064e-02 7.7938420688e+04 2.0252064233e+05 2.0326838653e+05
1992.9960 7.439296e-02 1.105763e-01 6.982061e-04 7.672485e-02 5.537750e-02 7.441592e-02 7.7909443481e+04 2.0248076970e+05 2.0333352107e+05
1993.9965 7.506687e-02 1.129408e-01 6.450278e-04 8.090190e-02 5.796587e-02 6.882806e-02 7.7895467730e+04 2.0245501539e+05 2.0337160183e+05
1994.9970 7.571518e-02 1.135442e-01 6.562938e-04 8.177408e-02 5.824321e-02 6.768293e-02 7.7897575627e+04 2.0244518460e+05 2.0337886085e+05
1995.9975 7.695418e-02 1.131852e-01 6.909838e-04 8.116364e-02 5.744585e-02 7.020884e-02 7.7916414088e+04 2.0245134066e+05 2.0335301209e+05
1996.9980 7.367634e-02 1.124546e-01 6.495105e-04 7.781264e-02 5.473011e-02 7.621706e-02 7.7952608249e+04 2.0247211969e+05 2.0329771203e+05
1997.9985 7.069836e-02 1.098482e-01 7.066332e-04 7.274598e-02 5.106375e-02 8.482035e-02 7.8002002514e+04 2.0250410232e+05 2.0321858236e+05
1998.9990 6.829256e-02 1.045076e-01 7.034885e-04 6.593067e-02 4.617351e-02 9.604250e-02 7.8059658063e+04 2.0254371457e+05 2.0312459044e+05
1999.9995 6.414279e-02 9.627233e-02 7.698473e-04 5.820318e-02 4.092198e-02 1.084608e-01 7.8122253311e+04 2.0258571972e+05 2.0302516863e+05
2001.0000 6.026611e-02 8.604555e-02 7.679024e-04 5.083408e-02 3.599670e-02 1.200344e-01 7.8184604711e+04 2.0262496646e+05 2.0292955886e+05
2002.0005 5.603131e-02 7.780395e-02 7.836230e-04 4.349814e-02 3.122169e-02 1.303959e-01 7.8241674780e+04 2.0265641441e+05 2.0284678158e+05
2003.0010 5.283470e-02 7.197594e-02 8.381449e-04 3.781723e-02 2.767408e-02 1.388855e-01 7.8288886827e+04 2.0267697767e+05 2.0278292206e+05
2004.0015 5.229713e-02 6.956128e-02 8.050154e-04 3.413870e-02 2.552935e-02 1.440713e-01 7.8322767737e+04 2.0268454703e+05 2.0274291258e+05
2005.0020 5.092622e-02 6.978345e-02 8.206802e-04 3.232493e-02 2.457457e-02 1.456631e-01 7.8342897385e+04 2.0267866758e+05 2.0272965020e+05
2006.0025 5.080822e-02 7.205671e-02 8.154154e-04 3.278018e-02 2.509469e-02 1.443128e-01 7.8347679430e+04 2.0265981045e+05 2.0274296480e+05
2007.0030 5.279578e-02 7.563211e-02 7.978180e-04 3.554378e-02 2.714278e-02 1.388016e-01 7.8338533244e+04 2.0262990027e+05 2.0278008488e+05
2008.0035 5.467105e-02 7.934159e-02 8.046818e-04 4.008874e-02 3.031932e-02 1.312825e-01 7.8317413510e+04 2.0259285255e+05 2.0283595121e+05
2009.0040 5.713989e-02 8.272646e-02 7.728241e-04 4.600616e-02 3.434059e-02 1.214274e-01 7.8287125643e+04 2.0255316170e+05 2.0290353419e+05
2010.0045 6.028098e-02 8.643192e-02 7.529193e-04 5.295726e-02 3.896276e-02 1.102293e-01 7.8251176360e+04 2.0251485918e+05 2.0297490263e+05
2011.0050 6.349798e-02 9.201885e-02 7.355307e-04 5.960770e-02 4.333866e-02 9.957913e-02 7.8213463355e+04 2.0248073154e+05 2.0304310032e+05
2012.0055 6.760747e-02 9.801419e-02 7.096455e-04 6.681315e-02 4.791240e-02 8.859055e-02 7.8178735948e+04 2.0245296145e+05 2.0310118019e+05
2013.0060 7.022238e-02 1.053346e-01 6.996519e-04 7.275384e-02 5.164203e-02 7.966295e-02 7.8151323684e+04 2.0243147406e+05 2.0314580587e+05
2014.0065 7.203721e-02 1.119869e-01 6.919067e-04 7.649450e-02 5.395966e-02 7.400487e-02 7.8134218370e+04 2.0241576875e+05 2.0317504648e+05
2015.0070 7.446841e-02 1.161719e-01 7.017482e-04 7.909757e-02 5.554987e-02 7.077701e-02 7.8129558835e+04 2.0240523688e+05 2.0318711724e+05
2016.0075 7.473788e-02 1.159486e-01 6.920359e-04 7.903789e-02 5.539096e-02 7.062533e-02 7.8139948950e+04 2.0239950641e+05 2.0318267383e+05
2017.0080 7.340143e-02 1.119968e-01 7.066099e-04 7.734180e-02 5.422432e-02 7.434065e-02 7.8165259617e+04 2.0239767094e+05 2.0316094464e+05
2018.0085 7.155630e-02 1.058606e-01 6.856079e-04 7.289316e-02 5.134477e-02 8.094468e-02 7.8203516070e+04 2.0240117070e+05 2.0312271433e+05
2019.0090 6.889259e-02 9.840876e-02 7.411305e-04 6.713441e-02 4.766062e-02 8.998809e-02 7.8252492900e+04 2.0241112255e+05 2.0306792404e+05
2020.0095 6.499200e-02 9.125568e-02 7.357817e-04 6.065648e-02 4.330890e-02 1.003957e-01 7.8308907911e+04 2.0242872069e+05 2.0299859226e+05
2021.0100 6.152853e-02 8.652185e-02 7.691903e-04 5.324869e-02 3.838081e-02 1.116600e-01 7.8367671585e+04 2.0245307135e+05 2.0291920844e+05
2022.0105 5.921390e-02 8.387857e-02 8.191311e-04 4.652225e-02 3.390059e-02 1.223635e-01 7.8424303186e+04 2.0248239976e+05 2.0283536587e+05
2023.0110 5.576665e-02 8.133260e-02 7.688227e-04 4.064292e-02 3.000753e-02 1.318110e-01 7.8475413843e+04 2.0251394108e+05 2.0275528815e+05
2024.0115 5.340180e-02 7.698508e-02 8.253457e-04 3.571736e-02 2.660689e-02 1.385725e-01 7.8516687959e+04 2.0254354299e+05 2.0268773998e+05
2025.0120 5.140868e-02 7.237423e-02 8.217259e-04 3.304663e-02 2.475757e-02 1.425534e-01 7.8545122094e+04 2.0256619222e+05 2.0263954853e+05
2026.0125 5.040268e-02 6.855565e-02 8.303643e-04 3.257295e-02 2.438931e-02 1.425658e-01 7.8559597464e+04 2.0257719376e+05 2.0261639121e+05
2027.0130 5.092283e-02 6.779739e-02 8.357381e-04 3.403550e-02 2.526529e-02 1.400666e-01 7.8559056682e+04 2.0257300047e+05 2.0262123961e+05
2028.0135 5.290256e-02 6.986885e-02 8.106914e-04 3.758806e-02 2.757285e-02 1.339311e-01 7.8544945633e+04 2.0255328942e+05 2.0265357903e+05
2029.0140 5.513532e-02 7.564454e-02 8.106172e-04 4.308109e-02 3.116029e-02 1.244758e-01 7.8519274167e+04 2.0251951698e+05 2.0270998435e+05
2030.0145 5.761628e-02 8.443919e-02 7.772835e-04 4.945367e-02 3.535862e-02 1.139330e-01 7.8484200393e+04 2.0247498931e+05 2.0278504425e+05
2031.0150 6.115147e-02 9.383561e-02 7.398024e-04 5.723941e-02 4.063341e-02 1.019670e-01 7.8443862174e+04 2.0242446950e+05 2.0287031370e+05
2032.0155 6.582455e-02 1.011935e-01 7.339259e-04 6.408816e-02 4.525305e-02 9.015934e-02 7.8402778786e+04 2.0237318768e+05 2.0295796806e+05
2033.0160 6.931687e-02 1.056434e-01 7.016497e-04 7.035707e-02 4.960076e-02 8.036546e-02 7.8366937761e+04 2.0232578074e+05 2.0303770647e+05
2034.0165 7.103845e-02 1.077030e-01 7.002267e-04 7.554951e-02 5.336495e-02 7.216024e-02 7.8341721031e+04 2.0228683996e+05 2.0310002665e+05
2035.0170 7.357585e-02 1.085588e-01 6.697973e-04 7.823190e-02 5.537929e-02 6.713149e-02 7.8329805027e+04 2.0225969793e+05 2.0313782634e+05
2036.0175 7.547650e-02 1.087042e-01 6.768811e-04 7.939835e-02 5.630507e-02 6.627148e-02 7.8333951497e+04 2.0224680616e+05 2.0314528352e+05
2037.0180 7.446084e-02 1.085735e-01 7.056568e-04 7.732939e-02 5.511017e-02 6.885139e-02 7.8355490371e+04 2.0224932733e+05 2.0312195088e+05
2038.0185 7.277712e-02 1.074538e-01 7.060228e-04 7.358067e-02 5.260832e-02 7.520848e-02 7.8392836954e+04 2.0226572487e+05 2.0306926753e+05
2039.0190 7.012208e-02 1.055611e-01 7.009177e-04 6.831562e-02 4.893829e-02 8.464903e-02 7.8442960772e+04 2.0229386919e+05 2.0299259283e+05
2040.0195 6.624612e-02 9.988983e-02 7.493355e-04 6.103601e-02 4.396720e-02 9.613547e-02 7.8502468800e+04 2.0233094649e+05 2.0290018550e+05
2041.0200 6.119173e-02 9.220371e-02 7.667800e-04 5.351574e-02 3.874136e-02 1.087715e-01 7.8566310042e+04 2.0237227060e+05 2.0280018161e+05
2042.0205 5.702441e-02 8.258683e-02 7.798421e-04 4.604393e-02 3.339272e-02 1.208078e-01 7.8629117314e+04 2.0241339578e+05 2.0270211272e+05
2043.0210 5.432669e-02 7.291597e-02 8.290968e-04 3.921452e-02 2.859836e-02 1.309797e-01 7.8685863864e+04 2.0244957011e+05 2.0261470563e+05
2044.0215 5.103994e-02 6.685199e-02 8.328011e-04 3.420559e-02 2.496188e-02 1.391365e-01 7.8732149454e+04 2.0247668228e+05 2.0254532527e+05
2045.0220 4.947214e-02 6.458187e-02 8.337722e-04 3.113311e-02 2.265031e-02 1.431733e-01 7.8763977284e+04 2.0249185202e+05 2.0250043685e+05
2046.0225 4.916036e-02 6.573857e-02 8.299001e-04 3.046349e-02 2.210148e-02 1.443728e-01 7.8778313517e+04 2.0249346189e+05 2.0248409278e+05
2047.0230 4.916180e-02 6.891512e-02 8.294286e-04 3.218262e-02 2.310329e-02 1.405250e-01 7.8775304583e+04 2.0248171959e+05 2.0249804351e+05
2048.0235 5.058240e-02 7.366200e-02 8.045988e-04 3.610272e-02 2.587767e-02 1.331526e-01 7.8755488021e+04 2.0245653192e+05 2.0254086760e+05
2049.0240 5.376115e-02 7.870313e-02 7.856127e-04 4.182422e-02 2.992272e-02 1.231991e-01 7.8721945065e+04 2.0241932726e+05 2.0260840050e+05
2050.0245 5.699480e-02 8.341443e-02 7.930258e-04 4.928598e-02 3.521760e-02 1.105526e-01 7.8680206673e+04 2.0237299861e+05 2.0269326559e+05
2051.0250 6.206164e-02 8.828421e-02 7.544302e-04 5.620805e-02 4.025360e-02 9.780224e-02 7.8634020190e+04 2.0232138472e+05 2.0278738840e+05
2052.0255 6.726382e-02 9.439416e-02 7.184236e-04 6.368401e-02 4.563573e-02 8.580407e-02 7.8588971219e+04 2.0226929208e+05 2.0287959516e+05
2053.0260 7.038766e-02 1.001986e-01 7.436537e-04 7.022622e-02 5.043060e-02 7.488155e-02 7.8551903260e+04 2.0222174382e+05 2.0296047709e+05
2054.0265 7.300161e-02 1.063282e-01 6.641603e-04 7.474032e-02 5.369377e-02 6.719509e-02 7.8526932337e+04 2.0218183855e+05 2.0302186435e+05
2055.0270 7.519394e-02 1.128031e-01 7.054358e-04 7.797934e-02 5.594952e-02 6.352846e-02 7.8517634114e+04 2.0215278366e+05 2.0305600419e+05
2056.0275 7.516939e-02 1.166410e-01 7.025852e-04 7.779751e-02 5.583767e-02 6.378353e-02 7.8527107994e+04 2.0213796337e+05 2.0305974250e+05
2057.0280 7.398170e-02 1.155860e-01 6.954341e-04 7.565670e-02 5.429472e-02 6.813615e-02 7.8555487433e+04 2.0213941872e+05 2.0303056756e+05
2058.0285 7.261439e-02 1.099395e-01 7.071434e-04 7.136939e-02 5.121371e-02 7.599774e-02 7.8600290457e+04 2.0215749245e+05 2.0297029317e+05
2059.0290 6.949552e-02 9.996647e-02 7.334477e-04 6.482193e-02 4.648458e-02 8.675619e-02 7.8658546857e+04 2.0219098603e+05 2.0288398601e+05
2060.0295 6.350777e-02 8.939047e-02 7.366333e-04 5.753197e-02 4.126259e-02 9.954895e-02 7.8724912199e+04 2.0223694421e+05 2.0277826136e+05
2061.0300 5.918573e-02 8.076446e-02 7.728908e-04 4.983027e-02 3.573178e-02 1.120174e-01 7.8791702181e+04 2.0229071042e+05 2.0266318916e+05
2062.0305 5.607896e-02 7.419041e-02 8.097918e-04 4.266680e-02 3.052145e-02 1.236085e-01 7.8853218818e+04 2.0234617978e+05 2.0255041967e+05
2063.0310 5.126019e-02 7.162967e-02 7.874535e-04 3.684374e-02 2.632880e-02 1.329533e-01 7.8905414469e+04 2.0239500439e+05 2.0245268514e+05
2064.0315 4.890487e-02 7.041155e-02 8.411060e-04 3.260073e-02 2.323405e-02 1.391429e-01 7.8943867058e+04 2.0242876771e+05 2.0238234668e+05
2065.0320 4.848243e-02 6.929909e-02 8.207919e-04 3.055756e-02 2.188612e-02 1.420162e-01 7.8965922107e+04 2.0244173897e+05 2.0234814504e+05
2066.0325 4.872982e-02 6.857882e-02 8.364914e-04 3.080215e-02 2.212322e-02 1.397952e-01 7.8970912232e+04 2.0243133929e+05 2.0235443180e+05
2067.0330 4.987505e-02 6.839137e-02 8.329943e-04 3.341755e-02 2.415030e-02 1.343337e-01 7.8958126942e+04 2.0239892277e+05 2.0239960392e+05
2068.0335 5.272908e-02 7.016078e-02 7.826248e-04 3.802708e-02 2.761161e-02 1.260787e-01 7.8929584005e+04 2.0234832328e+05 2.0247700240e+05
2069.0340 5.606348e-02 7.508984e-02 8.382021e-04 4.425155e-02 3.221349e-02 1.150152e-01 7.8890365537e+04 2.0228563132e+05 2.0257571789e+05
2070.0345 5.973627e-02 8.254240e-02 7.686171e-04 5.062733e-02 3.681161e-02 1.033138e-01 7.8846082614e+04 2.0221825577e+05 2.0268323766e+05
2071.0350 6.436942e-02 9.162983e-02 7.850306e-04 5.829210e-02 4.230575e-02 9.112235e-02 7.8802192043e+04 2.0215476594e+05 2.0278461387e+05
2072.0355 6.888653e-02 1.021842e-01 7.420567e-04 6.488005e-02 4.694808e-02 8.047023e-02 7.8764119789e+04 2.0210214630e+05 2.0286900580e+05
2073.0360 7.213369e-02 1.100712e-01 7.243079e-04 6.997518e-02 5.041855e-02 7.211757e-02 7.8737672189e+04 2.0206578138e+05 2.0292730115e+05
2074.0365 7.360699e-02 1.146125e-01 7.118102e-04 7.365030e-02 5.297208e-02 6.755010e-02 7.8725899625e+04 2.0204802082e+05 2.0295371324e+05
2075.0370 7.532605e-02 1.135006e-01 7.222574e-04 7.469785e-02 5.353354e-02 6.625979e-02 7.8730216386e+04 2.0204975311e+05 2.0294726907e+05
2076.0375 7.396801e-02 1.086996e-01 7.037312e-04 7.417421e-02 5.307154e-02 6.838800e-02 7.8752341342e+04 2.0206824778e+05 2.0290869490e+05
2077.0380 7.089576e-02 1.021060e-01 7.320840e-04 7.101507e-02 5.074726e-02 7.436562e-02 7.8790259884e+04 2.0209944840e+05 2.0284322408e+05
2078.0385 6.878732e-02 9.553088e-02 7.438654e-04 6.609801e-02 4.710662e-02 8.290145e-02 7.8840255917e+04 2.0213859777e+05 2.0275755605e+05
2079.0390 6.491679e-02 9.151588e-02 7.339770e-04 6.024863e-02 4.281400e-02 9.347766e-02 7.8898683846e+04 2.0218034028e+05 2.0266045938e+05
2080.0395 6.026120e-02 8.746359e-02 7.881241e-04 5.344234e-02 3.793315e-02 1.042801e-01 7.8960272070e+04 2.0222056168e+05 2.0256249782e+05
2081.0400 5.712846e-02 8.298703e-02 7.853860e-04 4.703756e-02 3.336345e-02 1.148563e-01 7.9018206119e+04 2.0225505927e+05 2.0247327488e+05
2082.0405 5.412554e-02 7.780360e-02 8.026603e-04 4.138476e-02 2.932322e-02 1.238460e-01 7.9067257197e+04 2.0228128867e+05 2.0240154698e+05
2083.0410 5.111894e-02 7.125021e-02 8.261107e-04 3.704739e-02 2.633978e-02 1.302099e-01 7.9104326205e+04 2.0229655435e+05 2.0235348993e+05
2084.0415 4.913509e-02 6.677999e-02 8.106967e-04 3.420363e-02 2.460011e-02 1.336210e-01 7.9126387886e+04 2.0229856001e+05 2.0233250257e+05
2085.0420 4.951188e-02 6.532892e-02 8.343920e-04 3.335793e-02 2.411492e-02 1.329693e-01 7.9133132941e+04 2.0228663488e+05 2.0233892132e+05
2086.0425 5.051658e-02 6.755184e-02 8.380660e-04 3.479613e-02 2.527411e-02 1.299941e-01 7.9125818313e+04 2.0226158857e+05 2.0237015793e+05
2087.0430 5.291161e-02 7.223040e-02 8.100671e-04 3.756376e-02 2.740702e-02 1.240484e-01 7.9106468500e+04 2.0222645707e+05 2.0242220969e+05
2088.0435 5.619919e-02 7.927877e-02 8.344934e-04 4.188041e-02 3.047565e-02 1.157347e-01 7.9078087637e+04 2.0218466645e+05 2.0248857543e+05
2089.0440 5.946908e-02 8.701410e-02 7.667268e-04 4.703156e-02 3.412103e-02 1.067256e-01 7.9044668910e+04 2.0214024706e+05 2.0256208064e+05
2090.0445 6.231178e-02 9.391689e-02 7.852512e-04 5.313942e-02 3.852170e-02 9.693305e-02 7.9011004290e+04 2.0209741014e+05 2.0263432158e+05
2091.0450 6.612185e-02 9.907345e-02 7.568456e-04 5.831192e-02 4.207921e-02 8.842435e-02 7.8981269736e+04 2.0205912999e+05 2.0269866267e+05
2092.0455 6.865828e-02 1.015302e-01 7.734136e-04 6.320769e-02 4.540795e-02 8.122070e-02 7.8960841718e+04 2.0202848648e+05 2.0274730983e+05
2093.0460 6.989799e-02 1.024551e-01 7.456612e-04 6.662260e-02 4.775247e-02 7.658929e-02 7.8952414691e+04 2.0200767417e+05 2.0277528872e+05
2094.0465 7.098159e-02 1.021578e-01 7.468902e-04 6.852713e-02 4.892923e-02 7.434384e-02 7.8957390984e+04 2.0199832149e+05 2.0277901509e+05
2095.0470 7.110841e-02 1.012184e-01 7.390206e-04 6.926949e-02 4.934401e-02 7.432297e-02 7.8975678594e+04 2.0200171320e+05 2.0275721106e+05
2096.0475 6.936838e-02 1.002410e-01 7.241614e-04 6.768048e-02 4.815937e-02 7.780198e-02 7.9005318252e+04 2.0201733545e+05 2.0271270316e+05
2097.0480 6.684443e-02 9.790865e-02 7.605006e-04 6.512359e-02 4.623382e-02 8.304171e-02 7.9043830668e+04 2.0204370591e+05 2.0264948421e+05
2098.0485 6.370092e-02 9.444274e-02 7.506102e-04 6.150318e-02 4.363788e-02 8.980283e-02 7.9087791264e+04 2.0207676253e+05 2.0257492922e+05
2099.0490 6.069031e-02 8.960261e-02 7.679129e-04 5.684915e-02 4.037159e-02 9.739364e-02 7.9134133835e+04 2.0211094493e+05 2.0249769158e+05
2100.0495 5.843374e-02 8.295691e-02 7.533706e-04 5.215441e-02 3.713772e-02 1.046280e-01 7.9178963480e+04 2.0214202789e+05 2.0242566818e+05
2101.0500 5.566522e-02 7.770956e-02 7.807810e-04 4.745962e-02 3.401877e-02 1.114993e-01 7.9218553727e+04 2.0216530365e+05 2.0236641828e+05
2102.0505 5.413164e-02 7.357278e-02 8.188985e-04 4.361693e-02 3.138466e-02 1.170028e-01 7.9249578729e+04 2.0217797466e+05 2.0232541126e+05
2103.0510 5.370745e-02 7.195940e-02 7.954362e-04 4.059546e-02 2.945350e-02 1.203544e-01 7.9270103835e+04 2.0217812783e+05 2.0230619537e+05
2104.0515 5.320375e-02 7.254889e-02 8.378665e-04 3.907267e-02 2.841777e-02 1.211562e-01 7.9280124999e+04 2.0216561244e+05 2.0230930250e+05
2105.0520 5.273799e-02 7.444177e-02 8.116417e-04 3.902137e-02 2.843861e-02 1.212601e-01 7.9280014285e+04 2.0214180140e+05 2.0233267727e+05
2106.0525 5.435016e-02 7.784539e-02 8.288844e-04 3.964358e-02 2.896080e-02 1.182251e-01 7.9271837588e+04 2.0210900219e+05 2.0237236353e+05
2107.0530 5.648958e-02 8.226136e-02 8.469577e-04 4.153609e-02 3.024063e-02 1.140776e-01 7.9258015933e+04 2.0207115838e+05 2.0242175716e+05
2108.0535 5.824379e-02 8.510196e-02 7.978526e-04 4.455458e-02 3.223614e-02 1.091280e-01 7.9241832919e+04 2.0203363202e+05 2.0247367127e+05
2109.0540 6.052531e-02 8.823029e-02 8.224070e-04 4.802900e-02 3.462931e-02 1.033539e-01 7.9225645225e+04 2.0200003918e+05 2.0252116278e+05
2110.0545 6.286420e-02 9.021519e-02 7.624080e-04 5.131334e-02 3.678217e-02 9.829806e-02 7.9211632050e+04 2.0197516027e+05 2.0255823977e+05
2111.0550 6.390704e-02 9.190005e-02 7.990564e-04 5.507736e-02 3.933682e-02 9.282612e-02 7.9202288655e+04 2.0196161444e+05 2.0257965912e+05
2112.0555 6.470736e-02 9.371036e-02 7.916152e-04 5.794134e-02 4.117640e-02 8.937648e-02 7.9198525415e+04 2.0195911919e+05 2.0258438357e+05
2113.0560 6.593315e-02 9.502721e-02 7.838493e-04 6.051858e-02 4.289275e-02 8.636377e-02 7.9202185198e+04 2.0196550465e+05 2.0257279545e+05
2114.0565 6.604317e-02 9.669676e-02 7.623180e-04 6.224729e-02 4.401192e-02 8.427639e-02 7.9213835583e+04 2.0197711130e+05 2.0254852361e+05
2115.0570 6.518570e-02 9.697841e-02 7.471339e-04 6.246435e-02 4.422364e-02 8.469890e-02 7.9232260281e+04 2.0199057668e+05 2.0251657756e+05
2116.0575 6.420726e-02 9.515924e-02 7.650746e-04 6.235941e-02 4.418005e-02 8.575833e-02 7.9255312223e+04 2.0200373737e+05 2.0248110082e+05
2117.0580 6.339759e-02 9.211543e-02 7.599720e-04 6.108818e-02 4.346674e-02 8.766702e-02 7.9280747209e+04 2.0201400039e+05 2.0244694996e+05
2118.0585 6.176217e-02 8.853850e-02 7.827100e-04 5.916086e-02 4.227514e-02 9.071038e-02 7.9307390247e+04 2.0201949310e+05 2.0241700798e+05
2119.0590 5.973283e-02 8.522286e-02 7.517927e-04 5.668214e-02 4.080045e-02 9.422871e-02 7.9333862646e+04 2.0201947825e+05 2.0239282284e+05
2120.0595 5.863087e-02 8.252458e-02 7.909674e-04 5.372247e-02 3.892160e-02 9.797427e-02 7.9358859586e+04 2.0201463120e+05 2.0237468975e+05
2121.0600 5.767728e-02 8.126597e-02 7.912210e-04 5.119118e-02 3.723706e-02 1.017349e-01 7.9381181779e+04 2.0200668721e+05 2.0236139392e+05
2122.0605 5.666799e-02 8.213463e-02 7.920493e-04 4.808007e-02 3.533251e-02 1.047983e-01 7.9399320930e+04 2.0199829800e+05 2.0235247726e+05
2123.0610 5.705429e-02 8.218656e-02 8.411297e-04 4.580986e-02 3.366812e-02 1.075994e-01 7.9412571458e+04 2.0199121877e+05 2.0234650325e+05
2124.0615 5.660317e-02 8.151675e-02 7.914264e-04 4.420165e-02 3.256289e-02 1.101806e-01 7.9422326244e+04 2.0198551464e+05 2.0234296378e+05
2125.0620 5.687757e-02 8.092786e-02 8.619549e-04 4.259348e-02 3.137544e-02 1.107406e-01 7.9429119436e+04 2.0198086500e+05 2.0234187673e+05
2126.0625 5.709227e-02 8.076449e-02 8.075855e-04 4.217647e-02 3.091990e-02 1.116491e-01 7.9433009195e+04 2.0197666287e+05 2.0234211428e+05
2127.0630 5.680474e-02 8.073535e-02 8.090391e-04 4.252497e-02 3.096386e-02 1.110008e-01 7.9436033883e+04 2.0197232414e+05 2.0234372004e+05
2128.0635 5.820955e-02 8.216637e-02 8.317423e-04 4.320347e-02 3.115476e-02 1.095920e-01 7.9437654177e+04 2.0196653105e+05 2.0234694860e+05
2129.0640 5.952990e-02 8.376139e-02 8.105154e-04 4.459292e-02 3.184864e-02 1.081223e-01 7.9439629662e+04 2.0195878256e+05 2.0235133251e+05
2130.0645 5.936324e-02 8.519842e-02 8.322484e-04 4.669498e-02 3.311471e-02 1.051854e-01 7.9443260982e+04 2.0194929058e+05 2.0235652645e+05
2131.0650 5.916475e-02 8.768033e-02 7.865413e-04 4.864073e-02 3.425175e-02 1.028068e-01 7.9446716735e+04 2.0193859400e+05 2.0236251572e+05
2132.0655 6.057722e-02 8.930352e-02 8.131776e-04 5.167250e-02 3.618182e-02 9.913770e-02 7.9449706711e+04 2.0192892333e+05 2.0236750640e+05
2133.0660 6.097431e-02 9.084621e-02 7.860518e-04 5.421909e-02 3.796786e-02 9.547561e-02 7.9452795746e+04 2.0192046195e+05 2.0237182957e+05
2134.0665 6.050774e-02 9.141553e-02 7.963759e-04 5.632172e-02 3.953718e-02 9.252448e-02 7.9456897268e+04 2.0191284241e+05 2.0237502270e+05
2135.0670 6.096927e-02 9.023637e-02 7.878648e-04 5.855981e-02 4.138067e-02 8.935431e-02 7.9462072028e+04 2.0190654844e+05 2.0237608575e+05
2136.0675 6.185135e-02 8.925091e-02 7.679603e-04 5.977034e-02 4.257923e-02 8.667355e-02 7.9468197316e+04 2.0190136372e+05 2.0237533341e+05
2137.0680 6.182658e-02 8.889393e-02 7.448375e-04 6.071969e-02 4.352201e-02 8.495282e-02 7.9475847443e+04 2.0189717841e+05 2.0237201440e+05
2138.0685 6.104346e-02 9.024301e-02 7.634792e-04 6.070944e-02 4.391407e-02 8.469027e-02 7.9484783969e+04 2.0189334938e+05 2.0236663346e+05
2139.0690 6.235397e-02 9.008412e-02 7.590276e-04 5.965691e-02 4.345973e-02 8.528460e-02 7.9495204998e+04 2.0188954836e+05 2.0235990129e+05
2140.0695 6.220020e-02 9.050103e-02 7.696172e-04 5.834580e-02 4.285234e-02 8.685050e-02 7.9508797436e+04 2.0188421805e+05 2.0235155396e+05
2141.0700 5.975303e-02 8.942769e-02 7.738819e-04 5.571103e-02 4.114612e-02 8.948646e-02 7.9525978755e+04 2.0187860546e+05 2.0234216030e+05
2142.0705 5.972800e-02 8.695080e-02 7.991039e-04 5.310507e-02 3.933000e-02 9.360987e-02 7.9544516046e+04 2.0187316512e+05 2.0233014783e+05
2143.0710 5.966730e-02 8.502735e-02 8.064670e-04 4.999901e-02 3.708476e-02 9.830531e-02 7.9564811007e+04 2.0186896179e+05 2.0231512650e+05
2144.0715 5.830998e-02 8.281613e-02 8.267944e-04 4.660588e-02 3.446777e-02 1.024568e-01 7.9587025506e+04 2.0186739165e+05 2.0229674674e+05
2145.0720 5.761802e-02 8.144839e-02 8.290694e-04 4.394389e-02 3.233058e-02 1.077662e-01 7.9609310656e+04 2.0186787860e+05 2.0227450646e+05
2146.0725 5.631255e-02 8.016618e-02 8.332752e-04 4.167308e-02 3.028431e-02 1.110082e-01 7.9631772325e+04 2.0187169987e+05 2.0224975653e+05
2147.0730 5.536135e-02 7.930386e-02 8.281289e-04 4.003358e-02 2.870717e-02 1.143244e-01 7.9651383481e+04 2.0187852315e+05 2.0222401938e+05
2148.0735 5.488985e-02 7.954198e-02 8.348704e-04 3.949203e-02 2.791371e-02 1.160411e-01 7.9667134281e+04 2.0188700345e+05 2.0219968425e+05
2149.0740 5.511192e-02 8.058009e-02 8.497834e-04 3.971309e-02 2.774111e-02 1.157974e-01 7.9678525520e+04 2.0189446835e+05 2.0218039105e+05
2150.0745 5.450130e-02 8.161705e-02 8.357628e-04 4.094446e-02 2.838582e-02 1.141902e-01 7.9685520881e+04 2.0189835826e+05 2.0216920407e+05
2151.0750 5.478778e-02 8.200373e-02 8.426167e-04 4.393012e-02 3.031902e-02 1.104599e-01 7.9688121983e+04 2.0189625667e+05 2.0216796901e+05
2152.0755 5.632982e-02 8.307593e-02 7.896443e-04 4.664138e-02 3.239519e-02 1.057133e-01 7.9685405680e+04 2.0188723031e+05 2.0217868849e+05
2153.0760 5.786286e-02 8.344946e-02 7.949950e-04 5.007157e-02 3.498786e-02 1.006199e-01 7.9678639777e+04 2.0187161221e+05 2.0219999922e+05
2154.0765 5.875754e-02 8.534909e-02 7.923430e-04 5.424955e-02 3.824475e-02 9.387845e-02 7.9669328846e+04 2.0185014499e+05 2.0222936843e+05
2155.0770 6.122426e-02 8.720762e-02 7.789416e-04 5.758125e-02 4.100161e-02 8.766401e-02 7.9658715239e+04 2.0182421754e+05 2.0226425042e+05
2156.0775 6.313341e-02 9.106640e-02 7.457009e-04 6.079530e-02 4.369954e-02 8.257658e-02 7.9649657926e+04 2.0179526090e+05 2.0229958082e+05
2157.0780 6.309962e-02 9.466133e-02 7.634763e-04 6.292272e-02 4.564727e-02 7.869072e-02 7.9644884853e+04 2.0176735512e+05 2.0233072722e+05
2158.0785 6.416631e-02 9.518716e-02 7.483867e-04 6.394732e-02 4.667576e-02 7.632763e-02 7.9645320364e+04 2.0174442681e+05 2.0235276139e+05
2159.0790 6.494221e-02 9.505119e-02 7.422357e-04 6.392158e-02 4.699886e-02 7.617249e-02 7.9651764817e+04 2.0172908923e+05 2.0236129228e+05
2160.0795 6.461432e-02 9.297813e-02 7.709187e-04 6.212604e-02 4.580967e-02 7.798751e-02 7.9665835506e+04 2.0172343114e+05 2.0235435923e+05
2161.0800 6.392679e-02 9.001108e-02 7.598047e-04 5.965788e-02 4.409052e-02 8.246631e-02 7.9686979304e+04 2.0172745248e+05 2.0233053491e+05
2162.0805 6.234661e-02 8.810689e-02 7.876452e-04 5.585291e-02 4.125115e-02 8.812886e-02 7.9714380767e+04 2.0174048213e+05 2.0229184129e+05
2163.0810 6.068927e-02 8.556501e-02 8.267141e-04 5.166475e-02 3.801974e-02 9.442962e-02 7.9746336194e+04 2.0176101504e+05 2.0224147822e+05
2164.0815 5.875078e-02 8.375381e-02 8.000709e-04 4.734597e-02 3.458095e-02 1.022469e-01 7.9780040710e+04 2.0178545004e+05 2.0218482124e+05
2165.0820 5.697295e-02 8.113376e-02 8.378598e-04 4.310268e-02 3.112829e-02 1.087444e-01 7.9814175296e+04 2.0180995809e+05 2.0212845977e+05
2166.0825 5.526273e-02 7.948236e-02 8.757006e-04 3.952069e-02 2.813955e-02 1.153604e-01 7.9845576637e+04 2.0182964286e+05 2.0207866728e+05
2167.0830 5.357861e-02 7.757099e-02 8.377245e-04 3.706619e-02 2.603295e-02 1.192485e-01 7.9872820059e+04 2.0184197891e+05 2.0204084867e+05
2168.0835 5.272749e-02 7.608193e-02 8.733436e-04 3.557270e-02 2.477278e-02 1.213898e-01 7.9893008964e+04 2.0184493939e+05 2.0201885133e+05
2169.0840 5.240217e-02 7.386263e-02 8.701085e-04 3.565854e-02 2.467146e-02 1.215901e-01 7.9904771802e+04 2.0183921505e+05 2.0201378132e+05
2170.0845 5.240177e-02 7.276531e-02 8.625459e-04 3.765030e-02 2.601341e-02 1.186788e-01 7.9908252144e+04 2.0182519034e+05 2.0202466536e+05
2171.0850 5.354867e-02 7.376217e-02 8.262580e-04 3.998975e-02 2.783253e-02 1.144828e-01 7.9903215574e+04 2.0180418262e+05 2.0204984405e+05
2172.0855 5.555261e-02 7.609059e-02 8.213457e-04 4.381536e-02 3.079817e-02 1.081928e-01 7.9891731016e+04 2.0177889349e+05 2.0208470649e+05
2173.0860 5.651796e-02 8.080686e-02 8.171164e-04 4.874432e-02 3.460841e-02 9.989216e-02 7.9876037863e+04 2.0175193291e+05 2.0212493169e+05
2174.0865 5.964960e-02 8.576620e-02 7.918465e-04 5.332544e-02 3.808996e-02 9.221624e-02 7.9857023073e+04 2.0172544835e+05 2.0216700235e+05
2175.0870 6.186402e-02 9.029390e-02 7.887027e-04 5.788594e-02 4.182564e-02 8.473139e-02 7.9838442921e+04 2.0170171933e+05 2.0220628910e+05
2176.0875 6.324657e-02 9.426920e-02 7.866059e-04 6.155540e-02 4.469653e-02 7.858566e-02 7.9823164292e+04 2.0168094312e+05 2.0224001410e+05
2177.0880 6.603689e-02 9.496376e-02 7.578404e-04 6.447709e-02 4.701633e-02 7.387982e-02 7.9813597102e+04 2.0166405160e+05 2.0226483002e+05
2178.0885 6.603975e-02 9.394265e-02 7.596914e-04 6.575436e-02 4.814277e-02 7.161524e-02 7.9812805311e+04 2.0165159832e+05 2.0227844050e+05
2179.0890 6.636365e-02 9.250446e-02 7.512459e-04 6.544572e-02 4.794741e-02 7.156388e-02 7.9821068651e+04 2.0164382302e+05 2.0227868368e+05
2180.0895 6.551749e-02 9.251261e-02 7.535799e-04 6.392383e-02 4.683289e-02 7.502309e-02 7.9837909302e+04 2.0164151527e+05 2.0226416320e+05
2181.0900 6.440198e-02 9.176633e-02 7.933062e-04 6.072618e-02 4.433206e-02 7.963933e-02 7.9863239626e+04 2.0164565713e+05 2.0223583709e+05
2182.0905 6.363805e-02 9.074499e-02 7.937279e-04 5.666792e-02 4.129904e-02 8.626245e-02 7.9895090279e+04 2.0165532554e+05 2.0219520984e+05
2183.0910 6.116004e-02 8.896938e-02 8.012600e-04 5.184915e-02 3.752380e-02 9.445558e-02 7.9931823101e+04 2.0166992277e+05 2.0214566929e+05
2184.0915 5.764998e-02 8.397673e-02 8.367205e-04 4.692177e-02 3.375000e-02 1.020925e-01 7.9971366485e+04 2.0168898312e+05 2.0209093378e+05
2185.0920 5.531307e-02 7.911073e-02 8.623913e-04 4.192981e-02 3.004708e-02 1.103714e-01 8.0009027299e+04 2.0170979843e+05 2.0203556483e+05
2186.0925 5.454354e-02 7.382287e-02 8.688048e-04 3.785952e-02 2.696013e-02 1.159510e-01 8.0042859901e+04 2.0173055295e+05 2.0198398349e+05
2187.0930 5.254323e-02 7.021013e-02 8.887977e-04 3.488035e-02 2.481602e-02 1.208646e-01 8.0071206095e+04 2.0174758070e+05 2.0194102516e+05
2188.0935 5.086360e-02 6.869005e-02 8.769051e-04 3.336401e-02 2.365065e-02 1.232459e-01 8.0092046476e+04 2.0175807991e+05 2.0191109663e+05
2189.0940 5.103966e-02 6.878187e-02 8.797120e-04 3.365958e-02 2.391512e-02 1.225359e-01 8.0103905392e+04 2.0176003859e+05 2.0189729238e+05
2190.0945 5.221817e-02 7.011628e-02 8.744412e-04 3.492920e-02 2.495294e-02 1.201461e-01 8.0105988726e+04 2.0175228173e+05 2.0190191343e+05
2191.0950 5.302531e-02 7.379329e-02 8.735782e-04 3.799383e-02 2.721751e-02 1.148325e-01 8.0099346724e+04 2.0173481069e+05 2.0192418176e+05
2192.0955 5.388139e-02 7.818400e-02 8.341521e-04 4.229665e-02 3.044310e-02 1.079038e-01 8.0085406972e+04 2.0170862877e+05 2.0196202984e+05
2193.0960 5.687262e-02 8.063788e-02 8.059020e-04 4.693184e-02 3.390627e-02 1.004691e-01 8.0066444995e+04 2.0167566483e+05 2.0201155140e+05
2194.0965 5.962127e-02 8.364952e-02 8.115012e-04 5.196147e-02 3.762374e-02 9.238273e-02 8.0045463583e+04 2.0163928496e+05 2.0206632040e+05
2195.0970 6.135962e-02 8.652235e-02 7.989418e-04 5.680852e-02 4.107671e-02 8.462406e-02 8.0025577151e+04 2.0160400423e+05 2.0211944557e+05
2196.0975 6.322064e-02 8.893795e-02 7.869463e-04 6.109581e-02 4.420187e-02 7.758300e-02 8.0008848321e+04 2.0157424726e+05 2.0216404273e+05
2197.0980 6.519447e-02 9.303876e-02 7.692661e-04 6.415038e-02 4.626854e-02 7.298950e-02 7.9996811601e+04 2.0155256454e+05 2.0219508744e+05
2198.0985 6.702889e-02 9.570042e-02 7.667190e-04 6.588164e-02 4.743522e-02 7.034411e-02 7.9992700907e+04 2.0154083969e+05 2.0220904666e+05
2199.0990 6.614114e-02 9.678424e-02 7.853140e-04 6.606446e-02 4.745019e-02 7.058174e-02 7.9998306958e+04 2.0153927880e+05 2.0220476551e+05
2200.0995 6.498460e-02 9.637105e-02 7.878914e-04 6.479642e-02 4.643534e-02 7.205288e-02 8.0013456598e+04 2.0154682380e+05 2.0218300126e+05
2201.1000 6.439579e-02 9.406560e-02 7.895976e-04 6.204761e-02 4.440327e-02 7.688851e-02 8.0036316959e+04 2.0156180114e+05 2.0214632608e+05
2202.1005 6.368282e-02 9.134679e-02 7.875339e-04 5.790079e-02 4.140252e-02 8.281045e-02 8.0065692030e+04 2.0158156021e+05 2.0209900927e+05
2203.1010 6.167330e-02 8.652483e-02 8.376437e-04 5.337648e-02 3.815474e-02 9.000267e-02 8.0100878938e+04 2.0160262707e+05 2.0204575234e+05
2204.1015 5.877190e-02 8.144535e-02 8.332424e-04 4.799408e-02 3.443009e-02 9.823313e-02 8.0138991376e+04 2.0162163122e+05 2.0199221631e+05
2205.1020 5.701321e-02 7.673380e-02 8.582685e-04 4.301622e-02 3.097887e-02 1.049701e-01 8.0177222628e+04 2.0163663517e+05 2.0194221323e+05
2206.1025 5.400933e-02 7.354169e-02 8.757327e-04 3.857239e-02 2.788081e-02 1.126727e-01 8.0213194174e+04 2.0164617585e+05 2.0189919181e+05
2207.1030 5.172802e-02 7.196311e-02 8.743661e-04 3.509109e-02 2.547526e-02 1.174703e-01 8.0244406684e+04 2.0165061003e+05 2.0186551129e+05
2208.1035 5.150803e-02 7.123007e-02 8.779405e-04 3.299188e-02 2.401939e-02 1.206217e-01 8.0268524661e+04 2.0164968072e+05 2.0184282661e+05
2209.1040 5.125253e-02 7.119216e-02 8.714716e-04 3.194657e-02 2.332237e-02 1.221916e-01 8.0285349727e+04 2.0164369063e+05 2.0183225122e+05
2210.1045 5.035209e-02 7.112582e-02 8.906604e-04 3.283651e-02 2.395016e-02 1.202557e-01 8.0294405070e+04 2.0163455827e+05 2.0183288141e+05
2211.1050 5.093354e-02 7.120546e-02 8.793542e-04 3.537242e-02 2.561525e-02 1.165083e-01 8.0293461443e+04 2.0162416523e+05 2.0184377812e+05
2212.1055 5.323972e-02 7.242467e-02 8.324163e-04 3.883550e-02 2.803559e-02 1.112085e-01 8.0282545384e+04 2.0161330358e+05 2.0186388852e+05
2213.1060 5.465616e-02 7.597549e-02 8.679085e-04 4.321618e-02 3.097999e-02 1.039485e-01 8.0264545210e+04 2.0160132524e+05 2.0189187315e+05
2214.1065 5.696103e-02 7.992287e-02 8.294110e-04 4.851251e-02 3.456282e-02 9.599773e-02 8.0242079095e+04 2.0158638263e+05 2.0192642594e+05
2215.1070 5.989478e-02 8.396663e-02 8.174825e-04 5.387050e-02 3.819518e-02 8.774492e-02 8.0218800597e+04 2.0156693570e+05 2.0196607353e+05
2216.1075 6.075767e-02 8.863742e-02 8.135359e-04 5.871309e-02 4.149040e-02 8.068122e-02 8.0197615822e+04 2.0154349233e+05 2.0200811684e+05
2217.1080 6.314980e-02 9.320990e-02 8.018375e-04 6.278656e-02 4.430414e-02 7.417235e-02 8.0179181562e+04 2.0151811181e+05 2.0204891491e+05
2218.1085 6.549897e-02 9.743560e-02 7.688394e-04 6.537070e-02 4.626663e-02 6.955633e-02 8.0165880440e+04 2.0149304912e+05 2.0208465143e+05
2219.1090 6.711969e-02 9.874493e-02 7.871475e-04 6.679213e-02 4.733794e-02 6.692847e-02 8.0161007874e+04 2.0147046195e+05 2.0211095390e+05
2220.1095 6.599263e-02 9.696666e-02 7.663278e-04 6.644805e-02 4.720613e-02 6.771239e-02 8.0166718765e+04 2.0145305500e+05 2.0212374792e+05
2221.1100 6.532101e-02 9.357394e-02 7.810465e-04 6.449561e-02 4.601582e-02 7.003084e-02 8.0182876156e+04 2.0144354014e+05 2.0211900626e+05
2222.1105 6.511558e-02 9.098114e-02 8.218126e-04 6.134942e-02 4.403738e-02 7.503312e-02 8.0207812972e+04 2.0144457001e+05 2.0209416795e+05
2223.1110 6.337875e-02 8.924441e-02 7.930039e-04 5.640715e-02 4.075997e-02 8.211759e-02 8.0240859689e+04 2.0145713944e+05 2.0205044999e+05
2224.1115 6.119952e-02 8.746027e-02 8.372049e-04 5.107991e-02 3.711800e-02 9.008233e-02 8.0280819782e+04 2.0147854509e+05 2.0199104757e+05
2225.1120 5.919203e-02 8.390434e-02 8.260053e-04 4.548113e-02 3.326098e-02 9.939495e-02 8.0325156330e+04 2.0150517626e+05 2.0192234723e+05
2226.1125 5.568854e-02 7.877388e-02 8.608162e-04 3.997725e-02 2.941492e-02 1.074058e-01 8.0370947178e+04 2.0153461714e+05 2.0185117214e+05
2227.1130 5.199970e-02 7.360953e-02 8.867798e-04 3.507841e-02 2.589456e-02 1.155578e-01 8.0412775775e+04 2.0156334002e+05 2.0178428512e+05
2228.1135 4.960137e-02 7.024671e-02 8.947910e-04 3.139305e-02 2.313553e-02 1.211630e-01 8.0446941830e+04 2.0158803639e+05 2.0172799307e+05
2229.1140 4.883743e-02 6.804133e-02 8.928300e-04 2.957217e-02 2.159334e-02 1.240272e-01 8.0471605502e+04 2.0160487509e+05 2.0168793137e+05
2230.1145 4.879593e-02 6.687633e-02 8.783492e-04 2.946030e-02 2.129036e-02 1.252291e-01 8.0486047736e+04 2.0160975930e+05 2.0166877222e+05
2231.1150 4.888619e-02 6.559396e-02 9.135924e-04 3.082799e-02 2.198675e-02 1.227219e-01 8.0490564525e+04 2.0160190861e+05 2.0167274255e+05
2232.1155 4.891751e-02 6.739274e-02 8.833892e-04 3.405479e-02 2.402174e-02 1.174867e-01 8.0483179461e+04 2.0158289996e+05 2.0169852511e+05
2233.1160 5.154991e-02 7.159799e-02 8.740819e-04 3.927099e-02 2.740295e-02 1.102365e-01 8.0463367482e+04 2.0155524884e+05 2.0174267882e+05
2234.1165 5.480903e-02 7.807660e-02 8.545865e-04 4.489630e-02 3.129476e-02 1.009094e-01 8.0434355124e+04 2.0152171314e+05 2.0180120651e+05
2235.1170 5.761176e-02 8.396511e-02 8.355010e-04 5.093485e-02 3.557772e-02 9.118450e-02 8.0401078689e+04 2.0148445456e+05 2.0186807796e+05
2236.1175 5.986169e-02 8.810659e-02 8.229107e-04 5.733317e-02 4.014931e-02 8.114205e-02 8.0368476046e+04 2.0144601982e+05 2.0193618379e+05
2237.1180 6.261098e-02 9.236677e-02 7.852054e-04 6.261092e-02 4.415411e-02 7.191380e-02 8.0339086363e+04 2.0141005051e+05 2.0199867950e+05
2238.1185 6.567796e-02 9.564174e-02 8.102986e-04 6.671735e-02 4.730314e-02 6.482964e-02 8.0315852216e+04 2.0138079903e+05 2.0204854618e+05
2239.1190 6.742249e-02 9.891180e-02 7.500979e-04 6.911600e-02 4.931588e-02 6.068430e-02 8.0301774450e+04 2.0136070760e+05 2.0208068941e+05
2240.1195 6.955421e-02 1.005328e-01 7.681936e-04 6.958502e-02 4.997068e-02 5.893729e-02 8.0300058346e+04 2.0134962747e+05 2.0209216854e+05
2241.1200 6.873155e-02 1.001048e-01 7.928615e-04 6.794543e-02 4.910953e-02 6.168393e-02 8.0313467020e+04 2.0134692001e+05 2.0208180749e+05
2242.1205 6.619454e-02 9.738395e-02 7.886534e-04 6.436806e-02 4.667517e-02 6.676828e-02 8.0341510626e+04 2.0135343048e+05 2.0204970883e+05
2243.1210 6.456231e-02 9.351839e-02 8.164886e-04 5.928846e-02 4.318573e-02 7.487885e-02 8.0380236466e+04 2.0136938810e+05 2.0199748436e+05
2244.1215 6.144902e-02 9.078082e-02 8.456809e-04 5.289424e-02 3.863018e-02 8.516151e-02 8.0427489899e+04 2.0139290582e+05 2.0192930673e+05
2245.1220 5.826362e-02 8.614605e-02 8.288316e-04 4.576639e-02 3.354217e-02 9.591936e-02 8.0480795903e+04 2.0142153847e+05 2.0185103560e+05
2246.1225 5.457764e-02 7.911518e-02 8.490333e-04 3.886314e-02 2.841660e-02 1.077068e-01 8.0536333860e+04 2.0145214381e+05 2.0176929651e+05
2247.1230 4.999048e-02 7.047601e-02 8.905064e-04 3.283197e-02 2.386894e-02 1.171622e-01 8.0589541443e+04 2.0148337534e+05 2.0169062242e+05
2248.1235 4.730127e-02 6.400976e-02 8.784328e-04 2.846375e-02 2.049255e-02 1.245025e-01 8.0632974471e+04 2.0151327588e+05 2.0162116838e+05
2249.1240 4.572647e-02 6.084180e-02 9.154047e-04 2.562168e-02 1.816501e-02 1.294125e-01 8.0662733592e+04 2.0153897756e+05 2.0156772007e+05
2250.1245 4.482014e-02 6.067736e-02 9.175055e-04 2.474753e-02 1.731915e-02 1.299827e-01 8.0678240559e+04 2.0155561329e+05 2.0153650517e+05
2251.1250 4.533163e-02 6.261449e-02 8.932092e-04 2.642551e-02 1.834127e-02 1.276547e-01 8.0679392930e+04 2.0155769698e+05 2.0153216057e+05
2252.1255 4.662882e-02 6.492137e-02 8.884426e-04 3.071942e-02 2.120130e-02 1.211549e-01 8.0667842955e+04 2.0154322173e+05 2.0155648646e+05
2253.1260 4.768979e-02 6.959216e-02 8.842277e-04 3.595711e-02 2.499289e-02 1.122225e-01 8.0643316220e+04 2.0151356152e+05 2.0160835619e+05
2254.1265 5.190621e-02 7.595559e-02 8.381236e-04 4.259621e-02 2.984943e-02 1.015695e-01 8.0606207030e+04 2.0147229339e+05 2.0168216079e+05
2255.1270 5.699175e-02 8.292184e-02 8.288701e-04 5.014209e-02 3.536965e-02 8.861708e-02 8.0562603121e+04 2.0142273162e+05 2.0177041282e+05
2256.1275 6.024231e-02 8.891242e-02 8.225622e-04 5.703418e-02 4.057767e-02 7.704160e-02 8.0519896773e+04 2.0136755129e+05 2.0186438648e+05
2257.1280 6.381172e-02 9.273288e-02 8.057243e-04 6.332022e-02 4.536782e-02 6.646722e-02 8.0483332679e+04 2.0131266333e+05 2.0195270842e+05
2258.1285 6.599109e-02 9.623426e-02 7.618936e-04 6.827646e-02 4.909021e-02 5.846067e-02 8.0456404065e+04 2.0126571640e+05 2.0202405555e+05
2259.1290 6.802070e-02 1.006840e-01 7.891620e-04 7.097790e-02 5.119978e-02 5.354977e-02 8.0441544180e+04 2.0123292182e+05 2.0206908901e+05
2260.1295 6.913656e-02 1.049920e-01 7.698990e-04 7.112174e-02 5.138927e-02 5.328482e-02 8.0440839403e+04 2.0121864077e+05 2.0208186358e+05
2261.1300 6.988229e-02 1.062770e-01 7.690403e-04 6.914719e-02 4.998336e-02 5.581667e-02 8.0456923855e+04 2.0122333872e+05 2.0206054655e+05
2262.1305 6.750712e-02 1.021340e-01 7.906595e-04 6.515357e-02 4.699195e-02 6.307262e-02 8.0490568394e+04 2.0124525169e+05 2.0200747443e+05
2263.1310 6.270551e-02 9.578030e-02 8.111664e-04 5.928724e-02 4.266473e-02 7.281624e-02 8.0538132581e+04 2.0128183066e+05 2.0192805433e+05
2264.1315 6.051627e-02 8.819725e-02 8.348294e-04 5.195201e-02 3.720987e-02 8.418138e-02 8.0592801100e+04 2.0132914783e+05 2.0183052034e+05
2265.1320 5.675764e-02 8.069378e-02 8.459591e-04 4.413183e-02 3.140548e-02 9.720966e-02 8.0651179443e+04 2.0138098713e+05 2.0172503888e+05
2266.1325 5.132101e-02 7.287244e-02 8.839141e-04 3.699043e-02 2.600052e-02 1.089050e-01 8.0710263117e+04 2.0142964749e+05 2.0162302816e+05
2267.1330 4.805240e-02 6.608582e-02 8.922016e-04 3.076029e-02 2.145191e-02 1.191428e-01 8.0763797520e+04 2.0146775620e+05 2.0153561081e+05
2268.1335 4.564055e-02 6.146539e-02 9.511869e-04 2.594826e-02 1.783559e-02 1.268873e-01 8.0807458244e+04 2.0149137104e+05 2.0147141967e+05
2269.1340 4.271009e-02 5.982681e-02 9.317693e-04 2.331278e-02 1.602437e-02 1.301665e-01 8.0837276262e+04 2.0149974834e+05 2.0143549823e+05
2270.1345 4.246705e-02 6.106734e-02 9.350930e-04 2.304760e-02 1.590436e-02 1.306149e-01 8.0849646173e+04 2.0149197875e+05 2.0143057578e+05
2271.1350 4.505740e-02 6.377129e-02 9.144709e-04 2.541807e-02 1.773572e-02 1.264400e-01 8.0845683279e+04 2.0146827043e+05 2.0145609442e+05
2272.1355 4.633567e-02 6.629453e-02 8.981079e-04 2.921640e-02 2.076320e-02 1.195502e-01 8.0828738734e+04 2.0143113498e+05 2.0150867541e+05
2273.1360 4.843022e-02 6.828589e-02 8.791132e-04 3.519313e-02 2.531229e-02 1.094540e-01 8.0800076551e+04 2.0138644704e+05 2.0158027266e+05
2274.1365 5.163189e-02 7.221091e-02 8.529440e-04 4.244155e-02 3.078972e-02 9.726634e-02 8.0761639635e+04 2.0134038724e+05 2.0166173277e+05
2275.1370 5.672350e-02 7.894278e-02 8.285120e-04 4.947185e-02 3.603555e-02 8.532127e-02 8.0717357893e+04 2.0129702921e+05 2.0174447115e+05
2276.1375 6.148926e-02 8.691833e-02 8.082628e-04 5.661230e-02 4.128317e-02 7.327711e-02 8.0674634536e+04 2.0125902966e+05 2.0181995663e+05
2277.1380 6.395571e-02 9.457753e-02 7.802461e-04 6.290503e-02 4.575841e-02 6.377928e-02 8.0639655997e+04 2.0122724091e+05 2.0188217322e+05
2278.1385 6.674604e-02 9.968791e-02 7.996367e-04 6.724786e-02 4.868375e-02 5.664674e-02 8.0616005045e+04 2.0120330314e+05 2.0192649559e+05
2279.1390 6.823204e-02 1.030596e-01 7.802826e-04 6.954867e-02 5.017534e-02 5.282794e-02 8.0605292164e+04 2.0118956347e+05 2.0194890089e+05
2280.1395 6.837044e-02 1.042035e-01 7.929459e-04 6.982263e-02 5.003219e-02 5.300188e-02 8.0608488994e+04 2.0118699124e+05 2.0194769522e+05
2281.1400 6.764952e-02 1.020559e-01 7.975414e-04 6.748468e-02 4.804088e-02 5.728321e-02 8.0626479893e+04 2.0119417008e+05 2.0192375915e+05
2282.1405 6.555373e-02 9.751165e-02 8.185138e-04 6.330648e-02 4.476560e-02 6.429459e-02 8.0659692695e+04 2.0120870438e+05 2.0187877711e+05
2283.1410 6.242226e-02 9.030364e-02 8.331522e-04 5.738848e-02 4.026330e-02 7.365984e-02 8.0705982353e+04 2.0122981493e+05 2.0181597852e+05
2284.1415 5.816666e-02 8.321471e-02 8.501411e-04 5.052372e-02 3.517457e-02 8.513047e-02 8.0759937314e+04 2.0125749560e+05 2.0173911451e+05
2285.1420 5.445421e-02 7.802901e-02 8.905206e-04 4.373695e-02 3.017405e-02 9.649076e-02 8.0815881048e+04 2.0129055053e+05 2.0165380850e+05
2286.1425 5.193684e-02 7.394533e-02 8.809659e-04 3.675051e-02 2.529152e-02 1.072108e-01 8.0869175934e+04 2.0132574804e+05 2.0156844544e+05
2287.1430 4.859062e-02 7.111397e-02 9.256331e-04 3.078196e-02 2.120305e-02 1.161301e-01 8.0917268498e+04 2.0135758843e+05 2.0149145068e+05
2288.1435 4.570031e-02 6.601814e-02 9.218677e-04 2.672165e-02 1.860708e-02 1.222026e-01 8.0956636465e+04 2.0138264080e+05 2.0143048471e+05
2289.1440 4.354833e-02 6.084523e-02 9.314258e-04 2.460203e-02 1.741986e-02 1.258071e-01 8.0983572345e+04 2.0139735910e+05 2.0139165620e+05
2290.1445 4.371202e-02 5.839190e-02 9.352713e-04 2.451154e-02 1.770480e-02 1.249047e-01 8.0995657972e+04 2.0139967479e+05 2.0137849451e+05
2291.1450 4.481856e-02 5.937410e-02 9.169626e-04 2.579773e-02 1.907359e-02 1.218860e-01 8.0992980368e+04 2.0138772604e+05 2.0139243410e+05
2292.1455 4.751334e-02 6.207434e-02 9.173618e-04 2.964489e-02 2.216025e-02 1.152110e-01 8.0978739536e+04 2.0136105448e+05 2.0143113195e+05
2293.1460 4.987382e-02 6.702236e-02 9.013824e-04 3.499878e-02 2.613184e-02 1.060864e-01 8.0955458487e+04 2.0132185887e+05 2.0149059428e+05
2294.1465 5.213324e-02 7.292682e-02 8.964082e-04 4.096920e-02 3.045550e-02 9.643738e-02 8.0924732724e+04 2.0127593183e+05 2.0156372536e+05
2295.1470 5.486676e-02 8.044391e-02 8.625198e-04 4.762628e-02 3.511965e-02 8.572794e-02 8.0888826657e+04 2.0122985173e+05 2.0164131032e+05
2296.1475 5.894372e-02 8.742253e-02 8.443590e-04 5.416690e-02 3.949988e-02 7.624811e-02 8.0851338623e+04 2.0118890547e+05 2.0171476514e+05
2297.1480 6.239788e-02 9.162524e-02 8.316118e-04 5.930688e-02 4.295915e-02 6.714636e-02 8.0819357241e+04 2.0115570316e+05 2.0177702867e+05
2298.1485 6.355835e-02 9.505134e-02 8.175523e-04 6.359351e-02 4.560245e-02 6.077151e-02 8.0797575098e+04 2.0113105605e+05 2.0182138807e+05
2299.1490 6.546114e-02 9.580819e-02 8.033950e-04 6.626389e-02 4.704294e-02 5.776807e-02 8.0786897475e+04 2.0111806033e+05 2.0184361300e+05
2300.1495 6.614606e-02 9.537006e-02 8.027356e-04 6.644409e-02 4.690377e-02 5.697749e-02 8.0787815304e+04 2.0111907631e+05 2.0184184483e+05
2301.1500 6.526825e-02 9.578569e-02 8.243632e-04 6.510854e-02 4.559172e-02 5.930090e-02 8.0800294489e+04 2.0113220887e+05 2.0181656069e+05
2302.1505 6.444774e-02 9.483357e-02 8.208376e-04 6.188549e-02 4.307688e-02 6.494834e-02 8.0823732688e+04 2.0115401750e+05 2.0177204340e+05
2303.1510 6.206440e-02 9.201765e-02 8.391390e-04 5.719486e-02 3.958611e-02 7.259926e-02 8.0858333267e+04 2.0117971612e+05 2.0171395256e+05
2304.1515 5.844350e-02 8.724519e-02 8.563953e-04 5.197107e-02 3.588184e-02 8.085938e-02 8.0902040250e+04 2.0120571931e+05 2.0164789610e+05
2305.1520 5.509099e-02 8.270972e-02 9.044533e-04 4.547193e-02 3.140804e-02 9.046008e-02 8.0949474175e+04 2.0122938889e+05 2.0158050448e+05
2306.1525 5.306610e-02 7.753704e-02 9.118841e-04 3.932909e-02 2.739138e-02 9.979013e-02 8.0996700264e+04 2.0124939851e+05 2.0151650630e+05
2307.1530 5.128347e-02 7.196946e-02 9.121997e-04 3.416135e-02 2.397263e-02 1.077347e-01 8.1041185306e+04 2.0126383547e+05 2.0146078044e+05
2308.1535 4.873372e-02 6.630355e-02 9.556944e-04 2.986998e-02 2.131768e-02 1.141954e-01 8.1080469685e+04 2.0127174437e+05 2.0141709403e+05
2309.1540 4.639627e-02 6.114447e-02 9.438924e-04 2.695025e-02 1.970336e-02 1.176485e-01 8.1111541009e+04 2.0127416506e+05 2.0138709470e+05
2310.1545 4.547444e-02 5.882461e-02 9.361109e-04 2.557435e-02 1.902027e-02 1.195168e-01 8.1130111757e+04 2.0127296011e+05 2.0137115927e+05
2311.1550 4.548003e-02 6.027964e-02 9.284357e-04 2.668022e-02 1.998909e-02 1.173482e-01 8.1136292945e+04 2.0126872792e+05 2.0136867993e+05
2312.1555 4.675687e-02 6.445337e-02 9.150764e-04 2.905021e-02 2.174896e-02 1.138032e-01 8.1130629995e+04 2.0126007044e+05 2.0138053435e+05
2313.1560 4.906441e-02 6.853673e-02 9.050165e-04 3.276138e-02 2.440561e-02 1.075787e-01 8.1116271016e+04 2.0124589076e+05 2.0140647685e+05
2314.1565 5.104745e-02 7.285125e-02 8.775564e-04 3.772110e-02 2.785661e-02 9.901625e-02 8.1095160810e+04 2.0122583198e+05 2.0144516359e+05
2315.1570 5.348563e-02 7.609188e-02 8.814585e-04 4.344220e-02 3.173642e-02 9.052357e-02 8.1067722335e+04 2.0120187290e+05 2.0149383464e+05
2316.1575 5.625681e-02 7.907617e-02 8.545238e-04 4.879292e-02 3.536580e-02 8.099190e-02 8.1036062122e+04 2.0117661872e+05 2.0154872169e+05
2317.1580 5.865602e-02 8.360266e-02 8.219471e-04 5.425187e-02 3.895182e-02 7.285656e-02 8.1003788423e+04 2.0115003224e+05 2.0160440802e+05
2318.1585 6.164671e-02 8.707521e-02 8.189118e-04 5.884228e-02 4.196420e-02 6.597769e-02 8.0976622886e+04 2.0112257357e+05 2.0165614074e+05
2319.1590 6.264469e-02 9.030649e-02 8.192697e-04 6.171314e-02 4.371246e-02 6.073083e-02 8.0959201390e+04 2.0109586104e+05 2.0169887706e+05
2320.1595 6.306435e-02 9.414564e-02 8.464694e-04 6.353663e-02 4.470290e-02 5.841477e-02 8.0952107898e+04 2.0107293741e+05 2.0172691223e+05
2321.1600 6.484835e-02 9.720561e-02 8.357477e-04 6.319947e-02 4.432525e-02 5.892947e-02 8.0955065029e+04 2.0105797179e+05 2.0173704943e+05
2322.1605 6.462963e-02 9.804400e-02 7.952417e-04 6.121369e-02 4.283079e-02 6.182981e-02 8.0969267067e+04 2.0105378974e+05 2.0172707459e+05
2323.1610 6.298364e-02 9.488620e-02 8.643577e-04 5.805846e-02 4.047955e-02 6.709838e-02 8.0994525586e+04 2.0106071863e+05 2.0169686532e+05
2324.1615 6.072841e-02 8.796729e-02 8.735741e-04 5.301721e-02 3.701557e-02 7.467956e-02 8.1029248660e+04 2.0107827308e+05 2.0164861213e+05
2325.1620 5.742728e-02 7.995619e-02 8.648110e-04 4.773358e-02 3.340524e-02 8.306527e-02 8.1071281044e+04 2.0110491922e+05 2.0158469533e+05
2326.1625 5.400258e-02 7.473014e-02 8.947657e-04 4.223432e-02 2.960648e-02 9.190350e-02 8.1116594827e+04 2.0113743425e+05 2.0151053121e+05
2327.1630 5.248173e-02 7.181083e-02 9.146664e-04 3.677299e-02 2.589211e-02 1.005367e-01 8.1161317747e+04 2.0117153448e+05 2.0143371592e+05
2328.1635 5.139600e-02 7.065641e-02 9.281806e-04 3.186290e-02 2.261559e-02 1.072217e-01 8.1203631490e+04 2.0120129111e+05 2.0136312360e+05
2329.1640 4.861119e-02 6.961658e-02 9.536885e-04 2.839173e-02 2.028842e-02 1.136201e-01 8.1240843274e+04 2.0122161678e+05 2.0130683518e+05
2330.1645 4.628459e-02 6.658617e-02 9.516366e-04 2.661482e-02 1.916418e-02 1.157475e-01 8.1268972974e+04 2.0123200811e+05 2.0127078920e+05
2331.1650 4.591278e-02 6.295593e-02 9.125580e-04 2.621125e-02 1.899178e-02 1.166810e-01 8.1283350874e+04 2.0123183197e+05 2.0125810799e+05
2332.1655 4.603632e-02 6.186097e-02 9.494392e-04 2.742317e-02 2.012792e-02 1.139214e-01 8.1284868881e+04 2.0122040832e+05 2.0126857228e+05
2333.1660 4.698158e-02 6.268713e-02 9.112085e-04 3.036047e-02 2.224840e-02 1.086377e-01 8.1275104123e+04 2.0119840725e+05 2.0129973775e+05
2334.1665 4.961081e-02 6.468670e-02 9.046247e-04 3.468464e-02 2.541989e-02 1.018626e-01 8.1256367122e+04 2.0116771298e+05 2.0134700946e+05
2335.1670 5.164734e-02 6.842483e-02 9.124438e-04 3.955418e-02 2.891051e-02 9.304076e-02 8.1231733807e+04 2.0113261492e+05 2.0140465652e+05
2336.1675 5.411467e-02 7.550207e-02 8.607431e-04 4.537434e-02 3.294686e-02 8.400408e-02 8.1201863592e+04 2.0109744672e+05 2.0146554779e+05
2337.1680 5.859503e-02 8.306772e-02 8.533812e-04 5.087777e-02 3.676107e-02 7.534369e-02 8.1168949879e+04 2.0106655522e+05 2.0152420452e+05
2338.1685 5.974788e-02 8.998720e-02 8.277984e-04 5.534957e-02 3.979480e-02 6.735917e-02 8.1139032326e+04 2.0104172869e+05 2.0157595526e+05
2339.1690 6.123575e-02 9.266343e-02 8.447443e-04 5.926067e-02 4.239526e-02 6.161798e-02 8.1115977728e+04 2.0102250123e+05 2.0161628827e+05
2340.1695 6.443634e-02 9.295695e-02 8.368752e-04 6.133969e-02 4.369017e-02 5.782927e-02 8.1102251002e+04 2.0100877206e+05 2.0164239879e+05
2341.1700 6.387567e-02 9.244741e-02 8.333641e-04 6.204678e-02 4.398301e-02 5.681474e-02 8.1101210613e+04 2.0100153795e+05 2.0165107367e+05
2342.1705 6.257812e-02 9.151271e-02 8.624618e-04 6.080298e-02 4.288928e-02 5.900542e-02 8.1111949000e+04 2.0100137700e+05 2.0164151342e+05
2343.1710 6.375745e-02 9.105718e-02 8.478081e-04 5.763635e-02 4.048380e-02 6.381720e-02 8.1132450863e+04 2.0100788636e+05 2.0161451746e+05
2344.1715 6.249336e-02 8.973299e-02 8.651018e-04 5.376879e-02 3.758997e-02 6.983558e-02 8.1164215568e+04 2.0102008836e+05 2.0157189056e+05
2345.1720 5.688579e-02 8.717116e-02 8.761981e-04 4.887915e-02 3.392304e-02 7.899272e-02 8.1204878467e+04 2.0103689690e+05 2.0151754846e+05
2346.1725 5.451455e-02 8.303248e-02 9.053553e-04 4.334198e-02 2.993092e-02 8.749123e-02 8.1248735166e+04 2.0105787191e+05 2.0145559204e+05
2347.1730 5.322363e-02 7.762112e-02 9.333305e-04 3.778625e-02 2.607714e-02 9.589465e-02 8.1292965761e+04 2.0108165935e+05 2.0139066033e+05
2348.1735 4.913592e-02 7.221187e-02 9.551957e-04 3.307956e-02 2.282812e-02 1.039918e-01 8.1336067054e+04 2.0110520069e+05 2.0132781886e+05
2349.1740 4.715565e-02 6.664592e-02 9.504118e-04 2.917273e-02 2.024920e-02 1.092918e-01 8.1373884433e+04 2.0112607497e+05 2.0127269931e+05
2350.1745 4.660538e-02 6.207483e-02 9.324748e-04 2.668216e-02 1.881318e-02 1.131310e-01 8.1402656660e+04 2.0114206909e+05 2.0122997597e+05
2351.1750 4.517282e-02 5.895370e-02 9.501102e-04 2.586266e-02 1.855696e-02 1.135156e-01 8.1420805200e+04 2.0115249868e+05 2.0120354803e+05
2352.1755 4.487179e-02 5.937382e-02 9.419335e-04 2.669306e-02 1.943390e-02 1.115239e-01 8.1425487433e+04 2.0115509011e+05 2.0119631763e+05
2353.1760 4.702085e-02 6.203841e-02 9.519964e-04 2.926601e-02 2.155461e-02 1.071406e-01 8.1417372145e+04 2.0114773013e+05 2.0120971065e+05
2354.1765 4.819843e-02 6.669937e-02 9.121746e-04 3.305360e-02 2.449622e-02 1.004600e-01 8.1400315049e+04 2.0112870273e+05 2.0124346937e+05
2355.1770 4.995206e-02 7.159422e-02 8.987436e-04 3.795331e-02 2.815401e-02 9.234410e-02 8.1376910922e+04 2.0109806466e+05 2.0129463721e+05
2356.1775 5.326868e-02 7.516318e-02 9.052969e-04 4.288083e-02 3.171170e-02 8.370770e-02 8.1349207898e+04 2.0105948980e+05 2.0135830502e+05
2357.1780 5.666114e-02 7.896076e-02 8.774293e-04 4.777375e-02 3.525589e-02 7.523357e-02 8.1319795202e+04 2.0101763018e+05 2.0142667260e+05
2358.1785 5.919610e-02 8.110021e-02 8.649991e-04 5.252706e-02 3.843927e-02 6.778211e-02 8.1293022279e+04 2.0097777154e+05 2.0149127136e+05
2359.1790 6.121777e-02 8.447364e-02 8.348096e-04 5.597522e-02 4.063052e-02 6.215252e-02 8.1271350887e+04 2.0094419498e+05 2.0154435729e+05
2360.1795 6.209686e-02 8.779039e-02 8.319847e-04 5.837292e-02 4.201093e-02 5.875464e-02 8.1258604862e+04 2.0092083449e+05 2.0157867683e+05
2361.1800 6.209240e-02 9.103944e-02 8.609576e-04 5.906152e-02 4.204745e-02 5.811724e-02 8.1256486988e+04 2.0091028205e+05 2.0158997672e+05
2362.1805 6.204367e-02 9.400220e-02 8.443312e-04 5.810810e-02 4.091117e-02 6.007902e-02 8.1264979291e+04 2.0091375644e+05 2.0157682688e+05
2363.1810 6.140651e-02 9.511734e-02 8.654699e-04 5.601267e-02 3.903724e-02 6.365102e-02 8.1284208626e+04 2.0093007337e+05 2.0154122175e+05
2364.1815 5.980921e-02 9.279136e-02 8.494698e-04 5.240605e-02 3.619625e-02 6.989543e-02 8.1312574918e+04 2.0095592143e+05 2.0148867423e+05
2365.1820 5.783653e-02 8.671242e-02 8.976714e-04 4.794598e-02 3.283982e-02 7.663538e-02 8.1348024964e+04 2.0098704321e+05 2.0142570764e+05
2366.1825 5.518469e-02 7.894033e-02 9.033076e-04 4.284589e-02 2.924105e-02 8.468378e-02 8.1386676480e+04 2.0101916663e+05 2.0135940001e+05
2367.1830 5.210751e-02 7.239233e-02 9.310828e-04 3.838234e-02 2.612045e-02 9.216570e-02 8.1425557870e+04 2.0104780410e+05 2.0129583066e+05
2368.1835 4.963941e-02 6.808529e-02 9.442558e-04 3.394260e-02 2.320368e-02 9.862110e-02 8.1462218437e+04 2.0106862214e+05 2.0124148166e+05
2369.1840 4.820180e-02 6.633165e-02 9.362906e-04 3.055178e-02 2.118724e-02 1.035490e-01 8.1494160671e+04 2.0107896639e+05 2.0120061893e+05
2370.1845 4.650843e-02 6.563560e-02 9.705477e-04 2.820573e-02 1.990310e-02 1.063085e-01 8.1520210545e+04 2.0107861671e+05 2.0117631084e+05
2371.1850 4.632510e-02 6.587388e-02 9.272893e-04 2.716032e-02 1.964912e-02 1.077033e-01 8.1537199344e+04 2.0106864159e+05 2.0116921682e+05
2372.1855 4.667196e-02 6.496504e-02 9.775092e-04 2.776155e-02 2.051370e-02 1.060585e-01 8.1544551886e+04 2.0105289229e+05 2.0117786441e+05
2373.1860 4.692122e-02 6.401390e-02 9.397837e-04 2.955057e-02 2.218689e-02 1.022041e-01 8.1541902204e+04 2.0103427496e+05 2.0119960142e+05
2374.1865 4.929543e-02 6.302026e-02 9.066747e-04 3.238546e-02 2.456666e-02 9.740501e-02 8.1530365445e+04 2.0101417052e+05 2.0123057258e+05
2375.1870 5.082635e-02 6.448652e-02 9.166354e-04 3.597575e-02 2.726951e-02 9.080010e-02 8.1513639422e+04 2.0099381355e+05 2.0126653794e+05
2376.1875 5.204943e-02 6.817007e-02 9.108911e-04 4.021615e-02 3.029431e-02 8.411477e-02 8.1493978056e+04 2.0097446465e+05 2.0130335815e+05
2377.1880 5.425888e-02 7.384134e-02 9.138026e-04 4.454435e-02 3.312746e-02 7.717057e-02 8.1473083511e+04 2.0095727777e+05 2.0133817892e+05
2378.1885 5.670686e-02 8.181213e-02 8.615982e-04 4.839648e-02 3.546057e-02 7.110188e-02 8.1452986634e+04 2.0094216618e+05 2.0136913920e+05
2379.1890 5.878702e-02 8.790524e-02 8.809890e-04 5.176868e-02 3.740841e-02 6.660493e-02 8.1436425382e+04 2.0092934152e+05 2.0139496359e+05
2380.1895 5.984872e-02 9.107294e-02 8.704612e-04 5.379149e-02 3.831788e-02 6.364007e-02 8.1425704397e+04 2.0091788219e+05 2.0141540215e+05
2381.1900 5.956829e-02 9.100919e-02 8.706781e-04 5.506231e-02 3.864637e-02 6.223332e-02 8.1421920967e+04 2.0090852258e+05 2.0142862098e+05
2382.1905 5.980896e-02 8.740559e-02 8.856987e-04 5.500598e-02 3.816546e-02 6.250472e-02 8.1425165209e+04 2.0090240747e+05 2.0143302938e+05
2383.1910 5.916826e-02 8.496481e-02 8.472013e-04 5.366842e-02 3.685051e-02 6.521710e-02 8.1435667216e+04 2.0089926384e+05 2.0142684775e+05
2384.1915 5.855698e-02 8.355737e-02 9.045129e-04 5.141030e-02 3.506492e-02 6.852939e-02 8.1453688064e+04 2.0090013960e+05 2.0140903183e+05
2385.1920 5.797128e-02 8.271063e-02 8.675234e-04 4.808548e-02 3.269701e-02 7.396653e-02 8.1477727816e+04 2.0090540209e+05 2.0138041282e+05
2386.1925 5.643025e-02 8.154082e-02 9.371001e-04 4.489708e-02 3.046020e-02 7.895901e-02 8.1506463787e+04 2.0091596779e+05 2.0134235747e+05
2387.1930 5.413440e-02 8.035507e-02 8.686626e-04 4.100658e-02 2.798248e-02 8.457366e-02 8.1537275969e+04 2.0093035463e+05 2.0129891425e+05
2388.1935 5.267554e-02 7.717226e-02 9.511931e-04 3.722121e-02 2.576197e-02 9.016754e-02 8.1567659525e+04 2.0094706870e+05 2.0125374423e+05
2389.1940 5.085212e-02 7.187668e-02 9.578313e-04 3.386724e-02 2.382108e-02 9.442858e-02 8.1596739884e+04 2.0096402154e+05 2.0121105277e+05
2390.1945 4.946107e-02 6.664604e-02 9.090231e-04 3.123958e-02 2.258229e-02 9.828700e-02 8.1622896794e+04 2.0097716560e+05 2.0117443269e+05
2391.1950 4.829763e-02 6.229432e-02 9.817885e-04 2.946913e-02 2.181826e-02 9.994497e-02 8.1645062043e+04 2.0098534290e+05 2.0114668357e+05
2392.1955 4.755699e-02 6.049523e-02 9.258240e-04 2.870238e-02 2.171534e-02 1.006410e-01 8.1660964282e+04 2.0098773455e+05 2.0112944926e+05
2393.1960 4.800582e-02 6.122849e-02 9.253829e-04 2.904226e-02 2.222662e-02 9.974214e-02 8.1669613064e+04 2.0098441551e+05 2.0112370610e+05
2394.1965 4.836857e-02 6.484418e-02 9.707215e-04 3.051138e-02 2.329505e-02 9.713442e-02 8.1670954859e+04 2.0097530936e+05 2.0112983429e+05
2395.1970 4.887649e-02 6.905409e-02 9.250073e-04 3.303822e-02 2.502592e-02 9.368044e-02 8.1665816153e+04 2.0096074764e+05 2.0114741200e+05
2396.1975 5.023287e-02 7.233662e-02 9.253226e-04 3.611544e-02 2.695974e-02 8.865262e-02 8.1655238828e+04 2.0094185594e+05 2.0117496496e+05
2397.1980 5.073348e-02 7.491319e-02 9.083150e-04 3.960940e-02 2.907365e-02 8.338346e-02 8.1640569719e+04 2.0092076693e+05 2.0120933694e+05
2398.1985 5.251567e-02 7.573357e-02 9.194950e-04 4.320062e-02 3.122221e-02 7.795035e-02 8.1623566734e+04 2.0089942860e+05 2.0124657728e+05
2399.1990 5.489094e-02 7.694930e-02 8.797987e-04 4.633365e-02 3.294529e-02 7.310360e-02 8.1605619798e+04 2.0087991621e+05 2.0128259243e+05
2400.1995 5.612123e-02 7.757069e-02 9.258206e-04 4.962512e-02 3.480148e-02 6.841081e-02 8.1589883351e+04 2.0086448150e+05 2.0131284764e+05
2401.2000 5.733530e-02 8.053119e-02 8.851863e-04 5.165966e-02 3.586379e-02 6.486601e-02 8.1577030491e+04 2.0085317098e+05 2.0133545703e+05
2402.2005 5.863402e-02 8.462902e-02 8.546340e-04 5.306820e-02 3.654675e-02 6.302560e-02 8.1568347733e+04 2.0084669429e+05 2.0134841090e+05
2403.2010 5.967372e-02 8.837118e-02 8.645052e-04 5.356149e-02 3.675749e-02 6.228879e-02 8.1565476856e+04 2.0084431791e+05 2.0135174840e+05
2404.2015 5.910154e-02 9.051293e-02 8.813895e-04 5.263199e-02 3.606600e-02 6.380001e-02 8.1569808641e+04 2.0084435535e+05 2.0134675661e+05
2405.2020 5.900767e-02 8.955578e-02 9.116095e-04 5.135178e-02 3.522235e-02 6.535569e-02 8.1582511100e+04 2.0084513321e+05 2.0133387431e+05
2406.2025 5.904707e-02 8.577557e-02 8.755755e-04 4.834061e-02 3.349563e-02 6.970320e-02 8.1602919233e+04 2.0084549218e+05 2.0131480648e+05
2407.2030 5.768687e-02 8.049477e-02 9.497014e-04 4.465054e-02 3.132141e-02 7.472635e-02 8.1630736028e+04 2.0084620418e+05 2.0128926902e+05
2408.2035 5.529516e-02 7.439367e-02 9.208986e-04 4.085782e-02 2.905102e-02 8.030185e-02 8.1663796728e+04 2.0084904997e+05 2.0125704180e+05
2409.2040 5.415300e-02 7.030564e-02 9.299024e-04 3.692582e-02 2.671153e-02 8.683587e-02 8.1698569670e+04 2.0085473618e+05 2.0121856144e+05
2410.2045 5.195340e-02 6.846037e-02 9.395645e-04 3.322635e-02 2.445340e-02 9.193800e-02 8.1734213517e+04 2.0086455369e+05 2.0117503717e+05
2411.2050 4.845750e-02 6.737853e-02 9.433105e-04 3.007925e-02 2.246599e-02 9.719014e-02 8.1768299517e+04 2.0087830380e+05 2.0112906052e+05
2412.2055 4.717431e-02 6.670094e-02 9.752672e-04 2.781509e-02 2.101521e-02 1.004385e-01 8.1797204450e+04 2.0089492101e+05 2.0108447621e+05
2413.2060 4.675023e-02 6.582404e-02 9.509923e-04 2.678342e-02 2.031327e-02 1.025254e-01 8.1818576889e+04 2.0091252819e+05 2.0104585327e+05
2414.2065 4.528761e-02 6.399450e-02 9.307390e-04 2.699773e-02 2.036984e-02 1.025054e-01 8.1831778941e+04 2.0092824814e+05 2.0101822450e+05
2415.2070 4.554967e-02 6.232772e-02 9.434678e-04 2.825479e-02 2.115091e-02 9.983705e-02 8.1834536856e+04 2.0093838254e+05 2.0100615443e+05
2416.2075 4.757417e-02 6.159928e-02 9.386400e-04 3.089474e-02 2.276816e-02 9.622706e-02 8.1826673816e+04 2.0093926406e+05 2.0101234536e+05
2417.2080 4.771546e-02 6.234754e-02 9.472026e-04 3.437603e-02 2.491344e-02 9.095723e-02 8.1810794661e+04 2.0092929178e+05 2.0103774989e+05
2418.2085 4.949773e-02 6.581268e-02 9.076934e-04 3.855961e-02 2.751327e-02 8.391619e-02 8.1787213195e+04 2.0090812456e+05 2.0108048845e+05
2419.2090 5.265802e-02 7.186526e-02 9.368442e-04 4.338454e-02 3.054619e-02 7.665322e-02 8.1758622690e+04 2.0087670291e+05 2.0113646852e+05
2420.2095 5.442480e-02 7.995173e-02 9.167570e-04 4.734084e-02 3.305407e-02 6.965531e-02 8.1729605420e+04 2.0083768505e+05 2.0120088481e+05
2421.2100 5.719793e-02 8.712758e-02 9.033950e-04 5.137435e-02 3.573077e-02 6.347608e-02 8.1702447573e+04 2.0079567668e+05 2.0126577691e+05
2422.2105 6.036169e-02 9.049931e-02 8.878980e-04 5.407107e-02 3.756069e-02 5.847401e-02 8.1680581549e+04 2.0075677056e+05 2.0132397398e+05
2423.2110 6.115201e-02 9.056619e-02 8.663568e-04 5.541485e-02 3.854095e-02 5.581790e-02 8.1667359476e+04 2.0072645590e+05 2.0136738488e+05
2424.2115 6.194742e-02 8.851471e-02 8.984602e-04 5.603195e-02 3.903497e-02 5.472721e-02 8.1664330247e+04 2.0070862402e+05 2.0138875773e+05
2425.2120 6.257709e-02 8.659270e-02 8.948639e-04 5.418638e-02 3.801703e-02 5.720503e-02 8.1672904111e+04 2.0070448893e+05 2.0138500565e+05
2426.2125 6.133091e-02 8.478584e-02 9.236955e-04 5.138240e-02 3.626883e-02 6.111026e-02 8.1694971004e+04 2.0071452143e+05 2.0135438922e+05
2427.2130 5.885114e-02 8.322550e-02 9.048729e-04 4.761899e-02 3.375493e-02 6.766860e-02 8.1728679571e+04 2.0073685519e+05 2.0129981986e+05
2428.2135 5.675306e-02 8.183186e-02 9.137213e-04 4.292447e-02 3.071275e-02 7.536650e-02 8.1771042132e+04 2.0076826487e+05 2.0122746195e+05
2429.2140 5.450186e-02 7.874826e-02 9.080405e-04 3.768072e-02 2.717142e-02 8.339217e-02 8.1818812847e+04 2.0080465782e+05 2.0114576223e+05
2430.2145 5.132143e-02 7.392455e-02 9.359266e-04 3.258860e-02 2.377981e-02 9.234713e-02 8.1867670041e+04 2.0084081416e+05 2.0106377873e+05
2431.2150 4.755891e-02 6.712324e-02 9.649727e-04 2.814091e-02 2.073582e-02 9.934573e-02 8.1914093503e+04 2.0087218058e+05 2.0099040090e+05
2432.2155 4.497211e-02 5.964806e-02 9.473677e-04 2.493967e-02 1.861040e-02 1.052829e-01 8.1953083055e+04 2.0089512559e+05 2.0093230599e+05
2433.2160 4.348867e-02 5.381416e-02 9.979852e-04 2.294400e-02 1.719076e-02 1.085210e-01 8.1981178020e+04 2.0090797223e+05 2.0089434015e+05
2434.2165 4.224302e-02 5.177411e-02 9.801313e-04 2.261830e-02 1.692829e-02 1.084779e-01 8.1996479236e+04 2.0090981511e+05 2.0087883032e+05
2435.2170 4.280151e-02 5.370399e-02 1.002664e-03 2.420002e-02 1.791532e-02 1.065238e-01 8.1997022990e+04 2.0090046393e+05 2.0088641663e+05
2436.2175 4.503384e-02 5.817732e-02 9.563001e-04 2.731957e-02 1.998536e-02 1.013687e-01 8.1983479310e+04 2.0088142398e+05 2.0091632141e+05
2437.2180 4.625011e-02 6.477041e-02 9.667609e-04 3.179640e-02 2.299015e-02 9.355174e-02 8.1957978335e+04 2.0085456346e+05 2.0096572225e+05
2438.2185 4.910915e-02 7.088066e-02 9.390023e-04 3.737378e-02 2.670086e-02 8.514601e-02 8.1921900114e+04 2.0082210739e+05 2.0103025722e+05
2439.2190 5.276127e-02 7.628114e-02 9.127070e-04 4.266785e-02 3.033071e-02 7.548109e-02 8.1880046450e+04 2.0078642576e+05 2.0110445813e+05
2440.2195 5.571043e-02 7.997081e-02 9.155941e-04 4.833612e-02 3.417909e-02 6.598344e-02 8.1838685194e+04 2.0074919053e+05 2.0118038410e+05
2441.2200 5.905769e-02 8.246199e-02 8.979275e-04 5.270794e-02 3.715947e-02 5.805025e-02 8.1802489333e+04 2.0071270487e+05 2.0125099085e+05
2442.2205 6.198560e-02 8.591627e-02 8.849092e-04 5.620709e-02 3.962815e-02 5.205550e-02 8.1775815877e+04 2.0067988464e+05 2.0130789764e+05
2443.2210 6.342115e-02 8.964359e-02 8.790956e-04 5.830083e-02 4.099418e-02 4.884064e-02 8.1761569879e+04 2.0065523143e+05 2.0134468689e+05
2444.2215 6.451833e-02 9.414916e-02 9.135641e-04 5.775782e-02 4.071135e-02 4.900524e-02 8.1761166848e+04 2.0064061923e+05 2.0135761870e+05
2445.2220 6.459522e-02 9.514053e-02 9.093986e-04 5.605553e-02 3.943156e-02 5.176398e-02 8.1776499231e+04 2.0063851379e+05 2.0134405353e+05
2446.2225 6.227761e-02 9.282277e-02 9.037360e-04 5.280215e-02 3.718030e-02 5.815262e-02 8.1807410572e+04 2.0064841714e+05 2.0130471727e+05
2447.2230 5.818502e-02 8.731608e-02 9.335418e-04 4.793050e-02 3.384542e-02 6.618952e-02 8.1851676407e+04 2.0067029554e+05 2.0124250912e+05
2448.2235 5.553252e-02 7.946626e-02 9.270382e-04 4.199318e-02 2.978276e-02 7.560956e-02 8.1904428032e+04 2.0070236631e+05 2.0116215593e+05
2449.2240 5.221463e-02 7.262670e-02 9.877649e-04 3.582483e-02 2.548962e-02 8.627473e-02 8.1960939296e+04 2.0074152349e+05 2.0107045672e+05
2450.2245 4.856323e-02 6.542827e-02 9.732523e-04 3.012577e-02 2.159930e-02 9.567711e-02 8.2017063390e+04 2.0078410913e+05 2.0097621918e+05
2451.2250 4.551875e-02 5.884008e-02 9.914790e-04 2.527173e-02 1.836153e-02 1.037412e-01 8.2066766864e+04 2.0082521011e+05 2.0088936966e+05
2452.2255 4.266244e-02 5.407966e-02 9.850687e-04 2.183568e-02 1.596101e-02 1.093069e-01 8.2105507210e+04 2.0085961709e+05 2.0081941745e+05
2453.2260 4.024314e-02 5.178147e-02 9.683497e-04 2.023523e-02 1.496343e-02 1.118780e-01 8.2129387127e+04 2.0088297196e+05 2.0077405888e+05
2454.2265 4.000723e-02 5.293179e-02 1.010740e-03 2.062805e-02 1.523172e-02 1.112380e-01 8.2136016777e+04 2.0089092441e+05 2.0075908879e+05
2455.2270 4.161131e-02 5.595192e-02 9.405367e-04 2.289259e-02 1.685951e-02 1.067593e-01 8.2126080297e+04 2.0088102904e+05 2.0077730763e+05
2456.2275 4.377189e-02 6.016599e-02 9.785518e-04 2.672517e-02 1.958421e-02 9.983904e-02 8.2102167921e+04 2.0085213267e+05 2.0082772270e+05
2457.2280 4.723039e-02 6.389066e-02 9.745185e-04 3.203850e-02 2.332099e-02 9.100640e-02 8.2067095159e+04 2.0080709287e+05 2.0090488982e+05
2458.2285 5.117832e-02 6.821834e-02 9.379574e-04 3.783100e-02 2.745396e-02 8.045352e-02 8.2024103374e+04 2.0075220658e+05 2.0099968244e+05
2459.2290 5.433280e-02 7.361685e-02 9.220652e-04 4.407028e-02 3.171460e-02 7.011231e-02 8.1977891089e+04 2.0069465311e+05 2.0110004193e+05
2460.2295 5.804259e-02 8.033989e-02 9.043716e-04 4.944715e-02 3.537620e-02 6.086778e-02 8.1933472811e+04 2.0064102015e+05 2.0119392947e+05
2461.2300 6.156108e-02 8.707268e-02 9.159944e-04 5.445707e-02 3.874727e-02 5.315435e-02 8.1897658302e+04 2.0059699073e+05 2.0126936983e+05
2462.2305 6.331357e-02 9.307075e-02 8.936912e-04 5.749007e-02 4.069309e-02 4.815423e-02 8.1875568092e+04 2.0056687031e+05 2.0131841667e+05
2463.2310 6.441792e-02 9.677056e-02 8.923738e-04 5.825186e-02 4.116830e-02 4.665939e-02 8.1868958600e+04 2.0055445683e+05 2.0133556734e+05
2464.2315 6.413429e-02 9.685143e-02 8.923419e-04 5.792907e-02 4.071030e-02 4.778147e-02 8.1878849991e+04 2.0056142768e+05 2.0131865553e+05
2465.2320 6.351841e-02 9.401622e-02 8.927622e-04 5.539891e-02 3.887655e-02 5.251960e-02 8.1903432705e+04 2.0058565726e+05 2.0127109498e+05
2466.2325 6.161526e-02 8.858275e-02 9.180938e-04 5.097228e-02 3.573025e-02 5.981817e-02 8.1941659078e+04 2.0062236804e+05 2.0119914563e+05
2467.2330 5.681463e-02 8.104530e-02 9.065856e-04 4.553662e-02 3.192347e-02 6.904111e-02 8.1991577030e+04 2.0066578485e+05 2.0111085079e+05
2468.2335 5.272871e-02 7.397970e-02 9.854012e-04 3.963039e-02 2.775346e-02 7.927955e-02 8.2047380304e+04 2.0070960365e+05 2.0101567669e+05
2469.2340 4.997352e-02 6.776621e-02 9.662924e-04 3.370943e-02 2.376015e-02 8.906098e-02 8.2103362105e+04 2.0074966396e+05 2.0092329802e+05
2470.2345 4.553117e-02 6.298424e-02 9.967645e-04 2.802853e-02 1.988859e-02 9.807410e-02 8.2155305044e+04 2.0078180187e+05 2.0084311787e+05
2471.2350 4.320551e-02 5.929993e-02 1.025493e-03 2.372454e-02 1.703348e-02 1.044940e-01 8.2198083119e+04 2.0080235730e+05 2.0078245333e+05
2472.2355 4.220771e-02 5.671353e-02 1.019370e-03 2.095208e-02 1.528659e-02 1.087492e-01 8.2227732549e+04 2.0081004527e+05 2.0074669142e+05
2473.2360 4.153367e-02 5.402650e-02 1.011654e-03 2.009430e-02 1.483778e-02 1.098752e-01 8.2242600339e+04 2.0080552645e+05 2.0073771801e+05
2474.2365 3.966556e-02 5.319940e-02 9.978199e-04 2.105049e-02 1.573256e-02 1.070981e-01 8.2241902528e+04 2.0079110926e+05 2.0075440244e+05
2475.2370 4.172214e-02 5.403787e-02 9.758338e-04 2.376365e-02 1.774052e-02 1.020813e-01 8.2225157957e+04 2.0076778655e+05 2.0079341419e+05
2476.2375 4.573409e-02 5.749645e-02 1.004129e-03 2.802778e-02 2.080617e-02 9.472395e-02 8.2196321423e+04 2.0073731140e+05 2.0084974809e+05
2477.2380 4.805196e-02 6.400728e-02 9.710879e-04 3.303989e-02 2.436290e-02 8.553235e-02 8.2160504750e+04 2.0070179246e+05 2.0091783272e+05
2478.2385 5.150821e-02 7.205711e-02 9.429111e-04 3.891540e-02 2.838507e-02 7.571835e-02 8.2120665584e+04 2.0066386332e+05 2.0099093828e+05
2479.2390 5.616000e-02 8.037408e-02 9.374158e-04 4.460387e-02 3.224495e-02 6.634971e-02 8.2080151238e+04 2.0062716682e+05 2.0106281436e+05
2480.2395 5.874017e-02 8.723087e-02 9.387493e-04 4.987709e-02 3.567796e-02 5.833865e-02 8.2044498023e+04 2.0059447806e+05 2.0112711997e+05
2481.2400 6.097693e-02 9.188505e-02 9.055994e-04 5.330942e-02 3.785331e-02 5.238365e-02 8.2017558380e+04 2.0056722534e+05 2.0117860961e+05
2482.2405 6.256090e-02 9.300154e-02 9.289437e-04 5.552792e-02 3.921677e-02 4.920245e-02 8.2003596861e+04 2.0054724112e+05 2.0121129514e+05
2483.2410 6.243767e-02 9.126596e-02 9.035782e-04 5.662843e-02 3.976546e-02 4.851833e-02 8.2005150582e+04 2.0053652084e+05 2.0122089980e+05
2484.2415 6.129938e-02 8.989318e-02 9.066534e-04 5.523950e-02 3.864494e-02 5.104360e-02 8.2020955187e+04 2.0053662392e+05 2.0120599288e+05
2485.2420 6.067718e-02 8.830592e-02 9.386372e-04 5.230865e-02 3.645956e-02 5.606696e-02 8.2049133653e+04 2.0054888111e+05 2.0116647944e+05
2486.2425 5.838813e-02 8.589385e-02 9.402693e-04 4.811553e-02 3.350954e-02 6.304692e-02 8.2087944948e+04 2.0057256263e+05 2.0110594849e+05
2487.2430 5.481967e-02 8.155513e-02 9.663652e-04 4.331130e-02 3.013856e-02 7.142364e-02 8.2134146543e+04 2.0060487742e+05 2.0103045880e+05
2488.2435 5.161042e-02 7.419152e-02 9.187187e-04 3.800910e-02 2.662753e-02 8.022363e-02 8.2183273428e+04 2.0064278987e+05 2.0094775688e+05
2489.2440 4.777541e-02 6.725795e-02 9.739513e-04 3.244980e-02 2.287554e-02 8.866821e-02 8.2231227774e+04 2.0068106395e+05 2.0086619744e+05
2490.2445 4.481176e-02 6.178481e-02 1.016245e-03 2.796332e-02 2.001621e-02 9.563464e-02 8.2273770351e+04 2.0071495739e+05 2.0079332124e+05
2491.2450 4.325614e-02 5.812114e-02 9.894649e-04 2.421395e-02 1.764785e-02 1.012839e-01 8.2307191058e+04 2.0073971519e+05 2.0073735074e+05
2492.2455 4.242903e-02 5.446166e-02 1.020809e-03 2.198551e-02 1.632664e-02 1.042573e-01 8.2330054754e+04 2.0075235701e+05 2.0070400903e+05
2493.2460 4.180997e-02 5.322256e-02 9.859608e-04 2.151307e-02 1.622553e-02 1.043708e-01 8.2340630329e+04 2.0075015724e+05 2.0069655620e+05
2494.2465 4.223512e-02 5.357868e-02 9.777739e-04 2.248658e-02 1.699129e-02 1.017837e-01 8.2338193923e+04 2.0073391102e+05 2.0071523299e+05
2495.2470 4.410591e-02 5.720142e-02 1.002830e-03 2.503061e-02 1.885899e-02 9.741226e-02 8.2322603839e+04 2.0070597614e+05 2.0075660487e+05
2496.2475 4.627773e-02 6.350684e-02 9.748809e-04 2.879211e-02 2.141038e-02 9.085639e-02 8.2297371963e+04 2.0066907174e+05 2.0081540950e+05
2497.2480 4.848746e-02 6.927421e-02 9.657197e-04 3.352397e-02 2.457848e-02 8.294219e-02 8.2267076559e+04 2.0062704733e+05 2.0088455685e+05
2498.2485 5.178994e-02 7.500538e-02 9.586862e-04 3.840869e-02 2.779642e-02 7.494356e-02 8.2234544390e+04 2.0058426803e+05 2.0095617301e+05
2499.2490 5.522718e-02 7.880406e-02 9.723243e-04 4.344766e-02 3.105423e-02 6.756831e-02 8.2203424455e+04 2.0054661818e+05 2.0102155951e+05
2500.2495 5.670564e-02 8.136722e-02 9.088410e-04 4.724464e-02 3.349410e-02 6.097989e-02 8.2177414433e+04 2.0051886539e+05 2.0107394257e+05
2501.2500 5.859675e-02 8.470579e-02 9.657819e-04 5.080103e-02 3.568840e-02 5.603759e-02 8.2157536794e+04 2.0050320772e+05 2.0110704734e+05
2502.2505 6.058276e-02 8.717697e-02 9.259233e-04 5.308596e-02 3.707877e-02 5.303900e-02 8.2147165928e+04 2.0049974699e+05 2.0111882610e+05
2503.2510 6.023987e-02 8.899882e-02 8.973414e-04 5.342846e-02 3.717647e-02 5.272780e-02 8.2149122029e+04 2.0050609166e+05 2.0110990711e+05
2504.2515 5.903540e-02 8.941438e-02 9.351607e-04 5.271911e-02 3.661138e-02 5.453135e-02 8.2163261899e+04 2.0051970794e+05 2.0108218074e+05
2505.2520 5.858115e-02 8.741570e-02 9.089074e-04 5.039043e-02 3.501405e-02 5.826781e-02 8.2187475568e+04 2.0053852480e+05 2.0104016991e+05
2506.2525 5.681018e-02 8.397074e-02 9.367685e-04 4.725706e-02 3.290373e-02 6.355673e-02 8.2220290202e+04 2.0055951948e+05 2.0098845529e+05
2507.2530 5.443095e-02 7.852837e-02 9.447629e-04 4.294733e-02 3.017876e-02 7.047446e-02 8.2258848918e+04 2.0057992699e+05 2.0093270901e+05
2508.2535 5.172312e-02 7.126906e-02 9.369401e-04 3.798405e-02 2.694512e-02 7.758169e-02 8.2300358416e+04 2.0059809413e+05 2.0087751851e+05
2509.2540 4.878803e-02 6.446393e-02 9.752786e-04 3.375316e-02 2.431082e-02 8.462666e-02 8.2341338205e+04 2.0061297847e+05 2.0082552436e+05
2510.2545 4.587019e-02 5.945241e-02 9.819154e-04 2.939833e-02 2.146816e-02 9.110383e-02 8.2378687045e+04 2.0062442975e+05 2.0078018796e+05
2511.2550 4.396929e-02 5.715124e-02 1.021009e-03 2.624006e-02 1.952747e-02 9.563216e-02 8.2409094576e+04 2.0063312194e+05 2.0074302855e+05
2512.2555 4.358052e-02 5.790916e-02 9.667234e-04 2.406133e-02 1.815252e-02 9.885367e-02 8.2430283906e+04 2.0063808699e+05 2.0071685339e+05
2513.2560 4.314030e-02 5.905702e-02 1.011471e-03 2.310094e-02 1.744219e-02 9.949631e-02 8.2442415142e+04 2.0063892270e+05 2.0070396695e+05
2514.2565 4.308737e-02 6.042953e-02 1.008031e-03 2.366702e-02 1.784246e-02 9.861228e-02 8.2443628221e+04 2.0063551874e+05 2.0070561985e+05
2515.2570 4.447880e-02 6.190171e-02 9.899845e-04 2.568193e-02 1.906402e-02 9.503587e-02 8.2433943301e+04 2.0062753143e+05 2.0072229798e+05
2516.2575 4.634628e-02 6.242113e-02 1.015878e-03 2.860364e-02 2.096092e-02 8.984996e-02 8.2415626662e+04 2.0061418852e+05 2.0075309422e+05
2517.2580 4.733686e-02 6.420442e-02 9.716355e-04 3.235943e-02 2.326040e-02 8.393245e-02 8.2391514709e+04 2.0059496954e+05 2.0079539449e+05
2518.2585 4.960928e-02 6.770153e-02 9.945777e-04 3.671203e-02 2.606664e-02 7.749017e-02 8.2364478327e+04 2.0056956423e+05 2.0084518641e+05
2519.2590 5.306175e-02 7.354857e-02 9.484986e-04 4.066198e-02 2.859855e-02 7.030876e-02 8.2338120405e+04 2.0053952806e+05 2.0089814200e+05
2520.2595 5.466063e-02 8.011049e-02 9.417420e-04 4.517782e-02 3.150644e-02 6.426747e-02 8.2315457653e+04 2.0050846349e+05 2.0094800341e+05
2521.2600 5.671745e-02 8.588319e-02 9.506774e-04 4.838562e-02 3.352509e-02 5.928302e-02 8.2297625099e+04 2.0048044442e+05 2.0099063436e+05
2522.2605 5.906439e-02 8.893547e-02 9.525745e-04 5.041976e-02 3.496456e-02 5.581945e-02 8.2286515373e+04 2.0045898163e+05 2.0102094607e+05
2523.2610 5.905909e-02 8.848871e-02 9.589744e-04 5.171760e-02 3.588508e-02 5.438249e-02 8.2284982512e+04 2.0044667309e+05 2.0103470726e+05
2524.2615 5.872335e-02 8.537442e-02 9.223688e-04 5.137160e-02 3.578383e-02 5.469086e-02 8.2293356511e+04 2.0044450112e+05 2.0102996418e+05
2525.2620 5.802250e-02 8.115066e-02 9.262780e-04 5.018647e-02 3.523697e-02 5.702280e-02 8.2311626763e+04 2.0045235518e+05 2.0100554677e+05
2526.2625 5.636718e-02 7.701263e-02 9.630182e-04 4.724541e-02 3.348517e-02 6.152863e-02 8.2338972122e+04 2.0046913436e+05 2.0096390614e+05
2527.2630 5.440916e-02 7.461268e-02 9.420885e-04 4.343417e-02 3.105216e-02 6.694119e-02 8.2373204638e+04 2.0049210310e+05 2.0090873519e+05
2528.2635 5.313050e-02 7.261741e-02 9.679526e-04 3.960336e-02 2.865398e-02 7.294861e-02 8.2411106316e+04 2.0051872486e+05 2.0084556976e+05
2529.2640 5.033436e-02 7.035006e-02 9.923275e-04 3.503241e-02 2.556603e-02 8.042416e-02 8.2450051398e+04 2.0054527572e+05 2.0078225228e+05
2530.2645 4.724778e-02 6.669480e-02 9.923328e-04 3.118035e-02 2.309252e-02 8.657994e-02 8.2487064940e+04 2.0056858772e+05 2.0072463606e+05
2531.2650 4.473398e-02 6.298849e-02 9.628747e-04 2.752827e-02 2.058393e-02 9.211839e-02 8.2518446080e+04 2.0058564509e+05 2.0067903214e+05
2532.2655 4.408390e-02 5.931041e-02 1.030452e-03 2.489057e-02 1.873232e-02 9.591213e-02 8.2542072987e+04 2.0059407161e+05 2.0064894478e+05
2533.2660 4.295739e-02 5.664659e-02 1.019042e-03 2.357028e-02 1.770691e-02 9.811056e-02 8.2557028349e+04 2.0059344612e+05 2.0063620338e+05
2534.2665 4.287363e-02 5.529099e-02 1.023346e-03 2.353550e-02 1.745946e-02 9.782667e-02 8.2562460456e+04 2.0058429346e+05 2.0064081881e+05
2535.2670 4.422201e-02 5.576791e-02 1.020406e-03 2.460122e-02 1.797992e-02 9.565255e-02 8.2557579426e+04 2.0056844028e+05 2.0066106169e+05
2536.2675 4.500981e-02 5.956238e-02 1.009533e-03 2.715395e-02 1.941642e-02 9.177316e-02 8.2543611182e+04 2.0054793070e+05 2.0069362636e+05
2537.2680 4.565092e-02 6.579022e-02 1.023077e-03 3.055192e-02 2.156564e-02 8.642606e-02 8.2522350183e+04 2.0052485912e+05 2.0073515382e+05
2538.2685 4.849337e-02 7.108020e-02 9.933843e-04 3.439216e-02 2.395770e-02 7.978562e-02 8.2495788891e+04 2.0050160140e+05 2.0078182826e+05
2539.2690 5.157262e-02 7.544603e-02 1.001604e-03 3.925173e-02 2.715780e-02 7.311006e-02 8.2467753838e+04 2.0047904824e+05 2.0082886255e+05
2540.2695 5.289482e-02 7.903433e-02 9.710061e-04 4.298410e-02 2.970938e-02 6.608617e-02 8.2442473958e+04 2.0045806141e+05 2.0087344947e+05
2541.2700 5.537992e-02 8.051020e-02 9.618586e-04 4.657033e-02 3.229000e-02 6.051865e-02 8.2421561410e+04 2.0043965843e+05 2.0091097338e+05
2542.2705 5.857838e-02 8.118882e-02 9.624818e-04 4.938753e-02 3.434423e-02 5.621583e-02 8.2407254778e+04 2.0042473400e+05 2.0093839082e+05
2543.2710 5.855637e-02 8.252997e-02 9.405947e-04 5.090782e-02 3.567161e-02 5.352780e-02 8.2402563265e+04 2.0041414906e+05 2.0095319078e+05
2544.2715 5.883371e-02 8.280585e-02 9.829835e-04 5.156265e-02 3.627838e-02 5.281052e-02 8.2407618761e+04 2.0040825314e+05 2.0095353678e+05
2545.2720 5.868709e-02 8.365509e-02 9.286791e-04 5.008818e-02 3.556990e-02 5.510841e-02 8.2422463042e+04 2.0040690048e+05 2.0093966100e+05
2546.2725 5.728929e-02 8.328755e-02 9.863032e-04 4.792226e-02 3.421506e-02 5.850414e-02 8.2447944286e+04 2.0041058480e+05 2.0091124450e+05
2547.2730 5.457258e-02 8.049650e-02 9.560547e-04 4.491144e-02 3.235140e-02 6.376941e-02 8.2481613415e+04 2.0042016001e+05 2.0087001683e+05
2548.2735 5.250922e-02 7.625641e-02 9.901616e-04 4.040912e-02 2.935711e-02 7.068836e-02 8.2519757724e+04 2.0043545613e+05 2.0081937970e+05
2549.2740 5.083765e-02 7.118102e-02 1.019000e-03 3.613827e-02 2.658806e-02 7.725004e-02 8.2559540749e+04 2.0045570491e+05 2.0076216558e+05
2550.2745 4.771258e-02 6.484781e-02 9.723858e-04 3.161202e-02 2.338381e-02 8.415415e-02 8.2597878743e+04 2.0047997883e+05 2.0070376855e+05
2551.2750 4.549774e-02 5.860897e-02 1.050449e-03 2.785568e-02 2.072693e-02 9.018449e-02 8.2631115018e+04 2.0050538372e+05 2.0064868636e+05
2552.2755 4.347364e-02 5.508458e-02 9.968409e-04 2.493980e-02 1.861720e-02 9.494913e-02 8.2656610692e+04 2.0052850297e+05 2.0060244706e+05
2553.2760 4.260042e-02 5.418169e-02 1.020627e-03 2.328637e-02 1.720838e-02 9.719527e-02 8.2672547019e+04 2.0054599081e+05 2.0057007108e+05
2554.2765 4.295550e-02 5.621203e-02 1.020798e-03 2.272906e-02 1.658558e-02 9.755137e-02 8.2677837367e+04 2.0055393960e+05 2.0055612904e+05
2555.2770 4.325888e-02 5.954177e-02 1.041881e-03 2.378123e-02 1.707196e-02 9.565740e-02 8.2673444953e+04 2.0054993042e+05 2.0056331512e+05
2556.2775 4.523519e-02 6.309042e-02 1.025166e-03 2.586597e-02 1.825853e-02 9.191577e-02 8.2659620109e+04 2.0053245851e+05 2.0059253612e+05
2557.2780 4.697183e-02 6.561226e-02 9.891222e-04 2.898977e-02 2.032731e-02 8.682548e-02 8.2638610557e+04 2.0050351652e+05 2.0064074516e+05
2558.2785 4.849724e-02 6.751565e-02 1.001654e-03 3.333067e-02 2.324145e-02 7.994471e-02 8.2612726596e+04 2.0046688795e+05 2.0070174612e+05
2559.2790 5.103530e-02 7.009445e-02 9.968634e-04 3.702070e-02 2.576998e-02 7.297700e-02 8.2584081918e+04 2.0042716806e+05 2.0076837420e+05
2560.2795 5.408515e-02 7.287254e-02 9.793401e-04 4.140958e-02 2.893228e-02 6.651795e-02 8.2556769100e+04 2.0038937433e+05 2.0083064302e+05
2561.2800 5.589358e-02 7.716137e-02 9.500163e-04 4.520443e-02 3.165172e-02 6.043830e-02 8.2535048263e+04 2.0035795638e+05 2.0088122475e+05
2562.2805 5.701929e-02 8.162010e-02 9.965617e-04 4.804973e-02 3.374442e-02 5.563125e-02 8.2521517242e+04 2.0033638924e+05 2.0091406332e+05
2563.2810 5.912523e-02 8.533500e-02 9.478184e-04 5.001379e-02 3.523460e-02 5.297128e-02 8.2516841708e+04 2.0032672109e+05 2.0092568984e+05
2564.2815 5.875628e-02 8.808358e-02 9.701704e-04 5.004061e-02 3.544527e-02 5.289649e-02 8.2522375623e+04 2.0032967881e+05 2.0091609807e+05
2565.2820 5.775141e-02 8.731766e-02 9.733635e-04 4.949614e-02 3.524726e-02 5.384408e-02 8.2538116947e+04 2.0034415198e+05 2.0088660284e+05
2566.2825 5.707894e-02 8.319140e-02 9.523148e-04 4.723043e-02 3.385296e-02 5.767965e-02 8.2562073315e+04 2.0036635924e+05 2.0084226596e+05
2567.2830 5.545989e-02 7.685920e-02 9.730936e-04 4.378216e-02 3.154958e-02 6.328757e-02 8.2594120427e+04 2.0039178571e+05 2.0078802427e+05
2568.2835 5.160949e-02 7.034906e-02 9.566930e-04 4.016191e-02 2.917463e-02 6.899542e-02 8.2632249392e+04 2.0041736003e+05 2.0072867638e+05
2569.2840 4.868406e-02 6.591329e-02 9.960968e-04 3.560883e-02 2.597510e-02 7.578259e-02 8.2670820402e+04 2.0044043035e+05 2.0067035509e+05
2570.2845 4.779386e-02 6.284735e-02 1.025599e-03 3.158534e-02 2.316795e-02 8.268949e-02 8.2705880241e+04 2.0045991800e+05 2.0061736740e+05
2571.2850 4.581076e-02 6.115505e-02 9.887549e-04 2.785392e-02 2.049716e-02 8.792733e-02 8.2736489636e+04 2.0047374347e+05 2.0057492320e+05
2572.2855 4.302376e-02 5.917231e-02 1.054651e-03 2.511890e-02 1.838058e-02 9.194024e-02 8.2760754028e+04 2.0048016275e+05 2.0054641509e+05
2573.2860 4.220728e-02 5.827604e-02 1.032247e-03 2.333293e-02 1.705740e-02 9.458330e-02 8.2775691581e+04 2.0047882205e+05 2.0053371821e+05
2574.2865 4.282208e-02 5.753465e-02 1.049235e-03 2.298389e-02 1.664413e-02 9.470390e-02 8.2780542904e+04 2.0047143253e+05 2.0053655169e+05
2575.2870 4.266151e-02 5.781707e-02 1.033681e-03 2.370772e-02 1.703080e-02 9.345952e-02 8.2775802446e+04 2.0045915187e+05 2.0055354703e+05
2576.2875 4.412822e-02 5.949639e-02 1.011641e-03 2.568012e-02 1.829363e-02 8.971239e-02 8.2762403580e+04 2.0044289670e+05 2.0058221942e+05
2577.2880 4.688701e-02 6.229171e-02 1.008919e-03 2.861279e-02 2.024348e-02 8.474567e-02 8.2742616746e+04 2.0042302857e+05 2.0061966127e+05
2578.2885 4.799727e-02 6.600135e-02 1.029036e-03 3.183537e-02 2.239993e-02 7.911690e-02 8.2719985940e+04 2.0040095404e+05 2.0066256531e+05
2579.2890 4.985200e-02 7.043151e-02 9.849317e-04 3.616415e-02 2.541921e-02 7.265995e-02 8.2696025346e+04 2.0037840442e+05 2.0070623300e+05
2580.2895 5.264470e-02 7.577303e-02 9.762981e-04 3.991610e-02 2.795442e-02 6.651944e-02 8.2672683791e+04 2.0035697627e+05 2.0074765512e+05
2581.2900 5.416200e-02 8.069627e-02 9.947263e-04 4.343011e-02 3.036784e-02 6.128822e-02 8.2654027296e+04 2.0033751235e+05 2.0078291562e+05
2582.2905 5.571794e-02 8.406168e-02 9.878225e-04 4.608935e-02 3.226653e-02 5.716011e-02 8.2642220089e+04 2.0032077618e+05 2.0080930044e+05
2583.2910 5.723844e-02 8.486065e-02 9.842180e-04 4.752745e-02 3.337042e-02 5.493681e-02 8.2639052988e+04 2.0030779778e+05 2.0082433842e+05
2584.2915 5.700864e-02 8.297651e-02 9.676195e-04 4.854291e-02 3.416343e-02 5.403080e-02 8.2645729759e+04 2.0030077650e+05 2.0082520676e+05
2585.2920 5.568322e-02 8.049002e-02 9.867193e-04 4.760486e-02 3.360435e-02 5.567160e-02 8.2659849977e+04 2.0030185539e+05 2.0081151393e+05
2586.2925 5.525205e-02 7.819486e-02 9.840304e-04 4.612419e-02 3.263795e-02 5.847046e-02 8.2680111217e+04 2.0031116432e+05 2.0078281495e+05
2587.2930 5.411137e-02 7.529975e-02 9.720103e-04 4.363721e-02 3.109608e-02 6.232556e-02 8.2706053516e+04 2.0032798576e+05 2.0074177590e+05
2588.2935 5.133757e-02 7.202442e-02 1.005654e-03 4.019419e-02 2.873859e-02 6.737651e-02 8.2736923027e+04 2.0034896336e+05 2.0069269467e+05
2589.2940 4.882981e-02 6.862755e-02 1.004645e-03 3.699258e-02 2.658206e-02 7.329244e-02 8.2769692652e+04 2.0037127051e+05 2.0063979448e+05
2590.2945 4.754952e-02 6.553116e-02 9.933496e-04 3.323808e-02 2.405944e-02 7.824335e-02 8.2800934575e+04 2.0039300008e+05 2.0058912508e+05
2591.2950 4.596889e-02 6.314492e-02 1.035067e-03 2.999064e-02 2.180377e-02 8.317770e-02 8.2828222766e+04 2.0041102696e+05 2.0054559915e+05
2592.2955 4.431475e-02 6.216146e-02 1.004422e-03 2.721259e-02 1.993391e-02 8.711462e-02 8.2849455018e+04 2.0042257632e+05 2.0051416445e+05
2593.2960 4.424157e-02 5.916069e-02 1.042855e-03 2.534615e-02 1.863671e-02 8.933793e-02 8.2863908021e+04 2.0042600923e+05 2.0049786444e+05
2594.2965 4.398648e-02 5.746941e-02 1.022086e-03 2.450735e-02 1.803598e-02 9.053311e-02 8.2871223826e+04 2.0041995652e+05 2.0049750210e+05
2595.2970 4.360975e-02 5.734391e-02 1.062349e-03 2.469501e-02 1.801838e-02 8.940508e-02 8.2871582917e+04 2.0040597423e+05 2.0051165855e+05
2596.2975 4.397523e-02 5.906009e-02 1.041903e-03 2.574956e-02 1.871413e-02 8.758502e-02 8.2864586344e+04 2.0038656964e+05 2.0053731656e+05
2597.2980 4.676137e-02 6.317014e-02 1.049797e-03 2.761432e-02 1.983303e-02 8.472392e-02 8.2851589936e+04 2.0036325782e+05 2.0057078328e+05
2598.2985 4.847574e-02 6.777718e-02 1.041247e-03 3.055733e-02 2.171528e-02 8.006643e-02 8.2836372958e+04 2.0033893858e+05 2.0060770178e+05
2599.2990 4.921444e-02 7.171289e-02 1.012472e-03 3.339476e-02 2.346923e-02 7.519096e-02 8.2820429057e+04 2.0031621302e+05 2.0064462611e+05
2600.2995 5.057261e-02 7.440488e-02 1.026390e-03 3.682430e-02 2.575171e-02 7.038699e-02 8.2804306503e+04 2.0029812105e+05 2.0067686146e+05
2601.3000 5.214422e-02 7.603443e-02 1.017458e-03 3.973989e-02 2.762288e-02 6.604074e-02 8.2789585547e+04 2.0028644752e+05 2.0070178643e+05
2602.3005 5.323150e-02 7.736409e-02 1.012877e-03 4.232689e-02 2.939587e-02 6.223268e-02 8.2778522350e+04 2.0028113709e+05 2.0071695436e+05
2603.3010 5.423074e-02 7.755234e-02 9.563373e-04 4.473776e-02 3.105377e-02 5.922897e-02 8.2772713621e+04 2.0028140359e+05 2.0072168769e+05
2604.3015 5.490941e-02 7.820701e-02 1.006677e-03 4.559982e-02 3.171418e-02 5.793300e-02 8.2773374333e+04 2.0028412244e+05 2.0071760596e+05
2605.3020 5.441722e-02 7.782050e-02 9.781528e-04 4.629357e-02 3.233242e-02 5.705121e-02 8.2781041666e+04 2.0028892394e+05 2.0070533666e+05
2606.3025 5.455950e-02 7.710947e-02 9.723087e-04 4.561258e-02 3.204080e-02 5.772282e-02 8.2793579523e+04 2.0029451348e+05 2.0068760237e+05
2607.3030 5.464223e-02 7.678603e-02 1.006863e-03 4.413177e-02 3.119077e-02 6.012005e-02 8.2810236308e+04 2.0029930384e+05 2.0066622341e+05
2608.3035 5.251833e-02 7.564299e-02 1.000683e-03 4.229941e-02 3.018391e-02 6.338216e-02 8.2831272136e+04 2.0030285678e+05 2.0064274898e+05
2609.3040 5.088962e-02 7.213398e-02 9.869539e-04 3.924886e-02 2.823006e-02 6.672986e-02 8.2855796914e+04 2.0030470944e+05 2.0061912998e+05
2610.3045 4.930724e-02 6.872077e-02 1.028675e-03 3.625815e-02 2.637246e-02 7.152844e-02 8.2881766204e+04 2.0030508133e+05 2.0059478090e+05
2611.3050 4.770284e-02 6.555312e-02 1.029816e-03 3.302403e-02 2.430845e-02 7.596365e-02 8.2907761459e+04 2.0030619540e+05 2.0056992746e+05
2612.3055 4.612906e-02 6.232258e-02 1.041830e-03 3.016308e-02 2.240719e-02 8.002912e-02 8.2931334355e+04 2.0031027926e+05 2.0054453066e+05
2613.3060 4.626119e-02 6.027045e-02 1.040618e-03 2.752599e-02 2.046823e-02 8.363288e-02 8.2950059739e+04 2.0031729454e+05 2.0051993046e+05
2614.3065 4.576477e-02 5.917251e-02 1.038647e-03 2.560221e-02 1.902395e-02 8.598878e-02 8.2964430425e+04 2.0032602251e+05 2.0049788441e+05
2615.3070 4.364319e-02 5.930101e-02 1.057345e-03 2.462881e-02 1.822845e-02 8.760684e-02 8.2973817768e+04 2.0033457793e+05 2.0048083014e+05
2616.3075 4.403641e-02 6.045408e-02 1.021462e-03 2.457644e-02 1.791675e-02 8.802588e-02 8.2976523080e+04 2.0034058836e+05 2.0047145552e+05
2617.3080 4.504013e-02 6.217297e-02 1.045156e-03 2.540529e-02 1.822306e-02 8.669908e-02 8.2973621033e+04 2.0034215856e+05 2.0047175523e+05
2618.3085 4.502430e-02 6.409973e-02 1.054002e-03 2.693268e-02 1.893583e-02 8.415813e-02 8.2966773818e+04 2.0033712759e+05 2.0048305531e+05
2619.3090 4.659588e-02 6.657599e-02 1.044738e-03 2.942190e-02 2.045901e-02 8.089484e-02 8.2956131289e+04 2.0032397083e+05 2.0050489754e+05
2620.3095 4.907269e-02 6.843433e-02 1.079821e-03 3.191803e-02 2.201056e-02 7.639967e-02 8.2943325767e+04 2.0030415260e+05 2.0053588371e+05
2621.3100 4.998916e-02 6.935256e-02 1.019916e-03 3.537220e-02 2.430171e-02 7.167970e-02 8.2929953175e+04 2.0028083133e+05 2.0057153161e+05
2622.3105 5.080879e-02 7.140183e-02 1.023667e-03 3.860779e-02 2.655648e-02 6.700679e-02 8.2915923942e+04 2.0025731631e+05 2.0060759068e+05
2623.3110 5.239799e-02 7.378119e-02 1.034025e-03 4.106753e-02 2.838670e-02 6.258735e-02 8.2902756188e+04 2.0023702914e+05 2.0063950833e+05
2624.3115 5.378406e-02 7.621807e-02 1.001640e-03 4.374892e-02 3.039679e-02 5.871954e-02 8.2893105796e+04 2.0022172211e+05 2.0066258332e+05
2625.3120 5.378944e-02 7.897806e-02 9.862198e-04 4.511329e-02 3.158131e-02 5.609816e-02 8.2889480557e+04 2.0021182818e+05 2.0067498265e+05
2626.3125 5.381364e-02 7.906801e-02 1.012799e-03 4.601481e-02 3.249632e-02 5.529745e-02 8.2892517389e+04 2.0020852377e+05 2.0067481802e+05
2627.3130 5.453511e-02 7.904222e-02 9.957736e-04 4.569408e-02 3.254625e-02 5.538534e-02 8.2901489508e+04 2.0021136148e+05 2.0066284045e+05
2628.3135 5.379748e-02 7.772529e-02 9.755822e-04 4.402565e-02 3.170452e-02 5.693221e-02 8.2916894599e+04 2.0021932020e+05 2.0064074470e+05
2629.3140 5.250776e-02 7.459313e-02 1.022319e-03 4.203261e-02 3.051161e-02 6.034404e-02 8.2937165327e+04 2.0023107256e+05 2.0061041818e+05
2630.3145 5.167876e-02 7.059387e-02 9.995794e-04 3.901670e-02 2.858572e-02 6.470117e-02 8.2961160402e+04 2.0024409775e+05 2.0057549926e+05
2631.3150 4.990207e-02 6.637745e-02 1.046288e-03 3.564217e-02 2.630558e-02 6.983183e-02 8.2988204117e+04 2.0025663909e+05 2.0053845605e+05
2632.3155 4.705838e-02 6.330710e-02 1.020891e-03 3.209333e-02 2.377735e-02 7.510479e-02 8.3016247801e+04 2.0026797968e+05 2.0050183160e+05
2633.3160 4.621756e-02 6.202080e-02 1.056349e-03 2.878574e-02 2.129970e-02 8.032267e-02 8.3042334716e+04 2.0027671247e+05 2.0046806417e+05
2634.3165 4.535839e-02 6.207352e-02 1.094435e-03 2.585336e-02 1.905990e-02 8.487374e-02 8.3065149122e+04 2.0028286653e+05 2.0043969319e+05
2635.3170 4.430476e-02 6.149647e-02 1.067726e-03 2.376817e-02 1.727508e-02 8.816705e-02 8.3083466770e+04 2.0028623058e+05 2.0041884139e+05
2636.3175 4.343147e-02 6.052105e-02 1.088109e-03 2.272851e-02 1.625981e-02 8.986062e-02 8.3095415628e+04 2.0028717951e+05 2.0040688017e+05
2637.3180 4.335618e-02 5.973638e-02 1.087284e-03 2.264702e-02 1.597737e-02 9.022236e-02 8.3099721315e+04 2.0028557735e+05 2.0040446566e+05
2638.3185 4.302665e-02 5.904901e-02 1.075586e-03 2.373595e-02 1.653522e-02 8.843073e-02 8.3096986067e+04 2.0028210766e+05 2.0041120674e+05
2639.3190 4.365930e-02 5.919693e-02 1.063147e-03 2.557635e-02 1.770258e-02 8.516318e-02 8.3088074939e+04 2.0027547123e+05 2.0042653226e+05
2640.3195 4.573272e-02 6.176068e-02 1.060327e-03 2.878429e-02 1.982075e-02 8.048584e-02 8.3074188990e+04 2.0026487027e+05 2.0044894227e+05
2641.3200 4.735797e-02 6.618960e-02 1.044025e-03 3.210247e-02 2.214442e-02 7.537586e-02 8.3057283190e+04 2.0025040045e+05 2.0047766630e+05
2642.3205 4.929031e-02 7.056329e-02 1.018669e-03 3.563242e-02 2.473293e-02 6.932994e-02 8.3039211398e+04 2.0023293556e+05 2.0051060091e+05
2643.3210 5.119899e-02 7.482642e-02 1.025821e-03 3.960551e-02 2.760699e-02 6.322443e-02 8.3021109421e+04 2.0021387636e+05 2.0054501777e+05
2644.3215 5.335358e-02 7.822786e-02 1.006580e-03 4.264661e-02 2.993992e-02 5.836726e-02 8.3004341674e+04 2.0019445688e+05 2.0057879818e+05
2645.3220 5.444369e-02 8.010553e-02 9.989389e-04 4.539003e-02 3.210427e-02 5.414643e-02 8.2992594564e+04 2.0017541210e+05 2.0060807402e+05
2646.3225 5.434503e-02 7.958964e-02 1.000330e-03 4.671166e-02 3.321422e-02 5.154876e-02 8.2987947157e+04 2.0015871474e+05 2.0062973895e+05
2647.3230 5.516475e-02 7.747730e-02 1.001916e-03 4.698693e-02 3.366511e-02 5.065013e-02 8.2991665610e+04 2.0014562507e+05 2.0063973671e+05
2648.3235 5.536966e-02 7.534666e-02 1.028032e-03 4.627770e-02 3.332614e-02 5.238299e-02 8.3003616333e+04 2.0013883809e+05 2.0063511480e+05
2649.3240 5.502736e-02 7.463586e-02 1.009605e-03 4.399984e-02 3.179916e-02 5.560982e-02 8.3023154055e+04 2.0013982344e+05 2.0061521659e+05
2650.3245 5.282776e-02 7.398454e-02 1.062761e-03 4.105838e-02 2.972467e-02 6.000116e-02 8.3049348803e+04 2.0014976629e+05 2.0058044152e+05
2651.3250 5.096184e-02 7.165285e-02 1.019147e-03 3.741075e-02 2.708741e-02 6.578791e-02 8.3079009053e+04 2.0016836837e+05 2.0053406364e+05
2652.3255 4.973717e-02 6.845952e-02 1.044344e-03 3.347614e-02 2.420208e-02 7.208506e-02 8.3110167516e+04 2.0019269278e+05 2.0048059161e+05
2653.3260 4.573479e-02 6.482998e-02 1.055847e-03 2.946157e-02 2.122992e-02 7.861423e-02 8.3141619206e+04 2.0021941913e+05 2.0042568252e+05
2654.3265 4.353440e-02 6.088070e-02 1.086355e-03 2.588811e-02 1.853324e-02 8.389819e-02 8.3169966339e+04 2.0024434313e+05 2.0037524712e+05
2655.3270 4.418714e-02 5.709644e-02 1.096125e-03 2.314319e-02 1.649035e-02 8.807351e-02 8.3192784627e+04 2.0026332325e+05 2.0033487016e+05
2656.3275 4.310638e-02 5.503547e-02 1.088382e-03 2.126164e-02 1.503048e-02 9.085966e-02 8.3209917014e+04 2.0027343100e+05 2.0030916131e+05
2657.3280 4.151407e-02 5.471724e-02 1.086636e-03 2.079340e-02 1.463451e-02 9.134598e-02 8.3219764677e+04 2.0027323729e+05 2.0030051298e+05
2658.3285 4.233714e-02 5.530279e-02 1.078140e-03 2.139498e-02 1.501943e-02 9.016876e-02 8.3220124939e+04 2.0026315271e+05 2.0030977453e+05
2659.3290 4.401855e-02 5.868480e-02 1.079815e-03 2.349349e-02 1.643501e-02 8.690231e-02 8.3211776891e+04 2.0024401813e+05 2.0033505727e+05
2660.3295 4.339448e-02 6.292830e-02 1.088756e-03 2.621301e-02 1.839945e-02 8.268054e-02 8.3197183031e+04 2.0021883247e+05 2.0037322731e+05
2661.3300 4.565919e-02 6.674478e-02 1.074964e-03 2.984104e-02 2.103473e-02 7.636544e-02 8.3177594817e+04 2.0019003465e+05 2.0041921495e+05
2662.3305 4.877808e-02 6.982504e-02 1.077795e-03 3.394282e-02 2.398349e-02 7.006438e-02 8.3155825709e+04 2.0016060271e+05 2.0046758430e+05
2663.3310 5.047495e-02 7.090685e-02 1.050204e-03 3.773643e-02 2.674022e-02 6.398887e-02 8.3135179718e+04 2.0013470374e+05 2.0051285680e+05
2664.3315 5.209198e-02 7.220206e-02 1.021570e-03 4.147319e-02 2.947054e-02 5.777693e-02 8.3117036936e+04 2.0011510655e+05 2.0054940618e+05
2665.3320 5.347878e-02 7.448903e-02 1.023143e-03 4.412497e-02 3.147649e-02 5.357739e-02 8.3102586580e+04 2.0010335414e+05 2.0057394874e+05
2666.3325 5.503110e-02 7.631612e-02 1.017032e-03 4.626790e-02 3.299130e-02 5.035660e-02 8.3094463288e+04 2.0009953369e+05 2.0058428765e+05
2667.3330 5.494031e-02 7.876331e-02 9.998676e-04 4.706526e-02 3.353317e-02 4.946163e-02 8.3094569888e+04 2.0010165106e+05 2.0058102302e+05
2668.3335 5.521333e-02 8.010817e-02 1.025334e-03 4.639656e-02 3.305193e-02 5.023973e-02 8.3103181595e+04 2.0010773655e+05 2.0056576317e+05
2669.3340 5.464776e-02 7.975917e-02 1.021215e-03 4.487019e-02 3.189222e-02 5.294721e-02 8.3120564680e+04 2.0011586741e+05 2.0054054067e+05
2670.3345 5.293939e-02 7.719975e-02 1.022016e-03 4.189968e-02 2.979706e-02 5.734577e-02 8.3145356357e+04 2.0012529405e+05 2.0050839271e+05
2671.3350 5.145909e-02 7.240799e-02 1.060218e-03 3.831562e-02 2.725570e-02 6.336362e-02 8.3174579017e+04 2.0013553581e+05 2.0047147241e+05
2672.3355 4.967345e-02 6.680946e-02 1.023930e-03 3.416348e-02 2.427172e-02 6.948858e-02 8.3206651535e+04 2.0014620165e+05 2.0043210272e+05
2673.3360 4.723431e-02 6.148721e-02 1.082887e-03 3.008716e-02 2.140225e-02 7.544439e-02 8.3239165461e+04 2.0015746863e+05 2.0039180616e+05
2674.3365 4.446489e-02 5.789112e-02 1.085402e-03 2.643167e-02 1.881454e-02 8.116599e-02 8.3269119115e+04 2.0016966040e+05 2.0035250399e+05
2675.3370 4.286339e-02 5.655515e-02 1.085425e-03 2.333238e-02 1.660809e-02 8.580926e-02 8.3293964889e+04 2.0018195594e+05 2.0031682527e+05
2676.3375 4.243789e-02 5.725367e-02 1.156851e-03 2.123471e-02 1.517194e-02 8.874232e-02 8.3312511899e+04 2.0019255473e+05 2.0028773910e+05
2677.3380 4.203643e-02 5.799495e-02 1.119427e-03 2.021891e-02 1.446044e-02 8.979362e-02 8.3324002719e+04 2.0020017035e+05 2.0026877314e+05
2678.3385 4.264314e-02 5.820224e-02 1.098016e-03 2.063619e-02 1.473943e-02 8.907296e-02 8.3327582943e+04 2.0020244182e+05 2.0026258453e+05
2679.3390 4.265597e-02 5.846567e-02 1.102003e-03 2.194932e-02 1.575202e-02 8.661010e-02 8.3323245161e+04 2.0019838463e+05 2.0027092326e+05
2680.3395 4.376102e-02 5.834205e-02 1.083710e-03 2.447947e-02 1.757210e-02 8.206656e-02 8.3311435210e+04 2.0018767822e+05 2.0029318200e+05
2681.3400 4.574876e-02 5.998439e-02 1.051198e-03 2.762605e-02 1.978672e-02 7.742969e-02 8.3293586289e+04 2.0016962854e+05 2.0032739788e+05
2682.3405 4.756575e-02 6.324018e-02 1.072912e-03 3.119870e-02 2.229989e-02 7.150863e-02 8.3273359920e+04 2.0014523812e+05 2.0036983830e+05
2683.3410 4.855589e-02 6.761496e-02 1.050025e-03 3.529418e-02 2.513593e-02 6.495217e-02 8.3253225033e+04 2.0011747712e+05 2.0041550996e+05
2684.3415 5.129909e-02 7.243335e-02 1.038811e-03 3.876360e-02 2.752890e-02 5.960372e-02 8.3234078421e+04 2.0008913831e+05 2.0045972719e+05
2685.3420 5.363447e-02 7.697161e-02 1.040583e-03 4.207293e-02 2.972887e-02 5.476768e-02 8.3218630330e+04 2.0006415720e+05 2.0049705832e+05
2686.3425 5.425805e-02 8.037987e-02 1.015994e-03 4.430182e-02 3.124585e-02 5.124370e-02 8.3208420350e+04 2.0004599187e+05 2.0052376734e+05
2687.3430 5.538891e-02 8.051289e-02 1.034890e-03 4.547831e-02 3.205019e-02 4.948055e-02 8.3204667029e+04 2.0003613391e+05 2.0053684497e+05
2688.3435 5.578633e-02 7.827631e-02 1.025734e-03 4.565196e-02 3.215783e-02 4.937137e-02 8.3208614777e+04 2.0003507471e+05 2.0053455042e+05
2689.3440 5.368937e-02 7.438070e-02 1.032898e-03 4.432298e-02 3.122729e-02 5.152304e-02 8.3221506610e+04 2.0004231858e+05 2.0051688791e+05
2690.3445 5.250014e-02 7.151258e-02 1.044177e-03 4.222394e-02 2.980634e-02 5.493559e-02 8.3241358441e+04 2.0005633058e+05 2.0048472703e+05
2691.3450 5.236534e-02 7.006848e-02 1.055588e-03 3.900297e-02 2.753347e-02 5.928533e-02 8.3266267508e+04 2.0007552697e+05 2.0044170250e+05
2692.3455 5.035826e-02 6.907359e-02 1.064640e-03 3.533878e-02 2.501671e-02 6.503620e-02 8.3295954453e+04 2.0009647421e+05 2.0039239591e+05
2693.3460 4.746240e-02 6.716866e-02 1.083554e-03 3.149066e-02 2.234308e-02 7.112533e-02 8.3327518852e+04 2.0011695839e+05 2.0034244980e+05
2694.3465 4.607206e-02 6.361111e-02 1.090451e-03 2.775787e-02 1.977559e-02 7.652588e-02 8.3357719378e+04 2.0013455228e+05 2.0029704973e+05
2695.3470 4.403538e-02 5.987780e-02 1.070192e-03 2.451913e-02 1.761787e-02 8.167886e-02 8.3384458575e+04 2.0014715022e+05 2.0026018372e+05
2696.3475 4.197182e-02 5.677398e-02 1.086754e-03 2.195853e-02 1.579422e-02 8.513939e-02 8.3405913911e+04 2.0015368297e+05 2.0023461025e+05
2697.3480 4.175946e-02 5.326521e-02 1.101943e-03 2.056157e-02 1.488919e-02 8.681692e-02 8.3420992055e+04 2.0015366486e+05 2.0022132577e+05
2698.3485 4.137831e-02 5.211466e-02 1.085080e-03 2.001071e-02 1.454517e-02 8.797303e-02 8.3429184822e+04 2.0014677126e+05 2.0022054666e+05
2699.3490 4.173341e-02 5.303758e-02 1.130751e-03 2.086171e-02 1.500773e-02 8.611233e-02 8.3430745674e+04 2.0013473818e+05 2.0023066460e+05
2700.3495 4.248498e-02 5.642114e-02 1.055828e-03 2.269016e-02 1.626353e-02 8.357069e-02 8.3424225615e+04 2.0012024078e+05 2.0024984186e+05
2701.3500 4.428122e-02 6.081035e-02 1.119542e-03 2.553114e-02 1.814034e-02 7.900099e-02 8.3410706200e+04 2.0010515266e+05 2.0027590043e+05
2702.3505 4.548154e-02 6.613863e-02 1.098747e-03 2.896273e-02 2.048988e-02 7.334493e-02 8.3392376497e+04 2.0008968279e+05 2.0030698581e+05
2703.3510 4.744505e-02 6.933067e-02 1.096563e-03 3.252443e-02 2.291473e-02 6.783446e-02 8.3371545996e+04 2.0007417627e+05 2.0034107503e+05
2704.3515 4.973354e-02 7.075467e-02 1.056378e-03 3.655813e-02 2.570316e-02 6.196699e-02 8.3350825587e+04 2.0005892116e+05 2.0037518790e+05
2705.3520 5.110033e-02 7.146290e-02 1.045409e-03 3.980295e-02 2.802355e-02 5.675385e-02 8.3332604043e+04 2.0004428717e+05 2.0040711324e+05
2706.3525 5.308757e-02 7.250768e-02 1.056922e-03 4.255959e-02 2.999169e-02 5.214602e-02 8.3318260293e+04 2.0003063810e+05 2.0043381961e+05
2707.3530 5.465668e-02 7.496755e-02 1.044384e-03 4.437901e-02 3.132871e-02 4.925178e-02 8.3309613475e+04 2.0001828462e+05 2.0045312663e+05
2708.3535 5.542439e-02 7.679790e-02 1.024198e-03 4.491090e-02 3.178332e-02 4.833841e-02 8.3308402446e+04 2.0000818432e+05 2.0046334277e+05
2709.3540 5.447516e-02 7.737620e-02 1.063273e-03 4.462104e-02 3.159666e-02 4.943777e-02 8.3316042951e+04 2.0000119018e+05 2.0046257714e+05
2710.3545 5.337725e-02 7.715242e-02 1.013474e-03 4.284041e-02 3.039771e-02 5.133604e-02 8.3331917583e+04 1.9999871163e+05 2.0045021163e+05
2711.3550 5.201537e-02 7.517325e-02 1.058750e-03 4.016521e-02 2.861633e-02 5.569481e-02 8.3354265244e+04 2.0000233184e+05 2.0042556491e+05
2712.3555 4.999122e-02 7.175705e-02 1.069908e-03 3.662218e-02 2.616220e-02 6.107847e-02 8.3381927522e+04 2.0001297823e+05 2.0038973676e+05
2713.3560 4.809091e-02 6.638232e-02 1.097192e-03 3.267918e-02 2.345058e-02 6.671289e-02 8.3413328454e+04 2.0002972933e+05 2.0034486102e+05
2714.3565 4.652648e-02 6.002980e-02 1.094826e-03 2.864698e-02 2.058747e-02 7.344920e-02 8.3445279495e+04 2.0005152926e+05 2.0029437128e+05
2715.3570 4.418082e-02 5.612006e-02 1.127779e-03 2.513913e-02 1.804807e-02 7.859694e-02 8.3475404969e+04 2.0007603269e+05 2.0024259373e+05
2716.3575 4.168577e-02 5.423286e-02 1.111532e-03 2.230782e-02 1.602759e-02 8.290844e-02 8.3500755262e+04 2.0010014778e+05 2.0019516945e+05
2717.3580 4.100344e-02 5.481631e-02 1.102634e-03 2.016061e-02 1.436661e-02 8.679936e-02 8.3518595976e+04 2.0011925416e+05 2.0015821306e+05
2718.3585 4.066897e-02 5.574439e-02 1.126243e-03 1.941996e-02 1.367021e-02 8.758128e-02 8.3529712387e+04 2.0012967862e+05 2.0013663423e+05
2719.3590 4.015164e-02 5.752089e-02 1.118635e-03 1.970864e-02 1.381907e-02 8.721664e-02 8.3533434437e+04 2.0012804526e+05 2.0013409624e+05
2720.3595 4.147058e-02 5.916898e-02 1.135767e-03 2.124800e-02 1.482121e-02 8.458768e-02 8.3528830693e+04 2.0011432440e+05 2.0015115742e+05
2721.3600 4.253397e-02 5.959492e-02 1.085721e-03 2.362241e-02 1.654220e-02 8.025536e-02 8.3516695465e+04 2.0009159964e+05 2.0018558894e+05
2722.3605 4.480803e-02 5.986702e-02 1.112354e-03 2.689124e-02 1.886125e-02 7.516718e-02 8.3497805691e+04 2.0006246774e+05 2.0023242793e+05
2723.3610 4.668556e-02 6.231218e-02 1.067774e-03 3.092551e-02 2.179264e-02 6.899574e-02 8.3474847609e+04 2.0003059522e+05 2.0028518592e+05
2724.3615 4.863401e-02 6.566662e-02 1.075099e-03 3.461219e-02 2.454089e-02 6.277451e-02 8.3451032894e+04 1.9999990850e+05 2.0033747399e+05
2725.3620 5.102347e-02 6.979227e-02 1.058016e-03 3.844803e-02 2.734093e-02 5.643630e-02 8.3429521529e+04 1.9997368141e+05 2.0038249881e+05
2726.3625 5.258704e-02 7.423859e-02 1.042339e-03 4.151422e-02 2.966070e-02 5.169406e-02 8.3412826146e+04 1.9995455428e+05 2.0041562500e+05
2727.3630 5.409622e-02 7.853080e-02 1.063036e-03 4.342657e-02 3.111265e-02 4.841759e-02 8.3402633106e+04 1.9994400706e+05 2.0043399907e+05
2728.3635 5.504361e-02 8.058334e-02 1.041342e-03 4.456680e-02 3.199596e-02 4.677833e-02 8.3400578717e+04 1.9994234883e+05 2.0043632928e+05
2729.3640 5.529728e-02 7.904778e-02 1.087550e-03 4.405898e-02 3.168918e-02 4.688307e-02 8.3407777549e+04 1.9994837024e+05 2.0042386135e+05
2730.3645 5.418214e-02 7.417019e-02 1.085021e-03 4.253112e-02 3.062116e-02 4.991125e-02 8.3423656570e+04 1.9996071710e+05 2.0039789942e+05
2731.3650 5.182459e-02 6.973186e-02 1.052839e-03 3.992565e-02 2.867572e-02 5.438159e-02 8.3446876958e+04 1.9997723841e+05 2.0036098330e+05
2732.3655 5.007424e-02 6.631159e-02 1.084989e-03 3.653938e-02 2.622534e-02 5.966010e-02 8.3475472022e+04 1.9999555331e+05 2.0031633355e+05
2733.3660 4.830312e-02 6.448678e-02 1.064907e-03 3.265567e-02 2.324243e-02 6.633000e-02 8.3506915741e+04 2.0001372965e+05 2.0026821558e+05
2734.3665 4.658670e-02 6.338944e-02 1.121466e-03 2.887865e-02 2.035153e-02 7.213155e-02 8.3539279818e+04 2.0003006726e+05 2.0022100251e+05
2735.3670 4.387757e-02 6.212511e-02 1.127751e-03 2.512407e-02 1.747438e-02 7.836143e-02 8.3569680949e+04 2.0004308618e+05 2.0017934418e+05
2736.3675 4.186800e-02 6.003392e-02 1.083405e-03 2.212742e-02 1.521622e-02 8.322961e-02 8.3594684943e+04 2.0005288036e+05 2.0014635275e+05
2737.3680 4.114890e-02 5.688719e-02 1.130506e-03 2.028711e-02 1.380098e-02 8.557523e-02 8.3612126479e+04 2.0005942342e+05 2.0012431433e+05
2738.3685 4.000711e-02 5.488076e-02 1.122235e-03 1.925208e-02 1.310430e-02 8.682086e-02 8.3621246998e+04 2.0006120767e+05 2.0011484975e+05
2739.3690 4.014186e-02 5.323538e-02 1.122126e-03 1.967251e-02 1.344519e-02 8.594028e-02 8.3621660112e+04 2.0005855126e+05 2.0011779480e+05
2740.3695 4.209452e-02 5.332761e-02 1.134477e-03 2.117882e-02 1.463828e-02 8.279963e-02 8.3614188106e+04 2.0005030357e+05 2.0013278406e+05
2741.3700 4.288304e-02 5.578931e-02 1.113760e-03 2.373533e-02 1.659212e-02 7.845712e-02 8.3600847449e+04 2.0003667163e+05 2.0015851913e+05
2742.3705 4.431648e-02 6.120097e-02 1.105241e-03 2.710742e-02 1.922664e-02 7.290105e-02 8.3581948876e+04 2.0001820756e+05 2.0019289521e+05
2743.3710 4.786874e-02 6.646989e-02 1.083386e-03 3.060479e-02 2.188775e-02 6.674403e-02 8.3559961923e+04 1.9999591954e+05 2.0023360086e+05
2744.3715 5.007352e-02 7.123304e-02 1.064194e-03 3.450300e-02 2.491011e-02 6.026352e-02 8.3538606473e+04 1.9997129472e+05 2.0027662851e+05
2745.3720 5.088708e-02 7.448584e-02 1.101801e-03 3.774870e-02 2.736125e-02 5.501801e-02 8.3520498737e+04 1.9994602241e+05 2.0031814548e+05
2746.3725 5.288574e-02 7.367518e-02 1.072873e-03 4.032166e-02 2.930103e-02 5.095152e-02 8.3507669161e+04 1.9992338290e+05 2.0035297064e+05
2747.3730 5.409259e-02 7.293841e-02 1.066821e-03 4.215155e-02 3.065632e-02 4.820270e-02 8.3502433089e+04 1.9990527678e+05 2.0037598485e+05
2748.3735 5.390121e-02 7.201106e-02 1.064902e-03 4.257288e-02 3.094829e-02 4.749433e-02 8.3505874196e+04 1.9989464188e+05 2.0038360934e+05
2749.3740 5.321696e-02 7.150977e-02 1.062051e-03 4.204341e-02 3.036526e-02 4.904555e-02 8.3516924010e+04 1.9989408724e+05 2.0037349084e+05
2750.3745 5.263956e-02 7.201855e-02 1.063664e-03 4.048419e-02 2.902016e-02 5.223570e-02 8.3534682079e+04 1.9990351163e+05 2.0034616467e+05
2751.3750 5.067468e-02 7.153151e-02 1.086191e-03 3.817034e-02 2.708492e-02 5.635998e-02 8.3558505641e+04 1.9992230608e+05 2.0030457509e+05
2752.3755 4.824606e-02 6.979435e-02 1.108522e-03 3.503785e-02 2.454675e-02 6.175693e-02 8.3585392819e+04 1.9994794007e+05 2.0025383814e+05
2753.3760 4.670785e-02 6.734392e-02 1.124620e-03 3.174400e-02 2.201586e-02 6.677165e-02 8.3613287933e+04 1.9997580569e+05 2.0019996051e+05
2754.3765 4.505621e-02 6.277741e-02 1.108377e-03 2.824434e-02 1.930404e-02 7.301358e-02 8.3640187383e+04 2.0000167979e+05 2.0014973859e+05
2755.3770 4.343102e-02 5.805876e-02 1.152168e-03 2.526299e-02 1.708889e-02 7.738097e-02 8.3664152261e+04 2.0002162895e+05 2.0010871248e+05
2756.3775 4.208855e-02 5.488117e-02 1.170283e-03 2.297877e-02 1.543488e-02 8.038411e-02 8.3682947048e+04 2.0003227061e+05 2.0008143021e+05
2757.3780 4.164946e-02 5.377109e-02 1.117080e-03 2.143572e-02 1.444129e-02 8.241432e-02 8.3694635602e+04 2.0003243261e+05 2.0007044256e+05
2758.3785 4.128548e-02 5.417996e-02 1.159981e-03 2.114003e-02 1.436949e-02 8.219102e-02 8.3699160769e+04 2.0002292794e+05 2.0007570313e+05
2759.3790 4.148377e-02 5.562418e-02 1.145623e-03 2.166594e-02 1.495262e-02 8.085256e-02 8.3696450483e+04 2.0000516627e+05 2.0009562052e+05
2760.3795 4.284922e-02 5.898951e-02 1.137889e-03 2.317574e-02 1.621335e-02 7.765605e-02 8.3687782486e+04 1.9998111507e+05 2.0012658544e+05
2761.3800 4.459839e-02 6.281025e-02 1.126422e-03 2.540386e-02 1.810956e-02 7.374184e-02 8.3675351566e+04 1.9995377644e+05 2.0016400511e+05
2762.3805 4.590044e-02 6.452090e-02 1.114632e-03 2.792683e-02 2.022713e-02 6.893599e-02 8.3661894804e+04 1.9992730449e+05 2.0020281080e+05
2763.3810 4.761881e-02 6.526036e-02 1.074158e-03 3.084695e-02 2.252108e-02 6.420401e-02 8.3648323229e+04 1.9990502228e+05 2.0023757180e+05
2764.3815 4.972117e-02 6.593364e-02 1.115641e-03 3.331882e-02 2.450903e-02 6.015380e-02 8.3635754998e+04 1.9988965579e+05 2.0026412218e+05
2765.3820 5.078425e-02 6.671130e-02 1.100336e-03 3.571016e-02 2.627194e-02 5.613605e-02 8.3627088649e+04 1.9988233732e+05 2.0027932639e+05
2766.3825 5.068212e-02 6.866777e-02 1.080768e-03 3.766972e-02 2.760930e-02 5.361840e-02 8.3622935831e+04 1.9988260868e+05 2.0028218772e+05
2767.3830 5.194434e-02 6.966610e-02 1.086859e-03 3.865086e-02 2.814711e-02 5.268592e-02 8.3623900522e+04 1.9988885620e+05 2.0027387233e+05
2768.3835 5.130864e-02 7.143932e-02 1.096602e-03 3.899859e-02 2.817616e-02 5.263285e-02 8.3631127300e+04 1.9989836836e+05 2.0025651634e+05
2769.3840 5.073840e-02 7.241777e-02 1.068303e-03 3.847378e-02 2.755134e-02 5.404322e-02 8.3643636887e+04 1.9990841602e+05 2.0023368214e+05
2770.3845 5.046043e-02 7.087326e-02 1.080930e-03 3.728675e-02 2.639689e-02 5.638004e-02 8.3659676804e+04 1.9991813429e+05 2.0020863424e+05
2771.3850 4.960155e-02 6.766592e-02 1.126531e-03 3.538318e-02 2.474229e-02 5.928662e-02 8.3677939689e+04 1.9992621230e+05 2.0018416452e+05
2772.3855 4.739567e-02 6.341539e-02 1.114818e-03 3.333288e-02 2.307162e-02 6.288940e-02 8.3696880597e+04 1.9993233091e+05 2.0016178130e+05
2773.3860 4.625442e-02 5.967249e-02 1.144236e-03 3.091514e-02 2.119866e-02 6.700131e-02 8.3714135585e+04 1.9993630521e+05 2.0014262068e+05
2774.3865 4.606746e-02 5.872838e-02 1.134299e-03 2.880976e-02 1.965192e-02 6.984948e-02 8.3729302745e+04 1.9993765964e+05 2.0012681892e+05
2775.3870 4.417265e-02 5.922599e-02 1.152293e-03 2.692992e-02 1.828545e-02 7.221129e-02 8.3742526883e+04 1.9993730332e+05 2.0011482503e+05
2776.3875 4.370137e-02 5.958831e-02 1.115505e-03 2.544320e-02 1.735233e-02 7.420318e-02 8.3752405976e+04 1.9993565592e+05 2.0010693368e+05
2777.3880 4.428892e-02 6.070023e-02 1.176557e-03 2.448721e-02 1.682727e-02 7.470928e-02 8.3758185957e+04 1.9993297999e+05 2.0010349264e+05
2778.3885 4.454483e-02 6.128729e-02 1.123385e-03 2.415320e-02 1.677118e-02 7.490825e-02 8.3760310207e+04 1.9992944016e+05 2.0010469010e+05
2779.3890 4.449524e-02 6.113020e-02 1.151769e-03 2.442631e-02 1.728935e-02 7.340034e-02 8.3759513626e+04 1.9992509292e+05 2.0011016222e+05
2780.3895 4.509948e-02 6.030895e-02 1.174849e-03 2.517854e-02 1.809033e-02 7.189432e-02 8.3756036204e+04 1.9991936267e+05 2.0011945612e+05
2781.3900 4.676804e-02 5.942627e-02 1.151122e-03 2.633758e-02 1.913449e-02 6.945562e-02 8.3751694942e+04 1.9991135544e+05 2.0013154086e+05
2782.3905 4.730979e-02 6.043913e-02 1.141349e-03 2.776599e-02 2.034579e-02 6.701978e-02 8.3747970836e+04 1.9990110102e+05 2.0014481016e+05
2783.3910 4.753597e-02 6.210663e-02 1.137521e-03 2.916764e-02 2.142968e-02 6.531670e-02 8.3745528013e+04 1.9988960317e+05 2.0015770495e+05
2784.3915 4.850988e-02 6.446415e-02 1.159140e-03 3.082286e-02 2.262436e-02 6.268342e-02 8.3744709298e+04 1.9987839246e+05 2.0016832179e+05
2785.3920 4.894290e-02 6.737952e-02 1.118062e-03 3.214253e-02 2.348124e-02 6.069872e-02 8.3745730773e+04 1.9986863901e+05 2.0017561604e+05
2786.3925 4.920987e-02 6.821574e-02 1.118991e-03 3.316059e-02 2.408098e-02 5.944413e-02 8.3748701209e+04 1.9986238003e+05 2.0017830241e+05
2787.3930 4.832925e-02 6.716798e-02 1.124933e-03 3.402919e-02 2.454522e-02 5.884651e-02 8.3753131181e+04 1.9986138016e+05 2.0017536803e+05
2788.3935 4.850280e-02 6.543425e-02 1.103312e-03 3.442532e-02 2.458002e-02 5.858459e-02 8.3758308090e+04 1.9986505054e+05 2.0016706057e+05
2789.3940 4.820162e-02 6.272081e-02 1.081753e-03 3.452728e-02 2.449758e-02 5.887419e-02 8.3764964162e+04 1.9987251032e+05 2.0015410469e+05
2790.3945 4.690603e-02 6.132859e-02 1.091958e-03 3.418117e-02 2.399659e-02 5.935578e-02 8.3772756809e+04 1.9988166108e+05 2.0013849658e+05
2791.3950 4.760323e-02 6.188368e-02 1.126061e-03 3.366188e-02 2.353094e-02 6.037474e-02 8.3779986840e+04 1.9988982814e+05 2.0012250241e+05
2792.3955 4.812608e-02 6.322328e-02 1.122921e-03 3.273534e-02 2.269684e-02 6.186526e-02 8.3786635795e+04 1.9989585414e+05 2.0010914064e+05
2793.3960 4.663149e-02 6.415723e-02 1.116665e-03 3.174512e-02 2.193885e-02 6.240500e-02 8.3793387732e+04 1.9989855115e+05 2.0010042560e+05
2794.3965 4.636798e-02 6.526689e-02 1.132638e-03 3.085695e-02 2.130237e-02 6.409065e-02 8.3798415748e+04 1.9989603767e+05 2.0009747496e+05
2795.3970 4.680995e-02 6.433103e-02 1.136211e-03 2.975532e-02 2.061991e-02 6.542563e-02 8.3803043715e+04 1.9988900569e+05 2.0010029592e+05
2796.3975 4.616652e-02 6.284375e-02 1.145739e-03 2.855472e-02 1.983420e-02 6.631207e-02 8.3808339225e+04 1.9987802413e+05 2.0010721549e+05
2797.3980 4.575772e-02 6.144126e-02 1.150223e-03 2.775087e-02 1.946443e-02 6.717517e-02 8.3813831159e+04 1.9986542710e+05 2.0011519979e+05
2798.3985 4.691223e-02 6.083931e-02 1.171072e-03 2.697053e-02 1.906264e-02 6.734991e-02 8.3819092149e+04 1.9985385636e+05 2.0012170765e+05
2799.3990 4.698930e-02 6.117745e-02 1.141840e-03 2.634528e-02 1.879712e-02 6.835165e-02 8.3825003230e+04 1.9984514745e+05 2.0012427605e+05
2800.3995 4.637849e-02 6.155799e-02 1.136920e-03 2.612259e-02 1.876308e-02 6.805719e-02 8.3832243439e+04 1.9984118365e+05 2.0012132546e+05
2801.4000 4.603972e-02 6.188067e-02 1.192650e-03 2.612961e-02 1.886460e-02 6.856774e-02 8.3839197978e+04 1.9984263117e+05 2.0011266735e+05
2802.4005 4.642549e-02 6.228549e-02 1.116842e-03 2.632381e-02 1.904681e-02 6.866881e-02 8.3846007047e+04 1.9984858460e+05 2.0009938620e+05
2803.4010 4.567706e-02 6.270869e-02 1.123023e-03 2.678930e-02 1.940840e-02 6.770987e-02 8.3853293832e+04 1.9985757946e+05 2.0008336611e+05
2804.4015 4.564051e-02 6.250980e-02 1.153905e-03 2.721131e-02 1.970183e-02 6.705090e-02 8.3859681336e+04 1.9986680869e+05 2.0006776463e+05
2805.4020 4.670816e-02 6.136185e-02 1.177566e-03 2.805271e-02 2.022297e-02 6.604701e-02 8.3865088327e+04 1.9987380663e+05 2.0005523910e+05
2806.4025 4.598580e-02 5.977975e-02 1.137364e-03 2.892892e-02 2.082114e-02 6.512599e-02 8.3869057321e+04 1.9987761622e+05 2.0004821573e+05
2807.4030 4.564132e-02 5.914543e-02 1.155648e-03 2.998213e-02 2.143145e-02 6.351694e-02 8.3870790582e+04 1.9987663438e+05 2.0004786172e+05
2808.4035 4.577024e-02 6.092611e-02 1.126961e-03 3.113556e-02 2.212140e-02 6.186486e-02 8.3869958667e+04 1.9987020383e+05 2.0005425009e+05
2809.4040 4.672202e-02 6.274480e-02 1.134212e-03 3.192793e-02 2.260072e-02 6.017054e-02 8.3867438972e+04 1.9985938331e+05 2.0006665953e+05
2810.4045 4.695084e-02 6.419193e-02 1.132362e-03 3.277788e-02 2.310198e-02 5.950724e-02 8.3864863159e+04 1.9984465559e+05 2.0008296655e+05
2811.4050 4.726584e-02 6.545129e-02 1.119777e-03 3.331335e-02 2.340229e-02 5.800005e-02 8.3862968466e+04 1.9982866161e+05 2.0010060584e+05
2812.4055 4.844151e-02 6.613591e-02 1.114148e-03 3.350374e-02 2.351178e-02 5.666097e-02 8.3861407636e+04 1.9981405435e+05 2.0011636213e+05
2813.4060 4.824652e-02 6.602297e-02 1.125532e-03 3.343212e-02 2.344622e-02 5.728909e-02 8.3860785953e+04 1.9980377228e+05 2.0012721544e+05
2814.4065 4.850353e-02 6.540578e-02 1.144221e-03 3.281757e-02 2.297879e-02 5.757986e-02 8.3861502842e+04 1.9979942227e+05 2.0013131502e+05
2815.4070 4.934980e-02 6.424050e-02 1.125815e-03 3.191993e-02 2.239572e-02 5.845039e-02 8.3864341769e+04 1.9980064100e+05 2.0012763947e+05
2816.4075 4.829614e-02 6.377086e-02 1.148113e-03 3.113636e-02 2.190981e-02 5.969326e-02 8.3870824172e+04 1.9980607982e+05 2.0011631279e+05
2817.4080 4.698640e-02 6.346020e-02 1.135424e-03 2.980671e-02 2.095704e-02 6.133503e-02 8.3880599365e+04 1.9981424944e+05 2.0009928203e+05
2818.4085 4.787304e-02 6.379840e-02 1.165519e-03 2.829850e-02 1.990854e-02 6.372679e-02 8.3892198629e+04 1.9982291056e+05 2.0007861413e+05
2819.4090 4.773112e-02 6.478170e-02 1.136496e-03 2.704404e-02 1.903597e-02 6.540671e-02 8.3906367888e+04 1.9983012941e+05 2.0005707257e+05
2820.4095 4.582811e-02 6.517397e-02 1.168425e-03 2.570551e-02 1.817281e-02 6.794831e-02 8.3921907486e+04 1.9983441018e+05 2.0003769602e+05
2821.4100 4.552456e-02 6.317264e-02 1.167280e-03 2.473280e-02 1.749474e-02 6.941958e-02 8.3936469193e+04 1.9983644514e+05 2.0002213157e+05
2822.4105 4.473688e-02 5.919835e-02 1.172113e-03 2.417318e-02 1.716494e-02 7.020246e-02 8.3949640990e+04 1.9983651884e+05 2.0001081138e+05
2823.4110 4.287131e-02 5.617167e-02 1.174205e-03 2.383350e-02 1.698158e-02 7.097532e-02 8.3960614212e+04 1.9983480400e+05 2.0000343420e+05
2824.4115 4.311688e-02 5.506093e-02 1.168487e-03 2.419643e-02 1.727445e-02 7.077255e-02 8.3967770303e+04 1.9983237929e+05 1.9999896755e+05
2825.4120 4.413223e-02 5.638450e-02 1.152223e-03 2.483934e-02 1.772464e-02 6.965372e-02 8.3971272571e+04 1.9982947068e+05 1.9999738258e+05
2826.4125 4.420070e-02 5.868553e-02 1.168452e-03 2.600273e-02 1.860360e-02 6.766445e-02 8.3972499230e+04 1.9982593045e+05 1.9999872000e+05
2827.4130 4.414047e-02 6.126755e-02 1.134163e-03 2.749377e-02 1.967905e-02 6.525549e-02 8.3969967935e+04 1.9982265125e+05 2.0000349686e+05
2828.4135 4.591412e-02 6.290829e-02 1.144054e-03 2.910262e-02 2.076443e-02 6.266643e-02 8.3963176299e+04 1.9981938087e+05 2.0001215151e+05
2829.4140 4.629084e-02 6.371671e-02 1.125738e-03 3.089761e-02 2.205492e-02 5.997197e-02 8.3954456238e+04 1.9981499906e+05 2.0002457405e+05
2830.4145 4.617547e-02 6.351030e-02 1.127530e-03 3.244959e-02 2.314689e-02 5.689502e-02 8.3945251309e+04 1.9980869346e+05 2.0004047988e+05
2831.4150 4.810474e-02 6.337623e-02 1.126341e-03 3.362789e-02 2.393353e-02 5.442895e-02 8.3936478825e+04 1.9979877786e+05 2.0005859597e+05
2832.4155 4.869125e-02 6.390479e-02 1.133533e-03 3.444030e-02 2.443525e-02 5.379735e-02 8.3930953434e+04 1.9978549329e+05 2.0007674777e+05
2833.4160 4.852002e-02 6.509409e-02 1.153936e-03 3.451210e-02 2.439148e-02 5.279246e-02 8.3929659075e+04 1.9977099406e+05 2.0009247004e+05
2834.4165 4.985812e-02 6.724842e-02 1.124369e-03 3.426169e-02 2.416525e-02 5.293390e-02 8.3930767696e+04 1.9975830910e+05 2.0010276483e+05
2835.4170 5.037354e-02 6.889024e-02 1.149441e-03 3.367194e-02 2.361661e-02 5.425682e-02 8.3935458824e+04 1.9974983123e+05 2.0010561247e+05
2836.4175 4.864553e-02 6.894990e-02 1.150882e-03 3.219134e-02 2.249794e-02 5.609567e-02 8.3944873591e+04 1.9974684899e+05 2.0010013169e+05
2837.4180 4.733904e-02 6.767318e-02 1.176752e-03 3.053822e-02 2.133166e-02 5.895146e-02 8.3957642682e+04 1.9974979002e+05 2.0008546839e+05
2838.4185 4.759689e-02 6.551560e-02 1.183287e-03 2.884915e-02 2.007744e-02 6.126801e-02 8.3973662366e+04 1.9975787203e+05 2.0006237091e+05
2839.4190 4.544590e-02 6.245431e-02 1.145670e-03 2.671126e-02 1.865152e-02 6.509872e-02 8.3992578311e+04 1.9977039221e+05 2.0003295426e+05
2840.4195 4.414068e-02 5.958197e-02 1.182432e-03 2.490328e-02 1.739287e-02 6.781711e-02 8.4012253860e+04 1.9978567481e+05 1.9999982686e+05
2841.4200 4.443218e-02 5.786730e-02 1.150754e-03 2.347570e-02 1.647251e-02 6.988259e-02 8.4030036415e+04 1.9980149344e+05 1.9996691184e+05
2842.4205 4.391762e-02 5.707356e-02 1.166254e-03 2.227151e-02 1.571146e-02 7.198685e-02 8.4045190494e+04 1.9981508954e+05 1.9993865456e+05
2843.4210 4.201404e-02 5.773775e-02 1.202566e-03 2.198842e-02 1.557332e-02 7.251789e-02 8.4056873054e+04 1.9982400768e+05 1.9991845296e+05
2844.4215 4.124866e-02 5.804450e-02 1.177410e-03 2.218273e-02 1.578713e-02 7.200191e-02 8.4063388363e+04 1.9982705827e+05 1.9990911434e+05
2845.4220 4.227202e-02 5.724980e-02 1.165548e-03 2.293446e-02 1.645987e-02 7.059951e-02 8.4064697886e+04 1.9982321769e+05 1.9991158109e+05
2846.4225 4.215025e-02 5.751184e-02 1.190855e-03 2.415832e-02 1.740182e-02 6.865167e-02 8.4062432778e+04 1.9981166260e+05 1.9992529099e+05
2847.4230 4.272808e-02 5.663338e-02 1.160620e-03 2.594800e-02 1.869885e-02 6.599656e-02 8.4057166566e+04 1.9979420008e+05 1.9994795026e+05
2848.4235 4.452692e-02 5.743132e-02 1.168361e-03 2.793088e-02 2.016233e-02 6.238814e-02 8.4048595835e+04 1.9977372342e+05 1.9997604099e+05
2849.4240 4.606848e-02 5.956919e-02 1.186301e-03 2.995166e-02 2.152535e-02 5.858193e-02 8.4037903406e+04 1.9975368461e+05 2.0000544117e+05
2850.4245 4.641550e-02 6.187204e-02 1.136327e-03 3.188306e-02 2.283987e-02 5.581849e-02 8.4026633215e+04 1.9973699281e+05 2.0003219126e+05
2851.4250 4.712080e-02 6.511167e-02 1.168979e-03 3.345762e-02 2.380880e-02 5.372076e-02 8.4016207434e+04 1.9972449200e+05 2.0005333884e+05
2852.4255 4.884827e-02 6.764971e-02 1.133465e-03 3.452133e-02 2.444400e-02 5.147132e-02 8.4008891149e+04 1.9971670140e+05 2.0006690728e+05
2853.4260 4.828756e-02 6.946034e-02 1.135568e-03 3.506659e-02 2.475824e-02 5.082322e-02 8.4006898726e+04 1.9971323425e+05 2.0007179402e+05
2854.4265 4.834529e-02 6.965694e-02 1.169533e-03 3.488874e-02 2.443082e-02 5.100640e-02 8.4009711763e+04 1.9971402446e+05 2.0006820190e+05
2855.4270 4.983154e-02 6.844842e-02 1.160932e-03 3.382378e-02 2.363682e-02 5.246856e-02 8.4016226492e+04 1.9971883122e+05 2.0005696297e+05
2856.4275 4.910060e-02 6.710600e-02 1.173016e-03 3.243872e-02 2.261483e-02 5.475159e-02 8.4027087224e+04 1.9972643533e+05 2.0003935584e+05
2857.4280 4.732786e-02 6.470706e-02 1.144183e-03 3.079832e-02 2.140969e-02 5.736671e-02 8.4041659819e+04 1.9973558727e+05 2.0001745887e+05
2858.4285 4.671357e-02 6.248705e-02 1.166591e-03 2.855203e-02 1.989042e-02 6.099380e-02 8.4058733768e+04 1.9974361867e+05 1.9999353940e+05
2859.4290 4.487115e-02 6.069219e-02 1.212717e-03 2.660081e-02 1.849128e-02 6.381627e-02 8.4078433697e+04 1.9975022406e+05 1.9996887088e+05
2860.4295 4.304571e-02 6.092647e-02 1.166745e-03 2.469048e-02 1.719528e-02 6.694382e-02 8.4098723189e+04 1.9975423850e+05 1.9994526127e+05
2861.4300 4.273072e-02 6.062276e-02 1.191715e-03 2.277115e-02 1.591989e-02 7.011295e-02 8.4117067148e+04 1.9975721007e+05 1.9992430656e+05
2862.4305 4.230753e-02 6.054514e-02 1.191456e-03 2.170632e-02 1.534857e-02 7.154373e-02 8.4132830861e+04 1.9975891218e+05 1.9990696203e+05
2863.4310 4.141990e-02 5.726310e-02 1.196745e-03 2.110957e-02 1.502486e-02 7.247482e-02 8.4145105647e+04 1.9976070454e+05 1.9989463877e+05
2864.4315 4.139448e-02 5.315503e-02 1.182921e-03 2.115497e-02 1.522407e-02 7.207842e-02 8.4152036795e+04 1.9976255975e+05 1.9988757060e+05
2865.4320 4.080425e-02 5.138079e-02 1.185487e-03 2.187718e-02 1.579054e-02 7.132559e-02 8.4153337770e+04 1.9976378618e+05 1.9988584654e+05
2866.4325 4.187480e-02 5.225084e-02 1.209754e-03 2.334047e-02 1.686883e-02 6.892838e-02 8.4149680988e+04 1.9976289870e+05 1.9988952366e+05
2867.4330 4.196853e-02 5.565081e-02 1.147031e-03 2.495385e-02 1.805471e-02 6.592034e-02 8.4142923817e+04 1.9975860007e+05 1.9989926807e+05
2868.4335 4.298416e-02 5.854923e-02 1.215284e-03 2.703981e-02 1.943052e-02 6.260276e-02 8.4134341498e+04 1.9974995839e+05 1.9991493332e+05
2869.4340 4.513446e-02 6.278901e-02 1.194886e-03 2.924568e-02 2.093027e-02 5.924269e-02 8.4124147962e+04 1.9973629349e+05 1.9993602353e+05
2870.4345 4.550226e-02 6.565330e-02 1.193770e-03 3.125536e-02 2.224507e-02 5.584862e-02 8.4113811757e+04 1.9972046183e+05 1.9996088286e+05
2871.4350 4.726781e-02 6.608398e-02 1.139238e-03 3.297875e-02 2.339806e-02 5.292200e-02 8.4103151276e+04 1.9970429975e+05 1.9998683643e+05
2872.4355 4.812525e-02 6.600841e-02 1.151230e-03 3.424184e-02 2.417924e-02 5.087400e-02 8.4094218005e+04 1.9968923237e+05 2.0001055964e+05
2873.4360 4.792148e-02 6.494338e-02 1.173838e-03 3.501235e-02 2.454476e-02 4.981029e-02 8.4090079581e+04 1.9967592402e+05 2.0002851272e+05
2874.4365 4.769268e-02 6.476904e-02 1.165739e-03 3.497641e-02 2.449011e-02 5.007187e-02 8.4090923467e+04 1.9966615538e+05 2.0003753669e+05
2875.4370 4.825457e-02 6.583241e-02 1.212897e-03 3.437163e-02 2.396672e-02 5.065149e-02 8.4096581466e+04 1.9966212942e+05 2.0003544685e+05
2876.4375 4.846992e-02 6.799182e-02 1.183103e-03 3.322989e-02 2.310712e-02 5.217117e-02 8.4106713339e+04 1.9966450972e+05 2.0002212196e+05
2877.4380 4.753084e-02 6.938289e-02 1.192769e-03 3.129473e-02 2.174933e-02 5.535055e-02 8.4120742085e+04 1.9967293700e+05 1.9999956479e+05
2878.4385 4.654733e-02 6.879484e-02 1.169820e-03 2.939950e-02 2.045912e-02 5.800511e-02 8.4138241404e+04 1.9968543707e+05 1.9997041372e+05
2879.4390 4.553006e-02 6.467127e-02 1.208001e-03 2.718333e-02 1.893117e-02 6.176064e-02 8.4157923548e+04 1.9969991286e+05 1.9993830154e+05
2880.4395 4.300749e-02 5.936996e-02 1.198601e-03 2.476658e-02 1.741247e-02 6.524884e-02 8.4178793115e+04 1.9971440372e+05 1.9990619954e+05
2881.4400 4.126058e-02 5.527372e-02 1.204557e-03 2.284812e-02 1.621642e-02 6.799426e-02 8.4198656816e+04 1.9972690152e+05 1.9987642659e+05
2882.4405 4.078046e-02 5.246476e-02 1.200605e-03 2.129208e-02 1.516268e-02 7.060214e-02 8.4215939200e+04 1.9973572331e+05 1.9985166751e+05
2883.4410 4.086188e-02 5.184107e-02 1.212024e-03 2.017593e-02 1.452501e-02 7.178524e-02 8.4230077259e+04 1.9973970740e+05 1.9983402352e+05
2884.4415 4.043149e-02 5.319880e-02 1.204908e-03 1.993218e-02 1.437084e-02 7.238701e-02 8.4239794437e+04 1.9973864614e+05 1.9982490994e+05
2885.4420 3.988098e-02 5.509182e-02 1.240316e-03 2.047310e-02 1.478978e-02 7.134989e-02 8.4244133427e+04 1.9973376390e+05 1.9982497094e+05
2886.4425 4.034001e-02 5.689808e-02 1.194651e-03 2.146864e-02 1.547117e-02 6.945719e-02 8.4242262126e+04 1.9972563434e+05 1.9983410160e+05
2887.4430 4.085408e-02 5.720884e-02 1.182212e-03 2.331843e-02 1.675862e-02 6.725447e-02 8.4235524667e+04 1.9971517162e+05 1.9985063939e+05
2888.4435 4.125595e-02 5.709240e-02 1.192407e-03 2.522533e-02 1.809126e-02 6.406916e-02 8.4225787040e+04 1.9970260556e+05 1.9987286024e+05
2889.4440 4.353664e-02 5.770939e-02 1.195718e-03 2.744730e-02 1.957918e-02 6.030669e-02 8.4213976559e+04 1.9968814152e+05 1.9989790466e+05
2890.4445 4.530828e-02 5.901676e-02 1.202834e-03 2.984249e-02 2.121014e-02 5.648105e-02 8.4202086716e+04 1.9967380908e+05 1.9992285112e+05
2891.4450 4.560726e-02 6.126889e-02 1.177498e-03 3.184739e-02 2.253361e-02 5.299335e-02 8.4190629992e+04 1.9966184038e+05 1.9994537717e+05
2892.4455 4.712356e-02 6.501345e-02 1.171671e-03 3.358275e-02 2.362456e-02 5.049039e-02 8.4179183375e+04 1.9965275618e+05 1.9996362827e+05
2893.4460 4.868831e-02 6.843277e-02 1.152255e-03 3.473532e-02 2.435085e-02 4.870997e-02 8.4170361416e+04 1.9964637124e+05 1.9997674065e+05
2894.4465 4.806888e-02 6.974193e-02 1.156372e-03 3.529163e-02 2.466270e-02 4.750733e-02 8.4167190949e+04 1.9964200683e+05 1.9998415000e+05
2895.4470 4.781953e-02 7.017555e-02 1.180821e-03 3.491498e-02 2.441336e-02 4.805491e-02 8.4169610072e+04 1.9963812859e+05 1.9998559075e+05
2896.4475 4.837459e-02 6.978404e-02 1.232242e-03 3.376681e-02 2.361462e-02 4.962090e-02 8.4177620620e+04 1.9963529085e+05 1.9998043661e+05
2897.4480 4.794226e-02 6.708281e-02 1.183263e-03 3.224148e-02 2.258423e-02 5.156294e-02 8.4191571557e+04 1.9963522769e+05 1.9996812909e+05
2898.4485 4.657720e-02 6.378123e-02 1.220843e-03 2.979040e-02 2.095268e-02 5.576513e-02 8.4209694408e+04 1.9963793370e+05 1.9994913618e+05
2899.4490 4.597598e-02 6.024405e-02 1.182386e-03 2.722725e-02 1.925835e-02 5.923926e-02 8.4231038684e+04 1.9964402601e+05 1.9992367766e+05
2900.4495 4.386029e-02 5.783428e-02 1.220917e-03 2.479558e-02 1.753782e-02 6.317708e-02 8.4254566825e+04 1.9965312273e+05 1.9989287246e+05
2901.4500 4.139388e-02 5.557086e-02 1.222620e-03 2.247112e-02 1.594675e-02 6.712795e-02 8.4278338696e+04 1.9966542326e+05 1.9985872238e+05
2902.4505 3.997797e-02 5.550193e-02 1.240370e-03 2.032632e-02 1.454173e-02 7.004843e-02 8.4299317545e+04 1.9967988723e+05 1.9982412787e+05
2903.4510 3.938774e-02 5.622853e-02 1.263645e-03 1.901666e-02 1.357904e-02 7.261043e-02 8.4315974934e+04 1.9969441143e+05 1.9979276959e+05
2904.4515 3.913768e-02 5.545492e-02 1.228026e-03 1.841296e-02 1.318720e-02 7.339854e-02 8.4328318286e+04 1.9970636255e+05 1.9976901172e+05
2905.4520 3.882544e-02 5.379706e-02 1.209838e-03 1.849840e-02 1.326157e-02 7.296566e-02 8.4334936400e+04 1.9971324885e+05 1.9975633799e+05
2906.4525 3.946131e-02 5.150229e-02 1.231230e-03 1.968821e-02 1.410848e-02 7.150720e-02 8.4334883579e+04 1.9971378467e+05 1.9975632936e+05
2907.4530 3.992134e-02 5.075114e-02 1.170487e-03 2.128137e-02 1.522822e-02 6.882547e-02 8.4328083421e+04 1.9970754215e+05 1.9976955743e+05
2908.4535 4.081228e-02 5.319937e-02 1.193818e-03 2.368843e-02 1.688139e-02 6.509219e-02 8.4315662108e+04 1.9969360007e+05 1.9979437317e+05
2909.4540 4.264095e-02 5.672659e-02 1.186354e-03 2.642109e-02 1.873530e-02 6.057254e-02 8.4299799189e+04 1.9967326843e+05 1.9982849280e+05
2910.4545 4.387088e-02 6.196118e-02 1.194217e-03 2.903055e-02 2.053211e-02 5.634550e-02 8.4283033707e+04 1.9964749414e+05 1.9986829126e+05
2911.4550 4.549312e-02 6.551070e-02 1.179202e-03 3.168024e-02 2.233955e-02 5.228498e-02 8.4267252693e+04 1.9962045334e+05 1.9990887039e+05
2912.4555 4.691488e-02 6.878363e-02 1.180997e-03 3.386403e-02 2.384516e-02 4.869571e-02 8.4253252736e+04 1.9959612880e+05 1.9994529367e+05
2913.4560 4.843535e-02 6.974682e-02 1.201384e-03 3.530200e-02 2.488338e-02 4.564178e-02 8.4242554850e+04 1.9957846544e+05 1.9997290899e+05
2914.4565 4.963314e-02 6.888139e-02 1.188683e-03 3.575319e-02 2.526481e-02 4.482834e-02 8.4236809045e+04 1.9956880436e+05 1.9998817364e+05
2915.4570 4.883548e-02 6.716946e-02 1.189221e-03 3.562811e-02 2.519026e-02 4.492652e-02 8.4238589736e+04 1.9956761769e+05 1.9998860279e+05
2916.4575 4.841150e-02 6.517188e-02 1.177680e-03 3.458983e-02 2.453884e-02 4.635136e-02 8.4247840665e+04 1.9957415570e+05 1.9997392572e+05
2917.4580 4.774358e-02 6.393999e-02 1.189846e-03 3.243500e-02 2.305178e-02 5.007305e-02 8.4263708453e+04 1.9958714870e+05 1.9994581812e+05
2918.4585 4.625301e-02 6.387876e-02 1.218732e-03 2.995488e-02 2.134097e-02 5.332593e-02 8.4285417638e+04 1.9960500723e+05 1.9990721345e+05
2919.4590 4.490513e-02 6.369509e-02 1.209940e-03 2.714480e-02 1.930869e-02 5.825876e-02 8.4310789437e+04 1.9962419602e+05 1.9986323273e+05
2920.4595 4.406048e-02 6.231332e-02 1.230906e-03 2.415177e-02 1.718743e-02 6.310894e-02 8.4337893092e+04 1.9964210510e+05 1.9981916379e+05
2921.4600 4.129941e-02 5.916025e-02 1.224351e-03 2.117405e-02 1.509955e-02 6.766255e-02 8.4365195351e+04 1.9965702857e+05 1.9977958929e+05
2922.4605 3.916316e-02 5.432001e-02 1.248722e-03 1.902215e-02 1.351842e-02 7.161737e-02 8.4389295433e+04 1.9966770267e+05 1.9974745084e+05
2923.4610 3.813361e-02 5.004896e-02 1.237723e-03 1.749869e-02 1.243717e-02 7.392945e-02 8.4407915520e+04 1.9967390355e+05 1.9972492091e+05
2924.4615 3.812791e-02 4.772866e-02 1.240388e-03 1.664126e-02 1.183321e-02 7.532712e-02 8.4419541140e+04 1.9967511477e+05 1.9971302083e+05
2925.4620 3.802233e-02 4.800542e-02 1.253109e-03 1.698922e-02 1.200976e-02 7.507855e-02 8.4424273650e+04 1.9967145490e+05 1.9971182578e+05
2926.4625 3.835511e-02 5.034700e-02 1.234561e-03 1.820789e-02 1.281541e-02 7.271407e-02 8.4421658119e+04 1.9966376734e+05 1.9972124248e+05
2927.4630 3.960675e-02 5.390853e-02 1.200451e-03 2.047614e-02 1.438789e-02 6.948414e-02 8.4411544982e+04 1.9965267740e+05 1.9974019919e+05
2928.4635 4.064531e-02 5.751837e-02 1.238349e-03 2.311064e-02 1.619185e-02 6.466041e-02 8.4395606417e+04 1.9963954765e+05 1.9976757170e+05
2929.4640 4.250401e-02 6.096228e-02 1.225968e-03 2.618201e-02 1.842498e-02 5.953915e-02 8.4375058465e+04 1.9962425568e+05 1.9980121841e+05
2930.4645 4.469594e-02 6.221638e-02 1.193283e-03 2.932546e-02 2.071572e-02 5.476952e-02 8.4353398471e+04 1.9960689693e+05 1.9983862493e+05
2931.4650 4.587096e-02 6.337543e-02 1.204567e-03 3.228191e-02 2.282880e-02 4.977640e-02 8.4334175708e+04 1.9958754449e+05 1.9987628452e+05
2932.4655 4.715443e-02 6.387945e-02 1.165896e-03 3.451907e-02 2.451763e-02 4.571776e-02 8.4318731354e+04 1.9956836611e+05 1.9991025223e+05
2933.4660 4.913807e-02 6.471664e-02 1.202506e-03 3.586670e-02 2.550207e-02 4.330714e-02 8.4308154333e+04 1.9955170710e+05 1.9993633043e+05
2934.4665 4.959443e-02 6.698931e-02 1.206982e-03 3.670842e-02 2.613730e-02 4.198720e-02 8.4304573678e+04 1.9953956496e+05 1.9995087990e+05
2935.4670 5.023979e-02 6.901655e-02 1.218351e-03 3.623968e-02 2.579717e-02 4.259331e-02 8.4308209721e+04 1.9953345825e+05 1.9995232511e+05
2936.4675 4.942027e-02 6.969842e-02 1.187802e-03 3.477183e-02 2.477396e-02 4.520893e-02 8.4319943045e+04 1.9953435495e+05 1.9993976499e+05
2937.4680 4.781888e-02 6.854542e-02 1.209194e-03 3.274487e-02 2.332947e-02 4.829156e-02 8.4339735741e+04 1.9954185111e+05 1.9991367618e+05
2938.4685 4.563296e-02 6.608236e-02 1.216890e-03 2.975693e-02 2.113123e-02 5.367556e-02 8.4365032609e+04 1.9955553787e+05 1.9987643472e+05
2939.4690 4.442346e-02 6.253351e-02 1.227615e-03 2.653158e-02 1.884702e-02 5.863355e-02 8.4393338344e+04 1.9957484910e+05 1.9983090369e+05
2940.4695 4.223917e-02 5.745684e-02 1.261717e-03 2.308648e-02 1.637571e-02 6.406557e-02 8.4422508717e+04 1.9959809918e+05 1.9978166526e+05
2941.4700 4.023177e-02 5.245404e-02 1.269719e-03 2.029243e-02 1.427938e-02 6.902577e-02 8.4450020984e+04 1.9962160828e+05 1.9973345343e+05
2942.4705 3.841513e-02 4.989574e-02 1.256449e-03 1.797962e-02 1.261440e-02 7.243562e-02 8.4473468299e+04 1.9964193370e+05 1.9969167397e+05
2943.4710 3.729396e-02 4.864952e-02 1.225228e-03 1.631998e-02 1.141800e-02 7.529150e-02 8.4490483299e+04 1.9965648653e+05 1.9966110580e+05
2944.4715 3.638886e-02 5.007323e-02 1.261031e-03 1.594352e-02 1.108878e-02 7.583875e-02 8.4499643082e+04 1.9966309871e+05 1.9964513970e+05
2945.4720 3.629407e-02 5.220960e-02 1.252949e-03 1.653272e-02 1.147964e-02 7.447913e-02 8.4500364470e+04 1.9966056244e+05 1.9964628170e+05
2946.4725 3.793092e-02 5.335066e-02 1.253324e-03 1.803276e-02 1.258560e-02 7.203827e-02 8.4492819635e+04 1.9964848453e+05 1.9966475073e+05
2947.4730 3.908328e-02 5.372721e-02 1.252063e-03 2.026901e-02 1.414066e-02 6.777785e-02 8.4479383255e+04 1.9962785668e+05 1.9969839785e+05
2948.4735 4.012049e-02 5.468382e-02 1.239331e-03 2.333592e-02 1.639298e-02 6.305066e-02 8.4461236585e+04 1.9960096646e+05 1.9974247919e+05
2949.4740 4.325838e-02 5.692907e-02 1.244764e-03 2.641669e-02 1.872457e-02 5.756443e-02 8.4439563726e+04 1.9957144079e+05 1.9979144378e+05
2950.4745 4.507263e-02 6.000448e-02 1.251012e-03 2.960555e-02 2.099662e-02 5.205260e-02 8.4418010887e+04 1.9954371475e+05 1.9983882649e+05
2951.4750 4.674411e-02 6.322092e-02 1.209356e-03 3.241812e-02 2.302637e-02 4.749593e-02 8.4399205611e+04 1.9952025658e+05 1.9987905434e+05
2952.4755 4.825580e-02 6.664354e-02 1.210539e-03 3.452780e-02 2.455248e-02 4.418247e-02 8.4385246755e+04 1.9950347735e+05 1.9990760555e+05
2953.4760 4.878560e-02 6.961174e-02 1.225468e-03 3.609037e-02 2.560784e-02 4.176066e-02 8.4378374703e+04 1.9949513570e+05 1.9992137735e+05
2954.4765 4.927079e-02 7.088486e-02 1.200218e-03 3.612957e-02 2.566693e-02 4.162535e-02 8.4378678164e+04 1.9949563404e+05 1.9991991848e+05
2955.4770 4.859773e-02 7.096206e-02 1.224267e-03 3.552486e-02 2.521019e-02 4.270147e-02 8.4386781294e+04 1.9950403187e+05 1.9990357202e+05
2956.4775 4.747390e-02 6.833387e-02 1.178999e-03 3.396027e-02 2.409411e-02 4.545519e-02 8.4402338648e+04 1.9951850079e+05 1.9987509484e+05
2957.4780 4.665225e-02 6.524935e-02 1.229730e-03 3.126811e-02 2.213677e-02 4.970928e-02 8.4423922813e+04 1.9953545497e+05 1.9983823771e+05
2958.4785 4.471895e-02 6.205227e-02 1.254715e-03 2.851670e-02 2.016621e-02 5.416583e-02 8.4450266333e+04 1.9955315715e+05 1.9979635892e+05
2959.4790 4.280503e-02 5.867455e-02 1.253231e-03 2.518962e-02 1.783277e-02 5.970868e-02 8.4478351666e+04 1.9956979407e+05 1.9975388924e+05
2960.4795 4.117084e-02 5.557724e-02 1.239449e-03 2.212378e-02 1.561647e-02 6.480867e-02 8.4505877329e+04 1.9958387724e+05 1.9971417463e+05
2961.4800 3.935004e-02 5.430386e-02 1.262469e-03 1.937014e-02 1.367614e-02 6.878378e-02 8.4530943510e+04 1.9959394846e+05 1.9968053136e+05
2962.4805 3.789403e-02 5.310866e-02 1.263293e-03 1.716144e-02 1.214564e-02 7.239845e-02 8.4551255194e+04 1.9959976297e+05 1.9965556847e+05
2963.4810 3.760210e-02 5.166674e-02 1.275316e-03 1.597305e-02 1.128697e-02 7.363262e-02 8.4565182232e+04 1.9960174773e+05 1.9964064742e+05
2964.4815 3.679307e-02 4.990873e-02 1.257519e-03 1.576332e-02 1.116229e-02 7.408011e-02 8.4571758112e+04 1.9960045980e+05 1.9963642650e+05
2965.4820 3.732130e-02 4.868900e-02 1.301110e-03 1.638099e-02 1.162753e-02 7.256299e-02 8.4570396426e+04 1.9959598192e+05 1.9964269061e+05
2966.4825 3.861084e-02 4.932952e-02 1.255453e-03 1.795354e-02 1.275905e-02 7.011836e-02 8.4561722931e+04 1.9958804346e+05 1.9965845315e+05
2967.4830 3.928241e-02 5.171208e-02 1.255164e-03 2.043984e-02 1.457493e-02 6.603544e-02 8.4547761023e+04 1.9957697104e+05 1.9968218382e+05
2968.4835 4.090880e-02 5.479528e-02 1.269780e-03 2.307030e-02 1.640200e-02 6.121654e-02 8.4529708362e+04 1.9956288441e+05 1.9971254569e+05
2969.4840 4.364350e-02 5.889682e-02 1.231139e-03 2.638067e-02 1.870971e-02 5.611637e-02 8.4509545288e+04 1.9954586876e+05 1.9974678945e+05
2970.4845 4.536801e-02 6.302244e-02 1.239447e-03 2.940417e-02 2.078382e-02 5.155531e-02 8.4490503036e+04 1.9952645871e+05 1.9978267256e+05
2971.4850 4.648602e-02 6.639357e-02 1.256626e-03 3.194857e-02 2.254880e-02 4.764250e-02 8.4474706666e+04 1.9950612170e+05 1.9981688501e+05
2972.4855 4.852911e-02 6.841794e-02 1.213580e-03 3.414124e-02 2.406967e-02 4.410483e-02 8.4463458465e+04 1.9948689122e+05 1.9984563366e+05
2973.4860 4.861101e-02 6.933891e-02 1.221470e-03 3.494644e-02 2.461838e-02 4.245673e-02 8.4458860740e+04 1.9947113471e+05 1.9986574440e+05
2974.4865 4.799507e-02 6.917854e-02 1.227294e-03 3.544944e-02 2.492607e-02 4.213432e-02 8.4461045043e+04 1.9946161974e+05 1.9987322533e+05
2975.4870 4.820453e-02 6.804151e-02 1.218836e-03 3.466586e-02 2.436391e-02 4.348456e-02 8.4469645638e+04 1.9945981224e+05 1.9986670828e+05
2976.4875 4.757640e-02 6.639170e-02 1.218134e-03 3.299603e-02 2.322803e-02 4.605448e-02 8.4484720966e+04 1.9946683006e+05 1.9984571030e+05
2977.4880 4.610947e-02 6.462024e-02 1.246425e-03 3.087372e-02 2.174578e-02 4.954539e-02 8.4505169270e+04 1.9948159858e+05 1.9981174825e+05
2978.4885 4.430307e-02 6.179561e-02 1.210270e-03 2.802101e-02 1.977290e-02 5.434644e-02 8.4529328568e+04 1.9950253169e+05 1.9976862894e+05
2979.4890 4.312054e-02 5.897646e-02 1.278702e-03 2.512965e-02 1.777028e-02 5.827551e-02 8.4554982806e+04 1.9952646240e+05 1.9972097267e+05
2980.4895 4.130358e-02 5.667521e-02 1.269072e-03 2.223877e-02 1.578587e-02 6.287814e-02 8.4579963521e+04 1.9954955193e+05 1.9967461602e+05
2981.4900 3.969510e-02 5.392337e-02 1.284680e-03 1.955566e-02 1.398418e-02 6.667921e-02 8.4602698071e+04 1.9956843261e+05 1.9963503182e+05
2982.4905 3.805824e-02 5.165859e-02 1.271921e-03 1.763459e-02 1.266627e-02 6.941084e-02 8.4621203713e+04 1.9958039393e+05 1.9960642203e+05
2983.4910 3.823494e-02 4.891537e-02 1.296825e-03 1.638607e-02 1.182170e-02 7.144198e-02 8.4633468036e+04 1.9958395484e+05 1.9959161474e+05
2984.4915 3.778159e-02 4.752727e-02 1.294084e-03 1.585796e-02 1.144430e-02 7.168951e-02 8.4639601974e+04 1.9957905487e+05 1.9959138211e+05
2985.4920 3.742015e-02 4.843238e-02 1.313801e-03 1.647165e-02 1.182490e-02 7.077048e-02 8.4639438888e+04 1.9956604722e+05 1.9960435832e+05
2986.4925 3.858181e-02 5.093737e-02 1.292061e-03 1.782378e-02 1.276869e-02 6.834843e-02 8.4632578632e+04 1.9954756684e+05 1.9962820552e+05
2987.4930 4.018541e-02 5.273470e-02 1.303899e-03 1.957446e-02 1.392310e-02 6.481982e-02 8.4620864214e+04 1.9952707303e+05 1.9965945550e+05
2988.4935 4.136360e-02 5.623508e-02 1.280060e-03 2.239010e-02 1.577305e-02 6.106338e-02 8.4605417732e+04 1.9950610760e+05 1.9969358011e+05
2989.4940 4.271928e-02 5.917638e-02 1.269312e-03 2.504725e-02 1.758435e-02 5.672037e-02 8.4588237847e+04 1.9948784979e+05 1.9972726710e+05
2990.4945 4.466635e-02 6.199319e-02 1.292956e-03 2.775162e-02 1.941780e-02 5.243719e-02 8.4571390627e+04 1.9947293109e+05 1.9975700958e+05
2991.4950 4.646502e-02 6.505965e-02 1.258743e-03 3.040762e-02 2.121466e-02 4.831585e-02 8.4557089935e+04 1.9946171577e+05 1.9978036846e+05
2992.4955 4.678148e-02 6.692567e-02 1.237985e-03 3.209090e-02 2.236439e-02 4.533336e-02 8.4547290277e+04 1.9945495206e+05 1.9979618967e+05
2993.4960 4.774177e-02 6.781056e-02 1.278451e-03 3.358963e-02 2.340229e-02 4.343048e-02 8.4542520418e+04 1.9945182957e+05 1.9980303478e+05
2994.4965 4.854308e-02 6.759722e-02 1.239908e-03 3.398716e-02 2.373894e-02 4.310809e-02 8.4543513299e+04 1.9945212124e+05 1.9980136126e+05
2995.4970 4.787010e-02 6.665985e-02 1.274179e-03 3.346160e-02 2.342460e-02 4.336397e-02 8.4550943068e+04 1.9945535106e+05 1.9979156507e+05
2996.4975 4.680902e-02 6.583840e-02 1.256800e-03 3.237263e-02 2.274283e-02 4.533121e-02 8.4563837091e+04 1.9946019311e+05 1.9977455049e+05
2997.4980 4.630939e-02 6.403792e-02 1.233818e-03 3.049563e-02 2.150006e-02 4.847492e-02 8.4581098198e+04 1.9946651610e+05 1.9975186821e+05
2998.4985 4.482363e-02 6.158265e-02 1.288929e-03 2.837141e-02 2.005177e-02 5.171256e-02 8.4602414890e+04 1.9947395279e+05 1.9972480910e+05
2999.4990 4.326626e-02 5.893275e-02 1.246272e-03 2.558948e-02 1.828139e-02 5.596173e-02 8.4625658111e+04 1.9948189180e+05 1.9969547600e+05
