# t WEx WEy WEz WBx WBy WBz Sux2 Suy2 Suz2  (raw grid/particle sums)
0.0000 0.000000e+00 0.000000e+00 0.000000e+00 0.000000e+00 0.000000e+00 0.000000e+00 4.3995078629e+04 2.1991020963e+05 2.1997725360e+05
1.0005 7.816969e-03 1.305131e-02 1.823809e-04 2.347460e-04 2.602327e-04 3.626342e-04 4.3992819976e+04 2.1990522656e+05 2.1997141922e+05
2.0010 9.891010e-03 1.512384e-02 1.606667e-04 2.299434e-04 2.176872e-04 2.955010e-04 4.3994613116e+04 2.1991472256e+05 2.1995769585e+05
3.0015 8.448828e-03 1.381680e-02 1.745622e-04 1.913268e-04 2.257811e-04 2.883441e-04 4.3998068658e+04 2.1993146125e+05 2.1993868418e+05
4.0020 1.032025e-02 1.570532e-02 1.722507e-04 1.951175e-04 2.153468e-04 2.932649e-04 4.3999485316e+04 2.1994827913e+05 2.1991885565e+05
5.0025 1.000729e-02 1.543615e-02 1.714656e-04 1.911783e-04 2.077793e-04 3.211179e-04 4.4001542481e+04 2.1996257520e+05 2.1990273471e+05
6.0030 9.195378e-03 1.506668e-02 1.744993e-04 2.151675e-04 2.291522e-04 3.299545e-04 4.4004034188e+04 2.1996921572e+05 2.1989406303e+05
7.0035 1.035335e-02 1.608096e-02 1.650259e-04 2.242069e-04 2.340278e-04 3.438779e-04 4.4005893841e+04 2.1996580956e+05 2.1989468255e+05
8.0040 1.010389e-02 1.555045e-02 1.737570e-04 2.069508e-04 2.289946e-04 3.530045e-04 4.4008276940e+04 2.1995449869e+05 2.1990396487e+05
9.0045 9.473825e-03 1.531052e-02 1.639371e-04 2.162932e-04 2.249694e-04 3.648438e-04 4.4010861779e+04 2.1993685810e+05 2.1991937426e+05
10.0050 1.030480e-02 1.600955e-02 1.805219e-04 1.986968e-04 2.287250e-04 3.553601e-04 4.4012859589e+04 2.1991668688e+05 2.1993689866e+05
11.0055 1.034124e-02 1.606739e-02 1.527466e-04 1.955449e-04 2.324905e-04 3.941695e-04 4.4015200467e+04 2.1989919519e+05 2.1995196412e+05
12.0060 9.682589e-03 1.543643e-02 1.726770e-04 2.019602e-04 2.219506e-04 3.888344e-04 4.4017784675e+04 2.1988861572e+05 2.1996054155e+05
13.0065 1.018260e-02 1.598454e-02 1.625593e-04 2.118056e-04 2.490027e-04 3.839387e-04 4.4019783099e+04 2.1988645033e+05 2.1996026934e+05
14.0070 1.012135e-02 1.567480e-02 1.768287e-04 1.871111e-04 2.175079e-04 4.052284e-04 4.4021900564e+04 2.1989380684e+05 2.1995094265e+05
15.0075 9.743879e-03 1.545912e-02 1.546395e-04 2.184819e-04 2.635531e-04 4.104302e-04 4.4024186912e+04 2.1990814538e+05 2.1993453604e+05
16.0080 1.023914e-02 1.604205e-02 1.541281e-04 2.019000e-04 2.237624e-04 4.162346e-04 4.4026242536e+04 2.1992528077e+05 2.1991495401e+05
17.0085 1.043437e-02 1.583757e-02 1.700653e-04 1.770396e-04 2.402907e-04 4.387698e-04 4.4028471755e+04 2.1994129995e+05 2.1989667474e+05
18.0090 9.814431e-03 1.508427e-02 1.743621e-04 1.788601e-04 2.274308e-04 4.035347e-04 4.4030966201e+04 2.1995220724e+05 2.1988390583e+05
19.0095 1.014846e-02 1.569755e-02 1.579903e-04 2.070654e-04 2.363339e-04 4.378445e-04 4.4032895305e+04 2.1995427178e+05 2.1987946074e+05
20.0100 1.027957e-02 1.570042e-02 1.653066e-04 2.239114e-04 2.480129e-04 4.545670e-04 4.4034865699e+04 2.1994753184e+05 2.1988413748e+05
21.0105 1.002119e-02 1.564849e-02 1.560807e-04 1.892367e-04 2.439103e-04 4.682827e-04 4.4037275869e+04 2.1993279317e+05 2.1989659709e+05
22.0110 1.023175e-02 1.546846e-02 1.503336e-04 2.008841e-04 2.486330e-04 4.779022e-04 4.4039510452e+04 2.1991375631e+05 2.1991341800e+05
23.0115 1.045520e-02 1.560365e-02 1.445992e-04 2.098358e-04 2.410293e-04 4.718839e-04 4.4041701793e+04 2.1989459086e+05 2.1993022645e+05
24.0120 1.022438e-02 1.496099e-02 1.670111e-04 1.988470e-04 2.445469e-04 4.873101e-04 4.4043930472e+04 2.1988026754e+05 2.1994268029e+05
25.0125 1.029572e-02 1.486987e-02 1.655164e-04 2.017437e-04 2.486026e-04 5.146707e-04 4.4046018431e+04 2.1987347192e+05 2.1994755196e+05
26.0130 1.056660e-02 1.578714e-02 1.525753e-04 2.122440e-04 2.426781e-04 5.023347e-04 4.4048057297e+04 2.1987498468e+05 2.1994333696e+05
27.0135 1.030469e-02 1.569874e-02 1.719063e-04 2.159131e-04 2.502491e-04 5.125295e-04 4.4050386373e+04 2.1988543795e+05 2.1993069982e+05
28.0140 1.034962e-02 1.562664e-02 1.519973e-04 2.260734e-04 2.820153e-04 5.100219e-04 4.4052566243e+04 2.1990138947e+05 2.1991253442e+05
29.0145 1.057633e-02 1.593724e-02 1.816583e-04 1.942899e-04 2.335554e-04 5.345218e-04 4.4054679865e+04 2.1991851653e+05 2.1989306859e+05
30.0150 1.026003e-02 1.550011e-02 1.602327e-04 2.178864e-04 2.607453e-04 5.386761e-04 4.4057073308e+04 2.1993289157e+05 2.1987663275e+05
31.0155 1.024146e-02 1.530490e-02 1.739217e-04 2.042938e-04 2.619841e-04 5.422932e-04 4.4059252333e+04 2.1994040863e+05 2.1986701942e+05
32.0160 1.045286e-02 1.562572e-02 1.765636e-04 2.025648e-04 2.570687e-04 5.172279e-04 4.4061340394e+04 2.1993876029e+05 2.1986636568e+05
33.0165 1.023940e-02 1.561266e-02 1.796827e-04 2.062871e-04 2.790920e-04 5.370969e-04 4.4063631565e+04 2.1992834841e+05 2.1987457077e+05
34.0170 1.021799e-02 1.585168e-02 1.741175e-04 2.058391e-04 2.735374e-04 5.603426e-04 4.4065890474e+04 2.1991117653e+05 2.1988938163e+05
35.0175 1.043274e-02 1.582943e-02 1.681147e-04 2.277259e-04 2.721185e-04 5.484165e-04 4.4067960382e+04 2.1989162689e+05 2.1990679839e+05
36.0180 1.048435e-02 1.598213e-02 1.813522e-04 2.011884e-04 2.853552e-04 5.629220e-04 4.4070123586e+04 2.1987383779e+05 2.1992230661e+05
37.0185 1.036233e-02 1.583708e-02 1.627708e-04 1.987219e-04 2.597824e-04 5.686341e-04 4.4072403282e+04 2.1986207620e+05 2.1993191315e+05
38.0190 1.050096e-02 1.576152e-02 1.738170e-04 2.302292e-04 2.757192e-04 5.972625e-04 4.4074570283e+04 2.1985882834e+05 2.1993291913e+05
39.0195 1.034794e-02 1.588136e-02 1.543598e-04 2.267906e-04 2.691616e-04 6.147214e-04 4.4076891980e+04 2.1986461938e+05 2.1992483528e+05
40.0200 1.033186e-02 1.579097e-02 1.765814e-04 1.957841e-04 2.581713e-04 5.892634e-04 4.4079129431e+04 2.1987795470e+05 2.1990933830e+05
41.0205 1.052282e-02 1.599233e-02 1.648571e-04 2.221199e-04 2.434848e-04 6.381749e-04 4.4081276858e+04 2.1989495524e+05 2.1989003063e+05
42.0210 1.058759e-02 1.566673e-02 1.479361e-04 2.209815e-04 2.682931e-04 6.304840e-04 4.4083626734e+04 2.1991136570e+05 2.1987133814e+05
43.0215 1.038710e-02 1.571670e-02 1.829399e-04 2.139798e-04 2.400301e-04 6.257552e-04 4.4085967883e+04 2.1992283426e+05 2.1985759769e+05
44.0220 1.035712e-02 1.570536e-02 1.629290e-04 2.262556e-04 2.961353e-04 6.407391e-04 4.4088109728e+04 2.1992645679e+05 2.1985186492e+05
45.0225 1.051322e-02 1.581767e-02 1.627931e-04 2.073827e-04 2.408026e-04 6.295320e-04 4.4090233600e+04 2.1992074501e+05 2.1985533284e+05
46.0230 1.033170e-02 1.559364e-02 1.631075e-04 2.341422e-04 2.747550e-04 6.518303e-04 4.4092525701e+04 2.1990725360e+05 2.1986672769e+05
47.0235 1.042041e-02 1.583236e-02 1.761317e-04 2.091187e-04 2.834241e-04 6.010746e-04 4.4094696227e+04 2.1988864645e+05 2.1988306768e+05
48.0240 1.054305e-02 1.567532e-02 1.629569e-04 2.208987e-04 2.966305e-04 6.489461e-04 4.4096903907e+04 2.1986931142e+05 2.1990011023e+05
49.0245 1.029040e-02 1.576498e-02 1.602438e-04 2.461474e-04 2.928237e-04 6.459085e-04 4.4099265330e+04 2.1985370922e+05 2.1991343645e+05
50.0250 1.039665e-02 1.553397e-02 1.565973e-04 2.100875e-04 2.876752e-04 6.830841e-04 4.4101378518e+04 2.1984569467e+05 2.1991944640e+05
51.0255 1.039322e-02 1.548472e-02 1.571282e-04 2.244337e-04 3.117642e-04 6.342658e-04 4.4103518780e+04 2.1984668233e+05 2.1991633063e+05
52.0260 1.040040e-02 1.582639e-02 1.793166e-04 2.138776e-04 3.078453e-04 6.857163e-04 4.4105695312e+04 2.1985591641e+05 2.1990470308e+05
53.0265 1.047158e-02 1.570329e-02 1.608735e-04 2.289598e-04 2.784745e-04 6.729601e-04 4.4107915115e+04 2.1987128134e+05 2.1988715908e+05
54.0270 1.052660e-02 1.555750e-02 1.793350e-04 2.119477e-04 3.039662e-04 7.007503e-04 4.4110182989e+04 2.1988849951e+05 2.1986767756e+05
55.0275 1.052472e-02 1.536234e-02 1.825789e-04 2.124076e-04 2.669602e-04 7.200703e-04 4.4112437669e+04 2.1990329802e+05 2.1985074366e+05
56.0280 1.048823e-02 1.576692e-02 1.659019e-04 2.366775e-04 2.888721e-04 7.325699e-04 4.4114585348e+04 2.1991147429e+05 2.1984020173e+05
57.0285 1.046127e-02 1.564362e-02 1.730039e-04 2.160466e-04 2.726551e-04 7.583447e-04 4.4116727002e+04 2.1991123357e+05 2.1983842216e+05
58.0290 1.058812e-02 1.589750e-02 1.643971e-04 2.218477e-04 2.656321e-04 7.454964e-04 4.4118846336e+04 2.1990172629e+05 2.1984562395e+05
59.0295 1.047150e-02 1.605294e-02 2.005495e-04 2.138707e-04 2.795380e-04 7.498940e-04 4.4121135039e+04 2.1988522708e+05 2.1985977131e+05
60.0300 1.051350e-02 1.577970e-02 1.661538e-04 2.440841e-04 3.077715e-04 7.751646e-04 4.4123322854e+04 2.1986585089e+05 2.1987709207e+05
61.0305 1.060622e-02 1.574037e-02 1.690682e-04 2.294110e-04 2.846179e-04 7.211853e-04 4.4125477705e+04 2.1984771610e+05 2.1989306372e+05
62.0310 1.037518e-02 1.590672e-02 1.637693e-04 2.178852e-04 3.109804e-04 7.919511e-04 4.4127786003e+04 2.1983498640e+05 2.1990349264e+05
63.0315 1.068064e-02 1.591280e-02 1.695310e-04 2.187125e-04 2.913682e-04 7.352731e-04 4.4129900759e+04 2.1983066800e+05 2.1990555433e+05
64.0320 1.063791e-02 1.567432e-02 1.518693e-04 2.498397e-04 3.438231e-04 7.643874e-04 4.4132044177e+04 2.1983578154e+05 2.1989839520e+05
65.0325 1.045062e-02 1.596305e-02 1.509371e-04 2.056076e-04 2.905900e-04 7.774631e-04 4.4134280575e+04 2.1984838877e+05 2.1988357427e+05
66.0330 1.058566e-02 1.570640e-02 1.852213e-04 2.347541e-04 3.136999e-04 7.708864e-04 4.4136398617e+04 2.1986545682e+05 2.1986434680e+05
67.0335 1.076229e-02 1.588521e-02 1.585481e-04 2.304948e-04 3.121053e-04 7.833097e-04 4.4138547589e+04 2.1988221593e+05 2.1984529759e+05
68.0340 1.062750e-02 1.582972e-02 1.667862e-04 2.233198e-04 2.980775e-04 7.895989e-04 4.4140862315e+04 2.1989455853e+05 2.1983073816e+05
69.0345 1.055238e-02 1.556282e-02 1.667386e-04 2.267378e-04 3.068002e-04 8.344800e-04 4.4143202021e+04 2.1989911872e+05 2.1982397457e+05
70.0350 1.055971e-02 1.552560e-02 1.832169e-04 2.348504e-04 3.007335e-04 8.292675e-04 4.4145518739e+04 2.1989439542e+05 2.1982641027e+05
71.0355 1.046710e-02 1.556766e-02 1.579309e-04 2.409848e-04 3.171238e-04 8.419498e-04 4.4147731310e+04 2.1988137472e+05 2.1983718253e+05
72.0360 1.076997e-02 1.581414e-02 1.444550e-04 2.358118e-04 2.903847e-04 8.271567e-04 4.4149825773e+04 2.1986281937e+05 2.1985342876e+05
73.0365 1.072484e-02 1.542776e-02 1.724513e-04 2.305664e-04 3.155215e-04 8.512350e-04 4.4152036154e+04 2.1984339322e+05 2.1987080812e+05
74.0370 1.045497e-02 1.539175e-02 1.686973e-04 2.386027e-04 3.010812e-04 8.732547e-04 4.4154354328e+04 2.1982720769e+05 2.1988480249e+05
75.0375 1.043479e-02 1.560966e-02 1.841338e-04 2.541256e-04 3.356087e-04 8.431712e-04 4.4156571850e+04 2.1981805981e+05 2.1989169593e+05
76.0380 1.065956e-02 1.576447e-02 1.560814e-04 2.356290e-04 3.107235e-04 8.573284e-04 4.4158729023e+04 2.1981782340e+05 2.1988959537e+05
77.0385 1.042364e-02 1.582355e-02 1.635315e-04 2.360620e-04 3.352560e-04 8.865716e-04 4.4161078790e+04 2.1982644949e+05 2.1987864805e+05
78.0390 1.053500e-02 1.590414e-02 1.711562e-04 2.476273e-04 3.216618e-04 9.163306e-04 4.4163258507e+04 2.1984148009e+05 2.1986136921e+05
79.0395 1.071248e-02 1.572819e-02 1.613423e-04 2.308713e-04 3.377455e-04 8.498031e-04 4.4165450516e+04 2.1985897987e+05 2.1984169692e+05
80.0400 1.069849e-02 1.604156e-02 1.557260e-04 2.443641e-04 3.344156e-04 8.956976e-04 4.4167754092e+04 2.1987406244e+05 2.1982417120e+05
81.0405 1.066532e-02 1.600726e-02 1.824747e-04 2.351171e-04 3.391743e-04 9.175350e-04 4.4169992702e+04 2.1988321127e+05 2.1981277032e+05
82.0410 1.058515e-02 1.571006e-02 1.828883e-04 2.367851e-04 3.366188e-04 8.876114e-04 4.4172181232e+04 2.1988398927e+05 2.1980997636e+05
83.0415 1.061262e-02 1.579467e-02 1.667852e-04 2.346447e-04 3.396702e-04 9.178433e-04 4.4174352062e+04 2.1987551423e+05 2.1981623248e+05
84.0420 1.055107e-02 1.576786e-02 1.684486e-04 2.225729e-04 3.143978e-04 9.394110e-04 4.4176568544e+04 2.1985975428e+05 2.1982981278e+05
85.0425 1.066110e-02 1.577207e-02 1.609402e-04 2.423416e-04 3.371141e-04 9.619711e-04 4.4178749629e+04 2.1984028806e+05 2.1984700650e+05
86.0430 1.057982e-02 1.548085e-02 1.769557e-04 2.303290e-04 3.106979e-04 9.624977e-04 4.4181111811e+04 2.1982187148e+05 2.1986330674e+05
87.0435 1.077797e-02 1.597157e-02 1.579917e-04 2.321807e-04 3.307149e-04 9.633863e-04 4.4183397418e+04 2.1980806819e+05 2.1987449413e+05
88.0440 1.071820e-02 1.613622e-02 1.507389e-04 2.514314e-04 3.096224e-04 9.961827e-04 4.4185656099e+04 2.1980266348e+05 2.1987756309e+05
89.0445 1.057312e-02 1.598158e-02 1.779505e-04 2.511278e-04 3.485595e-04 9.776421e-04 4.4187898149e+04 2.1980664026e+05 2.1987145267e+05
90.0450 1.071144e-02 1.638406e-02 1.664142e-04 2.402003e-04 3.200556e-04 9.950951e-04 4.4190151253e+04 2.1981814950e+05 2.1985745677e+05
91.0455 1.081921e-02 1.610001e-02 1.592038e-04 2.286840e-04 3.358203e-04 9.602667e-04 4.4192471670e+04 2.1983476502e+05 2.1983863283e+05
92.0460 1.071604e-02 1.593160e-02 1.743429e-04 2.481686e-04 3.401490e-04 9.909696e-04 4.4194808515e+04 2.1985183319e+05 2.1981936432e+05
93.0465 1.064641e-02 1.609482e-02 1.383017e-04 2.578463e-04 3.771592e-04 1.009131e-03 4.4197089693e+04 2.1986477345e+05 2.1980410574e+05
94.0470 1.067746e-02 1.591171e-02 1.817047e-04 2.347659e-04 3.361735e-04 1.018737e-03 4.4199392043e+04 2.1987029288e+05 2.1979626432e+05
95.0475 1.085543e-02 1.585610e-02 1.533008e-04 2.562474e-04 3.615551e-04 1.007324e-03 4.4201684113e+04 2.1986672042e+05 2.1979749818e+05
96.0480 1.077930e-02 1.565333e-02 1.860825e-04 2.375125e-04 3.453818e-04 1.015210e-03 4.4204029425e+04 2.1985473768e+05 2.1980727107e+05
97.0485 1.072895e-02 1.570149e-02 1.879750e-04 2.287360e-04 3.336861e-04 1.038466e-03 4.4206263242e+04 2.1983691313e+05 2.1982289480e+05
98.0490 1.079647e-02 1.604417e-02 1.672667e-04 2.334140e-04 3.405057e-04 1.067154e-03 4.4208454704e+04 2.1981714176e+05 2.1984027223e+05
99.0495 1.058675e-02 1.573947e-02 1.681446e-04 2.383732e-04 3.331321e-04 1.076338e-03 4.4210810539e+04 2.1980047076e+05 2.1985481565e+05
100.0500 1.055418e-02 1.563895e-02 1.817939e-04 2.536336e-04 2.923818e-04 1.085260e-03 4.4213045035e+04 2.1979044300e+05 2.1986271232e+05
101.0505 1.076832e-02 1.600324e-02 1.873388e-04 2.386548e-04 3.422911e-04 1.115213e-03 4.4215124006e+04 2.1978906084e+05 2.1986172827e+05
102.0510 1.072635e-02 1.592795e-02 1.676667e-04 2.409506e-04 3.064372e-04 1.063793e-03 4.4217374530e+04 2.1979667457e+05 2.1985191946e+05
103.0515 1.056412e-02 1.578054e-02 1.772696e-04 2.644608e-04 3.161716e-04 1.105978e-03 4.4219613393e+04 2.1981114417e+05 2.1983531205e+05
104.0520 1.065893e-02 1.574992e-02 1.591655e-04 2.549696e-04 3.486557e-04 1.086324e-03 4.4221781634e+04 2.1982850714e+05 2.1981576907e+05
105.0525 1.074313e-02 1.606651e-02 1.815743e-04 2.480131e-04 3.625266e-04 1.037974e-03 4.4223997378e+04 2.1984401371e+05 2.1979781349e+05
106.0530 1.075002e-02 1.586707e-02 1.534854e-04 2.809857e-04 3.867228e-04 1.077129e-03 4.4226301388e+04 2.1985395507e+05 2.1978564496e+05
107.0535 1.088137e-02 1.588278e-02 1.916547e-04 2.621899e-04 3.963872e-04 1.026035e-03 4.4228594344e+04 2.1985530010e+05 2.1978195335e+05
108.0540 1.074586e-02 1.600159e-02 1.844383e-04 2.590271e-04 3.766768e-04 1.041556e-03 4.4230926956e+04 2.1984766004e+05 2.1978732664e+05
109.0545 1.086781e-02 1.598210e-02 1.735530e-04 2.749829e-04 4.041270e-04 1.067213e-03 4.4233122897e+04 2.1983262358e+05 2.1980009060e+05
110.0550 1.087035e-02 1.589347e-02 1.748622e-04 2.591406e-04 3.858109e-04 1.077343e-03 4.4235334181e+04 2.1981365104e+05 2.1981686524e+05
111.0555 1.081162e-02 1.570758e-02 1.732019e-04 2.597674e-04 3.872258e-04 1.086631e-03 4.4237649381e+04 2.1979509279e+05 2.1983323780e+05
112.0560 1.070708e-02 1.589999e-02 1.862659e-04 2.696038e-04 3.732491e-04 1.135347e-03 4.4240009733e+04 2.1978099551e+05 2.1984494082e+05
113.0565 1.088937e-02 1.595546e-02 1.622697e-04 2.563713e-04 3.309656e-04 1.170893e-03 4.4242182538e+04 2.1977477820e+05 2.1984884252e+05
114.0570 1.080334e-02 1.592709e-02 1.513460e-04 2.570723e-04 3.448765e-04 1.183928e-03 4.4244481205e+04 2.1977771888e+05 2.1984366059e+05
115.0575 1.084596e-02 1.610262e-02 1.693904e-04 2.466318e-04 3.365009e-04 1.211946e-03 4.4246812595e+04 2.1978845634e+05 2.1983048385e+05
116.0580 1.066691e-02 1.598967e-02 1.771159e-04 2.496208e-04 3.324583e-04 1.246170e-03 4.4249131867e+04 2.1980457172e+05 2.1981218372e+05
117.0585 1.069038e-02 1.559878e-02 1.747906e-04 2.587501e-04 3.514915e-04 1.247222e-03 4.4251300518e+04 2.1982177356e+05 2.1979294651e+05
118.0590 1.071325e-02 1.597206e-02 1.780255e-04 2.788092e-04 3.630997e-04 1.207109e-03 4.4253473268e+04 2.1983516802e+05 2.1977724962e+05
119.0595 1.085231e-02 1.582674e-02 1.704838e-04 2.410703e-04 3.298743e-04 1.234922e-03 4.4255608623e+04 2.1984149093e+05 2.1976876567e+05
120.0600 1.093156e-02 1.615843e-02 1.903636e-04 2.699893e-04 4.263612e-04 1.191075e-03 4.4257850752e+04 2.1983865700e+05 2.1976914279e+05
121.0605 1.087509e-02 1.629637e-02 1.708079e-04 2.746133e-04 3.923966e-04 1.161497e-03 4.4260161141e+04 2.1982742443e+05 2.1977809630e+05
122.0610 1.088745e-02 1.589635e-02 1.714609e-04 2.821161e-04 4.427360e-04 1.202207e-03 4.4262499394e+04 2.1981025556e+05 2.1979302103e+05
123.0615 1.088108e-02 1.601991e-02 1.789188e-04 2.762009e-04 4.124920e-04 1.138086e-03 4.4264738525e+04 2.1979087001e+05 2.1981014127e+05
124.0620 1.102527e-02 1.616972e-02 1.811420e-04 2.831382e-04 4.383665e-04 1.178260e-03 4.4266847745e+04 2.1977382867e+05 2.1982490786e+05
125.0625 1.088508e-02 1.580319e-02 1.617290e-04 2.850909e-04 4.037681e-04 1.229882e-03 4.4269070122e+04 2.1976328324e+05 2.1983348606e+05
126.0630 1.077944e-02 1.602913e-02 1.891674e-04 2.774363e-04 3.910096e-04 1.219094e-03 4.4271387707e+04 2.1976097314e+05 2.1983347532e+05
127.0635 1.083566e-02 1.580097e-02 1.659857e-04 2.642648e-04 4.072392e-04 1.249567e-03 4.4273693655e+04 2.1976756063e+05 2.1982459866e+05
128.0640 1.080082e-02 1.595756e-02 1.702328e-04 2.629277e-04 3.838706e-04 1.332323e-03 4.4275904386e+04 2.1978109146e+05 2.1980877698e+05
129.0645 1.082656e-02 1.584962e-02 1.586332e-04 2.827933e-04 3.462346e-04 1.306711e-03 4.4278068608e+04 2.1979821915e+05 2.1978959894e+05
130.0650 1.087895e-02 1.631403e-02 1.607560e-04 2.699925e-04 3.662521e-04 1.335184e-03 4.4280218452e+04 2.1981393212e+05 2.1977145891e+05
131.0655 1.094930e-02 1.604745e-02 2.043051e-04 2.578803e-04 3.588781e-04 1.330710e-03 4.4282462642e+04 2.1982468383e+05 2.1975857395e+05
132.0660 1.080989e-02 1.581157e-02 1.679092e-04 2.455359e-04 3.237479e-04 1.318085e-03 4.4284832430e+04 2.1982721537e+05 2.1975383885e+05
133.0665 1.089924e-02 1.586505e-02 1.892623e-04 2.612784e-04 3.771251e-04 1.358508e-03 4.4287027248e+04 2.1982070707e+05 2.1975804388e+05
134.0670 1.092997e-02 1.593995e-02 1.665879e-04 2.803444e-04 3.992678e-04 1.316079e-03 4.4289247909e+04 2.1980652845e+05 2.1977000379e+05
135.0675 1.070263e-02 1.581855e-02 1.902936e-04 2.592813e-04 3.632840e-04 1.337427e-03 4.4291561134e+04 2.1978784862e+05 2.1978647681e+05
136.0680 1.096414e-02 1.623693e-02 1.585612e-04 2.943908e-04 4.444184e-04 1.371167e-03 4.4293792170e+04 2.1976864517e+05 2.1980312529e+05
137.0685 1.096279e-02 1.617316e-02 1.780555e-04 2.882851e-04 3.863918e-04 1.297387e-03 4.4296100719e+04 2.1975390041e+05 2.1981564258e+05
138.0690 1.084889e-02 1.608409e-02 1.793840e-04 2.733020e-04 4.161894e-04 1.328823e-03 4.4298379396e+04 2.1974670883e+05 2.1982062616e+05
139.0695 1.099447e-02 1.650246e-02 1.674818e-04 2.954355e-04 4.385309e-04 1.336503e-03 4.4300531858e+04 2.1974832766e+05 2.1981659476e+05
140.0700 1.088558e-02 1.640476e-02 1.642869e-04 2.940754e-04 4.212366e-04 1.331347e-03 4.4302829208e+04 2.1975844612e+05 2.1980426249e+05
141.0705 1.090195e-02 1.604857e-02 1.679083e-04 2.851281e-04 4.132534e-04 1.318626e-03 4.4305065358e+04 2.1977430294e+05 2.1978636172e+05
142.0710 1.097554e-02 1.597514e-02 1.879319e-04 2.819083e-04 4.081868e-04 1.341222e-03 4.4307278728e+04 2.1979142224e+05 2.1976700192e+05
143.0715 1.093831e-02 1.593439e-02 1.752648e-04 2.921987e-04 4.028570e-04 1.423511e-03 4.4309588501e+04 2.1980547368e+05 2.1975063672e+05
144.0720 1.092149e-02 1.616996e-02 1.513573e-04 2.720431e-04 4.063676e-04 1.367655e-03 4.4311857890e+04 2.1981276231e+05 2.1974102131e+05
145.0725 1.106793e-02 1.608331e-02 1.646433e-04 2.772846e-04 3.570298e-04 1.394919e-03 4.4314053576e+04 2.1981132540e+05 2.1974022685e+05
146.0730 1.099030e-02 1.619300e-02 1.821117e-04 2.676361e-04 3.678180e-04 1.488458e-03 4.4316319236e+04 2.1980096131e+05 2.1974823102e+05
147.0735 1.098139e-02 1.628480e-02 1.867226e-04 2.603162e-04 3.745945e-04 1.446219e-03 4.4318606671e+04 2.1978408538e+05 2.1976278561e+05
148.0740 1.099939e-02 1.631243e-02 1.761192e-04 2.657255e-04 3.525220e-04 1.405305e-03 4.4320847121e+04 2.1976467676e+05 2.1978000710e+05
149.0745 1.078053e-02 1.584628e-02 1.731779e-04 2.637569e-04 3.682636e-04 1.484808e-03 4.4323089762e+04 2.1974735281e+05 2.1979537658e+05
150.0750 1.094539e-02 1.611713e-02 1.719342e-04 2.839512e-04 3.891868e-04 1.443951e-03 4.4325223056e+04 2.1973560704e+05 2.1980482308e+05
151.0755 1.110848e-02 1.606942e-02 1.692684e-04 2.525649e-04 3.654443e-04 1.478861e-03 4.4327432726e+04 2.1973241416e+05 2.1980576394e+05
152.0760 1.110279e-02 1.600178e-02 1.785128e-04 2.990261e-04 4.213082e-04 1.433506e-03 4.4329721458e+04 2.1973820582e+05 2.1979762045e+05
153.0765 1.096313e-02 1.624978e-02 1.748181e-04 2.798685e-04 3.938804e-04 1.467194e-03 4.4331982284e+04 2.1975127038e+05 2.1978229778e+05
154.0770 1.103023e-02 1.608707e-02 1.924902e-04 2.825691e-04 4.178819e-04 1.418094e-03 4.4334170988e+04 2.1976814402e+05 2.1976321298e+05
155.0775 1.092392e-02 1.617657e-02 1.554005e-04 3.026536e-04 4.160508e-04 1.447743e-03 4.4336456827e+04 2.1978429552e+05 2.1974480596e+05
156.0780 1.098617e-02 1.614494e-02 1.598598e-04 2.872075e-04 4.413247e-04 1.471235e-03 4.4338731533e+04 2.1979548218e+05 2.1973131607e+05
157.0785 1.089256e-02 1.618643e-02 1.701158e-04 2.984505e-04 4.201527e-04 1.469965e-03 4.4341009167e+04 2.1979882240e+05 2.1972574194e+05
158.0790 1.107836e-02 1.628771e-02 1.695538e-04 2.906647e-04 4.172286e-04 1.438161e-03 4.4343264826e+04 2.1979293858e+05 2.1972923351e+05
159.0795 1.089599e-02 1.600240e-02 1.722029e-04 2.820276e-04 4.221885e-04 1.530630e-03 4.4345579211e+04 2.1977945697e+05 2.1974057909e+05
160.0800 1.093096e-02 1.618310e-02 1.535709e-04 3.067524e-04 4.258839e-04 1.512244e-03 4.4347866811e+04 2.1976099461e+05 2.1975668295e+05
161.0805 1.099709e-02 1.647038e-02 1.730529e-04 2.817229e-04 4.074072e-04 1.480772e-03 4.4350165723e+04 2.1974184861e+05 2.1977338855e+05
162.0810 1.098109e-02 1.622542e-02 1.613176e-04 3.019368e-04 3.993120e-04 1.609731e-03 4.4352461212e+04 2.1972668062e+05 2.1978631811e+05
163.0815 1.109978e-02 1.607775e-02 1.797074e-04 2.729677e-04 3.950865e-04 1.544796e-03 4.4354741736e+04 2.1971871490e+05 2.1979202974e+05
164.0820 1.100247e-02 1.628317e-02 1.480192e-04 3.105695e-04 4.104479e-04 1.586572e-03 4.4356976536e+04 2.1971966014e+05 2.1978880360e+05
165.0825 1.091412e-02 1.602325e-02 1.638895e-04 2.802864e-04 3.931713e-04 1.617263e-03 4.4359174405e+04 2.1972922020e+05 2.1977721163e+05
166.0830 1.111249e-02 1.637481e-02 1.591594e-04 3.136618e-04 4.220984e-04 1.564919e-03 4.4361377932e+04 2.1974421163e+05 2.1975976363e+05
167.0835 1.096234e-02 1.619698e-02 1.520219e-04 3.057307e-04 3.767945e-04 1.590565e-03 4.4363698692e+04 2.1976130909e+05 2.1974051957e+05
168.0840 1.106264e-02 1.620846e-02 1.704021e-04 3.266942e-04 4.322006e-04 1.591013e-03 4.4366004707e+04 2.1977554679e+05 2.1972389562e+05
169.0845 1.098077e-02 1.611444e-02 1.621492e-04 3.142381e-04 4.331367e-04 1.576437e-03 4.4368363490e+04 2.1978343582e+05 2.1971373565e+05
170.0850 1.083985e-02 1.620968e-02 1.836870e-04 3.067699e-04 4.118539e-04 1.566106e-03 4.4370656539e+04 2.1978269570e+05 2.1971218156e+05
171.0855 1.107365e-02 1.647647e-02 1.541699e-04 3.557222e-04 4.632611e-04 1.565990e-03 4.4372738504e+04 2.1977315787e+05 2.1971938329e+05
172.0860 1.095233e-02 1.596436e-02 1.708953e-04 2.994885e-04 4.115030e-04 1.580837e-03 4.4374967474e+04 2.1975729384e+05 2.1973334398e+05
173.0865 1.096512e-02 1.610262e-02 1.624419e-04 3.271939e-04 4.514017e-04 1.622224e-03 4.4377186296e+04 2.1973816462e+05 2.1975017431e+05
174.0870 1.107659e-02 1.648251e-02 1.775702e-04 3.090691e-04 4.477750e-04 1.603266e-03 4.4379496490e+04 2.1972024627e+05 2.1976554778e+05
175.0875 1.092844e-02 1.626685e-02 1.612611e-04 3.059946e-04 4.532734e-04 1.638744e-03 4.4381868451e+04 2.1970818591e+05 2.1977538601e+05
176.0880 1.117119e-02 1.634440e-02 1.630649e-04 2.987020e-04 4.480794e-04 1.649026e-03 4.4384044794e+04 2.1970421060e+05 2.1977706698e+05
177.0885 1.114802e-02 1.664187e-02 1.713209e-04 2.949304e-04 4.345499e-04 1.677506e-03 4.4386281764e+04 2.1970892669e+05 2.1976992357e+05
178.0890 1.094842e-02 1.579611e-02 1.393294e-04 3.136885e-04 4.414576e-04 1.693352e-03 4.4388640221e+04 2.1972163151e+05 2.1975536890e+05
179.0895 1.111163e-02 1.622782e-02 1.780311e-04 3.075192e-04 4.490871e-04 1.735792e-03 4.4390889796e+04 2.1973768951e+05 2.1973670578e+05
180.0900 1.102046e-02 1.615531e-02 1.642305e-04 2.750524e-04 4.094551e-04 1.677517e-03 4.4393199302e+04 2.1975399519e+05 2.1971824318e+05
181.0905 1.084222e-02 1.596440e-02 1.599279e-04 2.999746e-04 4.326448e-04 1.780764e-03 4.4395410232e+04 2.1976598857e+05 2.1970416131e+05
182.0910 1.124341e-02 1.636875e-02 1.709968e-04 2.999619e-04 4.007029e-04 1.711905e-03 4.4397405280e+04 2.1977008153e+05 2.1969773883e+05
183.0915 1.108245e-02 1.605773e-02 1.633648e-04 3.034472e-04 4.286913e-04 1.770991e-03 4.4399704097e+04 2.1976545901e+05 2.1970021736e+05
184.0920 1.109261e-02 1.641183e-02 1.566247e-04 3.040433e-04 4.303165e-04 1.748831e-03 4.4402008698e+04 2.1975248266e+05 2.1971075651e+05
185.0925 1.124472e-02 1.710390e-02 1.730330e-04 3.406957e-04 4.485800e-04 1.753209e-03 4.4404287513e+04 2.1973413454e+05 2.1972645537e+05
186.0930 1.111435e-02 1.622219e-02 1.462301e-04 3.271807e-04 4.448541e-04 1.735887e-03 4.4406680357e+04 2.1971541665e+05 2.1974325002e+05
187.0935 1.103451e-02 1.620062e-02 1.618422e-04 3.579229e-04 4.952592e-04 1.751552e-03 4.4409019815e+04 2.1969960514e+05 2.1975671113e+05
188.0940 1.098632e-02 1.657726e-02 1.846312e-04 3.204948e-04 4.687292e-04 1.745379e-03 4.4411317901e+04 2.1969056802e+05 2.1976332942e+05
189.0945 1.093346e-02 1.638381e-02 1.610736e-04 3.593388e-04 5.016472e-04 1.780866e-03 4.4413529645e+04 2.1969069066e+05 2.1976109068e+05
190.0950 1.088689e-02 1.603176e-02 1.597330e-04 3.427943e-04 5.050697e-04 1.706514e-03 4.4415737846e+04 2.1969946514e+05 2.1975034600e+05
191.0955 1.112634e-02 1.625821e-02 1.604860e-04 3.334323e-04 4.743221e-04 1.805016e-03 4.4417921128e+04 2.1971389748e+05 2.1973346291e+05
192.0960 1.112659e-02 1.642090e-02 1.671552e-04 3.379570e-04 5.052343e-04 1.806591e-03 4.4420323357e+04 2.1973061337e+05 2.1971420877e+05
193.0965 1.106641e-02 1.624895e-02 1.577480e-04 3.248763e-04 4.640676e-04 1.846619e-03 4.4422663154e+04 2.1974551822e+05 2.1969706772e+05
194.0970 1.089757e-02 1.629785e-02 1.615566e-04 3.007201e-04 4.586833e-04 1.832141e-03 4.4424903333e+04 2.1975451687e+05 2.1968595154e+05
195.0975 1.111837e-02 1.651440e-02 1.731832e-04 2.950531e-04 4.497178e-04 1.863466e-03 4.4426943325e+04 2.1975492818e+05 2.1968326669e+05
196.0980 1.113334e-02 1.630299e-02 1.777677e-04 2.999823e-04 4.451066e-04 1.863518e-03 4.4429128584e+04 2.1974665687e+05 2.1968940103e+05
197.0985 1.095912e-02 1.623388e-02 1.593156e-04 3.147555e-04 4.689799e-04 1.962667e-03 4.4431487806e+04 2.1973114749e+05 2.1970261982e+05
198.0990 1.112369e-02 1.619767e-02 1.769548e-04 2.993977e-04 4.278652e-04 1.866941e-03 4.4433659870e+04 2.1971217205e+05 2.1971942549e+05
199.0995 1.097181e-02 1.595859e-02 1.507188e-04 3.168896e-04 4.586196e-04 1.878828e-03 4.4435943308e+04 2.1969406127e+05 2.1973544353e+05
200.1000 1.097504e-02 1.599822e-02 1.721624e-04 3.279952e-04 4.495483e-04 1.944794e-03 4.4438249620e+04 2.1968065562e+05 2.1974651909e+05
201.1005 1.120102e-02 1.614519e-02 1.415184e-04 3.354599e-04 4.684578e-04 1.910703e-03 4.4440438408e+04 2.1967511884e+05 2.1974968005e+05
202.1010 1.105925e-02 1.614077e-02 1.726416e-04 3.411951e-04 4.906188e-04 1.905489e-03 4.4442655476e+04 2.1967880629e+05 2.1974383652e+05
203.1015 1.121001e-02 1.643890e-02 1.705546e-04 3.365644e-04 4.786995e-04 1.824760e-03 4.4444783693e+04 2.1969014258e+05 2.1973019079e+05
204.1020 1.139704e-02 1.633455e-02 1.636190e-04 3.839411e-04 5.002289e-04 1.884460e-03 4.4446924125e+04 2.1970633223e+05 2.1971177657e+05
205.1025 1.108967e-02 1.652871e-02 1.795614e-04 3.736500e-04 4.894586e-04 1.871774e-03 4.4449381680e+04 2.1972281607e+05 2.1969289366e+05
206.1030 1.101906e-02 1.658607e-02 1.543501e-04 3.871098e-04 5.546618e-04 1.834165e-03 4.4451697666e+04 2.1973559558e+05 2.1967776013e+05
207.1035 1.117498e-02 1.642224e-02 1.795394e-04 3.484800e-04 4.864125e-04 1.938109e-03 4.4453943192e+04 2.1974125491e+05 2.1966988282e+05
208.1040 1.117117e-02 1.660420e-02 1.516393e-04 3.660896e-04 5.311758e-04 1.858126e-03 4.4456426008e+04 2.1973773010e+05 2.1967083935e+05
209.1045 1.123292e-02 1.673582e-02 1.741690e-04 3.582879e-04 5.046396e-04 1.936244e-03 4.4458693222e+04 2.1972602761e+05 2.1968015813e+05
210.1050 1.144864e-02 1.651557e-02 1.762129e-04 3.412604e-04 4.831045e-04 1.957946e-03 4.4460928864e+04 2.1970870481e+05 2.1969523866e+05
211.1055 1.126055e-02 1.674325e-02 1.871031e-04 3.396835e-04 5.241717e-04 2.005563e-03 4.4463418691e+04 2.1968932365e+05 2.1971208080e+05
212.1060 1.137366e-02 1.664330e-02 1.603641e-04 3.281824e-04 4.972162e-04 2.036614e-03 4.4465774327e+04 2.1967280179e+05 2.1972626347e+05
213.1065 1.131277e-02 1.657641e-02 1.753403e-04 3.133354e-04 4.760923e-04 2.044146e-03 4.4468117005e+04 2.1966285018e+05 2.1973392034e+05
214.1070 1.116832e-02 1.637453e-02 1.677745e-04 3.201589e-04 5.065868e-04 2.099491e-03 4.4470500736e+04 2.1966166713e+05 2.1973286752e+05
215.1075 1.128959e-02 1.602618e-02 1.630775e-04 3.455293e-04 5.244136e-04 2.054971e-03 4.4472811495e+04 2.1966915271e+05 2.1972317734e+05
216.1080 1.109091e-02 1.628992e-02 1.825334e-04 3.110580e-04 4.847744e-04 2.139645e-03 4.4475155980e+04 2.1968297711e+05 2.1970698716e+05
217.1085 1.110606e-02 1.618191e-02 1.628528e-04 3.311078e-04 4.730406e-04 2.034605e-03 4.4477328559e+04 2.1969992163e+05 2.1968793039e+05
218.1090 1.121493e-02 1.615420e-02 1.786288e-04 3.604837e-04 5.480255e-04 2.127937e-03 4.4479325342e+04 2.1971534059e+05 2.1967039753e+05
219.1095 1.121908e-02 1.670873e-02 1.833770e-04 3.547074e-04 5.393631e-04 2.068810e-03 4.4481399344e+04 2.1972484731e+05 2.1965856017e+05
220.1100 1.124163e-02 1.655020e-02 1.611254e-04 3.563372e-04 4.815588e-04 2.022841e-03 4.4483733887e+04 2.1972615873e+05 2.1965504770e+05
221.1105 1.144872e-02 1.642986e-02 1.864909e-04 3.675059e-04 5.523052e-04 2.095628e-03 4.4486014365e+04 2.1971854550e+05 2.1966027439e+05
222.1110 1.123387e-02 1.650533e-02 1.684718e-04 3.865407e-04 5.694959e-04 2.020094e-03 4.4488423112e+04 2.1970374499e+05 2.1967275087e+05
223.1115 1.104713e-02 1.591293e-02 1.683129e-04 4.212587e-04 5.367456e-04 2.024528e-03 4.4490611126e+04 2.1968552456e+05 2.1968912690e+05
224.1120 1.130830e-02 1.625327e-02 1.773558e-04 4.124501e-04 5.987082e-04 2.076196e-03 4.4492598399e+04 2.1966717878e+05 2.1970515506e+05
225.1125 1.116614e-02 1.629196e-02 1.597700e-04 4.262028e-04 5.943363e-04 2.012430e-03 4.4494910900e+04 2.1965346472e+05 2.1971668616e+05
226.1130 1.114077e-02 1.626062e-02 1.941987e-04 4.085624e-04 5.603408e-04 2.048565e-03 4.4497357169e+04 2.1964706271e+05 2.1972065308e+05
227.1135 1.136028e-02 1.641260e-02 1.671125e-04 4.311023e-04 6.079696e-04 2.050987e-03 4.4499778653e+04 2.1964930505e+05 2.1971575794e+05
228.1140 1.125893e-02 1.642634e-02 1.805620e-04 3.942961e-04 5.752652e-04 2.146593e-03 4.4502110565e+04 2.1965986585e+05 2.1970292864e+05
229.1145 1.129228e-02 1.629228e-02 1.555071e-04 4.110244e-04 5.560745e-04 2.183351e-03 4.4504394763e+04 2.1967553287e+05 2.1968500156e+05
230.1150 1.115036e-02 1.632870e-02 1.949054e-04 3.696185e-04 5.901732e-04 2.235279e-03 4.4506746269e+04 2.1969219439e+05 2.1966603096e+05
231.1155 1.135149e-02 1.655077e-02 1.576458e-04 3.512403e-04 5.189078e-04 2.192171e-03 4.4509026120e+04 2.1970538774e+05 2.1965040617e+05
232.1160 1.114944e-02 1.623027e-02 1.762695e-04 3.554044e-04 5.454119e-04 2.326584e-03 4.4511474299e+04 2.1971199097e+05 2.1964155679e+05
233.1165 1.114364e-02 1.646795e-02 1.674043e-04 3.547055e-04 5.276771e-04 2.307708e-03 4.4513839455e+04 2.1970963281e+05 2.1964143586e+05
234.1170 1.137360e-02 1.645125e-02 1.652112e-04 3.471307e-04 5.730341e-04 2.355068e-03 4.4516028792e+04 2.1969902180e+05 2.1964969829e+05
235.1175 1.140047e-02 1.634463e-02 1.766781e-04 3.332255e-04 5.264246e-04 2.323169e-03 4.4518318902e+04 2.1968242838e+05 2.1966409303e+05
236.1180 1.136983e-02 1.662754e-02 1.528460e-04 3.689222e-04 5.255450e-04 2.317745e-03 4.4520571700e+04 2.1966332507e+05 2.1968082792e+05
237.1185 1.156170e-02 1.670413e-02 1.919181e-04 3.663981e-04 5.691625e-04 2.273608e-03 4.4522742574e+04 2.1964635613e+05 2.1969550331e+05
238.1190 1.124747e-02 1.636603e-02 1.682702e-04 3.752140e-04 5.886243e-04 2.270534e-03 4.4525048732e+04 2.1963557903e+05 2.1970428882e+05
239.1195 1.138780e-02 1.643391e-02 1.817706e-04 4.135215e-04 5.825649e-04 2.276327e-03 4.4527056777e+04 2.1963294765e+05 2.1970476363e+05
240.1200 1.156240e-02 1.673084e-02 1.687079e-04 4.128807e-04 6.000485e-04 2.255359e-03 4.4529172025e+04 2.1963884459e+05 2.1969656965e+05
241.1205 1.123766e-02 1.631318e-02 1.873452e-04 4.422323e-04 6.412336e-04 2.205357e-03 4.4531488591e+04 2.1965196636e+05 2.1968142728e+05
242.1210 1.138684e-02 1.649768e-02 1.635311e-04 4.942003e-04 6.577453e-04 2.262538e-03 4.4533709232e+04 2.1966811904e+05 2.1966285947e+05
243.1215 1.133655e-02 1.667589e-02 1.658641e-04 4.453858e-04 6.290055e-04 2.181269e-03 4.4536065688e+04 2.1968347411e+05 2.1964516737e+05
244.1220 1.124230e-02 1.675908e-02 1.902344e-04 4.684682e-04 6.795474e-04 2.292557e-03 4.4538374344e+04 2.1969397406e+05 2.1963231176e+05
245.1225 1.154491e-02 1.670476e-02 1.687604e-04 4.465710e-04 6.269205e-04 2.258771e-03 4.4540633208e+04 2.1969664903e+05 2.1962729554e+05
246.1230 1.142414e-02 1.698466e-02 1.842716e-04 4.637782e-04 6.553116e-04 2.260192e-03 4.4543155773e+04 2.1969034248e+05 2.1963099522e+05
247.1235 1.135794e-02 1.623639e-02 1.880092e-04 4.385565e-04 6.394921e-04 2.352525e-03 4.4545533390e+04 2.1967702711e+05 2.1964225737e+05
248.1240 1.124889e-02 1.618073e-02 1.716767e-04 4.033579e-04 6.131882e-04 2.448478e-03 4.4547846894e+04 2.1965907611e+05 2.1965798860e+05
249.1245 1.134792e-02 1.644684e-02 1.632189e-04 3.931080e-04 6.063979e-04 2.420569e-03 4.4550182015e+04 2.1964057692e+05 2.1967398254e+05
250.1250 1.141262e-02 1.635371e-02 1.686743e-04 3.853173e-04 6.096767e-04 2.557323e-03 4.4552687618e+04 2.1962596767e+05 2.1968603353e+05
251.1255 1.128477e-02 1.632646e-02 1.680657e-04 3.703118e-04 5.935292e-04 2.534349e-03 4.4555209704e+04 2.1961870078e+05 2.1969086038e+05
252.1260 1.142488e-02 1.624899e-02 1.669171e-04 3.437469e-04 5.332069e-04 2.598194e-03 4.4557459994e+04 2.1962030470e+05 2.1968698772e+05
253.1265 1.130038e-02 1.644327e-02 1.767385e-04 3.678244e-04 6.087253e-04 2.613790e-03 4.4559758672e+04 2.1962991515e+05 2.1967499551e+05
254.1270 1.135459e-02 1.649415e-02 1.621308e-04 3.516354e-04 5.671936e-04 2.596573e-03 4.4561995081e+04 2.1964494325e+05 2.1965769544e+05
255.1275 1.144436e-02 1.653784e-02 1.518778e-04 3.800012e-04 5.722546e-04 2.606911e-03 4.4564164884e+04 2.1966148227e+05 2.1963893596e+05
256.1280 1.132871e-02 1.623660e-02 1.857372e-04 3.929558e-04 5.999966e-04 2.577787e-03 4.4566370287e+04 2.1967533268e+05 2.1962304389e+05
257.1285 1.134356e-02 1.627204e-02 1.627164e-04 4.178304e-04 6.459865e-04 2.509391e-03 4.4568537166e+04 2.1968256097e+05 2.1961367050e+05
258.1290 1.157596e-02 1.670203e-02 1.617232e-04 4.460152e-04 6.171260e-04 2.535314e-03 4.4570552719e+04 2.1968101063e+05 2.1961286128e+05
259.1295 1.136661e-02 1.657382e-02 1.847610e-04 4.529045e-04 6.584466e-04 2.391451e-03 4.4572883312e+04 2.1967128801e+05 2.1962046195e+05
260.1300 1.147451e-02 1.679792e-02 1.799096e-04 5.463390e-04 7.519224e-04 2.452732e-03 4.4575059829e+04 2.1965493545e+05 2.1963437200e+05
261.1305 1.160794e-02 1.700272e-02 1.698799e-04 5.270835e-04 7.047282e-04 2.406634e-03 4.4577249751e+04 2.1963591420e+05 2.1965113453e+05
262.1310 1.122790e-02 1.649264e-02 1.644062e-04 4.964965e-04 7.225552e-04 2.409643e-03 4.4579768912e+04 2.1961863960e+05 2.1966630185e+05
263.1315 1.135159e-02 1.655056e-02 1.745331e-04 5.618843e-04 7.859660e-04 2.430030e-03 4.4582021948e+04 2.1960664298e+05 2.1967585174e+05
264.1320 1.158877e-02 1.673397e-02 1.665980e-04 5.166306e-04 7.148073e-04 2.470183e-03 4.4584275689e+04 2.1960284474e+05 2.1967728627e+05
265.1325 1.143989e-02 1.692105e-02 1.564338e-04 5.189068e-04 7.819819e-04 2.521634e-03 4.4586890261e+04 2.1960759248e+05 2.1966978840e+05
266.1330 1.154461e-02 1.641426e-02 1.740141e-04 4.705170e-04 6.925969e-04 2.607041e-03 4.4589406198e+04 2.1962006275e+05 2.1965501454e+05
267.1335 1.151168e-02 1.696572e-02 1.809153e-04 4.640679e-04 7.082939e-04 2.656717e-03 4.4591944609e+04 2.1963621368e+05 2.1963609461e+05
268.1340 1.146413e-02 1.694096e-02 1.648147e-04 4.339202e-04 6.614566e-04 2.751020e-03 4.4594467786e+04 2.1965239289e+05 2.1961738267e+05
269.1345 1.158130e-02 1.670429e-02 1.653399e-04 4.285730e-04 6.659513e-04 2.818094e-03 4.4596929312e+04 2.1966425970e+05 2.1960311794e+05
270.1350 1.137625e-02 1.692656e-02 1.666984e-04 3.800434e-04 6.342466e-04 2.893428e-03 4.4599431437e+04 2.1966837445e+05 2.1959652902e+05
271.1355 1.111614e-02 1.622572e-02 1.523106e-04 3.862178e-04 6.196873e-04 2.901493e-03 4.4601832950e+04 2.1966413319e+05 2.1959881253e+05
272.1360 1.122675e-02 1.659886e-02 1.804453e-04 4.000518e-04 6.232783e-04 2.915601e-03 4.4604032855e+04 2.1965140416e+05 2.1960911436e+05
273.1365 1.138128e-02 1.684159e-02 1.515938e-04 3.932932e-04 6.059678e-04 2.854125e-03 4.4606248684e+04 2.1963345240e+05 2.1962468653e+05
274.1370 1.141687e-02 1.635410e-02 1.759893e-04 4.442801e-04 6.368280e-04 2.904095e-03 4.4608427334e+04 2.1961468056e+05 2.1964138238e+05
275.1375 1.149314e-02 1.668700e-02 1.706531e-04 4.485125e-04 6.605059e-04 2.769142e-03 4.4610563569e+04 2.1959881592e+05 2.1965498629e+05
276.1380 1.147912e-02 1.674737e-02 1.661768e-04 5.010491e-04 6.950857e-04 2.718046e-03 4.4612583330e+04 2.1958989153e+05 2.1966185504e+05
277.1385 1.139419e-02 1.652824e-02 1.669007e-04 5.389464e-04 7.405409e-04 2.723900e-03 4.4614655365e+04 2.1958972111e+05 2.1966005282e+05
278.1390 1.147967e-02 1.660674e-02 1.683204e-04 5.583952e-04 7.660329e-04 2.498627e-03 4.4616748188e+04 2.1959783001e+05 2.1964983169e+05
279.1395 1.143021e-02 1.681046e-02 1.701352e-04 6.384053e-04 8.819298e-04 2.614592e-03 4.4618917878e+04 2.1961193034e+05 2.1963342140e+05
280.1400 1.165936e-02 1.683846e-02 1.640800e-04 6.102625e-04 8.108037e-04 2.484584e-03 4.4621183003e+04 2.1962819892e+05 2.1961481380e+05
281.1405 1.160243e-02 1.665989e-02 1.591313e-04 6.185558e-04 8.868518e-04 2.554195e-03 4.4623604613e+04 2.1964256390e+05 2.1959811107e+05
282.1410 1.179078e-02 1.693619e-02 1.862894e-04 5.937556e-04 8.458208e-04 2.550155e-03 4.4626119608e+04 2.1965062574e+05 2.1958728340e+05
283.1415 1.161042e-02 1.619576e-02 1.754532e-04 6.033100e-04 8.668271e-04 2.645310e-03 4.4628774180e+04 2.1965112014e+05 2.1958455971e+05
284.1420 1.151533e-02 1.654346e-02 1.636721e-04 5.666140e-04 8.136376e-04 2.735008e-03 4.4631437955e+04 2.1964258340e+05 2.1959031733e+05
285.1425 1.160377e-02 1.662895e-02 1.778698e-04 5.133346e-04 7.733664e-04 2.923593e-03 4.4633900970e+04 2.1962761767e+05 2.1960272205e+05
286.1430 1.170753e-02 1.689355e-02 1.944398e-04 4.827530e-04 6.896639e-04 2.961409e-03 4.4636363741e+04 2.1960920480e+05 2.1961847303e+05
287.1435 1.161394e-02 1.690223e-02 1.792519e-04 4.649858e-04 6.767844e-04 3.131794e-03 4.4639046496e+04 2.1959169423e+05 2.1963332909e+05
288.1440 1.153015e-02 1.679326e-02 1.883278e-04 4.274714e-04 6.466696e-04 3.210491e-03 4.4641728695e+04 2.1957910611e+05 2.1964328317e+05
289.1445 1.163403e-02 1.684981e-02 1.784530e-04 3.896909e-04 5.787057e-04 3.265276e-03 4.4644265169e+04 2.1957420748e+05 2.1964557662e+05
290.1450 1.163257e-02 1.666827e-02 1.770697e-04 4.218719e-04 6.134725e-04 3.259038e-03 4.4646691668e+04 2.1957820812e+05 2.1963923774e+05
291.1455 1.159174e-02 1.655797e-02 1.855428e-04 4.282959e-04 6.345516e-04 3.278805e-03 4.4648921191e+04 2.1958965962e+05 2.1962557136e+05
292.1460 1.138629e-02 1.652844e-02 1.540688e-04 4.781025e-04 6.894324e-04 3.116146e-03 4.4651043114e+04 2.1960567842e+05 2.1960761196e+05
293.1465 1.148840e-02 1.649296e-02 1.809644e-04 5.516537e-04 7.659417e-04 3.136085e-03 4.4653040021e+04 2.1962175028e+05 2.1958946032e+05
294.1470 1.155588e-02 1.666443e-02 1.646736e-04 5.737635e-04 8.159286e-04 2.881487e-03 4.4655254973e+04 2.1963350977e+05 2.1957545268e+05
295.1475 1.165193e-02 1.667444e-02 1.717698e-04 6.314140e-04 9.228556e-04 2.947431e-03 4.4657470848e+04 2.1963785831e+05 2.1956874120e+05
296.1480 1.179399e-02 1.666909e-02 1.760218e-04 6.164976e-04 8.739633e-04 2.669089e-03 4.4659535734e+04 2.1963364498e+05 2.1957094311e+05
297.1485 1.172685e-02 1.694722e-02 1.720435e-04 7.311780e-04 1.035347e-03 2.686519e-03 4.4661550484e+04 2.1962123546e+05 2.1958110896e+05
298.1490 1.172278e-02 1.697758e-02 2.008005e-04 7.106768e-04 1.020358e-03 2.718190e-03 4.4663616683e+04 2.1960361943e+05 2.1959667390e+05
299.1495 1.159658e-02 1.640306e-02 1.591713e-04 6.700883e-04 9.411449e-04 2.639569e-03 4.4665898800e+04 2.1958485666e+05 2.1961356970e+05
300.1500 1.160755e-02 1.661217e-02 1.654246e-04 7.318677e-04 1.039124e-03 2.833221e-03 4.4668245881e+04 2.1956857563e+05 2.1962721165e+05
301.1505 1.164315e-02 1.681632e-02 1.779117e-04 6.820957e-04 9.193784e-04 2.901332e-03 4.4670859465e+04 2.1955895726e+05 2.1963417194e+05
302.1510 1.167127e-02 1.657464e-02 1.813760e-04 6.251129e-04 8.844640e-04 3.004862e-03 4.4673668784e+04 2.1955816377e+05 2.1963223781e+05
303.1515 1.163216e-02 1.684435e-02 1.570819e-04 5.803801e-04 7.804389e-04 3.242487e-03 4.4676556334e+04 2.1956580770e+05 2.1962160905e+05
304.1520 1.167534e-02 1.666495e-02 1.821174e-04 5.207931e-04 7.280871e-04 3.322144e-03 4.4679350431e+04 2.1958022685e+05 2.1960446104e+05
305.1525 1.153736e-02 1.652826e-02 1.655698e-04 5.023399e-04 6.817557e-04 3.476565e-03 4.4681970412e+04 2.1959754830e+05 2.1958463577e+05
306.1530 1.159720e-02 1.637609e-02 1.714561e-04 4.836460e-04 6.823721e-04 3.564252e-03 4.4684371126e+04 2.1961315034e+05 2.1956655255e+05
307.1535 1.160935e-02 1.623248e-02 1.784873e-04 4.231884e-04 6.605804e-04 3.572135e-03 4.4686793541e+04 2.1962309104e+05 2.1955433070e+05
308.1540 1.141001e-02 1.621494e-02 1.740269e-04 4.634097e-04 6.738131e-04 3.546417e-03 4.4689334188e+04 2.1962439207e+05 2.1955058857e+05
309.1545 1.153736e-02 1.691891e-02 2.039580e-04 4.734306e-04 7.220863e-04 3.550964e-03 4.4691776093e+04 2.1961606234e+05 2.1955604360e+05
310.1550 1.170222e-02 1.671079e-02 1.716124e-04 4.854659e-04 8.017013e-04 3.398669e-03 4.4694119739e+04 2.1960065421e+05 2.1956913853e+05
311.1555 1.175674e-02 1.682347e-02 1.809855e-04 5.979018e-04 8.859435e-04 3.307810e-03 4.4696341589e+04 2.1958112641e+05 2.1958633167e+05
312.1560 1.183523e-02 1.672016e-02 1.755167e-04 6.119980e-04 9.225573e-04 3.165687e-03 4.4698341856e+04 2.1956228035e+05 2.1960324739e+05
313.1565 1.177999e-02 1.657600e-02 1.676763e-04 6.576062e-04 1.038550e-03 3.061198e-03 4.4700256892e+04 2.1954827163e+05 2.1961540425e+05
314.1570 1.167900e-02 1.675959e-02 1.729022e-04 7.422197e-04 1.095152e-03 2.963686e-03 4.4702242617e+04 2.1954200539e+05 2.1961965086e+05
315.1575 1.157376e-02 1.704141e-02 1.635110e-04 7.609970e-04 1.053325e-03 2.917141e-03 4.4704440665e+04 2.1954453885e+05 2.1961480895e+05
316.1580 1.169270e-02 1.692871e-02 1.603010e-04 8.470224e-04 1.189259e-03 2.959649e-03 4.4706709838e+04 2.1955539266e+05 2.1960165343e+05
317.1585 1.181738e-02 1.711982e-02 1.738898e-04 7.540990e-04 1.011152e-03 2.962105e-03 4.4709123446e+04 2.1957116891e+05 2.1958345313e+05
318.1590 1.179676e-02 1.698799e-02 1.552725e-04 7.961835e-04 1.099871e-03 3.122764e-03 4.4711692803e+04 2.1958787824e+05 2.1956409132e+05
319.1595 1.187057e-02 1.698121e-02 1.710796e-04 7.439558e-04 9.480949e-04 3.220109e-03 4.4714248976e+04 2.1960117905e+05 2.1954821940e+05
320.1600 1.196485e-02 1.671420e-02 1.651922e-04 7.277668e-04 9.453476e-04 3.408858e-03 4.4716842925e+04 2.1960768247e+05 2.1953919698e+05
321.1605 1.204473e-02 1.701536e-02 1.743822e-04 6.798578e-04 8.871738e-04 3.605422e-03 4.4719495278e+04 2.1960500764e+05 2.1953897047e+05
322.1610 1.173483e-02 1.735714e-02 1.551833e-04 6.150045e-04 7.772406e-04 3.643309e-03 4.4722415003e+04 2.1959384348e+05 2.1954723557e+05
323.1615 1.169331e-02 1.735039e-02 1.820321e-04 5.706166e-04 7.985560e-04 3.805655e-03 4.4725279120e+04 2.1957666362e+05 2.1956152394e+05
324.1620 1.180029e-02 1.658402e-02 1.853317e-04 5.353668e-04 7.527256e-04 3.905133e-03 4.4728054402e+04 2.1955762219e+05 2.1957809765e+05
325.1625 1.183951e-02 1.723073e-02 1.756611e-04 5.379966e-04 7.833175e-04 3.912163e-03 4.4730674445e+04 2.1954035069e+05 2.1959241600e+05
326.1630 1.174735e-02 1.675184e-02 1.620097e-04 5.210703e-04 8.402373e-04 3.867976e-03 4.4733208786e+04 2.1952984499e+05 2.1960062643e+05
327.1635 1.173898e-02 1.649903e-02 1.852257e-04 5.390055e-04 8.597051e-04 3.790524e-03 4.4735494958e+04 2.1952790781e+05 2.1960041163e+05
328.1640 1.160201e-02 1.670093e-02 1.711061e-04 5.760969e-04 9.627589e-04 3.735838e-03 4.4737688324e+04 2.1953452148e+05 2.1959153934e+05
329.1645 1.162199e-02 1.675539e-02 1.658251e-04 6.263379e-04 1.044048e-03 3.626872e-03 4.4739771899e+04 2.1954800391e+05 2.1957592042e+05
330.1650 1.168143e-02 1.693073e-02 1.767701e-04 6.878599e-04 1.149471e-03 3.470540e-03 4.4741911673e+04 2.1956462943e+05 2.1955705006e+05
331.1655 1.178144e-02 1.691443e-02 1.624144e-04 7.036877e-04 1.080250e-03 3.333074e-03 4.4744087361e+04 2.1958006397e+05 2.1953949564e+05
332.1660 1.171631e-02 1.707052e-02 2.066517e-04 8.021814e-04 1.258902e-03 3.298235e-03 4.4746327950e+04 2.1959002494e+05 2.1952713982e+05
333.1665 1.175350e-02 1.686004e-02 1.679965e-04 7.915278e-04 1.137191e-03 3.269663e-03 4.4748478300e+04 2.1959203628e+05 2.1952312873e+05
334.1670 1.189058e-02 1.729406e-02 1.829010e-04 8.494799e-04 1.201227e-03 3.267327e-03 4.4750635598e+04 2.1958479099e+05 2.1952791541e+05
335.1675 1.179985e-02 1.713642e-02 1.952512e-04 8.666564e-04 1.154568e-03 3.339106e-03 4.4752965953e+04 2.1957027364e+05 2.1954023415e+05
336.1680 1.187817e-02 1.690342e-02 1.731945e-04 8.188117e-04 1.046176e-03 3.469523e-03 4.4755235546e+04 2.1955150538e+05 2.1955677417e+05
337.1685 1.185801e-02 1.718698e-02 1.771293e-04 8.744807e-04 1.112126e-03 3.617679e-03 4.4757725763e+04 2.1953247594e+05 2.1957311407e+05
338.1690 1.202330e-02 1.736751e-02 1.777364e-04 7.891134e-04 9.422693e-04 3.713865e-03 4.4760491430e+04 2.1951747098e+05 2.1958520755e+05
339.1695 1.192317e-02 1.711407e-02 1.877336e-04 7.712038e-04 9.465938e-04 3.851762e-03 4.4763450719e+04 2.1951045569e+05 2.1958939178e+05
340.1700 1.203344e-02 1.735799e-02 1.876012e-04 7.049958e-04 8.704975e-04 4.056254e-03 4.4766312119e+04 2.1951242549e+05 2.1958442068e+05
341.1705 1.204837e-02 1.717510e-02 1.710736e-04 6.748482e-04 8.935511e-04 4.116490e-03 4.4769172897e+04 2.1952296668e+05 2.1957102235e+05
342.1710 1.185015e-02 1.698429e-02 1.661742e-04 6.656351e-04 9.316660e-04 4.118177e-03 4.4771997442e+04 2.1953921920e+05 2.1955213970e+05
343.1715 1.184695e-02 1.725254e-02 1.783040e-04 6.366353e-04 9.338348e-04 4.167479e-03 4.4774739866e+04 2.1955638517e+05 2.1953208300e+05
344.1720 1.185372e-02 1.696982e-02 1.678010e-04 6.577874e-04 1.039862e-03 4.148007e-03 4.4777406179e+04 2.1957061631e+05 2.1951527549e+05
345.1725 1.184277e-02 1.713555e-02 1.727338e-04 6.416896e-04 1.038513e-03 4.019271e-03 4.4780059451e+04 2.1957754927e+05 2.1950564656e+05
346.1730 1.173944e-02 1.693650e-02 1.678587e-04 6.965172e-04 1.202213e-03 3.981913e-03 4.4782664734e+04 2.1957561351e+05 2.1950510444e+05
347.1735 1.187222e-02 1.683952e-02 1.833576e-04 6.919017e-04 1.157954e-03 3.898678e-03 4.4785035433e+04 2.1956468717e+05 2.1951365057e+05
348.1740 1.199091e-02 1.686472e-02 1.687540e-04 7.996663e-04 1.289120e-03 3.816520e-03 4.4787315556e+04 2.1954723624e+05 2.1952867112e+05
349.1745 1.203175e-02 1.755958e-02 1.816819e-04 7.819142e-04 1.189702e-03 3.693472e-03 4.4789548028e+04 2.1952705405e+05 2.1954641885e+05
350.1750 1.202175e-02 1.728372e-02 1.834880e-04 8.462808e-04 1.280195e-03 3.767795e-03 4.4791691606e+04 2.1950931919e+05 2.1956204945e+05
351.1755 1.181261e-02 1.688340e-02 1.808364e-04 9.143086e-04 1.305090e-03 3.754790e-03 4.4793927488e+04 2.1949774276e+05 2.1957165994e+05
352.1760 1.192216e-02 1.732316e-02 1.737523e-04 8.851844e-04 1.118659e-03 3.781605e-03 4.4796147021e+04 2.1949426432e+05 2.1957278253e+05
353.1765 1.198500e-02 1.754910e-02 1.740321e-04 9.830926e-04 1.259884e-03 3.873218e-03 4.4798475112e+04 2.1949984544e+05 2.1956456338e+05
354.1770 1.214270e-02 1.705448e-02 1.807633e-04 9.162058e-04 1.083788e-03 3.897451e-03 4.4800928300e+04 2.1951307131e+05 2.1954915356e+05
355.1775 1.217912e-02 1.760688e-02 1.827400e-04 9.127865e-04 1.054042e-03 4.081120e-03 4.4803453271e+04 2.1952948594e+05 2.1952988488e+05
356.1780 1.191828e-02 1.723086e-02 1.698112e-04 9.314638e-04 1.101812e-03 4.163688e-03 4.4806243441e+04 2.1954554822e+05 2.1951121664e+05
357.1785 1.190528e-02 1.715552e-02 1.700677e-04 8.887020e-04 1.044502e-03 4.111464e-03 4.4808889807e+04 2.1955681239e+05 2.1949745401e+05
358.1790 1.194986e-02 1.728499e-02 1.835431e-04 8.892234e-04 1.074745e-03 4.294112e-03 4.4811496991e+04 2.1955990898e+05 2.1949153678e+05
359.1795 1.198006e-02 1.717951e-02 1.664825e-04 8.126523e-04 1.106164e-03 4.324408e-03 4.4814286406e+04 2.1955410824e+05 2.1949459755e+05
360.1800 1.188421e-02 1.755453e-02 1.980511e-04 8.169173e-04 1.146853e-03 4.299349e-03 4.4817309360e+04 2.1954009348e+05 2.1950544420e+05
361.1805 1.179642e-02 1.713902e-02 1.688422e-04 8.091513e-04 1.187925e-03 4.303946e-03 4.4820347705e+04 2.1952168450e+05 2.1952108489e+05
362.1810 1.208360e-02 1.696617e-02 1.847216e-04 8.003383e-04 1.267296e-03 4.320634e-03 4.4823200672e+04 2.1950250463e+05 2.1953728410e+05
363.1815 1.207755e-02 1.713930e-02 1.703787e-04 7.821238e-04 1.288800e-03 4.396210e-03 4.4826057606e+04 2.1948699174e+05 2.1954979340e+05
364.1820 1.196847e-02 1.724332e-02 1.593441e-04 7.772635e-04 1.298642e-03 4.240113e-03 4.4828758019e+04 2.1947905576e+05 2.1955510008e+05
365.1825 1.215568e-02 1.724611e-02 1.852155e-04 8.291488e-04 1.340614e-03 4.353887e-03 4.4831195861e+04 2.1948009542e+05 2.1955147021e+05
366.1830 1.193878e-02 1.717657e-02 1.801912e-04 8.229587e-04 1.309580e-03 4.232771e-03 4.4833773737e+04 2.1948964393e+05 2.1953956541e+05
367.1835 1.187871e-02 1.742769e-02 1.568499e-04 8.753466e-04 1.383439e-03 4.387158e-03 4.4836241471e+04 2.1950457703e+05 2.1952194505e+05
368.1840 1.224781e-02 1.757521e-02 1.617596e-04 8.748945e-04 1.200828e-03 4.292452e-03 4.4838548503e+04 2.1952129692e+05 2.1950277109e+05
369.1845 1.202495e-02 1.725154e-02 1.756325e-04 9.458633e-04 1.293903e-03 4.482755e-03 4.4840952026e+04 2.1953559151e+05 2.1948620155e+05
370.1850 1.192328e-02 1.733967e-02 1.800858e-04 9.168286e-04 1.183169e-03 4.358685e-03 4.4843256941e+04 2.1954328095e+05 2.1947632479e+05
371.1855 1.237405e-02 1.789739e-02 1.761728e-04 9.811008e-04 1.140468e-03 4.481577e-03 4.4845396796e+04 2.1954179143e+05 2.1947519246e+05
372.1860 1.204019e-02 1.748826e-02 1.878031e-04 1.038535e-03 1.209602e-03 4.476805e-03 4.4847824600e+04 2.1953198150e+05 2.1948285519e+05
373.1865 1.199754e-02 1.743444e-02 1.763245e-04 1.058402e-03 1.213731e-03 4.467257e-03 4.4850091436e+04 2.1951537797e+05 2.1949725933e+05
374.1870 1.217180e-02 1.784040e-02 1.915398e-04 1.090347e-03 1.243919e-03 4.550939e-03 4.4852280026e+04 2.1949553305e+05 2.1951454435e+05
375.1875 1.213950e-02 1.752233e-02 1.752456e-04 1.090716e-03 1.306600e-03 4.413301e-03 4.4854877927e+04 2.1947752395e+05 2.1953019908e+05
376.1880 1.211142e-02 1.788213e-02 1.871978e-04 1.110759e-03 1.378145e-03 4.452631e-03 4.4857762015e+04 2.1946450040e+05 2.1954010414e+05
377.1885 1.234627e-02 1.780977e-02 1.761658e-04 1.112005e-03 1.437187e-03 4.515698e-03 4.4860748645e+04 2.1945991905e+05 2.1954155438e+05
378.1890 1.221008e-02 1.777021e-02 1.706731e-04 1.048248e-03 1.443797e-03 4.367279e-03 4.4863842443e+04 2.1946474865e+05 2.1953383470e+05
379.1895 1.245950e-02 1.770278e-02 1.626233e-04 1.083256e-03 1.591720e-03 4.593800e-03 4.4866766625e+04 2.1947709572e+05 2.1951832499e+05
380.1900 1.229022e-02 1.766731e-02 1.733083e-04 1.024552e-03 1.470609e-03 4.503813e-03 4.4869712941e+04 2.1949401952e+05 2.1949863304e+05
381.1905 1.236028e-02 1.740669e-02 1.781099e-04 1.027987e-03 1.564764e-03 4.721459e-03 4.4872613668e+04 2.1951074740e+05 2.1947895528e+05
382.1910 1.204481e-02 1.747075e-02 1.806115e-04 9.640645e-04 1.477066e-03 4.763794e-03 4.4875866755e+04 2.1952278457e+05 2.1946384277e+05
383.1915 1.222253e-02 1.746267e-02 1.770044e-04 9.816001e-04 1.504630e-03 4.887564e-03 4.4879020024e+04 2.1952692932e+05 2.1945637049e+05
384.1920 1.224593e-02 1.736006e-02 1.643428e-04 9.412737e-04 1.330900e-03 5.003883e-03 4.4882112255e+04 2.1952213040e+05 2.1945812641e+05
385.1925 1.211178e-02 1.734133e-02 1.836986e-04 9.481834e-04 1.372036e-03 5.089346e-03 4.4885079268e+04 2.1950919720e+05 2.1946811265e+05
386.1930 1.217014e-02 1.718105e-02 1.780168e-04 9.311194e-04 1.284252e-03 5.141821e-03 4.4887552007e+04 2.1949112360e+05 2.1948380685e+05
387.1935 1.230141e-02 1.704269e-02 1.719153e-04 9.932367e-04 1.235763e-03 5.123709e-03 4.4889688034e+04 2.1947181025e+05 2.1950097686e+05
388.1940 1.219830e-02 1.697358e-02 2.062604e-04 1.016870e-03 1.284253e-03 5.271215e-03 4.4891852298e+04 2.1945550239e+05 2.1951509749e+05
389.1945 1.221998e-02 1.716973e-02 1.729437e-04 1.057294e-03 1.321637e-03 5.005363e-03 4.4893952633e+04 2.1944601643e+05 2.1952246218e+05
390.1950 1.227783e-02 1.764738e-02 1.812299e-04 1.153572e-03 1.357274e-03 5.030723e-03 4.4896108864e+04 2.1944494623e+05 2.1952105173e+05
391.1955 1.239437e-02 1.774925e-02 1.951289e-04 1.224964e-03 1.491687e-03 4.833451e-03 4.4898414447e+04 2.1945264367e+05 2.1951100040e+05
392.1960 1.231354e-02 1.773074e-02 1.808366e-04 1.234403e-03 1.546697e-03 4.832382e-03 4.4900797125e+04 2.1946656789e+05 2.1949473125e+05
393.1965 1.243935e-02 1.766473e-02 1.847655e-04 1.288311e-03 1.641186e-03 4.674337e-03 4.4903189686e+04 2.1948283032e+05 2.1947602218e+05
394.1970 1.252792e-02 1.798680e-02 1.797454e-04 1.357922e-03 1.720251e-03 4.550743e-03 4.4905653463e+04 2.1949699503e+05 2.1945921850e+05
395.1975 1.236178e-02 1.791276e-02 1.797565e-04 1.383948e-03 1.846240e-03 4.730407e-03 4.4908323168e+04 2.1950545144e+05 2.1944804666e+05
396.1980 1.242222e-02 1.755414e-02 1.810946e-04 1.300971e-03 1.740972e-03 4.634006e-03 4.4911258192e+04 2.1950586728e+05 2.1944497162e+05
397.1985 1.238254e-02 1.785615e-02 1.931138e-04 1.316046e-03 1.870388e-03 4.762169e-03 4.4914601245e+04 2.1949713970e+05 2.1945014682e+05
398.1990 1.221684e-02 1.757691e-02 1.609939e-04 1.276067e-03 1.751377e-03 5.042502e-03 4.4918116648e+04 2.1948177841e+05 2.1946216672e+05
399.1995 1.257658e-02 1.767708e-02 1.795785e-04 1.236217e-03 1.698477e-03 5.155273e-03 4.4921624827e+04 2.1946266911e+05 2.1947751605e+05
400.2000 1.223083e-02 1.771202e-02 1.795002e-04 1.107274e-03 1.587473e-03 5.517206e-03 4.4925331962e+04 2.1944457488e+05 2.1949200810e+05
401.2005 1.216900e-02 1.753101e-02 1.809940e-04 1.039384e-03 1.481774e-03 5.572586e-03 4.4928721284e+04 2.1943185309e+05 2.1950144933e+05
402.2010 1.224894e-02 1.747140e-02 1.973635e-04 1.050236e-03 1.454927e-03 5.867082e-03 4.4931766079e+04 2.1942712679e+05 2.1950302123e+05
403.2015 1.219292e-02 1.743965e-02 1.840983e-04 9.740535e-04 1.303702e-03 5.878911e-03 4.4934863065e+04 2.1943112716e+05 2.1949598874e+05
404.2020 1.213052e-02 1.743266e-02 2.053627e-04 9.979788e-04 1.346799e-03 6.049583e-03 4.4937823219e+04 2.1944275540e+05 2.1948136713e+05
405.2025 1.216021e-02 1.752231e-02 1.740861e-04 1.035820e-03 1.366879e-03 5.978568e-03 4.4940591056e+04 2.1945887927e+05 2.1946245436e+05
406.2030 1.227682e-02 1.768160e-02 1.890548e-04 1.072843e-03 1.380676e-03 5.893215e-03 4.4943004289e+04 2.1947523553e+05 2.1944358755e+05
407.2035 1.248231e-02 1.772738e-02 1.693621e-04 1.138752e-03 1.492912e-03 5.699229e-03 4.4945095134e+04 2.1948738032e+05 2.1942926066e+05
408.2040 1.231376e-02 1.800345e-02 1.843955e-04 1.280218e-03 1.612039e-03 5.501589e-03 4.4946982759e+04 2.1949176736e+05 2.1942286514e+05
409.2045 1.246115e-02 1.809395e-02 1.565957e-04 1.399565e-03 1.790494e-03 5.388978e-03 4.4948748819e+04 2.1948692634e+05 2.1942580287e+05
410.2050 1.246430e-02 1.791652e-02 1.891648e-04 1.487934e-03 1.846223e-03 4.976684e-03 4.4950692307e+04 2.1947378495e+05 2.1943717615e+05
411.2055 1.242453e-02 1.793911e-02 1.761417e-04 1.557813e-03 2.009558e-03 4.967541e-03 4.4952771120e+04 2.1945484986e+05 2.1945395792e+05
412.2060 1.255909e-02 1.833920e-02 1.815351e-04 1.643878e-03 2.051610e-03 4.919826e-03 4.4955215901e+04 2.1943419042e+05 2.1947191236e+05
413.2065 1.248746e-02 1.850291e-02 1.723509e-04 1.717083e-03 2.123495e-03 4.816237e-03 4.4958012103e+04 2.1941692633e+05 2.1948636886e+05
414.2070 1.269714e-02 1.862315e-02 1.738150e-04 1.655808e-03 2.112513e-03 5.105184e-03 4.4961016647e+04 2.1940632418e+05 2.1949369192e+05
415.2075 1.258857e-02 1.838485e-02 1.744571e-04 1.582815e-03 1.979821e-03 5.111522e-03 4.4964439041e+04 2.1940510544e+05 2.1949174344e+05
416.2080 1.241332e-02 1.799836e-02 1.847538e-04 1.562862e-03 1.942984e-03 5.507789e-03 4.4967973981e+04 2.1941297550e+05 2.1948042825e+05
417.2085 1.233776e-02 1.789969e-02 1.622177e-04 1.486423e-03 1.826136e-03 5.837915e-03 4.4971577845e+04 2.1942775805e+05 2.1946209300e+05
418.2090 1.255085e-02 1.812481e-02 1.792286e-04 1.389867e-03 1.712705e-03 6.107660e-03 4.4975227195e+04 2.1944533536e+05 2.1944061553e+05
419.2095 1.250475e-02 1.769523e-02 1.712392e-04 1.240675e-03 1.545956e-03 6.416889e-03 4.4979254590e+04 2.1946144512e+05 2.1942069183e+05
420.2100 1.264524e-02 1.792039e-02 1.802140e-04 1.187926e-03 1.546493e-03 6.731129e-03 4.4983323083e+04 2.1947125942e+05 2.1940652171e+05
421.2105 1.251972e-02 1.793031e-02 1.692021e-04 1.135149e-03 1.443551e-03 6.737288e-03 4.4987102937e+04 2.1947295304e+05 2.1940114184e+05
422.2110 1.225474e-02 1.755967e-02 1.748594e-04 1.132718e-03 1.484762e-03 6.866694e-03 4.4990364096e+04 2.1946583003e+05 2.1940520171e+05
423.2115 1.233631e-02 1.760646e-02 1.905984e-04 1.150510e-03 1.549437e-03 6.747133e-03 4.4992875411e+04 2.1945118550e+05 2.1941733019e+05
424.2120 1.237482e-02 1.758663e-02 1.719670e-04 1.232469e-03 1.669500e-03 6.621877e-03 4.4995087238e+04 2.1943199954e+05 2.1943427691e+05
425.2125 1.227852e-02 1.730512e-02 1.917171e-04 1.328456e-03 1.798352e-03 6.403291e-03 4.4997268661e+04 2.1941258344e+05 2.1945166869e+05
426.2130 1.255346e-02 1.766037e-02 1.728826e-04 1.458047e-03 1.955362e-03 6.074659e-03 4.4999388471e+04 2.1939686261e+05 2.1946501649e+05
427.2135 1.267991e-02 1.781708e-02 1.805691e-04 1.629165e-03 2.155602e-03 5.853259e-03 4.5001515348e+04 2.1938874298e+05 2.1947083421e+05
428.2140 1.285978e-02 1.831153e-02 1.737054e-04 1.749802e-03 2.257219e-03 5.685206e-03 4.5003572425e+04 2.1938939757e+05 2.1946776448e+05
429.2145 1.280128e-02 1.841657e-02 1.758614e-04 1.830324e-03 2.348462e-03 5.314526e-03 4.5005691081e+04 2.1939871606e+05 2.1945645769e+05
430.2150 1.282942e-02 1.822637e-02 1.689139e-04 1.923559e-03 2.430606e-03 5.492432e-03 4.5007683838e+04 2.1941350324e+05 2.1943956826e+05
431.2155 1.290078e-02 1.835085e-02 1.832716e-04 2.004545e-03 2.354833e-03 5.319745e-03 4.5010019780e+04 2.1942959462e+05 2.1942111080e+05
432.2160 1.272260e-02 1.830804e-02 1.678365e-04 2.053342e-03 2.425552e-03 5.685998e-03 4.5012818762e+04 2.1944257377e+05 2.1940530959e+05
433.2165 1.261847e-02 1.820608e-02 1.854580e-04 1.918140e-03 2.194723e-03 5.802171e-03 4.5016122609e+04 2.1944886689e+05 2.1939587810e+05
434.2170 1.271546e-02 1.814989e-02 1.781695e-04 1.863958e-03 2.101614e-03 6.150512e-03 4.5019828079e+04 2.1944648563e+05 2.1939446936e+05
435.2175 1.284445e-02 1.871302e-02 1.732979e-04 1.796827e-03 2.009705e-03 6.680756e-03 4.5023874607e+04 2.1943536732e+05 2.1940106209e+05
436.2180 1.285812e-02 1.842827e-02 1.908195e-04 1.655062e-03 1.834457e-03 6.875092e-03 4.5028255631e+04 2.1941872261e+05 2.1941347904e+05
437.2185 1.265181e-02 1.830432e-02 1.872413e-04 1.540440e-03 1.756586e-03 7.200942e-03 4.5032474258e+04 2.1940023203e+05 2.1942784844e+05
438.2190 1.260395e-02 1.776222e-02 2.090943e-04 1.429699e-03 1.713068e-03 7.512234e-03 4.5036450991e+04 2.1938437652e+05 2.1943992374e+05
439.2195 1.269292e-02 1.757908e-02 1.832454e-04 1.423791e-03 1.756282e-03 7.556650e-03 4.5040248009e+04 2.1937439389e+05 2.1944610800e+05
440.2200 1.251610e-02 1.781789e-02 1.884755e-04 1.389330e-03 1.838430e-03 7.601344e-03 4.5043960008e+04 2.1937237233e+05 2.1944434647e+05
441.2205 1.237990e-02 1.769517e-02 1.915572e-04 1.405115e-03 1.939499e-03 7.488329e-03 4.5047500688e+04 2.1937875947e+05 2.1943453725e+05
442.2210 1.253002e-02 1.815062e-02 1.785572e-04 1.466870e-03 2.108592e-03 7.231098e-03 4.5050547946e+04 2.1939130239e+05 2.1941872057e+05
443.2215 1.265569e-02 1.793112e-02 1.933359e-04 1.562868e-03 2.235765e-03 7.036806e-03 4.5053044861e+04 2.1940707239e+05 2.1940047415e+05
444.2220 1.245604e-02 1.769795e-02 1.878504e-04 1.701740e-03 2.406982e-03 6.835399e-03 4.5055083290e+04 2.1942161230e+05 2.1938403133e+05
445.2225 1.258994e-02 1.819515e-02 1.827556e-04 1.848704e-03 2.516656e-03 6.432262e-03 4.5056850598e+04 2.1943036716e+05 2.1937328808e+05
446.2230 1.280559e-02 1.811288e-02 1.924998e-04 2.004352e-03 2.633422e-03 6.377027e-03 4.5058644083e+04 2.1943098810e+05 2.1937073490e+05
447.2235 1.265509e-02 1.838700e-02 1.804663e-04 2.120898e-03 2.640802e-03 6.217184e-03 4.5060769328e+04 2.1942258573e+05 2.1937700491e+05
448.2240 1.291013e-02 1.843404e-02 1.859243e-04 2.142765e-03 2.588178e-03 6.218724e-03 4.5062951215e+04 2.1940686737e+05 2.1939038788e+05
449.2245 1.307098e-02 1.845556e-02 1.774992e-04 2.245020e-03 2.523566e-03 6.334361e-03 4.5065418725e+04 2.1938722039e+05 2.1940743983e+05
450.2250 1.322081e-02 1.905995e-02 1.962531e-04 2.276291e-03 2.494219e-03 6.498898e-03 4.5068268947e+04 2.1936754768e+05 2.1942387599e+05
451.2255 1.336351e-02 1.909400e-02 1.866000e-04 2.227413e-03 2.333461e-03 6.825914e-03 4.5071435502e+04 2.1935267109e+05 2.1943541423e+05
452.2260 1.321171e-02 1.855020e-02 1.874251e-04 2.157243e-03 2.209123e-03 7.067789e-03 4.5075032226e+04 2.1934610091e+05 2.1943870844e+05
453.2265 1.299358e-02 1.881859e-02 2.108282e-04 2.075640e-03 2.141596e-03 7.475637e-03 4.5078939746e+04 2.1934834620e+05 2.1943242202e+05
454.2270 1.300537e-02 1.886123e-02 1.838174e-04 2.013167e-03 2.097657e-03 7.623188e-03 4.5083120879e+04 2.1935899762e+05 2.1941750584e+05
455.2275 1.320185e-02 1.896196e-02 2.011884e-04 1.881727e-03 2.131978e-03 8.035427e-03 4.5087697598e+04 2.1937465693e+05 2.1939702991e+05
456.2280 1.300930e-02 1.887201e-02 1.838707e-04 1.809060e-03 2.133797e-03 8.048053e-03 4.5092676858e+04 2.1939153966e+05 2.1937534592e+05
457.2285 1.289993e-02 1.842324e-02 1.913511e-04 1.680228e-03 2.199501e-03 8.283728e-03 4.5097374188e+04 2.1940530812e+05 2.1935704718e+05
458.2290 1.289760e-02 1.820045e-02 1.842716e-04 1.723848e-03 2.400127e-03 8.212955e-03 4.5101456284e+04 2.1941249511e+05 2.1934581882e+05
459.2295 1.263758e-02 1.838841e-02 1.962928e-04 1.731227e-03 2.478545e-03 8.170866e-03 4.5104950679e+04 2.1941086566e+05 2.1934395967e+05
460.2300 1.283845e-02 1.832503e-02 1.954736e-04 1.759012e-03 2.595080e-03 8.049113e-03 4.5107985097e+04 2.1940032500e+05 2.1935138524e+05
461.2305 1.280955e-02 1.809673e-02 1.857057e-04 1.836988e-03 2.750224e-03 7.873813e-03 4.5110938675e+04 2.1938296542e+05 2.1936587421e+05
462.2310 1.296715e-02 1.843561e-02 1.976199e-04 1.969857e-03 2.789850e-03 7.717664e-03 4.5113784241e+04 2.1936212281e+05 2.1938364278e+05
463.2315 1.306021e-02 1.837194e-02 1.871518e-04 2.105604e-03 2.852013e-03 7.628237e-03 4.5116366769e+04 2.1934315193e+05 2.1940001977e+05
464.2320 1.297674e-02 1.843395e-02 2.148218e-04 2.232299e-03 2.846407e-03 7.461808e-03 4.5118666232e+04 2.1933008335e+05 2.1941080828e+05
465.2325 1.321080e-02 1.882188e-02 1.832647e-04 2.384470e-03 2.854194e-03 7.535465e-03 4.5120595777e+04 2.1932524444e+05 2.1941336953e+05
466.2330 1.311331e-02 1.852261e-02 2.163763e-04 2.436395e-03 2.748459e-03 7.400218e-03 4.5122663803e+04 2.1932975542e+05 2.1940704682e+05
467.2335 1.318810e-02 1.855395e-02 1.903347e-04 2.516075e-03 2.701132e-03 7.768617e-03 4.5124910909e+04 2.1934114333e+05 2.1939317046e+05
468.2340 1.333823e-02 1.877366e-02 1.925472e-04 2.620995e-03 2.633306e-03 7.617467e-03 4.5127603829e+04 2.1935662347e+05 2.1937490913e+05
469.2345 1.330385e-02 1.895600e-02 2.050325e-04 2.630025e-03 2.597861e-03 8.035665e-03 4.5130694638e+04 2.1937176161e+05 2.1935648676e+05
470.2350 1.352893e-02 1.957679e-02 1.804091e-04 2.614833e-03 2.622626e-03 8.145293e-03 4.5134097634e+04 2.1938231166e+05 2.1934211397e+05
471.2355 1.346769e-02 1.942432e-02 2.011172e-04 2.521817e-03 2.535731e-03 8.335930e-03 4.5138103048e+04 2.1938557360e+05 2.1933494933e+05
472.2360 1.345403e-02 1.926059e-02 1.831595e-04 2.504616e-03 2.668243e-03 8.447676e-03 4.5142354895e+04 2.1938013930e+05 2.1933610242e+05
473.2365 1.347865e-02 1.911309e-02 1.974036e-04 2.494579e-03 2.809105e-03 8.644406e-03 4.5146634906e+04 2.1936708693e+05 2.1934480617e+05
474.2370 1.336850e-02 1.931001e-02 1.879221e-04 2.382853e-03 2.830842e-03 8.587329e-03 4.5151169526e+04 2.1934891853e+05 2.1935840730e+05
475.2375 1.323063e-02 1.922486e-02 1.782018e-04 2.364857e-03 3.008624e-03 8.769546e-03 4.5155783808e+04 2.1933002636e+05 2.1937266930e+05
476.2380 1.326713e-02 1.868287e-02 2.155882e-04 2.273696e-03 3.036326e-03 8.885915e-03 4.5160490126e+04 2.1931460689e+05 2.1938361905e+05
477.2385 1.314392e-02 1.901453e-02 1.711167e-04 2.335285e-03 3.190918e-03 8.854747e-03 4.5165189334e+04 2.1930558194e+05 2.1938775277e+05
478.2390 1.310699e-02 1.870425e-02 1.823482e-04 2.274635e-03 3.177642e-03 8.902712e-03 4.5169467836e+04 2.1930563081e+05 2.1938357757e+05
479.2395 1.311163e-02 1.865301e-02 1.909416e-04 2.287049e-03 3.149324e-03 8.908978e-03 4.5173183717e+04 2.1931409553e+05 2.1937145677e+05
480.2400 1.303463e-02 1.904675e-02 2.040501e-04 2.338164e-03 3.140822e-03 8.923425e-03 4.5176318096e+04 2.1932839258e+05 2.1935383549e+05
481.2405 1.310107e-02 1.852751e-02 1.864838e-04 2.430738e-03 3.081959e-03 9.114256e-03 4.5179031129e+04 2.1934489657e+05 2.1933466754e+05
482.2410 1.314485e-02 1.852951e-02 2.140567e-04 2.483545e-03 2.991984e-03 9.044429e-03 4.5181775400e+04 2.1935841649e+05 2.1931843775e+05
483.2415 1.332513e-02 1.895013e-02 1.854193e-04 2.585231e-03 2.941882e-03 9.239658e-03 4.5184489417e+04 2.1936495493e+05 2.1930883270e+05
484.2420 1.357215e-02 1.936334e-02 1.949425e-04 2.689900e-03 2.835413e-03 9.117251e-03 4.5187133918e+04 2.1936286844e+05 2.1930801069e+05
485.2425 1.352686e-02 1.958667e-02 2.107554e-04 2.726655e-03 2.841598e-03 9.363122e-03 4.5189779111e+04 2.1935215507e+05 2.1931591798e+05
486.2430 1.361728e-02 1.951096e-02 1.774388e-04 2.807853e-03 2.827692e-03 9.182582e-03 4.5192534328e+04 2.1933488554e+05 2.1933055803e+05
487.2435 1.357445e-02 1.959112e-02 2.135169e-04 2.938924e-03 2.906711e-03 9.284716e-03 4.5195513641e+04 2.1931415206e+05 2.1934811693e+05
488.2440 1.359276e-02 1.967414e-02 2.027207e-04 2.999564e-03 3.075885e-03 9.385979e-03 4.5198717614e+04 2.1929485484e+05 2.1936399907e+05
489.2445 1.363123e-02 1.995853e-02 2.044623e-04 3.014461e-03 3.134637e-03 9.200411e-03 4.5202264730e+04 2.1928130472e+05 2.1937397130e+05
490.2450 1.352259e-02 1.948013e-02 2.077424e-04 3.016508e-03 3.306977e-03 9.292916e-03 4.5206099753e+04 2.1927652116e+05 2.1937507980e+05
491.2455 1.376604e-02 2.006942e-02 1.770947e-04 3.071860e-03 3.538977e-03 9.305206e-03 4.5210286117e+04 2.1928027492e+05 2.1936665772e+05
492.2460 1.385281e-02 2.023185e-02 1.962170e-04 3.077697e-03 3.640405e-03 9.327529e-03 4.5214968756e+04 2.1929169084e+05 2.1935034349e+05
493.2465 1.371475e-02 1.969203e-02 1.703848e-04 3.032186e-03 3.727712e-03 9.370175e-03 4.5220061765e+04 2.1930769267e+05 2.1932951102e+05
494.2470 1.369796e-02 1.969137e-02 1.906217e-04 3.004319e-03 3.800559e-03 9.547424e-03 4.5224865906e+04 2.1932392105e+05 2.1930845187e+05
495.2475 1.371810e-02 1.985799e-02 1.967866e-04 3.004451e-03 3.755346e-03 9.798214e-03 4.5229275405e+04 2.1933608165e+05 2.1929171795e+05
496.2480 1.351503e-02 1.986788e-02 1.827764e-04 3.048608e-03 3.863282e-03 9.928155e-03 4.5233710334e+04 2.1934059376e+05 2.1928270283e+05
497.2485 1.375166e-02 1.960367e-02 1.934515e-04 2.905463e-03 3.577186e-03 1.017123e-02 4.5238055772e+04 2.1933569983e+05 2.1928331015e+05
498.2490 1.360943e-02 1.987408e-02 1.776657e-04 2.924909e-03 3.559811e-03 1.038928e-02 4.5242603225e+04 2.1932193322e+05 2.1929242116e+05
499.2495 1.355651e-02 1.958726e-02 2.157035e-04 2.929535e-03 3.412904e-03 1.063189e-02 4.5246924213e+04 2.1930274916e+05 2.1930738069e+05
500.2500 1.350116e-02 1.919514e-02 1.777381e-04 2.969697e-03 3.312330e-03 1.087012e-02 4.5250593970e+04 2.1928273248e+05 2.1932385835e+05
501.2505 1.365374e-02 1.958494e-02 2.218548e-04 2.969625e-03 3.238508e-03 1.093965e-02 4.5253727675e+04 2.1926577468e+05 2.1933742399e+05
502.2510 1.381613e-02 1.935532e-02 1.870915e-04 3.028827e-03 3.255282e-03 1.105299e-02 4.5256789255e+04 2.1925569025e+05 2.1934441713e+05
503.2515 1.358043e-02 1.944556e-02 1.978068e-04 3.123865e-03 3.258416e-03 1.094659e-02 4.5260019568e+04 2.1925405242e+05 2.1934288613e+05
504.2520 1.353041e-02 1.951061e-02 1.872348e-04 3.192757e-03 3.381503e-03 1.097468e-02 4.5263215346e+04 2.1926082721e+05 2.1933284173e+05
505.2525 1.372022e-02 1.963075e-02 2.005764e-04 3.318068e-03 3.536769e-03 1.073597e-02 4.5266329771e+04 2.1927405676e+05 2.1931639119e+05
506.2530 1.401136e-02 1.979799e-02 1.860592e-04 3.447619e-03 3.665645e-03 1.073659e-02 4.5269462941e+04 2.1928960901e+05 2.1929737861e+05
507.2535 1.382931e-02 2.033405e-02 1.801701e-04 3.474767e-03 3.824272e-03 1.045411e-02 4.5273005128e+04 2.1930308257e+05 2.1928027299e+05
508.2540 1.382955e-02 2.032231e-02 2.004302e-04 3.569275e-03 4.070137e-03 1.053898e-02 4.5276883334e+04 2.1931041083e+05 2.1926890535e+05
509.2545 1.383014e-02 1.992375e-02 1.804318e-04 3.658726e-03 4.109656e-03 1.038249e-02 4.5280980944e+04 2.1930960773e+05 2.1926580043e+05
510.2550 1.387747e-02 2.051199e-02 2.111629e-04 3.766152e-03 4.336381e-03 1.030037e-02 4.5285126592e+04 2.1929981442e+05 2.1927102300e+05
511.2555 1.393189e-02 2.048678e-02 1.911363e-04 3.789200e-03 4.367265e-03 1.047462e-02 4.5289321928e+04 2.1928353641e+05 2.1928301023e+05
512.2560 1.422491e-02 2.057520e-02 1.912473e-04 3.740622e-03 4.342463e-03 1.057415e-02 4.5293776768e+04 2.1926367064e+05 2.1929824822e+05
513.2565 1.409516e-02 2.064127e-02 1.941267e-04 3.754105e-03 4.292148e-03 1.089588e-02 4.5298853584e+04 2.1924433691e+05 2.1931240877e+05
514.2570 1.405752e-02 2.022441e-02 1.856196e-04 3.819555e-03 4.314843e-03 1.123907e-02 4.5304096368e+04 2.1923021025e+05 2.1932133567e+05
515.2575 1.393198e-02 2.014247e-02 2.093569e-04 3.739761e-03 4.134047e-03 1.140460e-02 4.5309097987e+04 2.1922440270e+05 2.1932223967e+05
516.2580 1.392033e-02 2.009912e-02 1.949774e-04 3.621246e-03 3.954990e-03 1.183374e-02 4.5313718594e+04 2.1922788607e+05 2.1931414586e+05
517.2585 1.428151e-02 2.019838e-02 2.150101e-04 3.627871e-03 3.932269e-03 1.214577e-02 4.5318321417e+04 2.1923879044e+05 2.1929832454e+05
518.2590 1.403276e-02 2.007210e-02 2.067823e-04 3.586720e-03 3.833440e-03 1.248783e-02 4.5323378307e+04 2.1925392336e+05 2.1927819598e+05
519.2595 1.394759e-02 2.016051e-02 1.923215e-04 3.593557e-03 3.766193e-03 1.269551e-02 4.5328530073e+04 2.1926893092e+05 2.1925794370e+05
520.2600 1.411638e-02 1.980433e-02 2.130969e-04 3.551639e-03 3.848830e-03 1.283393e-02 4.5333231652e+04 2.1928044172e+05 2.1924177772e+05
521.2605 1.399820e-02 1.968387e-02 1.916576e-04 3.575204e-03 3.823816e-03 1.282859e-02 4.5337349463e+04 2.1928505892e+05 2.1923313053e+05
522.2610 1.438382e-02 2.034112e-02 2.100005e-04 3.635064e-03 3.955332e-03 1.289184e-02 4.5341055682e+04 2.1928024705e+05 2.1923366970e+05
523.2615 1.433478e-02 2.038023e-02 1.774755e-04 3.737237e-03 4.166761e-03 1.277549e-02 4.5344950927e+04 2.1926709222e+05 2.1924286741e+05
524.2620 1.398744e-02 2.007577e-02 1.932405e-04 3.894570e-03 4.357397e-03 1.259148e-02 4.5349094195e+04 2.1924800278e+05 2.1925808816e+05
525.2625 1.407153e-02 2.017670e-02 2.033856e-04 4.047498e-03 4.483365e-03 1.229778e-02 4.5352877563e+04 2.1922703530e+05 2.1927519035e+05
526.2630 1.443613e-02 2.049292e-02 1.940723e-04 4.135197e-03 4.735299e-03 1.218526e-02 4.5356355612e+04 2.1920880514e+05 2.1928952553e+05
527.2635 1.447739e-02 2.051964e-02 2.115736e-04 4.252861e-03 4.797709e-03 1.210177e-02 4.5360047709e+04 2.1919718804e+05 2.1929735394e+05
528.2640 1.450814e-02 2.080290e-02 1.730783e-04 4.500398e-03 5.024815e-03 1.201827e-02 4.5363939322e+04 2.1919402212e+05 2.1929639691e+05
529.2645 1.466687e-02 2.106651e-02 2.136816e-04 4.605959e-03 5.061854e-03 1.187373e-02 4.5368078534e+04 2.1919940435e+05 2.1928671383e+05
530.2650 1.439816e-02 2.064024e-02 1.852050e-04 4.694715e-03 5.072408e-03 1.202756e-02 4.5372369154e+04 2.1921195897e+05 2.1927009682e+05
531.2655 1.470921e-02 2.097893e-02 2.227617e-04 4.729033e-03 5.037014e-03 1.219680e-02 4.5376337097e+04 2.1922747237e+05 2.1925023644e+05
532.2660 1.486278e-02 2.146365e-02 2.071496e-04 4.790446e-03 4.914157e-03 1.254190e-02 4.5380644502e+04 2.1924141421e+05 2.1923164723e+05
533.2665 1.475177e-02 2.192036e-02 1.996775e-04 4.826492e-03 4.955521e-03 1.278739e-02 4.5385854770e+04 2.1924913345e+05 2.1921839833e+05
534.2670 1.464605e-02 2.165490e-02 2.043237e-04 4.722059e-03 4.811927e-03 1.320933e-02 4.5391668746e+04 2.1924854276e+05 2.1921323784e+05
535.2675 1.466400e-02 2.133626e-02 1.996250e-04 4.579881e-03 4.623999e-03 1.352366e-02 4.5397652359e+04 2.1923952171e+05 2.1921641635e+05
536.2680 1.452209e-02 2.094373e-02 2.338623e-04 4.543379e-03 4.675177e-03 1.405074e-02 4.5403369582e+04 2.1922416049e+05 2.1922601326e+05
537.2685 1.457040e-02 2.082020e-02 2.002008e-04 4.426366e-03 4.608675e-03 1.433295e-02 4.5408872466e+04 2.1920558103e+05 2.1923913037e+05
538.2690 1.478937e-02 2.128629e-02 2.372442e-04 4.320587e-03 4.602669e-03 1.472284e-02 4.5414631762e+04 2.1918675914e+05 2.1925181931e+05
539.2695 1.463946e-02 2.111759e-02 2.007661e-04 4.252006e-03 4.680227e-03 1.475445e-02 4.5420898233e+04 2.1917220954e+05 2.1926017447e+05
540.2700 1.441571e-02 2.036012e-02 2.251596e-04 4.260629e-03 4.782335e-03 1.500551e-02 4.5426767899e+04 2.1916567213e+05 2.1926113058e+05
541.2705 1.459790e-02 2.056909e-02 2.215211e-04 4.294379e-03 4.936168e-03 1.499806e-02 4.5431849538e+04 2.1916777753e+05 2.1925370717e+05
542.2710 1.433538e-02 2.074194e-02 1.992890e-04 4.348536e-03 5.040097e-03 1.506340e-02 4.5436463023e+04 2.1917779666e+05 2.1923904812e+05
543.2715 1.453467e-02 2.116568e-02 2.266964e-04 4.501866e-03 5.249864e-03 1.490926e-02 4.5440673443e+04 2.1919209596e+05 2.1922019632e+05
544.2720 1.457082e-02 2.118134e-02 2.028398e-04 4.712764e-03 5.393517e-03 1.461818e-02 4.5444912556e+04 2.1920642048e+05 2.1920157565e+05
545.2725 1.428157e-02 2.094032e-02 2.012502e-04 4.828122e-03 5.462700e-03 1.450869e-02 4.5448939721e+04 2.1921677639e+05 2.1918736226e+05
546.2730 1.460562e-02 2.149483e-02 2.079069e-04 5.121024e-03 5.670780e-03 1.450786e-02 4.5452167231e+04 2.1921988864e+05 2.1918045384e+05
547.2735 1.468723e-02 2.173104e-02 2.179168e-04 5.383237e-03 5.696984e-03 1.409029e-02 4.5455204222e+04 2.1921474792e+05 2.1918249017e+05
548.2740 1.500442e-02 2.191676e-02 2.133609e-04 5.523025e-03 5.633057e-03 1.406345e-02 4.5458333315e+04 2.1920094732e+05 2.1919296672e+05
549.2745 1.523161e-02 2.254571e-02 1.944181e-04 5.742176e-03 5.874757e-03 1.429303e-02 4.5462152216e+04 2.1918040789e+05 2.1920901939e+05
550.2750 1.519705e-02 2.225112e-02 2.372018e-04 5.800200e-03 5.644804e-03 1.415871e-02 4.5466647185e+04 2.1915848279e+05 2.1922671625e+05
551.2755 1.529697e-02 2.217179e-02 1.927458e-04 6.022105e-03 5.759943e-03 1.439350e-02 4.5471206887e+04 2.1913958688e+05 2.1924086312e+05
552.2760 1.529730e-02 2.266553e-02 2.602221e-04 6.025623e-03 5.831864e-03 1.460195e-02 4.5476043577e+04 2.1912752896e+05 2.1924772748e+05
553.2765 1.564725e-02 2.290986e-02 1.896303e-04 5.921962e-03 5.710250e-03 1.481885e-02 4.5481485104e+04 2.1912432200e+05 2.1924525613e+05
554.2770 1.598180e-02 2.271186e-02 2.382123e-04 5.784817e-03 5.706970e-03 1.534895e-02 4.5488072326e+04 2.1912947246e+05 2.1923327742e+05
555.2775 1.539838e-02 2.252847e-02 2.315208e-04 5.787451e-03 5.884328e-03 1.577923e-02 4.5495772930e+04 2.1914133823e+05 2.1921377070e+05
556.2780 1.504718e-02 2.176578e-02 2.088371e-04 5.529905e-03 5.718788e-03 1.622962e-02 4.5503585605e+04 2.1915711701e+05 2.1919068870e+05
557.2785 1.513891e-02 2.172618e-02 2.391390e-04 5.390080e-03 5.886674e-03 1.674479e-02 4.5511002639e+04 2.1917206800e+05 2.1916805155e+05
558.2790 1.530645e-02 2.206833e-02 2.222562e-04 5.147658e-03 5.758468e-03 1.699046e-02 4.5518438923e+04 2.1918185324e+05 2.1915063313e+05
559.2795 1.504604e-02 2.176628e-02 2.373996e-04 5.078171e-03 5.906105e-03 1.764093e-02 4.5526137023e+04 2.1918346560e+05 2.1914126656e+05
560.2800 1.504073e-02 2.130156e-02 2.170416e-04 4.978459e-03 5.835885e-03 1.781799e-02 4.5533693948e+04 2.1917605342e+05 2.1914133689e+05
561.2805 1.466436e-02 2.129894e-02 2.389854e-04 5.028244e-03 5.937486e-03 1.804953e-02 4.5540385922e+04 2.1916128813e+05 2.1914934449e+05
562.2810 1.470208e-02 2.105585e-02 2.166503e-04 5.155262e-03 5.933822e-03 1.785512e-02 4.5545633049e+04 2.1914303517e+05 2.1916249970e+05
563.2815 1.495608e-02 2.167637e-02 2.322277e-04 5.323949e-03 6.063036e-03 1.800340e-02 4.5549700645e+04 2.1912395115e+05 2.1917700364e+05
564.2820 1.487831e-02 2.173486e-02 2.239078e-04 5.460875e-03 5.984003e-03 1.792228e-02 4.5553434884e+04 2.1910805797e+05 2.1918916724e+05
565.2825 1.480168e-02 2.171472e-02 2.109162e-04 5.985832e-03 6.270667e-03 1.745336e-02 4.5556984936e+04 2.1909820976e+05 2.1919543236e+05
566.2830 1.523432e-02 2.247632e-02 2.516689e-04 6.297050e-03 6.286518e-03 1.708016e-02 4.5559700080e+04 2.1909571777e+05 2.1919461585e+05
567.2835 1.530975e-02 2.257964e-02 2.121362e-04 6.664713e-03 6.492775e-03 1.694487e-02 4.5561936618e+04 2.1910125635e+05 2.1918667680e+05
568.2840 1.565009e-02 2.325503e-02 2.423606e-04 6.967723e-03 6.602488e-03 1.650650e-02 4.5564107642e+04 2.1911152427e+05 2.1917385626e+05
569.2845 1.619437e-02 2.429212e-02 2.249110e-04 7.281571e-03 6.827866e-03 1.622337e-02 4.5567023541e+04 2.1912231524e+05 2.1915938168e+05
570.2850 1.615830e-02 2.409743e-02 2.241878e-04 7.578266e-03 7.046327e-03 1.626246e-02 4.5571293666e+04 2.1913051236e+05 2.1914682215e+05
571.2855 1.611588e-02 2.442795e-02 2.088689e-04 7.721573e-03 7.270242e-03 1.613956e-02 4.5576646354e+04 2.1913272933e+05 2.1913898796e+05
572.2860 1.641607e-02 2.440345e-02 2.223034e-04 7.592212e-03 7.274068e-03 1.642643e-02 4.5582855524e+04 2.1912791376e+05 2.1913745645e+05
573.2865 1.658417e-02 2.448026e-02 2.336529e-04 7.542101e-03 7.470171e-03 1.696116e-02 4.5590119553e+04 2.1911602034e+05 2.1914167659e+05
574.2870 1.650292e-02 2.454998e-02 2.031132e-04 7.355583e-03 7.421491e-03 1.754195e-02 4.5598973419e+04 2.1909879350e+05 2.1914993134e+05
575.2875 1.640827e-02 2.396347e-02 2.313786e-04 7.012035e-03 7.395000e-03 1.838723e-02 4.5609194176e+04 2.1907982994e+05 2.1915876738e+05
576.2880 1.615663e-02 2.290943e-02 2.152442e-04 6.698505e-03 7.283483e-03 1.918728e-02 4.5620000207e+04 2.1906377435e+05 2.1916438542e+05
577.2885 1.549846e-02 2.259773e-02 2.409581e-04 6.294605e-03 7.052891e-03 2.020886e-02 4.5630447967e+04 2.1905440842e+05 2.1916352825e+05
578.2890 1.567650e-02 2.216538e-02 2.436430e-04 6.036266e-03 6.900833e-03 2.113326e-02 4.5640081400e+04 2.1905375794e+05 2.1915444204e+05
579.2895 1.552708e-02 2.215773e-02 2.186194e-04 5.783785e-03 6.723816e-03 2.191135e-02 4.5649347630e+04 2.1906098088e+05 2.1913787117e+05
580.2900 1.514890e-02 2.214267e-02 2.522010e-04 5.696857e-03 6.510142e-03 2.213955e-02 4.5658253593e+04 2.1907374672e+05 2.1911637726e+05
581.2905 1.485410e-02 2.165439e-02 2.311578e-04 5.822886e-03 6.521429e-03 2.240777e-02 4.5665814821e+04 2.1908891771e+05 2.1909379310e+05
582.2910 1.498690e-02 2.170501e-02 2.557011e-04 5.993825e-03 6.574003e-03 2.250826e-02 4.5671074397e+04 2.1910253588e+05 2.1907469787e+05
583.2915 1.534229e-02 2.214743e-02 2.220564e-04 6.293110e-03 6.568864e-03 2.204067e-02 4.5674235206e+04 2.1911058915e+05 2.1906326760e+05
584.2920 1.566582e-02 2.280873e-02 2.273761e-04 6.993233e-03 7.059016e-03 2.130125e-02 4.5676160066e+04 2.1910931940e+05 2.1906204194e+05
585.2925 1.558215e-02 2.327474e-02 2.377884e-04 7.485180e-03 7.269394e-03 2.045858e-02 4.5677625503e+04 2.1909769711e+05 2.1907212965e+05
586.2930 1.572929e-02 2.360411e-02 2.184176e-04 8.203749e-03 7.747959e-03 1.969298e-02 4.5678907835e+04 2.1907699205e+05 2.1909117099e+05
587.2935 1.660510e-02 2.464871e-02 2.458218e-04 8.752893e-03 8.253901e-03 1.869362e-02 4.5680075470e+04 2.1905095902e+05 2.1911520887e+05
588.2940 1.715981e-02 2.569199e-02 2.330054e-04 9.311190e-03 8.571340e-03 1.791083e-02 4.5681796982e+04 2.1902487942e+05 2.1913889458e+05
589.2945 1.757537e-02 2.649170e-02 2.300650e-04 9.786752e-03 9.124339e-03 1.770265e-02 4.5684864033e+04 2.1900296984e+05 2.1915691822e+05
590.2950 1.783164e-02 2.758534e-02 2.215043e-04 9.919777e-03 9.327823e-03 1.752093e-02 4.5690087644e+04 2.1898862367e+05 2.1916540300e+05
591.2955 1.778956e-02 2.668837e-02 2.220869e-04 9.864638e-03 9.377152e-03 1.809289e-02 4.5697526507e+04 2.1898506067e+05 2.1916170884e+05
592.2960 1.764338e-02 2.636577e-02 2.263420e-04 9.809929e-03 9.567616e-03 1.874918e-02 4.5706744902e+04 2.1899183442e+05 2.1914555412e+05
593.2965 1.761919e-02 2.638234e-02 2.306911e-04 9.402863e-03 9.273309e-03 1.998247e-02 4.5717521782e+04 2.1900647752e+05 2.1911990866e+05
594.2970 1.780522e-02 2.619983e-02 2.248133e-04 8.767033e-03 8.950136e-03 2.140013e-02 4.5730124754e+04 2.1902445463e+05 2.1908917748e+05
595.2975 1.734052e-02 2.527951e-02 2.138425e-04 8.134112e-03 8.519471e-03 2.298778e-02 4.5744498106e+04 2.1904069038e+05 2.1905889102e+05
596.2980 1.665485e-02 2.439513e-02 2.456717e-04 7.523899e-03 8.112580e-03 2.473664e-02 4.5759331606e+04 2.1905116859e+05 2.1903392377e+05
597.2985 1.636687e-02 2.303267e-02 2.113109e-04 6.975386e-03 7.634797e-03 2.605129e-02 4.5773144057e+04 2.1905425797e+05 2.1901761456e+05
598.2990 1.578642e-02 2.269238e-02 2.190947e-04 6.504489e-03 7.297048e-03 2.718122e-02 4.5784839780e+04 2.1904908054e+05 2.1901131748e+05
599.2995 1.553252e-02 2.229193e-02 2.376862e-04 6.373618e-03 7.120779e-03 2.771930e-02 4.5794423731e+04 2.1903650673e+05 2.1901446465e+05
600.3000 1.563669e-02 2.221779e-02 2.261119e-04 6.421325e-03 7.064916e-03 2.801350e-02 4.5802196986e+04 2.1901825746e+05 2.1902482481e+05
601.3005 1.532228e-02 2.156887e-02 2.493426e-04 6.673915e-03 7.207584e-03 2.756875e-02 4.5808374254e+04 2.1899865957e+05 2.1903867794e+05
602.3010 1.537924e-02 2.204192e-02 2.139575e-04 7.335646e-03 7.651043e-03 2.669491e-02 4.5812138742e+04 2.1898137454e+05 2.1905193649e+05
603.3015 1.607115e-02 2.324021e-02 2.623632e-04 8.175329e-03 8.177787e-03 2.512188e-02 4.5812903442e+04 2.1897031067e+05 2.1906153001e+05
604.3020 1.696111e-02 2.512376e-02 2.298275e-04 9.008329e-03 8.778410e-03 2.384822e-02 4.5811594043e+04 2.1896577904e+05 2.1906609405e+05
605.3025 1.734909e-02 2.601896e-02 2.521551e-04 1.004707e-02 9.645098e-03 2.231605e-02 4.5810241371e+04 2.1896692982e+05 2.1906564692e+05
606.3030 1.778728e-02 2.672926e-02 2.209150e-04 1.089315e-02 1.018529e-02 2.057202e-02 4.5809725777e+04 2.1897084001e+05 2.1906200207e+05
607.3035 1.796460e-02 2.731719e-02 2.170469e-04 1.190291e-02 1.099929e-02 1.988792e-02 4.5810417733e+04 2.1897484638e+05 2.1905654415e+05
608.3040 1.857547e-02 2.818865e-02 2.549349e-04 1.240650e-02 1.149327e-02 1.918538e-02 4.5812810911e+04 2.1897652351e+05 2.1905171526e+05
609.3045 1.938548e-02 2.940417e-02 2.159244e-04 1.247467e-02 1.149394e-02 1.914561e-02 4.5817776032e+04 2.1897315171e+05 2.1904932041e+05
610.3050 1.998253e-02 2.986412e-02 2.441015e-04 1.251154e-02 1.168421e-02 2.027229e-02 4.5826220169e+04 2.1896346301e+05 2.1904958721e+05
611.3055 1.966377e-02 3.014117e-02 2.390230e-04 1.216536e-02 1.136260e-02 2.128137e-02 4.5838582019e+04 2.1894848260e+05 2.1905209101e+05
612.3060 1.926161e-02 2.875107e-02 2.230988e-04 1.154134e-02 1.103673e-02 2.349234e-02 4.5853584308e+04 2.1893163079e+05 2.1905412478e+05
613.3065 1.854316e-02 2.730405e-02 2.303578e-04 1.059759e-02 1.031785e-02 2.558822e-02 4.5870055334e+04 2.1891741130e+05 2.1905259981e+05
614.3070 1.801779e-02 2.622369e-02 2.475481e-04 9.677173e-03 9.752075e-03 2.811533e-02 4.5887294537e+04 2.1890858970e+05 2.1904439950e+05
615.3075 1.756158e-02 2.554222e-02 2.668940e-04 8.715177e-03 9.070037e-03 3.040301e-02 4.5905303533e+04 2.1890678188e+05 2.1902836918e+05
616.3080 1.700097e-02 2.474510e-02 2.342772e-04 7.923595e-03 8.507166e-03 3.228400e-02 4.5923351088e+04 2.1891247547e+05 2.1900498389e+05
617.3085 1.641538e-02 2.347419e-02 2.555230e-04 7.340619e-03 8.202414e-03 3.347990e-02 4.5939630946e+04 2.1892521451e+05 2.1897663969e+05
618.3090 1.603058e-02 2.301485e-02 2.361517e-04 7.201207e-03 8.103270e-03 3.390836e-02 4.5952397334e+04 2.1894194837e+05 2.1894736855e+05
619.3095 1.586398e-02 2.276749e-02 2.621384e-04 7.273662e-03 8.153397e-03 3.410951e-02 4.5960628213e+04 2.1895880519e+05 2.1892231073e+05
620.3100 1.601069e-02 2.299397e-02 2.424420e-04 7.814332e-03 8.684767e-03 3.305188e-02 4.5965036474e+04 2.1897023115e+05 2.1890632644e+05
621.3105 1.606812e-02 2.346017e-02 2.451131e-04 8.725970e-03 9.205811e-03 3.148115e-02 4.5966578811e+04 2.1897147329e+05 2.1890337974e+05
622.3110 1.637641e-02 2.419233e-02 2.431845e-04 9.996677e-03 1.024112e-02 2.928396e-02 4.5966075304e+04 2.1896042799e+05 2.1891447711e+05
623.3115 1.693804e-02 2.543934e-02 2.386176e-04 1.119197e-02 1.093003e-02 2.739511e-02 4.5963592364e+04 2.1893811825e+05 2.1893856735e+05
624.3120 1.831884e-02 2.784833e-02 2.629630e-04 1.255585e-02 1.198707e-02 2.491321e-02 4.5959903595e+04 2.1890771148e+05 2.1897112721e+05
625.3125 1.976815e-02 2.979475e-02 2.306584e-04 1.373302e-02 1.265814e-02 2.317279e-02 4.5956606716e+04 2.1887392619e+05 2.1900680721e+05
626.3130 2.061156e-02 3.110099e-02 2.508735e-04 1.493650e-02 1.352470e-02 2.208394e-02 4.5955758309e+04 2.1884164572e+05 2.1903863347e+05
627.3135 2.071757e-02 3.159410e-02 2.571671e-04 1.537872e-02 1.374907e-02 2.131060e-02 4.5958617451e+04 2.1881648976e+05 2.1906074840e+05
628.3140 2.093786e-02 3.169133e-02 2.335931e-04 1.566197e-02 1.400579e-02 2.203826e-02 4.5964917840e+04 2.1880274165e+05 2.1906758151e+05
629.3145 2.113236e-02 3.218397e-02 2.622865e-04 1.548897e-02 1.379851e-02 2.318942e-02 4.5975007021e+04 2.1880245310e+05 2.1905719642e+05
630.3150 2.117095e-02 3.294401e-02 2.411927e-04 1.489988e-02 1.342113e-02 2.519222e-02 4.5989393549e+04 2.1881375122e+05 2.1903075694e+05
631.3155 2.128612e-02 3.238203e-02 2.667465e-04 1.381354e-02 1.276748e-02 2.809462e-02 4.6008208454e+04 2.1883264701e+05 2.1899272531e+05
632.3160 2.045301e-02 3.077877e-02 2.341703e-04 1.255524e-02 1.189986e-02 3.077777e-02 4.6030711267e+04 2.1885450099e+05 2.1894912582e+05
633.3165 1.940939e-02 2.873028e-02 2.692708e-04 1.139659e-02 1.127183e-02 3.406563e-02 4.6054109090e+04 2.1887474461e+05 2.1890613886e+05
634.3170 1.861756e-02 2.700297e-02 2.583507e-04 1.010922e-02 1.043029e-02 3.692382e-02 4.6076314626e+04 2.1888937108e+05 2.1887000341e+05
635.3175 1.788383e-02 2.545700e-02 2.438694e-04 9.043949e-03 9.825846e-03 3.923172e-02 4.6096551922e+04 2.1889487830e+05 2.1884495302e+05
636.3180 1.706664e-02 2.491022e-02 2.669731e-04 8.405639e-03 9.595499e-03 4.030331e-02 4.6114578726e+04 2.1888907882e+05 2.1883315951e+05
637.3185 1.685607e-02 2.379492e-02 2.727083e-04 8.162097e-03 9.487691e-03 4.113105e-02 4.6129433608e+04 2.1887337279e+05 2.1883434804e+05
638.3190 1.626207e-02 2.311664e-02 2.658652e-04 8.491759e-03 9.785540e-03 4.065408e-02 4.6140065378e+04 2.1885212115e+05 2.1884550045e+05
639.3195 1.637853e-02 2.369146e-02 2.586621e-04 9.245550e-03 1.027313e-02 3.914113e-02 4.6144931058e+04 2.1882988282e+05 2.1886265792e+05
640.3200 1.734058e-02 2.496256e-02 2.860475e-04 1.058686e-02 1.130317e-02 3.702237e-02 4.6144528074e+04 2.1881040183e+05 2.1888151464e+05
641.3205 1.793545e-02 2.637773e-02 2.579037e-04 1.209247e-02 1.213957e-02 3.395483e-02 4.6140906788e+04 2.1879587746e+05 2.1889920271e+05
642.3210 1.875013e-02 2.803843e-02 2.630079e-04 1.388242e-02 1.336940e-02 3.162894e-02 4.6135473393e+04 2.1878601945e+05 2.1891316334e+05
643.3215 1.971628e-02 2.933810e-02 2.711150e-04 1.560294e-02 1.445708e-02 2.840100e-02 4.6129941755e+04 2.1878127523e+05 2.1892269054e+05
644.3220 2.068172e-02 3.134695e-02 2.535352e-04 1.733801e-02 1.545410e-02 2.625645e-02 4.6125144916e+04 2.1877943545e+05 2.1892794606e+05
645.3225 2.210520e-02 3.415527e-02 2.750009e-04 1.858357e-02 1.636655e-02 2.510147e-02 4.6122686189e+04 2.1877737373e+05 2.1893037939e+05
646.3230 2.340971e-02 3.619199e-02 2.689079e-04 1.906717e-02 1.653365e-02 2.430453e-02 4.6125060754e+04 2.1877216515e+05 2.1893185276e+05
647.3235 2.359441e-02 3.633843e-02 2.506875e-04 1.940092e-02 1.681113e-02 2.545071e-02 4.6133476087e+04 2.1876239502e+05 2.1893242385e+05
648.3240 2.325774e-02 3.597170e-02 2.494631e-04 1.900194e-02 1.652220e-02 2.711845e-02 4.6147623153e+04 2.1874870480e+05 2.1893182689e+05
649.3245 2.309643e-02 3.536074e-02 2.703546e-04 1.810555e-02 1.601439e-02 3.001877e-02 4.6166335580e+04 2.1873366455e+05 2.1892782399e+05
650.3250 2.267680e-02 3.467865e-02 2.677248e-04 1.655838e-02 1.505049e-02 3.348589e-02 4.6189094947e+04 2.1872044098e+05 2.1891835853e+05
651.3255 2.215059e-02 3.344933e-02 2.553738e-04 1.492298e-02 1.407751e-02 3.720942e-02 4.6215420051e+04 2.1871148941e+05 2.1890125622e+05
652.3260 2.098936e-02 3.164922e-02 2.893280e-04 1.332103e-02 1.330846e-02 4.094761e-02 4.6243938959e+04 2.1870924058e+05 2.1887562673e+05
653.3265 1.937266e-02 2.893300e-02 2.685467e-04 1.168527e-02 1.222742e-02 4.466746e-02 4.6272398578e+04 2.1871537610e+05 2.1884242596e+05
654.3270 1.828297e-02 2.689239e-02 2.884183e-04 1.054285e-02 1.167527e-02 4.678642e-02 4.6297923618e+04 2.1872982666e+05 2.1880351890e+05
655.3275 1.778964e-02 2.556258e-02 2.732178e-04 9.743491e-03 1.126356e-02 4.837932e-02 4.6318418751e+04 2.1874957560e+05 2.1876383695e+05
656.3280 1.757734e-02 2.462104e-02 2.822869e-04 9.505525e-03 1.110203e-02 4.902251e-02 4.6333749782e+04 2.1876916723e+05 2.1872930103e+05
657.3285 1.732145e-02 2.492856e-02 2.919412e-04 1.003273e-02 1.156181e-02 4.812044e-02 4.6344172436e+04 2.1878226016e+05 2.1870575938e+05
658.3290 1.733756e-02 2.498716e-02 2.716103e-04 1.111573e-02 1.219016e-02 4.611747e-02 4.6348999372e+04 2.1878531676e+05 2.1869795889e+05
659.3295 1.780968e-02 2.565284e-02 2.725563e-04 1.294210e-02 1.338458e-02 4.305198e-02 4.6347868382e+04 2.1877627555e+05 2.1870765901e+05
660.3300 1.907446e-02 2.803711e-02 2.965126e-04 1.482825e-02 1.448350e-02 3.981100e-02 4.6341439930e+04 2.1875435674e+05 2.1873464525e+05
661.3305 2.064891e-02 3.076909e-02 2.825427e-04 1.703694e-02 1.596267e-02 3.639832e-02 4.6332665547e+04 2.1872097633e+05 2.1877495155e+05
662.3310 2.173499e-02 3.286445e-02 2.643880e-04 1.914964e-02 1.709184e-02 3.259070e-02 4.6324825270e+04 2.1868004040e+05 2.1882269468e+05
663.3315 2.295511e-02 3.510857e-02 2.620142e-04 2.144695e-02 1.879079e-02 3.058216e-02 4.6319363628e+04 2.1863680422e+05 2.1886916615e+05
664.3320 2.419245e-02 3.747400e-02 2.673853e-04 2.255298e-02 1.925218e-02 2.835314e-02 4.6317867326e+04 2.1859926987e+05 2.1890697633e+05
665.3325 2.549747e-02 3.948169e-02 2.872316e-04 2.328038e-02 1.993174e-02 2.827414e-02 4.6321092352e+04 2.1857307489e+05 2.1892816398e+05
666.3330 2.651152e-02 4.140890e-02 2.689677e-04 2.347021e-02 2.008878e-02 2.954597e-02 4.6330529442e+04 2.1856092773e+05 2.1892901524e+05
667.3335 2.626354e-02 4.148678e-02 2.780762e-04 2.279092e-02 1.965019e-02 3.186012e-02 4.6347662226e+04 2.1856345337e+05 2.1890890544e+05
668.3340 2.533773e-02 3.980757e-02 2.746753e-04 2.153606e-02 1.916645e-02 3.554770e-02 4.6371933994e+04 2.1857851820e+05 2.1886985751e+05
669.3345 2.442969e-02 3.767886e-02 2.755319e-04 1.956942e-02 1.783660e-02 3.988181e-02 4.6401147742e+04 2.1860258142e+05 2.1881732919e+05
670.3350 2.359253e-02 3.572934e-02 2.739226e-04 1.765610e-02 1.677279e-02 4.435714e-02 4.6433177424e+04 2.1863051176e+05 2.1875783907e+05
671.3355 2.264623e-02 3.383369e-02 2.789511e-04 1.549020e-02 1.552563e-02 4.933911e-02 4.6466215584e+04 2.1865577829e+05 2.1870009757e+05
672.3360 2.157990e-02 3.238230e-02 2.956328e-04 1.359096e-02 1.425940e-02 5.349144e-02 4.6498870480e+04 2.1867208736e+05 2.1865171975e+05
673.3365 2.000575e-02 2.935227e-02 2.867766e-04 1.229910e-02 1.360650e-02 5.582966e-02 4.6529105276e+04 2.1867749599e+05 2.1861785154e+05
674.3370 1.858692e-02 2.718964e-02 2.992182e-04 1.137062e-02 1.288663e-02 5.786236e-02 4.6553377164e+04 2.1867098133e+05 2.1860136292e+05
675.3375 1.816783e-02 2.595161e-02 2.996102e-04 1.150162e-02 1.309007e-02 5.835117e-02 4.6569713732e+04 2.1865524778e+05 2.1860106452e+05
676.3380 1.819605e-02 2.625776e-02 3.251424e-04 1.217309e-02 1.336814e-02 5.671042e-02 4.6578597865e+04 2.1863269618e+05 2.1861488924e+05
677.3385 1.869296e-02 2.691039e-02 2.917703e-04 1.368196e-02 1.430260e-02 5.408764e-02 4.6581322278e+04 2.1860608623e+05 2.1863841102e+05
678.3390 1.971698e-02 2.847610e-02 2.968568e-04 1.592326e-02 1.580254e-02 5.031212e-02 4.6579047379e+04 2.1857894126e+05 2.1866676425e+05
679.3395 2.078201e-02 3.069563e-02 2.999301e-04 1.825907e-02 1.721448e-02 4.629477e-02 4.6572408268e+04 2.1855558817e+05 2.1869558592e+05
680.3400 2.236863e-02 3.353339e-02 2.905823e-04 2.092817e-02 1.900321e-02 4.167838e-02 4.6562409290e+04 2.1853853823e+05 2.1872091895e+05
681.3405 2.429351e-02 3.670667e-02 2.858621e-04 2.351104e-02 2.079638e-02 3.766938e-02 4.6551208589e+04 2.1852734311e+05 2.1874110317e+05
682.3410 2.576213e-02 3.971112e-02 2.811661e-04 2.589560e-02 2.244278e-02 3.462139e-02 4.6542883445e+04 2.1851886109e+05 2.1875574916e+05
683.3415 2.639977e-02 4.201695e-02 2.747369e-04 2.704418e-02 2.317617e-02 3.263471e-02 4.6540935999e+04 2.1850984672e+05 2.1876557580e+05
684.3420 2.770592e-02 4.285669e-02 2.662891e-04 2.813237e-02 2.421438e-02 3.290506e-02 4.6546320236e+04 2.1849881497e+05 2.1876938117e+05
685.3425 2.824107e-02 4.427915e-02 2.565798e-04 2.793907e-02 2.391182e-02 3.425590e-02 4.6559426056e+04 2.1848612002e+05 2.1876784112e+05
686.3430 2.880690e-02 4.528649e-02 2.919078e-04 2.703613e-02 2.353567e-02 3.762835e-02 4.6580019635e+04 2.1847222334e+05 2.1875963766e+05
687.3435 2.873407e-02 4.511365e-02 2.863099e-04 2.525836e-02 2.244284e-02 4.201887e-02 4.6607990437e+04 2.1845901207e+05 2.1874438198e+05
688.3440 2.762116e-02 4.324489e-02 2.992524e-04 2.292973e-02 2.081189e-02 4.732023e-02 4.6642461760e+04 2.1844855357e+05 2.1872097864e+05
689.3445 2.566629e-02 3.980124e-02 2.927546e-04 2.076491e-02 1.963970e-02 5.306781e-02 4.6680932967e+04 2.1844439493e+05 2.1868781919e+05
690.3450 2.369621e-02 3.588039e-02 2.919619e-04 1.815942e-02 1.775946e-02 5.911024e-02 4.6719736679e+04 2.1844947545e+05 2.1864574654e+05
691.3455 2.245543e-02 3.371922e-02 3.212251e-04 1.605740e-02 1.641001e-02 6.322616e-02 4.6756614856e+04 2.1846317548e+05 2.1859624147e+05
692.3460 2.134401e-02 3.181232e-02 3.176288e-04 1.438756e-02 1.529718e-02 6.639692e-02 4.6789906696e+04 2.1848283659e+05 2.1854436997e+05
693.3465 2.049786e-02 2.988926e-02 3.230983e-04 1.358604e-02 1.471296e-02 6.854928e-02 4.6817542941e+04 2.1850388767e+05 2.1849649734e+05
694.3470 1.994496e-02 2.853379e-02 3.227850e-04 1.384594e-02 1.489999e-02 6.828101e-02 4.6837442895e+04 2.1852177628e+05 2.1845939310e+05
695.3475 1.951912e-02 2.834544e-02 3.333975e-04 1.482950e-02 1.558968e-02 6.607912e-02 4.6847673291e+04 2.1853217901e+05 2.1843916772e+05
696.3480 2.035255e-02 2.939374e-02 3.243724e-04 1.686280e-02 1.697833e-02 6.266293e-02 4.6848184620e+04 2.1853038306e+05 2.1843974477e+05
697.3485 2.138716e-02 3.154246e-02 3.284450e-04 1.944276e-02 1.871149e-02 5.809751e-02 4.6841916632e+04 2.1851248215e+05 2.1846271821e+05
698.3490 2.274908e-02 3.365440e-02 3.026569e-04 2.229429e-02 2.083560e-02 5.331815e-02 4.6832420000e+04 2.1847759748e+05 2.1850571249e+05
699.3495 2.457997e-02 3.649316e-02 3.085583e-04 2.536699e-02 2.288849e-02 4.751897e-02 4.6822230180e+04 2.1842936605e+05 2.1856248146e+05
700.3500 2.617565e-02 4.025428e-02 2.774603e-04 2.841884e-02 2.508839e-02 4.340976e-02 4.6812490830e+04 2.1837539561e+05 2.1862359177e+05
701.3505 2.854975e-02 4.491505e-02 2.823215e-04 3.072232e-02 2.672092e-02 3.973994e-02 4.6804650378e+04 2.1832461853e+05 2.1867923948e+05
702.3510 3.060594e-02 4.809396e-02 2.921988e-04 3.195650e-02 2.746425e-02 3.813925e-02 4.6801933638e+04 2.1828396388e+05 2.1872037648e+05
703.3515 3.138914e-02 4.965756e-02 2.774410e-04 3.317094e-02 2.847668e-02 3.859924e-02 4.6807588086e+04 2.1825766077e+05 2.1873902020e+05
704.3520 3.117001e-02 4.937545e-02 2.791481e-04 3.273702e-02 2.798490e-02 4.057149e-02 4.6823044722e+04 2.1824856962e+05 2.1873248038e+05
705.3525 3.069901e-02 4.945071e-02 3.087570e-04 3.170000e-02 2.743300e-02 4.461754e-02 4.6847705194e+04 2.1825600911e+05 2.1869943371e+05
706.3530 3.036704e-02 4.860029e-02 2.719388e-04 2.948760e-02 2.573893e-02 4.992877e-02 4.6880471040e+04 2.1827804795e+05 2.1864459698e+05
707.3535 3.026958e-02 4.759420e-02 3.261945e-04 2.696049e-02 2.400339e-02 5.616571e-02 4.6919700920e+04 2.1830798227e+05 2.1857500471e+05
708.3540 2.896279e-02 4.516883e-02 3.151477e-04 2.424292e-02 2.222980e-02 6.295275e-02 4.6963773347e+04 2.1833883928e+05 2.1850067600e+05
709.3545 2.693754e-02 4.129746e-02 3.131621e-04 2.130610e-02 2.007751e-02 6.921083e-02 4.7009307187e+04 2.1836429135e+05 2.1843157970e+05
710.3550 2.420468e-02 3.675155e-02 3.438413e-04 1.911764e-02 1.877784e-02 7.380741e-02 4.7052413669e+04 2.1838064338e+05 2.1837463252e+05
711.3555 2.255663e-02 3.334543e-02 3.257856e-04 1.738805e-02 1.765130e-02 7.748497e-02 4.7088696349e+04 2.1838532426e+05 2.1833535057e+05
712.3560 2.188259e-02 3.144832e-02 3.497895e-04 1.670013e-02 1.730563e-02 7.939627e-02 4.7116903346e+04 2.1837753815e+05 2.1831562108e+05
713.3565 2.142775e-02 3.105053e-02 3.485826e-04 1.690093e-02 1.761902e-02 7.870362e-02 4.7137423337e+04 2.1835774275e+05 2.1831532313e+05
714.3570 2.152374e-02 3.117737e-02 3.253924e-04 1.818303e-02 1.869391e-02 7.621864e-02 4.7149905891e+04 2.1832907890e+05 2.1833149311e+05
715.3575 2.229176e-02 3.200559e-02 3.445570e-04 2.046740e-02 2.032193e-02 7.172700e-02 4.7153440141e+04 2.1829710815e+05 2.1835951702e+05
716.3580 2.351637e-02 3.418522e-02 3.485569e-04 2.335186e-02 2.260787e-02 6.698172e-02 4.7147754397e+04 2.1826683146e+05 2.1839394335e+05
717.3585 2.549451e-02 3.786330e-02 3.141084e-04 2.648232e-02 2.472840e-02 6.089659e-02 4.7135289850e+04 2.1824102779e+05 2.1843029197e+05
718.3590 2.745992e-02 4.112939e-02 3.371974e-04 3.001490e-02 2.722198e-02 5.508297e-02 4.7120489406e+04 2.1821952145e+05 2.1846443439e+05
719.3595 2.908175e-02 4.492221e-02 3.118834e-04 3.332721e-02 2.955210e-02 5.043089e-02 4.7107912231e+04 2.1819995658e+05 2.1849399233e+05
720.3600 3.055079e-02 4.839312e-02 2.738531e-04 3.560749e-02 3.090011e-02 4.660867e-02 4.7100518377e+04 2.1818207636e+05 2.1851734560e+05
721.3605 3.272188e-02 5.195801e-02 3.227734e-04 3.740175e-02 3.215910e-02 4.552138e-02 4.7099343760e+04 2.1816523645e+05 2.1853220418e+05
722.3610 3.458612e-02 5.592883e-02 2.790962e-04 3.839079e-02 3.249220e-02 4.597955e-02 4.7106303453e+04 2.1814904625e+05 2.1853840397e+05
723.3615 3.552671e-02 5.731044e-02 2.950310e-04 3.768545e-02 3.174361e-02 4.804364e-02 4.7123159028e+04 2.1813335834e+05 2.1853606896e+05
724.3620 3.506864e-02 5.692053e-02 3.078285e-04 3.663899e-02 3.107696e-02 5.320293e-02 4.7150616406e+04 2.1811737532e+05 2.1852350290e+05
725.3625 3.354620e-02 5.418770e-02 3.002160e-04 3.432521e-02 2.909653e-02 5.860481e-02 4.7188001534e+04 2.1810464002e+05 2.1850014739e+05
726.3630 3.200614e-02 5.030227e-02 3.188386e-04 3.172341e-02 2.741967e-02 6.586365e-02 4.7231989650e+04 2.1809820630e+05 2.1846361514e+05
727.3635 3.061925e-02 4.805586e-02 3.246601e-04 2.861629e-02 2.532200e-02 7.317637e-02 4.7279937124e+04 2.1809986371e+05 2.1841457914e+05
728.3640 2.937269e-02 4.519014e-02 3.540168e-04 2.546641e-02 2.329381e-02 7.971297e-02 4.7329902337e+04 2.1811027863e+05 2.1835526847e+05
729.3645 2.764428e-02 4.172717e-02 3.496999e-04 2.297384e-02 2.184374e-02 8.450458e-02 4.7379247546e+04 2.1812766708e+05 2.1829031621e+05
730.3650 2.579915e-02 3.805882e-02 3.702860e-04 2.112176e-02 2.091808e-02 8.879319e-02 4.7423283864e+04 2.1814926740e+05 2.1822627561e+05
731.3655 2.410640e-02 3.461649e-02 3.645441e-04 2.034526e-02 2.083274e-02 9.065028e-02 4.7458043763e+04 2.1817233590e+05 2.1817015682e+05
732.3660 2.316840e-02 3.312176e-02 3.768052e-04 2.050748e-02 2.115706e-02 8.984616e-02 4.7481076815e+04 2.1819104301e+05 2.1812948100e+05
733.3665 2.315783e-02 3.308296e-02 3.495771e-04 2.194785e-02 2.259188e-02 8.699536e-02 4.7492993286e+04 2.1819848653e+05 2.1811014784e+05
734.3670 2.401922e-02 3.480261e-02 3.779173e-04 2.430603e-02 2.431775e-02 8.285592e-02 4.7495577915e+04 2.1818857639e+05 2.1811647843e+05
735.3675 2.543042e-02 3.756800e-02 3.352093e-04 2.752885e-02 2.672981e-02 7.736962e-02 4.7490568098e+04 2.1815996524e+05 2.1814836817e+05
736.3680 2.740685e-02 4.157512e-02 3.215667e-04 3.112193e-02 2.911282e-02 7.080903e-02 4.7479439146e+04 2.1811500348e+05 2.1820229074e+05
737.3685 3.038167e-02 4.646616e-02 3.486260e-04 3.506002e-02 3.179754e-02 6.458660e-02 4.7463834701e+04 2.1805920598e+05 2.1827033663e+05
738.3690 3.317919e-02 5.209428e-02 3.187572e-04 3.846606e-02 3.358817e-02 5.923277e-02 4.7448039612e+04 2.1799875069e+05 2.1834323279e+05
739.3695 3.473161e-02 5.588519e-02 3.360327e-04 4.122729e-02 3.536326e-02 5.561703e-02 4.7437079293e+04 2.1794127502e+05 2.1840918908e+05
740.3700 3.632117e-02 5.834226e-02 3.278700e-04 4.356263e-02 3.658398e-02 5.414470e-02 4.7434295622e+04 2.1789355286e+05 2.1845723018e+05
741.3705 3.741437e-02 6.005367e-02 3.073316e-04 4.448566e-02 3.667870e-02 5.409093e-02 4.7442130901e+04 2.1786241861e+05 2.1847900761e+05
742.3710 3.787377e-02 6.193534e-02 3.240799e-04 4.407284e-02 3.633763e-02 5.690284e-02 4.7460986339e+04 2.1785131842e+05 2.1846951143e+05
743.3715 3.882138e-02 6.322525e-02 3.443149e-04 4.282318e-02 3.518518e-02 6.185564e-02 4.7490942234e+04 2.1785951157e+05 2.1842939444e+05
744.3720 3.874518e-02 6.225583e-02 3.353641e-04 4.034537e-02 3.347659e-02 6.746488e-02 4.7532434365e+04 2.1788291377e+05 2.1836434128e+05
745.3725 3.676707e-02 5.849269e-02 3.620830e-04 3.745324e-02 3.166076e-02 7.548661e-02 4.7582804785e+04 2.1791501709e+05 2.1828279971e+05
746.3730 3.431971e-02 5.385000e-02 3.506034e-04 3.409402e-02 2.957496e-02 8.276756e-02 4.7638224969e+04 2.1794930107e+05 2.1819523760e+05
747.3735 3.168255e-02 4.909158e-02 3.591646e-04 3.064784e-02 2.777210e-02 9.006008e-02 4.7694326728e+04 2.1797903491e+05 2.1811156846e+05
748.3740 2.978055e-02 4.495885e-02 3.864256e-04 2.766346e-02 2.609798e-02 9.576266e-02 4.7747800524e+04 2.1799831608e+05 2.1804078619e+05
749.3745 2.851193e-02 4.146554e-02 3.634448e-04 2.543000e-02 2.521951e-02 1.008040e-01 4.7796121255e+04 2.1800276403e+05 2.1798921303e+05
750.3750 2.679623e-02 3.874503e-02 4.154890e-04 2.411789e-02 2.469119e-02 1.029841e-01 4.7837169499e+04 2.1799222048e+05 2.1796032312e+05
751.3755 2.535740e-02 3.676886e-02 3.682553e-04 2.424776e-02 2.521827e-02 1.027341e-01 4.7867119830e+04 2.1797041212e+05 2.1795343689e+05
752.3760 2.564734e-02 3.633122e-02 3.638552e-04 2.546452e-02 2.626974e-02 9.999303e-02 4.7882966039e+04 2.1794232845e+05 2.1796594569e+05
753.3765 2.627418e-02 3.818577e-02 4.128955e-04 2.783272e-02 2.796227e-02 9.609904e-02 4.7885198583e+04 2.1791152815e+05 2.1799345833e+05
754.3770 2.800759e-02 4.132863e-02 3.461434e-04 3.132605e-02 3.023905e-02 9.027606e-02 4.7876905730e+04 2.1788021054e+05 2.1803113289e+05
755.3775 3.018516e-02 4.515906e-02 3.792895e-04 3.543781e-02 3.272095e-02 8.320168e-02 4.7862063324e+04 2.1784956515e+05 2.1807437954e+05
756.3780 3.223169e-02 5.020309e-02 3.698768e-04 3.987656e-02 3.549714e-02 7.617961e-02 4.7844314656e+04 2.1782007105e+05 2.1811874391e+05
757.3785 3.549030e-02 5.622846e-02 3.295227e-04 4.384487e-02 3.763542e-02 7.034400e-02 4.7826728939e+04 2.1779130028e+05 2.1816123127e+05
758.3790 3.869668e-02 6.219355e-02 3.578112e-04 4.728560e-02 3.966140e-02 6.564536e-02 4.7813242368e+04 2.1776340392e+05 2.1819861901e+05
759.3795 4.143538e-02 6.659022e-02 3.482180e-04 4.998447e-02 4.107273e-02 6.329665e-02 4.7808068053e+04 2.1773494276e+05 2.1822865217e+05
760.3800 4.245808e-02 6.931571e-02 3.424146e-04 5.115341e-02 4.155400e-02 6.248057e-02 4.7814785945e+04 2.1770644344e+05 2.1824857377e+05
761.3805 4.239567e-02 7.017817e-02 3.467698e-04 5.128179e-02 4.161829e-02 6.505412e-02 4.7834555270e+04 2.1767955106e+05 2.1825427106e+05
762.3810 4.231267e-02 6.932186e-02 3.474101e-04 5.000875e-02 4.072642e-02 6.966945e-02 4.7867332569e+04 2.1765798827e+05 2.1824239997e+05
763.3815 4.182456e-02 6.792013e-02 3.647707e-04 4.736533e-02 3.925282e-02 7.610687e-02 4.7912342144e+04 2.1764469259e+05 2.1821052672e+05
764.3820 4.073222e-02 6.565041e-02 3.747056e-04 4.402253e-02 3.711689e-02 8.445284e-02 4.7968063612e+04 2.1764125742e+05 2.1815845332e+05
765.3825 3.870803e-02 6.117110e-02 3.851892e-04 4.016751e-02 3.509278e-02 9.268443e-02 4.8032183998e+04 2.1764903626e+05 2.1808821303e+05
766.3830 3.562841e-02 5.528662e-02 4.083906e-04 3.599668e-02 3.269821e-02 1.011211e-01 4.8098793533e+04 2.1766872747e+05 2.1800475459e+05
767.3835 3.285627e-02 4.973098e-02 3.837339e-04 3.253052e-02 3.085001e-02 1.082509e-01 4.8161657172e+04 2.1769869469e+05 2.1791453127e+05
768.3840 3.033507e-02 4.505161e-02 4.206760e-04 2.959329e-02 2.930545e-02 1.147099e-01 4.8215751332e+04 2.1773416109e+05 2.1782708300e+05
769.3845 2.859579e-02 4.172522e-02 4.375357e-04 2.794434e-02 2.853308e-02 1.176257e-01 4.8259460999e+04 2.1776670351e+05 2.1775266849e+05
770.3850 2.766093e-02 3.956895e-02 3.854560e-04 2.786987e-02 2.856263e-02 1.177946e-01 4.8291316917e+04 2.1778757933e+05 2.1770115971e+05
771.3855 2.738303e-02 3.945536e-02 4.466552e-04 2.902416e-02 2.940290e-02 1.158223e-01 4.8309698761e+04 2.1779041569e+05 2.1768008893e+05
772.3860 2.837891e-02 4.163145e-02 4.124124e-04 3.164610e-02 3.121419e-02 1.114256e-01 4.8313489822e+04 2.1777256861e+05 2.1769290426e+05
773.3865 3.074526e-02 4.604481e-02 3.602691e-04 3.552909e-02 3.333356e-02 1.048343e-01 4.8303758285e+04 2.1773381720e+05 2.1773890848e+05
774.3870 3.355176e-02 5.118247e-02 4.025876e-04 4.028028e-02 3.645632e-02 9.682236e-02 4.8284389293e+04 2.1767681604e+05 2.1781215621e+05
775.3875 3.653771e-02 5.665343e-02 3.758714e-04 4.521820e-02 3.932118e-02 8.866991e-02 4.8260660346e+04 2.1760621431e+05 2.1790315835e+05
776.3880 3.889590e-02 6.189036e-02 3.681398e-04 5.015352e-02 4.227749e-02 8.119559e-02 4.8238201749e+04 2.1753072145e+05 2.1799795881e+05
777.3885 4.201371e-02 6.757814e-02 3.506009e-04 5.456986e-02 4.526941e-02 7.556654e-02 4.8221198390e+04 2.1745959707e+05 2.1808178962e+05
778.3890 4.518184e-02 7.354626e-02 3.491303e-04 5.767617e-02 4.691590e-02 7.129453e-02 4.8213913052e+04 2.1740262006e+05 2.1814215692e+05
779.3895 4.772394e-02 7.826875e-02 3.608936e-04 5.924151e-02 4.807341e-02 7.017144e-02 4.8220275441e+04 2.1736543450e+05 2.1816939237e+05
780.3900 4.875600e-02 7.994625e-02 3.739189e-04 5.940445e-02 4.831536e-02 7.254471e-02 4.8242704412e+04 2.1735094946e+05 2.1815923209e+05
781.3905 4.830998e-02 7.852753e-02 3.747593e-04 5.770925e-02 4.721598e-02 7.715789e-02 4.8281491862e+04 2.1735897120e+05 2.1811249773e+05
782.3910 4.618392e-02 7.490740e-02 3.630230e-04 5.481312e-02 4.571230e-02 8.485418e-02 4.8333603873e+04 2.1738652584e+05 2.1803378185e+05
783.3915 4.368092e-02 7.055312e-02 3.941538e-04 5.089243e-02 4.322670e-02 9.424185e-02 4.8395872953e+04 2.1742700981e+05 2.1793257851e+05
784.3920 4.126410e-02 6.618229e-02 3.894124e-04 4.616156e-02 4.049851e-02 1.040965e-01 4.8465587811e+04 2.1747065524e+05 2.1782093163e+05
785.3925 3.871431e-02 6.035751e-02 4.060714e-04 4.116886e-02 3.731609e-02 1.143061e-01 4.8538888161e+04 2.1750876642e+05 2.1771208804e+05
786.3930 3.626559e-02 5.422187e-02 4.215584e-04 3.696944e-02 3.485523e-02 1.231512e-01 4.8610497946e+04 2.1753460828e+05 2.1761719999e+05
787.3935 3.321739e-02 4.954913e-02 4.462050e-04 3.343411e-02 3.257117e-02 1.307266e-01 4.8673682314e+04 2.1754551389e+05 2.1754552986e+05
788.3940 3.119862e-02 4.574016e-02 4.310613e-04 3.162704e-02 3.152646e-02 1.337636e-01 4.8722696474e+04 2.1754274109e+05 2.1750156183e+05
789.3945 3.061876e-02 4.383410e-02 4.448541e-04 3.137824e-02 3.130179e-02 1.347782e-01 4.8753940992e+04 2.1752654653e+05 2.1748737503e+05
790.3950 3.039674e-02 4.444336e-02 4.590120e-04 3.275337e-02 3.230652e-02 1.326030e-01 4.8768571825e+04 2.1749775044e+05 2.1750127949e+05
791.3955 3.109831e-02 4.580214e-02 4.380990e-04 3.588234e-02 3.417903e-02 1.267969e-01 4.8768889293e+04 2.1745930306e+05 2.1753894889e+05
792.3960 3.310175e-02 4.941835e-02 4.398175e-04 4.059802e-02 3.737036e-02 1.192797e-01 4.8756703357e+04 2.1741432413e+05 2.1759365804e+05
793.3965 3.632550e-02 5.564251e-02 4.427841e-04 4.589654e-02 4.083186e-02 1.092196e-01 4.8735026012e+04 2.1736764490e+05 2.1765879922e+05
794.3970 4.058802e-02 6.312886e-02 4.062722e-04 5.151842e-02 4.439146e-02 9.961731e-02 4.8707994060e+04 2.1732159765e+05 2.1772729569e+05
795.3975 4.483068e-02 7.053098e-02 4.160667e-04 5.721981e-02 4.838940e-02 9.111913e-02 4.8681826178e+04 2.1727729970e+05 2.1779257194e+05
796.3980 4.790921e-02 7.601380e-02 3.729434e-04 6.192401e-02 5.141724e-02 8.359193e-02 4.8663157272e+04 2.1723547998e+05 2.1784952127e+05
797.3985 4.993338e-02 8.045515e-02 3.966579e-04 6.541670e-02 5.369895e-02 7.892649e-02 4.8656280717e+04 2.1719688822e+05 2.1789194810e+05
798.3990 5.151077e-02 8.433451e-02 3.592621e-04 6.732111e-02 5.525069e-02 7.817173e-02 4.8664139068e+04 2.1716308877e+05 2.1791458017e+05
799.3995 5.259688e-02 8.689183e-02 3.697149e-04 6.708967e-02 5.492743e-02 8.066023e-02 4.8689273922e+04 2.1713637395e+05 2.1791388816e+05
800.4000 5.298480e-02 8.669362e-02 3.804059e-04 6.496463e-02 5.370014e-02 8.692113e-02 4.8732628940e+04 2.1711855180e+05 2.1788714098e+05
801.4005 5.156354e-02 8.391052e-02 4.269601e-04 6.146551e-02 5.118707e-02 9.574080e-02 4.8792984801e+04 2.1711166871e+05 2.1783414076e+05
802.4010 4.861498e-02 7.833037e-02 3.983440e-04 5.673283e-02 4.806649e-02 1.064981e-01 4.8865695956e+04 2.1711884502e+05 2.1775653528e+05
803.4015 4.469847e-02 7.129847e-02 4.351785e-04 5.125507e-02 4.446757e-02 1.186068e-01 4.8943771693e+04 2.1714185684e+05 2.1765865127e+05
804.4020 4.123134e-02 6.368346e-02 4.587237e-04 4.597506e-02 4.088269e-02 1.296051e-01 4.9020946367e+04 2.1717910010e+05 2.1754786942e+05
805.4025 3.828355e-02 5.779206e-02 4.677898e-04 4.118378e-02 3.772028e-02 1.401433e-01 4.9092477207e+04 2.1722293392e+05 2.1743503029e+05
806.4030 3.542236e-02 5.362996e-02 4.773882e-04 3.768678e-02 3.546674e-02 1.471794e-01 4.9155616979e+04 2.1726442941e+05 2.1733268864e+05
807.4035 3.366099e-02 4.966748e-02 4.808407e-04 3.602230e-02 3.451083e-02 1.500336e-01 4.9206389314e+04 2.1729533022e+05 2.1725327583e+05
808.4040 3.312783e-02 4.838882e-02 4.667692e-04 3.608605e-02 3.476921e-02 1.505856e-01 4.9239834812e+04 2.1730829274e+05 2.1720722642e+05
809.4045 3.388262e-02 4.983305e-02 4.956370e-04 3.791036e-02 3.624528e-02 1.468928e-01 4.9253989248e+04 2.1729957268e+05 2.1720103835e+05
810.4050 3.592788e-02 5.322872e-02 4.519016e-04 4.178147e-02 3.914701e-02 1.399424e-01 4.9249954302e+04 2.1726649772e+05 2.1723604066e+05
811.4055 3.854029e-02 5.769874e-02 4.636628e-04 4.704664e-02 4.290865e-02 1.305063e-01 4.9232322727e+04 2.1720911556e+05 2.1730837977e+05
812.4060 4.117263e-02 6.259637e-02 4.426201e-04 5.286435e-02 4.722634e-02 1.191652e-01 4.9207151111e+04 2.1713196908e+05 2.1740815732e+05
813.4065 4.416709e-02 6.878969e-02 4.201003e-04 5.921732e-02 5.151280e-02 1.091773e-01 4.9179348405e+04 2.1704375395e+05 2.1752023830e+05
814.4070 4.840924e-02 7.646008e-02 3.961626e-04 6.510602e-02 5.569214e-02 9.984482e-02 4.9154214727e+04 2.1695639922e+05 2.1762763733e+05
815.4075 5.298061e-02 8.379306e-02 3.846639e-04 6.950753e-02 5.854802e-02 9.208862e-02 4.9137570645e+04 2.1688134771e+05 2.1771473638e+05
816.4080 5.605470e-02 9.022548e-02 3.884819e-04 7.274125e-02 6.053631e-02 8.865838e-02 4.9134441346e+04 2.1682653894e+05 2.1776811420e+05
817.4085 5.718116e-02 9.330539e-02 3.870408e-04 7.404316e-02 6.104162e-02 8.876176e-02 4.9148594320e+04 2.1679786174e+05 2.1778018462e+05
818.4090 5.682259e-02 9.336944e-02 3.897945e-04 7.325406e-02 6.027580e-02 9.302274e-02 4.9180554676e+04 2.1679689959e+05 2.1774822973e+05
819.4095 5.546888e-02 9.099050e-02 4.202710e-04 7.064943e-02 5.805127e-02 1.004902e-01 4.9229109034e+04 2.1682135834e+05 2.1767553982e+05
820.4100 5.309161e-02 8.738322e-02 4.288457e-04 6.668905e-02 5.497655e-02 1.106224e-01 4.9292060855e+04 2.1686447301e+05 2.1757068748e+05
821.4105 5.075833e-02 8.271779e-02 4.339009e-04 6.127304e-02 5.107150e-02 1.227624e-01 4.9366650403e+04 2.1691502858e+05 2.1744718635e+05
822.4110 4.767445e-02 7.661245e-02 4.578152e-04 5.570875e-02 4.720579e-02 1.351114e-01 4.9448283081e+04 2.1696337765e+05 2.1731970926e+05
823.4115 4.461890e-02 6.950963e-02 4.821370e-04 5.046990e-02 4.365325e-02 1.459565e-01 4.9529647232e+04 2.1700206065e+05 2.1720294198e+05
824.4120 4.152690e-02 6.397733e-02 4.973476e-04 4.583196e-02 4.078575e-02 1.561687e-01 4.9602644236e+04 2.1702537304e+05 2.1710906880e+05
825.4125 3.904184e-02 5.970333e-02 4.767403e-04 4.298297e-02 3.931725e-02 1.610819e-01 4.9662665792e+04 2.1703088696e+05 2.1704599277e+05
826.4130 3.721847e-02 5.617000e-02 4.743887e-04 4.181610e-02 3.904655e-02 1.634295e-01 4.9706836825e+04 2.1701666582e+05 2.1701788305e+05
827.4135 3.696662e-02 5.515662e-02 5.151873e-04 4.252985e-02 4.029463e-02 1.622602e-01 4.9734138647e+04 2.1698375869e+05 2.1702369138e+05
828.4140 3.755979e-02 5.567315e-02 4.771564e-04 4.512470e-02 4.269439e-02 1.571076e-01 4.9745390499e+04 2.1693734333e+05 2.1705849956e+05
829.4145 3.949784e-02 5.901474e-02 4.534428e-04 4.964383e-02 4.641924e-02 1.488282e-01 4.9741593011e+04 2.1688336747e+05 2.1711415571e+05
830.4150 4.376740e-02 6.527776e-02 4.721116e-04 5.498600e-02 5.066482e-02 1.387315e-01 4.9725093949e+04 2.1682746698e+05 2.1718254151e+05
831.4155 4.810708e-02 7.222629e-02 4.238321e-04 6.070855e-02 5.470155e-02 1.275904e-01 4.9701841640e+04 2.1677377264e+05 2.1725548301e+05
832.4160 5.111098e-02 7.866040e-02 4.356697e-04 6.710530e-02 5.912355e-02 1.187971e-01 4.9677835234e+04 2.1672414834e+05 2.1732453400e+05
833.4165 5.447092e-02 8.470822e-02 4.065321e-04 7.218924e-02 6.241339e-02 1.102936e-01 4.9658536554e+04 2.1668048140e+05 2.1738373661e+05
834.4170 5.638882e-02 8.936887e-02 4.007874e-04 7.601299e-02 6.435553e-02 1.043186e-01 4.9649062435e+04 2.1664462053e+05 2.1742657488e+05
835.4175 5.812999e-02 9.471349e-02 4.225402e-04 7.855487e-02 6.558984e-02 1.036112e-01 4.9652765722e+04 2.1661523491e+05 2.1744811110e+05
836.4180 6.016141e-02 9.843261e-02 4.062416e-04 7.895594e-02 6.495992e-02 1.051496e-01 4.9673446330e+04 2.1659325622e+05 2.1744654598e+05
837.4185 6.023612e-02 9.905285e-02 4.413379e-04 7.731290e-02 6.306632e-02 1.107681e-01 4.9712658992e+04 2.1657856080e+05 2.1742085051e+05
838.4190 5.845205e-02 9.642946e-02 4.454690e-04 7.443421e-02 6.049518e-02 1.189548e-01 4.9768214334e+04 2.1657328620e+05 2.1737126385e+05
839.4195 5.601215e-02 9.189669e-02 4.749794e-04 7.027992e-02 5.710587e-02 1.291394e-01 4.9834594541e+04 2.1657975345e+05 2.1730016782e+05
840.4200 5.279477e-02 8.617759e-02 4.580067e-04 6.517574e-02 5.354604e-02 1.405127e-01 4.9907190502e+04 2.1659803601e+05 2.1721178799e+05
841.4205 4.957862e-02 7.979366e-02 5.049333e-04 6.036546e-02 5.032079e-02 1.511075e-01 4.9981805356e+04 2.1662558545e+05 2.1711247632e+05
842.4210 4.710048e-02 7.389490e-02 5.173614e-04 5.590728e-02 4.770595e-02 1.602305e-01 5.0054070628e+04 2.1665695193e+05 2.1701132992e+05
843.4215 4.410057e-02 6.937286e-02 5.354082e-04 5.246762e-02 4.606536e-02 1.676647e-01 5.0120023282e+04 2.1668612337e+05 2.1691830046e+05
844.4220 4.274457e-02 6.699649e-02 5.131874e-04 5.078769e-02 4.584074e-02 1.698343e-01 5.0175018390e+04 2.1670749538e+05 2.1684333342e+05
845.4225 4.317955e-02 6.595050e-02 5.209810e-04 5.039048e-02 4.663988e-02 1.710933e-01 5.0214217095e+04 2.1671546213e+05 2.1679579691e+05
846.4230 4.369590e-02 6.553419e-02 5.285575e-04 5.168675e-02 4.841985e-02 1.680804e-01 5.0237709776e+04 2.1670587742e+05 2.1678184196e+05
847.4235 4.441926e-02 6.652775e-02 4.910176e-04 5.473054e-02 5.137001e-02 1.627080e-01 5.0246577853e+04 2.1667490471e+05 2.1680306178e+05
848.4240 4.606536e-02 6.882747e-02 4.712783e-04 5.904878e-02 5.510144e-02 1.548967e-01 5.0243437494e+04 2.1662370138e+05 2.1685573651e+05
849.4245 4.859326e-02 7.278070e-02 4.699324e-04 6.354197e-02 5.835035e-02 1.459854e-01 5.0231936614e+04 2.1655693823e+05 2.1693183296e+05
850.4250 5.199563e-02 7.849122e-02 4.513356e-04 6.879238e-02 6.196134e-02 1.375964e-01 5.0216620877e+04 2.1648201459e+05 2.1701827095e+05
851.4255 5.618108e-02 8.573519e-02 4.616134e-04 7.374115e-02 6.501997e-02 1.314246e-01 5.0202964139e+04 2.1640634222e+05 2.1710220110e+05
852.4260 5.924448e-02 9.193617e-02 4.384790e-04 7.700741e-02 6.636035e-02 1.249388e-01 5.0197079887e+04 2.1634001101e+05 2.1717144654e+05
853.4265 6.099375e-02 9.738117e-02 4.601577e-04 7.996657e-02 6.776085e-02 1.226238e-01 5.0201316619e+04 2.1628985454e+05 2.1721356196e+05
854.4270 6.205111e-02 9.997974e-02 4.622210e-04 8.124368e-02 6.746341e-02 1.235618e-01 5.0217133741e+04 2.1626297712e+05 2.1722235142e+05
855.4275 6.151370e-02 1.004396e-01 4.486520e-04 8.085591e-02 6.634017e-02 1.263544e-01 5.0245711883e+04 2.1626135463e+05 2.1719495418e+05
856.4280 6.077573e-02 9.944711e-02 4.994705e-04 7.903058e-02 6.431451e-02 1.327543e-01 5.0286521221e+04 2.1628070202e+05 2.1713450797e+05
857.4285 5.942178e-02 9.765427e-02 4.851884e-04 7.636841e-02 6.193658e-02 1.393889e-01 5.0339403860e+04 2.1631410154e+05 2.1704876728e+05
858.4290 5.666808e-02 9.438950e-02 5.434260e-04 7.289175e-02 5.928976e-02 1.481362e-01 5.0401658414e+04 2.1635282008e+05 2.1694920327e+05
859.4295 5.470622e-02 8.984849e-02 5.072231e-04 6.913023e-02 5.699235e-02 1.563535e-01 5.0468069910e+04 2.1638912268e+05 2.1684822173e+05
860.4300 5.348189e-02 8.564648e-02 5.717064e-04 6.566620e-02 5.488575e-02 1.634177e-01 5.0532788982e+04 2.1641613300e+05 2.1675805943e+05
861.4305 5.124916e-02 8.187498e-02 5.255601e-04 6.289188e-02 5.391859e-02 1.697695e-01 5.0592027952e+04 2.1642790552e+05 2.1668846757e+05
862.4310 4.975730e-02 7.795981e-02 5.548342e-04 6.111401e-02 5.361968e-02 1.731403e-01 5.0643278192e+04 2.1642091780e+05 2.1664583316e+05
863.4315 4.904053e-02 7.555846e-02 5.291771e-04 6.079687e-02 5.452984e-02 1.735925e-01 5.0685282325e+04 2.1639433718e+05 2.1663123545e+05
864.4320 4.854610e-02 7.510998e-02 5.298476e-04 6.119113e-02 5.581053e-02 1.733133e-01 5.0716979450e+04 2.1635173213e+05 2.1664191287e+05
865.4325 4.990161e-02 7.578950e-02 5.476633e-04 6.293947e-02 5.787956e-02 1.699252e-01 5.0738304430e+04 2.1630040401e+05 2.1667102222e+05
866.4330 5.237132e-02 7.886165e-02 5.010930e-04 6.592816e-02 6.064861e-02 1.656132e-01 5.0750186242e+04 2.1624623021e+05 2.1671052241e+05
867.4335 5.477346e-02 8.215164e-02 5.037527e-04 6.893405e-02 6.304269e-02 1.596251e-01 5.0755935681e+04 2.1619584835e+05 2.1675309287e+05
868.4340 5.716406e-02 8.518129e-02 4.935565e-04 7.207519e-02 6.522857e-02 1.542577e-01 5.0757940070e+04 2.1615355749e+05 2.1679122513e+05
869.4345 5.842843e-02 8.824736e-02 4.974186e-04 7.585480e-02 6.760755e-02 1.499090e-01 5.0759153196e+04 2.1612260853e+05 2.1681849260e+05
870.4350 6.009496e-02 9.129464e-02 4.875171e-04 7.833924e-02 6.859267e-02 1.468084e-01 5.0762724550e+04 2.1610277706e+05 2.1683269297e+05
871.4355 6.128571e-02 9.481033e-02 4.894770e-04 8.000816e-02 6.906572e-02 1.442441e-01 5.0772252269e+04 2.1609197861e+05 2.1683221344e+05
872.4360 6.249634e-02 9.841527e-02 5.418780e-04 8.152198e-02 6.919566e-02 1.449748e-01 5.0790380925e+04 2.1608489911e+05 2.1681830702e+05
873.4365 6.316036e-02 1.007605e-01 4.822003e-04 8.117405e-02 6.796035e-02 1.473300e-01 5.0818969339e+04 2.1607813173e+05 2.1679495269e+05
874.4370 6.265952e-02 1.017096e-01 5.550281e-04 8.020477e-02 6.656037e-02 1.507761e-01 5.0856937213e+04 2.1607034659e+05 2.1676407466e+05
875.4375 6.125237e-02 1.003389e-01 5.112981e-04 7.863576e-02 6.483337e-02 1.557688e-01 5.0900928148e+04 2.1606286559e+05 2.1672805884e+05
876.4380 5.962700e-02 9.817037e-02 5.162854e-04 7.674456e-02 6.318931e-02 1.605935e-01 5.0947703827e+04 2.1605694636e+05 2.1668821222e+05
877.4385 5.807993e-02 9.506063e-02 5.804693e-04 7.484139e-02 6.184778e-02 1.660718e-01 5.0995490255e+04 2.1605234081e+05 2.1664592436e+05
878.4390 5.638313e-02 9.111964e-02 5.267008e-04 7.300273e-02 6.075868e-02 1.695767e-01 5.1043636100e+04 2.1604918419e+05 2.1660300205e+05
879.4395 5.562473e-02 8.872628e-02 5.788832e-04 7.205782e-02 6.070441e-02 1.730522e-01 5.1089316228e+04 2.1604583189e+05 2.1656100375e+05
880.4400 5.529111e-02 8.862555e-02 5.395309e-04 7.162876e-02 6.118495e-02 1.745060e-01 5.1130536625e+04 2.1604210362e+05 2.1652308202e+05
881.4405 5.580295e-02 8.855941e-02 5.528724e-04 7.182409e-02 6.204493e-02 1.741317e-01 5.1165564068e+04 2.1603701158e+05 2.1649266951e+05
882.4410 5.740524e-02 8.941307e-02 5.356712e-04 7.297687e-02 6.393298e-02 1.728013e-01 5.1193660342e+04 2.1602704987e+05 2.1647290617e+05
883.4415 5.827789e-02 9.039451e-02 5.560330e-04 7.405025e-02 6.551934e-02 1.711093e-01 5.1216395043e+04 2.1600908491e+05 2.1646704218e+05
884.4420 5.884737e-02 9.029647e-02 5.114833e-04 7.605660e-02 6.759635e-02 1.682909e-01 5.1235624645e+04 2.1598178200e+05 2.1647436639e+05
885.4425 5.976312e-02 9.153981e-02 5.399122e-04 7.835370e-02 6.999649e-02 1.659034e-01 5.1252773192e+04 2.1594496784e+05 2.1649221618e+05
886.4430 6.181666e-02 9.219061e-02 5.042144e-04 7.941087e-02 7.080127e-02 1.632774e-01 5.1270767534e+04 2.1590146829e+05 2.1651699239e+05
887.4435 6.316935e-02 9.469252e-02 5.060221e-04 8.066817e-02 7.195552e-02 1.622763e-01 5.1291659224e+04 2.1585458902e+05 2.1654086663e+05
888.4440 6.445718e-02 9.676532e-02 5.608175e-04 8.153508e-02 7.225920e-02 1.631086e-01 5.1316871513e+04 2.1581011983e+05 2.1655794099e+05
889.4445 6.507178e-02 9.702361e-02 4.840607e-04 8.108115e-02 7.144530e-02 1.641140e-01 5.1347011712e+04 2.1577503275e+05 2.1656265543e+05
890.4450 6.349606e-02 9.775148e-02 5.779174e-04 8.069743e-02 7.060507e-02 1.661238e-01 5.1380893434e+04 2.1575439773e+05 2.1654943614e+05
891.4455 6.269088e-02 9.830891e-02 5.250261e-04 8.012540e-02 6.946276e-02 1.702813e-01 5.1416424738e+04 2.1575026060e+05 2.1651713541e+05
892.4460 6.179420e-02 9.813959e-02 5.177806e-04 7.830328e-02 6.719141e-02 1.740024e-01 5.1454203189e+04 2.1576144822e+05 2.1646870201e+05
893.4465 6.052944e-02 9.748251e-02 6.178553e-04 7.737070e-02 6.573435e-02 1.777657e-01 5.1494085290e+04 2.1578195643e+05 2.1640852624e+05
894.4470 5.968498e-02 9.695592e-02 5.502116e-04 7.634426e-02 6.444951e-02 1.810645e-01 5.1534126775e+04 2.1580485016e+05 2.1634571688e+05
895.4475 5.857252e-02 9.604768e-02 6.176204e-04 7.602358e-02 6.359733e-02 1.828022e-01 5.1571443308e+04 2.1582478439e+05 2.1628906235e+05
896.4480 5.817504e-02 9.577232e-02 5.878163e-04 7.640649e-02 6.367427e-02 1.833589e-01 5.1602942043e+04 2.1583513815e+05 2.1624712766e+05
897.4485 5.929599e-02 9.565925e-02 5.614528e-04 7.728014e-02 6.423807e-02 1.819627e-01 5.1627020031e+04 2.1583120212e+05 2.1622661254e+05
898.4490 6.017852e-02 9.633149e-02 5.919881e-04 7.961049e-02 6.635253e-02 1.797611e-01 5.1645095872e+04 2.1580856068e+05 2.1622958783e+05
899.4495 6.059941e-02 9.809207e-02 5.581983e-04 8.191631e-02 6.850886e-02 1.754240e-01 5.1659518028e+04 2.1576726859e+05 2.1625557788e+05
900.4500 6.274318e-02 1.000677e-01 5.885747e-04 8.469617e-02 7.124072e-02 1.711462e-01 5.1672183721e+04 2.1570978997e+05 2.1629823730e+05
901.4505 6.504072e-02 1.036173e-01 5.125238e-04 8.754542e-02 7.439202e-02 1.669725e-01 5.1686104914e+04 2.1564262904e+05 2.1634837333e+05
902.4510 6.783230e-02 1.066093e-01 5.322263e-04 8.908353e-02 7.626845e-02 1.639516e-01 5.1703752353e+04 2.1557476673e+05 2.1639615004e+05
903.4515 7.019890e-02 1.087350e-01 5.174590e-04 9.077857e-02 7.877891e-02 1.623213e-01 5.1727321039e+04 2.1551516998e+05 2.1642926368e+05
904.4520 7.026451e-02 1.079394e-01 5.070448e-04 9.102343e-02 7.956795e-02 1.627117e-01 5.1759503170e+04 2.1547215372e+05 2.1643986083e+05
905.4525 7.046314e-02 1.053067e-01 5.128139e-04 8.960901e-02 7.916237e-02 1.648551e-01 5.1799852080e+04 2.1545087094e+05 2.1642159469e+05
906.4530 6.942218e-02 1.028654e-01 5.621982e-04 8.801461e-02 7.857595e-02 1.707999e-01 5.1847456693e+04 2.1545302761e+05 2.1637171322e+05
907.4535 6.759496e-02 1.007979e-01 5.265297e-04 8.498702e-02 7.611799e-02 1.773335e-01 5.1902075110e+04 2.1547591933e+05 2.1629541444e+05
908.4540 6.624342e-02 9.873128e-02 5.642133e-04 8.142213e-02 7.321602e-02 1.847364e-01 5.1961351545e+04 2.1551212740e+05 2.1620087481e+05
909.4545 6.446432e-02 9.701575e-02 6.253843e-04 7.832948e-02 7.032556e-02 1.927028e-01 5.2022463288e+04 2.1555229630e+05 2.1610022362e+05
910.4550 6.208737e-02 9.537021e-02 5.456065e-04 7.510766e-02 6.688146e-02 2.003918e-01 5.2081019787e+04 2.1558744249e+05 2.1600772678e+05
911.4555 6.005713e-02 9.356197e-02 6.461417e-04 7.262454e-02 6.400502e-02 2.060827e-01 5.2131844128e+04 2.1561099060e+05 2.1593479164e+05
912.4560 5.885709e-02 9.191294e-02 6.313262e-04 7.211794e-02 6.252128e-02 2.093760e-01 5.2170855316e+04 2.1561767415e+05 2.1588971525e+05
913.4565 5.794657e-02 9.177443e-02 5.896394e-04 7.225020e-02 6.142816e-02 2.092852e-01 5.2197113039e+04 2.1560391808e+05 2.1587806009e+05
914.4570 5.767471e-02 9.247012e-02 6.520053e-04 7.487246e-02 6.269404e-02 2.066300e-01 5.2211205322e+04 2.1556929635e+05 2.1589789781e+05
915.4575 5.868499e-02 9.454859e-02 6.415150e-04 7.859769e-02 6.484236e-02 1.999510e-01 5.2214439869e+04 2.1551801764e+05 2.1594502595e+05
916.4580 6.190994e-02 9.821311e-02 6.105070e-04 8.351720e-02 6.831561e-02 1.915689e-01 5.2207801803e+04 2.1545651003e+05 2.1601040738e+05
917.4585 6.538724e-02 1.047939e-01 5.817082e-04 8.988096e-02 7.355991e-02 1.812282e-01 5.2194788582e+04 2.1539187119e+05 2.1608352364e+05
918.4590 6.980040e-02 1.126537e-01 5.659137e-04 9.532597e-02 7.796054e-02 1.703921e-01 5.2180598936e+04 2.1532864544e+05 2.1615646149e+05
919.4595 7.425815e-02 1.186508e-01 5.507587e-04 1.010119e-01 8.348952e-02 1.610633e-01 5.2171720644e+04 2.1527023043e+05 2.1621873681e+05
920.4600 7.657405e-02 1.217223e-01 5.139748e-04 1.049758e-01 8.761378e-02 1.541908e-01 5.2174105180e+04 2.1522027272e+05 2.1626366985e+05
921.4605 7.864516e-02 1.237054e-01 5.138306e-04 1.069130e-01 9.044763e-02 1.512064e-01 5.2190811891e+04 2.1518044739e+05 2.1628440868e+05
922.4610 7.965104e-02 1.241507e-01 5.134194e-04 1.071734e-01 9.225926e-02 1.525842e-01 5.2224982157e+04 2.1515279153e+05 2.1627593774e+05
923.4615 7.962830e-02 1.216356e-01 5.233077e-04 1.041646e-01 9.077685e-02 1.577984e-01 5.2278755223e+04 2.1513784364e+05 2.1623780060e+05
924.4620 7.863741e-02 1.165226e-01 5.150020e-04 9.949525e-02 8.828035e-02 1.685243e-01 5.2350886385e+04 2.1513546075e+05 2.1616911055e+05
925.4625 7.533976e-02 1.106336e-01 5.892548e-04 9.338290e-02 8.397636e-02 1.825762e-01 5.2437786709e+04 2.1514651372e+05 2.1607341367e+05
926.4630 7.127255e-02 1.039884e-01 5.340163e-04 8.587782e-02 7.807315e-02 1.973793e-01 5.2532683494e+04 2.1517190443e+05 2.1595685613e+05
927.4635 6.700772e-02 9.804237e-02 6.243117e-04 7.863533e-02 7.220475e-02 2.131384e-01 5.2626433707e+04 2.1521064977e+05 2.1582735143e+05
928.4640 6.307262e-02 9.256957e-02 6.317852e-04 7.215950e-02 6.600986e-02 2.269747e-01 5.2712258283e+04 2.1525815088e+05 2.1569734389e+05
929.4645 5.898064e-02 8.751761e-02 6.233980e-04 6.720866e-02 6.112243e-02 2.384406e-01 5.2785022198e+04 2.1530557313e+05 2.1558022744e+05
930.4650 5.631019e-02 8.408965e-02 7.398738e-04 6.486055e-02 5.791229e-02 2.443214e-01 5.2840215946e+04 2.1534323969e+05 2.1548960047e+05
931.4655 5.480507e-02 8.323839e-02 6.586497e-04 6.541830e-02 5.685245e-02 2.439799e-01 5.2873428770e+04 2.1536384642e+05 2.1543715032e+05
932.4660 5.471147e-02 8.485222e-02 6.829107e-04 6.856385e-02 5.812256e-02 2.385802e-01 5.2881737810e+04 2.1536148721e+05 2.1543102965e+05
933.4665 5.778038e-02 9.017274e-02 6.770056e-04 7.519066e-02 6.226068e-02 2.270898e-01 5.2865840658e+04 2.1533128621e+05 2.1547404020e+05
934.4670 6.283972e-02 9.796405e-02 6.400942e-04 8.326781e-02 6.783314e-02 2.111911e-01 5.2831423663e+04 2.1527054206e+05 2.1556493575e+05
935.4675 6.781610e-02 1.070930e-01 6.082514e-04 9.341492e-02 7.595465e-02 1.930180e-01 5.2786650522e+04 2.1518092448e+05 2.1569360154e+05
936.4680 7.277050e-02 1.173585e-01 5.699445e-04 1.036327e-01 8.417547e-02 1.733317e-01 5.2739675256e+04 2.1507036083e+05 2.1584556252e+05
937.4685 7.845329e-02 1.277093e-01 5.402618e-04 1.125549e-01 9.196350e-02 1.563854e-01 5.2698587605e+04 2.1495024339e+05 2.1600039054e+05
938.4690 8.500049e-02 1.360241e-01 5.195249e-04 1.201815e-01 9.947981e-02 1.433971e-01 5.2672870283e+04 2.1483440461e+05 2.1613506388e+05
939.4695 8.934587e-02 1.426513e-01 4.882432e-04 1.238239e-01 1.033334e-01 1.359692e-01 5.2671768482e+04 2.1473560497e+05 2.1623050510e+05
940.4700 9.095567e-02 1.440216e-01 4.687159e-04 1.247931e-01 1.058708e-01 1.366714e-01 5.2701426442e+04 2.1466598601e+05 2.1626762326e+05
941.4705 9.019935e-02 1.400871e-01 5.379809e-04 1.215728e-01 1.046750e-01 1.438678e-01 5.2762596798e+04 2.1463664830e+05 2.1623650848e+05
942.4710 8.796356e-02 1.329114e-01 4.791791e-04 1.146094e-01 9.998650e-02 1.581113e-01 5.2851403283e+04 2.1465287081e+05 2.1613424014e+05
943.4715 8.346401e-02 1.240975e-01 5.601329e-04 1.055689e-01 9.380174e-02 1.797249e-01 5.2961834334e+04 2.1471254299e+05 2.1596687338e+05
944.4720 7.725395e-02 1.143283e-01 6.080796e-04 9.408524e-02 8.481475e-02 2.034451e-01 5.3087514776e+04 2.1480599635e+05 2.1575287476e+05
945.4725 7.096115e-02 1.031278e-01 6.135754e-04 8.230905e-02 7.525130e-02 2.276358e-01 5.3219358939e+04 2.1491693360e+05 2.1551604000e+05
946.4730 6.365568e-02 9.214062e-02 7.536770e-04 7.151796e-02 6.599160e-02 2.506315e-01 5.3346451874e+04 2.1502716224e+05 2.1528486447e+05
947.4735 5.733721e-02 8.333292e-02 6.694053e-04 6.311855e-02 5.822069e-02 2.685359e-01 5.3456066173e+04 2.1512034465e+05 2.1508747102e+05
948.4740 5.388387e-02 7.774497e-02 7.831765e-04 5.797799e-02 5.288230e-02 2.804274e-01 5.3536598676e+04 2.1518193142e+05 2.1494838599e+05
949.4745 5.213925e-02 7.532786e-02 7.866753e-04 5.688996e-02 5.072153e-02 2.821423e-01 5.3583103661e+04 2.1520113213e+05 2.1488502176e+05
950.4750 5.168617e-02 7.602344e-02 7.328947e-04 6.044704e-02 5.232938e-02 2.752643e-01 5.3593517216e+04 2.1517154238e+05 2.1490479446e+05
951.4755 5.412759e-02 8.083501e-02 7.610979e-04 6.848164e-02 5.786269e-02 2.600438e-01 5.3569261784e+04 2.1509435173e+05 2.1500398478e+05
952.4760 5.899970e-02 9.098791e-02 6.908661e-04 7.988649e-02 6.637461e-02 2.377719e-01 5.3515846780e+04 2.1497788013e+05 2.1516876704e+05
953.4765 6.606008e-02 1.041165e-01 6.671725e-04 9.320590e-02 7.679326e-02 2.112161e-01 5.3442026436e+04 2.1483662274e+05 2.1537688941e+05
954.4770 7.559697e-02 1.189622e-01 5.637676e-04 1.080816e-01 8.899791e-02 1.828671e-01 5.3360102063e+04 2.1468568019e+05 2.1560043669e+05
955.4775 8.397325e-02 1.338644e-01 5.517178e-04 1.212039e-01 9.984060e-02 1.564164e-01 5.3285097240e+04 2.1454037174e+05 2.1581240891e+05
956.4780 9.102908e-02 1.465599e-01 5.259578e-04 1.324268e-01 1.098381e-01 1.358886e-01 5.3229906389e+04 2.1441485510e+05 2.1598493977e+05
957.4785 9.719052e-02 1.549235e-01 4.821939e-04 1.399601e-01 1.168746e-01 1.231093e-01 5.3203974907e+04 2.1432256301e+05 2.1609661250e+05
958.4790 1.003152e-01 1.596220e-01 4.614355e-04 1.420933e-01 1.193975e-01 1.197554e-01 5.3214483629e+04 2.1427195887e+05 2.1613300251e+05
959.4795 1.007184e-01 1.585501e-01 4.853499e-04 1.398564e-01 1.190256e-01 1.279867e-01 5.3265930092e+04 2.1426477537e+05 2.1608665239e+05
960.4800 9.811433e-02 1.519459e-01 5.294237e-04 1.317350e-01 1.129419e-01 1.446496e-01 5.3359354900e+04 2.1429816396e+05 2.1596251114e+05
961.4805 9.279937e-02 1.407083e-01 5.387952e-04 1.204406e-01 1.044210e-01 1.705148e-01 5.3489073441e+04 2.1436514913e+05 2.1577009347e+05
962.4810 8.540673e-02 1.274540e-01 6.488499e-04 1.062328e-01 9.346528e-02 2.026140e-01 5.3643714512e+04 2.1445727914e+05 2.1552878988e+05
963.4815 7.795389e-02 1.129831e-01 6.109445e-04 9.001937e-02 8.007330e-02 2.347808e-01 5.3809660638e+04 2.1456421304e+05 2.1526370965e+05
964.4820 6.989223e-02 9.926867e-02 7.658836e-04 7.530811e-02 6.800582e-02 2.662581e-01 5.3971788650e+04 2.1467194236e+05 2.1500067262e+05
965.4825 6.143812e-02 8.570904e-02 7.701401e-04 6.259036e-02 5.715304e-02 2.918855e-01 5.4116976938e+04 2.1476722242e+05 2.1476827989e+05
966.4830 5.450291e-02 7.480941e-02 7.591842e-04 5.410410e-02 4.957247e-02 3.090610e-01 5.4231473800e+04 2.1483782898e+05 2.1458991735e+05
967.4835 5.036249e-02 6.806790e-02 9.134797e-04 5.090370e-02 4.659304e-02 3.165846e-01 5.4304525342e+04 2.1487477610e+05 2.1448371089e+05
968.4840 4.882860e-02 6.764898e-02 7.767392e-04 5.293207e-02 4.752478e-02 3.097935e-01 5.4331673128e+04 2.1487228294e+05 2.1446146744e+05
969.4845 5.201889e-02 7.400843e-02 8.112632e-04 6.094430e-02 5.345263e-02 2.935717e-01 5.4311456220e+04 2.1482564971e+05 2.1452540279e+05
970.4850 5.891659e-02 8.446567e-02 7.524056e-04 7.382316e-02 6.388312e-02 2.672575e-01 5.4251422333e+04 2.1473530680e+05 2.1466997798e+05
971.4855 6.621657e-02 9.742990e-02 7.104689e-04 8.949221e-02 7.611163e-02 2.350784e-01 5.4162966757e+04 2.1460625563e+05 2.1488117762e+05
972.4860 7.577929e-02 1.144627e-01 6.397688e-04 1.074761e-01 9.090861e-02 1.992093e-01 5.4058608639e+04 2.1444824158e+05 2.1513410313e+05
973.4865 8.629948e-02 1.330919e-01 5.659546e-04 1.248125e-01 1.050901e-01 1.657129e-01 5.3953228245e+04 2.1427672643e+05 2.1540005332e+05
974.4870 9.490148e-02 1.508944e-01 5.374839e-04 1.391994e-01 1.167309e-01 1.370455e-01 5.3864303401e+04 2.1410959300e+05 2.1564657814e+05
975.4875 1.037844e-01 1.634678e-01 4.663944e-04 1.502322e-01 1.261172e-01 1.189312e-01 5.3806777234e+04 2.1396322290e+05 2.1584091409e+05
976.4880 1.090400e-01 1.712113e-01 4.788264e-04 1.552840e-01 1.300664e-01 1.107127e-01 5.3794016366e+04 2.1385423867e+05 2.1595701145e+05
977.4885 1.094429e-01 1.740813e-01 4.454240e-04 1.545063e-01 1.295601e-01 1.158169e-01 5.3831836344e+04 2.1379623404e+05 2.1597434334e+05
978.4890 1.081821e-01 1.703198e-01 5.220058e-04 1.478654e-01 1.243272e-01 1.330932e-01 5.3918312247e+04 2.1379914440e+05 2.1588477837e+05
979.4895 1.035246e-01 1.609042e-01 5.641821e-04 1.355297e-01 1.140241e-01 1.595671e-01 5.4048220361e+04 2.1386389517e+05 2.1569423751e+05
980.4900 9.665222e-02 1.461587e-01 6.053948e-04 1.202343e-01 1.018417e-01 1.952184e-01 5.4211254980e+04 2.1398018622e+05 2.1542028008e+05
981.4905 8.677218e-02 1.278530e-01 6.804762e-04 1.019816e-01 8.691392e-02 2.332758e-01 5.4395136247e+04 2.1413141223e+05 2.1509455035e+05
982.4910 7.562140e-02 1.086021e-01 7.163115e-04 8.406947e-02 7.249765e-02 2.696177e-01 5.4583702586e+04 2.1429511967e+05 2.1475288428e+05
983.4915 6.569007e-02 9.133728e-02 8.680926e-04 6.873868e-02 6.031796e-02 3.020753e-01 5.4757741361e+04 2.1444814254e+05 2.1443476074e+05
984.4920 5.845361e-02 7.780904e-02 7.876699e-04 5.639019e-02 5.045945e-02 3.240578e-01 5.4901623441e+04 2.1456874183e+05 2.1417884013e+05
985.4925 5.307678e-02 7.042044e-02 8.650501e-04 5.023777e-02 4.602167e-02 3.368285e-01 5.5003422734e+04 2.1463573058e+05 2.1401430967e+05
986.4930 5.137507e-02 6.830781e-02 8.952482e-04 5.015329e-02 4.638647e-02 3.345794e-01 5.5056040231e+04 2.1463831530e+05 2.1396138637e+05
987.4935 5.267081e-02 7.036120e-02 8.073241e-04 5.610643e-02 5.171635e-02 3.191142e-01 5.5056687722e+04 2.1457462739e+05 2.1402480257e+05
988.4940 5.619931e-02 7.800437e-02 8.310634e-04 6.826296e-02 6.220856e-02 2.939518e-01 5.5007767419e+04 2.1445145359e+05 2.1419344591e+05
989.4945 6.511592e-02 9.135984e-02 7.020395e-04 8.430413e-02 7.547206e-02 2.599908e-01 5.4918462770e+04 2.1428261847e+05 2.1444452995e+05
990.4950 7.521793e-02 1.085492e-01 6.844812e-04 1.026449e-01 9.049484e-02 2.225415e-01 5.4805735709e+04 2.1408653298e+05 2.1474402048e+05
991.4955 8.521718e-02 1.272920e-01 6.082517e-04 1.218298e-01 1.060124e-01 1.842291e-01 5.4688901537e+04 2.1388493681e+05 2.1505236554e+05
992.4960 9.632256e-02 1.463014e-01 5.242361e-04 1.386461e-01 1.189301e-01 1.517748e-01 5.4584139723e+04 2.1370033815e+05 2.1533068823e+05
993.4965 1.046737e-01 1.633319e-01 5.125038e-04 1.519099e-01 1.289351e-01 1.277425e-01 5.4507839253e+04 2.1355489757e+05 2.1554254191e+05
994.4970 1.109224e-01 1.758828e-01 4.764112e-04 1.600864e-01 1.347481e-01 1.155378e-01 5.4471117532e+04 2.1346411273e+05 2.1566177339e+05
995.4975 1.149606e-01 1.836223e-01 4.948035e-04 1.615166e-01 1.345121e-01 1.153393e-01 5.4481387930e+04 2.1343509174e+05 2.1567528112e+05
996.4980 1.138291e-01 1.831780e-01 5.049347e-04 1.574305e-01 1.302503e-01 1.289209e-01 5.4543664457e+04 2.1346542492e+05 2.1558116054e+05
997.4985 1.087348e-01 1.732858e-01 5.694041e-04 1.475442e-01 1.212247e-01 1.531359e-01 5.4655627722e+04 2.1354645055e+05 2.1539212005e+05
998.4990 1.019036e-01 1.588448e-01 5.941691e-04 1.328504e-01 1.086647e-01 1.855012e-01 5.4807485519e+04 2.1366293894e+05 2.1513022059e+05
999.4995 9.310998e-02 1.417046e-01 6.927419e-04 1.157037e-01 9.461547e-02 2.239215e-01 5.4985864098e+04 2.1379768612e+05 2.1482459798e+05
1000.5000 8.374611e-02 1.241267e-01 7.044261e-04 9.712025e-02 7.972646e-02 2.609769e-01 5.5175197060e+04 2.1393234863e+05 2.1451000944e+05
1001.5005 7.546406e-02 1.070753e-01 8.120127e-04 8.023699e-02 6.665023e-02 2.954104e-01 5.5358490481e+04 2.1404784895e+05 2.1421960338e+05
1002.5010 6.590253e-02 9.314749e-02 8.822747e-04 6.666896e-02 5.697484e-02 3.215556e-01 5.5520670601e+04 2.1413064939e+05 2.1398292188e+05
1003.5015 5.864118e-02 8.093959e-02 8.024422e-04 5.735297e-02 5.078693e-02 3.372687e-01 5.5646203875e+04 2.1417356902e+05 2.1382227421e+05
1004.5020 5.454308e-02 7.454265e-02 9.247773e-04 5.455505e-02 5.025371e-02 3.417246e-01 5.5723988946e+04 2.1417318815e+05 2.1374861573e+05
1005.5025 5.419658e-02 7.289429e-02 8.245809e-04 5.732706e-02 5.416592e-02 3.318756e-01 5.5751561037e+04 2.1413048654e+05 2.1376588731e+05
1006.5030 5.781103e-02 7.731154e-02 8.090048e-04 6.606008e-02 6.271989e-02 3.111527e-01 5.5731417021e+04 2.1404738237e+05 2.1386732420e+05
1007.5035 6.429361e-02 8.716629e-02 7.682841e-04 7.941232e-02 7.447466e-02 2.822275e-01 5.5671441811e+04 2.1393044914e+05 2.1403919880e+05
1008.5040 7.297624e-02 1.012499e-01 6.548820e-04 9.597802e-02 8.849615e-02 2.479269e-01 5.5582495950e+04 2.1379048861e+05 2.1426051604e+05
1009.5045 8.305278e-02 1.190665e-01 6.801766e-04 1.136895e-01 1.025805e-01 2.117641e-01 5.5477685589e+04 2.1364016052e+05 2.1450617204e+05
1010.5050 9.291361e-02 1.388071e-01 5.447977e-04 1.308060e-01 1.155163e-01 1.783673e-01 5.5372896680e+04 2.1349205086e+05 2.1474858230e+05
1011.5055 1.012875e-01 1.577446e-01 5.665322e-04 1.449694e-01 1.253639e-01 1.529016e-01 5.5284767478e+04 2.1335720228e+05 2.1496107084e+05
1012.5060 1.081497e-01 1.717390e-01 5.033448e-04 1.553431e-01 1.319219e-01 1.361618e-01 5.5229191707e+04 2.1324660106e+05 2.1511873438e+05
1013.5065 1.114192e-01 1.799379e-01 5.045710e-04 1.603063e-01 1.335371e-01 1.311695e-01 5.5216146238e+04 2.1317044628e+05 2.1520269380e+05
1014.5070 1.121988e-01 1.835608e-01 5.432052e-04 1.592344e-01 1.306019e-01 1.370039e-01 5.5249122819e+04 2.1313738726e+05 2.1520024381e+05
1015.5075 1.113843e-01 1.803039e-01 5.723598e-04 1.532905e-01 1.238016e-01 1.543364e-01 5.5326480897e+04 2.1315183688e+05 2.1510813041e+05
1016.5080 1.074301e-01 1.706074e-01 5.989023e-04 1.429419e-01 1.140466e-01 1.791491e-01 5.5443200980e+04 2.1321289114e+05 2.1493402959e+05
1017.5085 1.012216e-01 1.566830e-01 7.001376e-04 1.287170e-01 1.017619e-01 2.106081e-01 5.5589760696e+04 2.1331015262e+05 2.1469624009e+05
1018.5090 9.209524e-02 1.405090e-01 7.090784e-04 1.132567e-01 8.963013e-02 2.435680e-01 5.5754572472e+04 2.1343037194e+05 2.1441924907e+05
1019.5095 8.240585e-02 1.249129e-01 7.781928e-04 9.772275e-02 7.780047e-02 2.744511e-01 5.5922892913e+04 2.1355627731e+05 2.1413379127e+05
1020.5100 7.529866e-02 1.114670e-01 8.683158e-04 8.419718e-02 6.867840e-02 3.016732e-01 5.6080268370e+04 2.1366812595e+05 2.1387097920e+05
1021.5105 6.910810e-02 1.008480e-01 8.542914e-04 7.344953e-02 6.226175e-02 3.189595e-01 5.6215840489e+04 2.1374945152e+05 2.1366077854e+05
1022.5110 6.515496e-02 9.214251e-02 8.535923e-04 6.718734e-02 5.983659e-02 3.290518e-01 5.6319137617e+04 2.1378600842e+05 2.1352549897e+05
1023.5115 6.365291e-02 8.664257e-02 8.881840e-04 6.608729e-02 6.167951e-02 3.276834e-01 5.6383184715e+04 2.1377279645e+05 2.1347769745e+05
1024.5120 6.376063e-02 8.450664e-02 7.897892e-04 6.961141e-02 6.680670e-02 3.153724e-01 5.6405352771e+04 2.1371179185e+05 2.1351890395e+05
1025.5125 6.689046e-02 8.863020e-02 8.070896e-04 7.787505e-02 7.550379e-02 2.962560e-01 5.6386102492e+04 2.1360979487e+05 2.1363813346e+05
1026.5130 7.332827e-02 9.654718e-02 6.912601e-04 8.935449e-02 8.559450e-02 2.713726e-01 5.6333752569e+04 2.1347912802e+05 2.1381681050e+05
1027.5135 7.963903e-02 1.103521e-01 6.906336e-04 1.033335e-01 9.696847e-02 2.429931e-01 5.6262022964e+04 2.1333218496e+05 2.1402858811e+05
1028.5140 8.729052e-02 1.269779e-01 6.288783e-04 1.172573e-01 1.072110e-01 2.145146e-01 5.6183731742e+04 2.1318507968e+05 2.1424593664e+05
1029.5145 9.552411e-02 1.446890e-01 5.903330e-04 1.306576e-01 1.159448e-01 1.900030e-01 5.6110498626e+04 2.1305422157e+05 2.1444055410e+05
1030.5150 1.012229e-01 1.610909e-01 5.793041e-04 1.416179e-01 1.222793e-01 1.720843e-01 5.6052624789e+04 2.1295472434e+05 2.1458926530e+05
1031.5155 1.074355e-01 1.717818e-01 5.210316e-04 1.490876e-01 1.250812e-01 1.613308e-01 5.6017836956e+04 2.1289581551e+05 2.1467631792e+05
1032.5160 1.106858e-01 1.770865e-01 5.837991e-04 1.527597e-01 1.251673e-01 1.590728e-01 5.6013254118e+04 2.1287917378e+05 2.1469342965e+05
1033.5165 1.093355e-01 1.770803e-01 5.962530e-04 1.517101e-01 1.213464e-01 1.655496e-01 5.6044105915e+04 2.1289922602e+05 2.1464244696e+05
1034.5170 1.079126e-01 1.717784e-01 6.339187e-04 1.474230e-01 1.159321e-01 1.791684e-01 5.6108900411e+04 2.1294739708e+05 2.1453060871e+05
1035.5175 1.053729e-01 1.652630e-01 6.813127e-04 1.396754e-01 1.084227e-01 1.986130e-01 5.6203603656e+04 2.1301201829e+05 2.1437317808e+05
1036.5180 1.005702e-01 1.564453e-01 7.170855e-04 1.288261e-01 9.944879e-02 2.222741e-01 5.6323013142e+04 2.1308043712e+05 2.1418932670e+05
1037.5185 9.563308e-02 1.479756e-01 7.608387e-04 1.172372e-01 9.111340e-02 2.451329e-01 5.6457220219e+04 2.1314152720e+05 2.1399820980e+05
1038.5190 9.068792e-02 1.376127e-01 8.326359e-04 1.056122e-01 8.362347e-02 2.687298e-01 5.6595538759e+04 2.1318686325e+05 2.1381883428e+05
1039.5195 8.402908e-02 1.255106e-01 8.134123e-04 9.517108e-02 7.791656e-02 2.870860e-01 5.6728343212e+04 2.1321409983e+05 2.1366548506e+05
1040.5200 7.838058e-02 1.145664e-01 8.160139e-04 8.678280e-02 7.444395e-02 3.001807e-01 5.6844302237e+04 2.1322231901e+05 2.1354746807e+05
1041.5205 7.475481e-02 1.048736e-01 8.524450e-04 8.143331e-02 7.365385e-02 3.085554e-01 5.6936273901e+04 2.1321327028e+05 2.1346905983e+05
1042.5210 7.351247e-02 9.749862e-02 7.973025e-04 7.920049e-02 7.465977e-02 3.074081e-01 5.7001416551e+04 2.1319041570e+05 2.1343123216e+05
1043.5215 7.354293e-02 9.405510e-02 7.810357e-04 8.092940e-02 7.862388e-02 3.004804e-01 5.7038283545e+04 2.1315608601e+05 2.1343064604e+05
1044.5220 7.473162e-02 9.804378e-02 7.948366e-04 8.555921e-02 8.376227e-02 2.887506e-01 5.7046605532e+04 2.1311306938e+05 2.1346400781e+05
1045.5225 7.904277e-02 1.063647e-01 7.080752e-04 9.309344e-02 8.995746e-02 2.722340e-01 5.7028885819e+04 2.1306467112e+05 2.1352624924e+05
1046.5230 8.356607e-02 1.188614e-01 7.118951e-04 1.029899e-01 9.743247e-02 2.530080e-01 5.6991269120e+04 2.1301061395e+05 2.1361172168e+05
1047.5235 8.885772e-02 1.315412e-01 6.485228e-04 1.126051e-01 1.028914e-01 2.330468e-01 5.6941767654e+04 2.1295025141e+05 2.1371631813e+05
1048.5240 9.374916e-02 1.437501e-01 6.270414e-04 1.235520e-01 1.092104e-01 2.152306e-01 5.6890023897e+04 2.1288205971e+05 2.1382958981e+05
1049.5245 9.729882e-02 1.544068e-01 6.352931e-04 1.325218e-01 1.130688e-01 2.012012e-01 5.6844921244e+04 2.1280840211e+05 2.1394313456e+05
1050.5250 1.023512e-01 1.616481e-01 6.264462e-04 1.396482e-01 1.153453e-01 1.903264e-01 5.6813241055e+04 2.1273485091e+05 2.1404399874e+05
1051.5255 1.063482e-01 1.672682e-01 6.402620e-04 1.443706e-01 1.162557e-01 1.852151e-01 5.6800534756e+04 2.1266809733e+05 2.1411932410e+05
1052.5260 1.076797e-01 1.690780e-01 6.633993e-04 1.457514e-01 1.145093e-01 1.866609e-01 5.6811945367e+04 2.1261547328e+05 2.1415887542e+05
1053.5265 1.083372e-01 1.693068e-01 6.558218e-04 1.451520e-01 1.124957e-01 1.913331e-01 5.6848868535e+04 2.1258298728e+05 2.1415330607e+05
1054.5270 1.082612e-01 1.681839e-01 7.007575e-04 1.413212e-01 1.086688e-01 2.028589e-01 5.6909974255e+04 2.1257362532e+05 2.1410043437e+05
1055.5275 1.058134e-01 1.644633e-01 7.393730e-04 1.348456e-01 1.041849e-01 2.164064e-01 5.6994570725e+04 2.1258866309e+05 2.1400217607e+05
1056.5280 1.015111e-01 1.592487e-01 7.557521e-04 1.267815e-01 9.924372e-02 2.324425e-01 5.7097751596e+04 2.1262389778e+05 2.1386639010e+05
1057.5285 9.857599e-02 1.507729e-01 7.743945e-04 1.177109e-01 9.459197e-02 2.503325e-01 5.7213156733e+04 2.1267210403e+05 2.1370569306e+05
1058.5290 9.413148e-02 1.391940e-01 7.717015e-04 1.085361e-01 9.027771e-02 2.651724e-01 5.7335066438e+04 2.1272615547e+05 2.1353563538e+05
1059.5295 8.844650e-02 1.265132e-01 7.822346e-04 1.000239e-01 8.701395e-02 2.801521e-01 5.7453440580e+04 2.1277736781e+05 2.1337214164e+05
1060.5300 8.517438e-02 1.150517e-01 8.097124e-04 9.261174e-02 8.420293e-02 2.909416e-01 5.7558776676e+04 2.1281908321e+05 2.1323073268e+05
1061.5305 8.189205e-02 1.063469e-01 7.750530e-04 8.776059e-02 8.285582e-02 2.964260e-01 5.7645495156e+04 2.1284495958e+05 2.1312336672e+05
1062.5310 7.883150e-02 1.029602e-01 7.784873e-04 8.631588e-02 8.377436e-02 2.975790e-01 5.7709021606e+04 2.1284866951e+05 2.1305855192e+05
1063.5315 7.893810e-02 1.044385e-01 7.621162e-04 8.656378e-02 8.437925e-02 2.942920e-01 5.7746118141e+04 2.1282788058e+05 2.1304254549e+05
1064.5320 8.012575e-02 1.104459e-01 7.245966e-04 9.080307e-02 8.779359e-02 2.854627e-01 5.7757911816e+04 2.1278377900e+05 2.1307246071e+05
1065.5325 8.167364e-02 1.205679e-01 7.427536e-04 9.722010e-02 9.152512e-02 2.719633e-01 5.7745603948e+04 2.1272063929e+05 2.1314446508e+05
1066.5330 8.666881e-02 1.299200e-01 6.854699e-04 1.047810e-01 9.517762e-02 2.567044e-01 5.7712537573e+04 2.1264442526e+05 2.1324965898e+05
1067.5335 9.164534e-02 1.386810e-01 6.935871e-04 1.150359e-01 1.010284e-01 2.401873e-01 5.7666525992e+04 2.1256132421e+05 2.1337339758e+05
1068.5340 9.553591e-02 1.455845e-01 6.676989e-04 1.240328e-01 1.045772e-01 2.245241e-01 5.7616809656e+04 2.1247731706e+05 2.1350406902e+05
1069.5345 1.014170e-01 1.518077e-01 6.586464e-04 1.333047e-01 1.094041e-01 2.093262e-01 5.7570837174e+04 2.1239917618e+05 2.1362375218e+05
1070.5350 1.063227e-01 1.590053e-01 7.171862e-04 1.402050e-01 1.121267e-01 1.990507e-01 5.7536082081e+04 2.1233266073e+05 2.1372035519e+05
1071.5355 1.098914e-01 1.670347e-01 6.487222e-04 1.452389e-01 1.141105e-01 1.928775e-01 5.7520945676e+04 2.1228078543e+05 2.1378241768e+05
1072.5360 1.139644e-01 1.745204e-01 7.327583e-04 1.477247e-01 1.149481e-01 1.908835e-01 5.7530180030e+04 2.1224485619e+05 2.1380384946e+05
1073.5365 1.154282e-01 1.790290e-01 7.149300e-04 1.466640e-01 1.139083e-01 1.963569e-01 5.7568193884e+04 2.1222377712e+05 2.1378316322e+05
1074.5370 1.135240e-01 1.779825e-01 7.234695e-04 1.426064e-01 1.114767e-01 2.043927e-01 5.7636758403e+04 2.1221778429e+05 2.1372116210e+05
1075.5375 1.109144e-01 1.718062e-01 7.716388e-04 1.361482e-01 1.080397e-01 2.185328e-01 5.7730008262e+04 2.1222625023e+05 2.1362121220e+05
1076.5380 1.074626e-01 1.597217e-01 7.335673e-04 1.274350e-01 1.035727e-01 2.351254e-01 5.7843275502e+04 2.1224958647e+05 2.1348951572e+05
1077.5385 1.017438e-01 1.451466e-01 7.373166e-04 1.175150e-01 9.853659e-02 2.520696e-01 5.7970181554e+04 2.1228542028e+05 2.1333412727e+05
1078.5390 9.508462e-02 1.311752e-01 7.853031e-04 1.075408e-01 9.373876e-02 2.708976e-01 5.8101082244e+04 2.1233011083e+05 2.1316523302e+05
1079.5395 8.984930e-02 1.189307e-01 7.613705e-04 9.800706e-02 8.870188e-02 2.855872e-01 5.8226153944e+04 2.1238132418e+05 2.1299594152e+05
1080.5400 8.413706e-02 1.111742e-01 7.760119e-04 9.116708e-02 8.548770e-02 2.962405e-01 5.8335433572e+04 2.1243370349e+05 2.1283950969e+05
1081.5405 8.025133e-02 1.095669e-01 7.715985e-04 8.706743e-02 8.387030e-02 3.029892e-01 5.8419233470e+04 2.1247893078e+05 2.1271228133e+05
1082.5410 7.921356e-02 1.108127e-01 7.587019e-04 8.517087e-02 8.248375e-02 3.039295e-01 5.8472812180e+04 2.1250789305e+05 2.1263064053e+05
1083.5415 7.899780e-02 1.137009e-01 7.447793e-04 8.819637e-02 8.492049e-02 2.973061e-01 5.8496027780e+04 2.1251087588e+05 2.1260380305e+05
1084.5420 8.056406e-02 1.177500e-01 7.644486e-04 9.314013e-02 8.735669e-02 2.860817e-01 5.8488801689e+04 2.1248132543e+05 2.1263984212e+05
1085.5425 8.490805e-02 1.219869e-01 7.213707e-04 1.011234e-01 9.192088e-02 2.707656e-01 5.8454747987e+04 2.1241825717e+05 2.1273463544e+05
1086.5430 9.006313e-02 1.289026e-01 7.739162e-04 1.112999e-01 9.756709e-02 2.527374e-01 5.8401144944e+04 2.1232463569e+05 2.1287791516e+05
1087.5435 9.727823e-02 1.383686e-01 6.722713e-04 1.215304e-01 1.028112e-01 2.340858e-01 5.8337546046e+04 2.1220741333e+05 2.1305338056e+05
1088.5440 1.040643e-01 1.500346e-01 7.517382e-04 1.319634e-01 1.086206e-01 2.157565e-01 5.8276835368e+04 2.1207744639e+05 2.1323737440e+05
1089.5445 1.091062e-01 1.618574e-01 6.913114e-04 1.403946e-01 1.126604e-01 2.024340e-01 5.8228983392e+04 2.1195025908e+05 2.1340601020e+05
1090.5450 1.149090e-01 1.723389e-01 6.669437e-04 1.473075e-01 1.163269e-01 1.924734e-01 5.8201891059e+04 2.1184279142e+05 2.1353375697e+05
1091.5455 1.183497e-01 1.817682e-01 7.582917e-04 1.503677e-01 1.175925e-01 1.890889e-01 5.8202464912e+04 2.1176776362e+05 2.1360264120e+05
1092.5460 1.194344e-01 1.861445e-01 6.653935e-04 1.499400e-01 1.169744e-01 1.923839e-01 5.8235421851e+04 2.1173372948e+05 2.1360061315e+05
1093.5465 1.188165e-01 1.824380e-01 7.629514e-04 1.461855e-01 1.146189e-01 2.004650e-01 5.8302697339e+04 2.1174296562e+05 2.1352500056e+05
1094.5470 1.153215e-01 1.724484e-01 7.483216e-04 1.399389e-01 1.111914e-01 2.153104e-01 5.8401402518e+04 2.1179073281e+05 2.1338188403e+05
1095.5475 1.104177e-01 1.587788e-01 7.230548e-04 1.307770e-01 1.059269e-01 2.315983e-01 5.8524259247e+04 2.1186990648e+05 2.1318661147e+05
1096.5480 1.036569e-01 1.458788e-01 7.727231e-04 1.202122e-01 1.002732e-01 2.512731e-01 5.8660297021e+04 2.1196736240e+05 2.1295961167e+05
1097.5485 9.709034e-02 1.338668e-01 7.591661e-04 1.096518e-01 9.479261e-02 2.700110e-01 5.8799241368e+04 2.1206781543e+05 2.1272664258e+05
1098.5490 9.154720e-02 1.238098e-01 7.791543e-04 9.990990e-02 8.932088e-02 2.854633e-01 5.8930422160e+04 2.1215438114e+05 2.1251505129e+05
1099.5495 8.568496e-02 1.166860e-01 7.739838e-04 9.313552e-02 8.664861e-02 2.969533e-01 5.9043666164e+04 2.1221349617e+05 2.1234709039e+05
1100.5500 8.055830e-02 1.115070e-01 7.682809e-04 8.831918e-02 8.401660e-02 3.033342e-01 5.9128941413e+04 2.1223785397e+05 2.1224211148e+05
1101.5505 7.929207e-02 1.096466e-01 7.653803e-04 8.707396e-02 8.380447e-02 3.037959e-01 5.9179085800e+04 2.1222343550e+05 2.1220805286e+05
1102.5510 8.117645e-02 1.113227e-01 7.929586e-04 8.960378e-02 8.606377e-02 2.963271e-01 5.9194616423e+04 2.1217017708e+05 2.1224534290e+05
1103.5515 8.413311e-02 1.148075e-01 7.465144e-04 9.431665e-02 8.828779e-02 2.850166e-01 5.9179585278e+04 2.1208263523e+05 2.1234716417e+05
1104.5520 8.839096e-02 1.196554e-01 7.343127e-04 1.026821e-01 9.360044e-02 2.699950e-01 5.9140920585e+04 2.1197050294e+05 2.1249487712e+05
1105.5525 9.340849e-02 1.270526e-01 7.719769e-04 1.119511e-01 9.828293e-02 2.523330e-01 5.9085878149e+04 2.1184856156e+05 2.1266840172e+05
1106.5530 1.007550e-01 1.390023e-01 6.956526e-04 1.217159e-01 1.034163e-01 2.345848e-01 5.9022376335e+04 2.1173099299e+05 2.1284284524e+05
1107.5535 1.075764e-01 1.539335e-01 7.852221e-04 1.310265e-01 1.081053e-01 2.184366e-01 5.8962493185e+04 2.1162957456e+05 2.1299613044e+05
1108.5540 1.131447e-01 1.671176e-01 7.044399e-04 1.390388e-01 1.117663e-01 2.068526e-01 5.8918310220e+04 2.1155169664e+05 2.1311077201e+05
1109.5545 1.175267e-01 1.766161e-01 7.389059e-04 1.446969e-01 1.142238e-01 1.989797e-01 5.8899729417e+04 2.1150035322e+05 2.1317486344e+05
1110.5550 1.188899e-01 1.804305e-01 7.597632e-04 1.466981e-01 1.144959e-01 1.969643e-01 5.8912780239e+04 2.1147724230e+05 2.1318277719e+05
1111.5555 1.190719e-01 1.805582e-01 6.997097e-04 1.462920e-01 1.137645e-01 2.008202e-01 5.8957105014e+04 2.1148119881e+05 2.1313330502e+05
1112.5560 1.183245e-01 1.778173e-01 7.835933e-04 1.425058e-01 1.111428e-01 2.094877e-01 5.9030980682e+04 2.1150793865e+05 2.1303307446e+05
1113.5565 1.147739e-01 1.691717e-01 7.027195e-04 1.368025e-01 1.081959e-01 2.221127e-01 5.9131953181e+04 2.1155153615e+05 2.1289178207e+05
1114.5570 1.086901e-01 1.557041e-01 7.543522e-04 1.285060e-01 1.036030e-01 2.366021e-01 5.9253177163e+04 2.1160522763e+05 2.1272417966e+05
1115.5575 1.017833e-01 1.429902e-01 7.481020e-04 1.199537e-01 9.983549e-02 2.529052e-01 5.9383398259e+04 2.1166176181e+05 2.1254370043e+05
1116.5580 9.499987e-02 1.323970e-01 7.570556e-04 1.113712e-01 9.573202e-02 2.668796e-01 5.9512025693e+04 2.1171653155e+05 2.1236688357e+05
1117.5585 8.967163e-02 1.263545e-01 7.655650e-04 1.043425e-01 9.294938e-02 2.789741e-01 5.9627707715e+04 2.1176248872e+05 2.1220889515e+05
1118.5590 8.737966e-02 1.210259e-01 7.354796e-04 9.881939e-02 9.119409e-02 2.863745e-01 5.9722781553e+04 2.1179397866e+05 2.1208531138e+05
1119.5595 8.452835e-02 1.164580e-01 7.239598e-04 9.525880e-02 8.960274e-02 2.900640e-01 5.9792563699e+04 2.1180454779e+05 2.1200859794e+05
1120.5600 8.292716e-02 1.131231e-01 7.497725e-04 9.528853e-02 9.087221e-02 2.888427e-01 5.9832242187e+04 2.1179159901e+05 2.1198382592e+05
1121.5605 8.534277e-02 1.131994e-01 7.747627e-04 9.719575e-02 9.173954e-02 2.814681e-01 5.9840077366e+04 2.1175472596e+05 2.1201372306e+05
1122.5610 8.873334e-02 1.169383e-01 7.202061e-04 1.015193e-01 9.423245e-02 2.729990e-01 5.9820496059e+04 2.1169364633e+05 2.1209216484e+05
1123.5615 9.206188e-02 1.233072e-01 8.301113e-04 1.076098e-01 9.711520e-02 2.616697e-01 5.9783772797e+04 2.1161035999e+05 2.1220926691e+05
1124.5620 9.802715e-02 1.322513e-01 7.261938e-04 1.142766e-01 9.949208e-02 2.489097e-01 5.9739389747e+04 2.1150921929e+05 2.1235030324e+05
1125.5625 1.029739e-01 1.432140e-01 7.697416e-04 1.211609e-01 1.022773e-01 2.370929e-01 5.9697289957e+04 2.1140052932e+05 2.1249550093e+05
1126.5630 1.072897e-01 1.548488e-01 8.164628e-04 1.271660e-01 1.039406e-01 2.269781e-01 5.9663972025e+04 2.1129872579e+05 2.1262517357e+05
1127.5635 1.114005e-01 1.661313e-01 7.019319e-04 1.325992e-01 1.057114e-01 2.203409e-01 5.9644253952e+04 2.1121711810e+05 2.1272006694e+05
1128.5640 1.133196e-01 1.730466e-01 8.372654e-04 1.355278e-01 1.060279e-01 2.160753e-01 5.9645280321e+04 2.1116512940e+05 2.1276782642e+05
1129.5645 1.146801e-01 1.746922e-01 7.355879e-04 1.367016e-01 1.059624e-01 2.155200e-01 5.9670533495e+04 2.1114577856e+05 2.1276055492e+05
1130.5650 1.136213e-01 1.714850e-01 7.584462e-04 1.364551e-01 1.055475e-01 2.187294e-01 5.9721174936e+04 2.1115876467e+05 2.1269753234e+05
1131.5655 1.089608e-01 1.647425e-01 8.207104e-04 1.341475e-01 1.046785e-01 2.238468e-01 5.9795108796e+04 2.1120085794e+05 2.1258535795e+05
1132.5660 1.067947e-01 1.563270e-01 6.819233e-04 1.306634e-01 1.035714e-01 2.306796e-01 5.9884373119e+04 2.1126347834e+05 2.1243688471e+05
1133.5665 1.043878e-01 1.491254e-01 7.659692e-04 1.253688e-01 1.017040e-01 2.388483e-01 5.9983412022e+04 2.1133352707e+05 2.1227125322e+05
1134.5670 9.918671e-02 1.438319e-01 7.275789e-04 1.203712e-01 1.009720e-01 2.475561e-01 6.0086535927e+04 2.1139664212e+05 2.1210812668e+05
1135.5675 9.597662e-02 1.380735e-01 7.033274e-04 1.152316e-01 9.929990e-02 2.541694e-01 6.0185300703e+04 2.1144141274e+05 2.1196824765e+05
1136.5680 9.137669e-02 1.318989e-01 6.981023e-04 1.116042e-01 9.929511e-02 2.599881e-01 6.0272484984e+04 2.1146123896e+05 2.1186467857e+05
1137.5685 8.815227e-02 1.262734e-01 6.977024e-04 1.079271e-01 9.829819e-02 2.633581e-01 6.0341728462e+04 2.1145334555e+05 2.1180742489e+05
1138.5690 8.757785e-02 1.223056e-01 7.140864e-04 1.059354e-01 9.786958e-02 2.652587e-01 6.0389101217e+04 2.1141895475e+05 2.1179653676e+05
1139.5695 8.896173e-02 1.205267e-01 7.640721e-04 1.055981e-01 9.793141e-02 2.643452e-01 6.0416202097e+04 2.1136166035e+05 2.1182737369e+05
1140.5700 9.073433e-02 1.203469e-01 7.191064e-04 1.060865e-01 9.738230e-02 2.605549e-01 6.0426754387e+04 2.1128856095e+05 2.1189090859e+05
1141.5705 9.365963e-02 1.237124e-01 7.242718e-04 1.079339e-01 9.752955e-02 2.581112e-01 6.0422609705e+04 2.1120828412e+05 2.1197294430e+05
1142.5710 9.778284e-02 1.305245e-01 8.066955e-04 1.101781e-01 9.679539e-02 2.533726e-01 6.0408678671e+04 2.1113234669e+05 2.1205963239e+05
1143.5715 1.000506e-01 1.397130e-01 7.341433e-04 1.131195e-01 9.656452e-02 2.488772e-01 6.0391575907e+04 2.1106845912e+05 2.1213677275e+05
1144.5720 1.029122e-01 1.483076e-01 8.567221e-04 1.154443e-01 9.571806e-02 2.450146e-01 6.0377655561e+04 2.1102076197e+05 2.1219467392e+05
1145.5725 1.066147e-01 1.549366e-01 7.850212e-04 1.179479e-01 9.516328e-02 2.418080e-01 6.0373401643e+04 2.1099019704e+05 2.1222580348e+05
1146.5730 1.059984e-01 1.599503e-01 7.958806e-04 1.206364e-01 9.542414e-02 2.400152e-01 6.0383549170e+04 2.1097668299e+05 2.1222687203e+05
1147.5735 1.066182e-01 1.614927e-01 8.600111e-04 1.218567e-01 9.519065e-02 2.372467e-01 6.0407079877e+04 2.1097966530e+05 2.1220025485e+05
1148.5740 1.082598e-01 1.605354e-01 7.551678e-04 1.229256e-01 9.593527e-02 2.364321e-01 6.0441985565e+04 2.1099437850e+05 2.1214997639e+05
1149.5745 1.070875e-01 1.577913e-01 8.246415e-04 1.236344e-01 9.700558e-02 2.361741e-01 6.0489056659e+04 2.1101396830e+05 2.1208421367e+05
1150.5750 1.056406e-01 1.535666e-01 7.409897e-04 1.241242e-01 9.889359e-02 2.345470e-01 6.0546043604e+04 2.1103177864e+05 2.1201149810e+05
1151.5755 1.040250e-01 1.489616e-01 7.130574e-04 1.239708e-01 1.004847e-01 2.346265e-01 6.0609646211e+04 2.1104156159e+05 2.1194003635e+05
1152.5760 1.004159e-01 1.460838e-01 7.306028e-04 1.231300e-01 1.023999e-01 2.349079e-01 6.0676573086e+04 2.1104153037e+05 2.1187518189e+05
1153.5765 9.846266e-02 1.451097e-01 6.968215e-04 1.224705e-01 1.041089e-01 2.347888e-01 6.0742125052e+04 2.1103133442e+05 2.1182064926e+05
1154.5770 9.899363e-02 1.435016e-01 6.639784e-04 1.213677e-01 1.050375e-01 2.348537e-01 6.0803348807e+04 2.1101236349e+05 2.1177889449e+05
1155.5775 9.766645e-02 1.407927e-01 6.444336e-04 1.204524e-01 1.064508e-01 2.357817e-01 6.0858768738e+04 2.1098752879e+05 2.1174935613e+05
1156.5780 9.667539e-02 1.357104e-01 6.593513e-04 1.184744e-01 1.053145e-01 2.364758e-01 6.0905901564e+04 2.1096106644e+05 2.1173213787e+05
1157.5785 9.704425e-02 1.314617e-01 6.720619e-04 1.176242e-01 1.053582e-01 2.390957e-01 6.0941468518e+04 2.1093652511e+05 2.1172197244e+05
1158.5790 9.781664e-02 1.294785e-01 7.546662e-04 1.161603e-01 1.033490e-01 2.399439e-01 6.0966576217e+04 2.1091689638e+05 2.1171804008e+05
1159.5795 9.974538e-02 1.303844e-01 6.646943e-04 1.148901e-01 1.010815e-01 2.418234e-01 6.0983886293e+04 2.1089937387e+05 2.1171779764e+05
1160.5800 1.015321e-01 1.347443e-01 7.634533e-04 1.135916e-01 9.842091e-02 2.459893e-01 6.0998097358e+04 2.1087919326e+05 2.1172114705e+05
1161.5805 1.029844e-01 1.400001e-01 7.870910e-04 1.120675e-01 9.500846e-02 2.477104e-01 6.1014213776e+04 2.1085458209e+05 2.1172820177e+05
1162.5810 1.044284e-01 1.451956e-01 7.607181e-04 1.109133e-01 9.222057e-02 2.513132e-01 6.1032765355e+04 2.1082451294e+05 2.1173716097e+05
1163.5815 1.049311e-01 1.491726e-01 8.709606e-04 1.093834e-01 8.931277e-02 2.533379e-01 6.1054611808e+04 2.1079289833e+05 2.1174603193e+05
1164.5820 1.046809e-01 1.510512e-01 7.970026e-04 1.087601e-01 8.747649e-02 2.555828e-01 6.1079439347e+04 2.1076310715e+05 2.1175044613e+05
1165.5825 1.046062e-01 1.491261e-01 8.640845e-04 1.087725e-01 8.680978e-02 2.562942e-01 6.1108474717e+04 2.1073863166e+05 2.1174663707e+05
1166.5830 1.031316e-01 1.449988e-01 8.369469e-04 1.090351e-01 8.704433e-02 2.543328e-01 6.1143437379e+04 2.1072171378e+05 2.1173150080e+05
1167.5835 1.021747e-01 1.428328e-01 7.733657e-04 1.101883e-01 8.855629e-02 2.527148e-01 6.1181812619e+04 2.1071290683e+05 2.1170280489e+05
1168.5840 1.025953e-01 1.442261e-01 7.995263e-04 1.121162e-01 9.123925e-02 2.472944e-01 6.1221784977e+04 2.1071344053e+05 2.1166186571e+05
1169.5845 1.020633e-01 1.462138e-01 7.392792e-04 1.149999e-01 9.479403e-02 2.413852e-01 6.1261459573e+04 2.1072145558e+05 2.1161341188e+05
1170.5850 1.016321e-01 1.474907e-01 7.014555e-04 1.177253e-01 9.838424e-02 2.360690e-01 6.1298689499e+04 2.1073160110e+05 2.1156534944e+05
1171.5855 1.016574e-01 1.485312e-01 6.765849e-04 1.203354e-01 1.021609e-01 2.293234e-01 6.1333229412e+04 2.1073696603e+05 2.1152516854e+05
1172.5860 1.014202e-01 1.476497e-01 6.803195e-04 1.232725e-01 1.054012e-01 2.234317e-01 6.1365055669e+04 2.1073200204e+05 2.1149860785e+05
1173.5865 1.014210e-01 1.458103e-01 6.263014e-04 1.258461e-01 1.084310e-01 2.187260e-01 6.1393407058e+04 2.1071436781e+05 2.1148831348e+05
1174.5870 1.014544e-01 1.436446e-01 6.722964e-04 1.270943e-01 1.096090e-01 2.155939e-01 6.1419158439e+04 2.1068364793e+05 2.1149443691e+05
1175.5875 1.040610e-01 1.415057e-01 6.101878e-04 1.270053e-01 1.093056e-01 2.148026e-01 6.1443865754e+04 2.1064080999e+05 2.1151291669e+05
1176.5880 1.060112e-01 1.416881e-01 6.973273e-04 1.267482e-01 1.085785e-01 2.172337e-01 6.1469753351e+04 2.1058988180e+05 2.1153644206e+05
1177.5885 1.060769e-01 1.428572e-01 6.902382e-04 1.246857e-01 1.054903e-01 2.193419e-01 6.1499079289e+04 2.1053937655e+05 2.1155838305e+05
1178.5890 1.058316e-01 1.449713e-01 6.552737e-04 1.219906e-01 1.024997e-01 2.258527e-01 6.1530880046e+04 2.1049572516e+05 2.1156913490e+05
1179.5895 1.055716e-01 1.473531e-01 7.910376e-04 1.181451e-01 9.798959e-02 2.331547e-01 6.1565977214e+04 2.1046632803e+05 2.1156302122e+05
1180.5900 1.062316e-01 1.486110e-01 7.430718e-04 1.138405e-01 9.358020e-02 2.408752e-01 6.1605577086e+04 2.1045339543e+05 2.1153588632e+05
1181.5905 1.047113e-01 1.470738e-01 8.183793e-04 1.091892e-01 8.939440e-02 2.495097e-01 6.1652329160e+04 2.1045571867e+05 2.1148808283e+05
1182.5910 1.033403e-01 1.431629e-01 8.049303e-04 1.048187e-01 8.549937e-02 2.553436e-01 6.1704425710e+04 2.1047158137e+05 2.1142326113e+05
1183.5915 1.031024e-01 1.395415e-01 7.883788e-04 1.016605e-01 8.321723e-02 2.622343e-01 6.1756940512e+04 2.1049588475e+05 2.1134741724e+05
1184.5920 1.005699e-01 1.375768e-01 8.715165e-04 9.928541e-02 8.193857e-02 2.643552e-01 6.1808280837e+04 2.1052411732e+05 2.1127022011e+05
1185.5925 9.862402e-02 1.365039e-01 7.707813e-04 9.819968e-02 8.186981e-02 2.643027e-01 6.1853608175e+04 2.1054880136e+05 2.1120202916e+05
1186.5930 9.893300e-02 1.373334e-01 7.910703e-04 9.906813e-02 8.344409e-02 2.626199e-01 6.1891070527e+04 2.1056048035e+05 2.1115206284e+05
1187.5935 9.663854e-02 1.394416e-01 7.609558e-04 1.015412e-01 8.646226e-02 2.552409e-01 6.1923921044e+04 2.1055327755e+05 2.1112718578e+05
1188.5940 9.527316e-02 1.416836e-01 7.467880e-04 1.054588e-01 9.012468e-02 2.487539e-01 6.1949512803e+04 2.1052450086e+05 2.1112967531e+05
1189.5945 9.815012e-02 1.432868e-01 7.099975e-04 1.099586e-01 9.441253e-02 2.394853e-01 6.1967061577e+04 2.1047800859e+05 2.1115700833e+05
1190.5950 9.895558e-02 1.439620e-01 7.088099e-04 1.149905e-01 9.870839e-02 2.287576e-01 6.1979116069e+04 2.1042026339e+05 2.1120274047e+05
1191.5955 1.007973e-01 1.450411e-01 6.593348e-04 1.206200e-01 1.027838e-01 2.191044e-01 6.1985481514e+04 2.1035812978e+05 2.1125732598e+05
1192.5960 1.042292e-01 1.453177e-01 6.437036e-04 1.256558e-01 1.064682e-01 2.107468e-01 6.1987970694e+04 2.1030092793e+05 2.1131044634e+05
1193.5965 1.046509e-01 1.467083e-01 6.520785e-04 1.295831e-01 1.086350e-01 2.037700e-01 6.1991041469e+04 2.1025536336e+05 2.1135258044e+05
1194.5970 1.060791e-01 1.486753e-01 6.370208e-04 1.321254e-01 1.096213e-01 2.005396e-01 6.1997359049e+04 2.1022401064e+05 2.1137616211e+05
1195.5975 1.095392e-01 1.532265e-01 6.996242e-04 1.333708e-01 1.096069e-01 2.002750e-01 6.2010830396e+04 2.1020548944e+05 2.1137752239e+05
1196.5980 1.111682e-01 1.584780e-01 6.546717e-04 1.320550e-01 1.073808e-01 2.024034e-01 6.2037298072e+04 2.1019638587e+05 2.1135801331e+05
1197.5985 1.105585e-01 1.608573e-01 6.937613e-04 1.289211e-01 1.044375e-01 2.097706e-01 6.2077264326e+04 2.1019322919e+05 2.1131988723e+05
1198.5990 1.109792e-01 1.581013e-01 7.653061e-04 1.239915e-01 1.001555e-01 2.176829e-01 6.2128841721e+04 2.1019543028e+05 2.1126753067e+05
1199.5995 1.091870e-01 1.519963e-01 7.603796e-04 1.178592e-01 9.562601e-02 2.291675e-01 6.2189592205e+04 2.1020054148e+05 2.1120448763e+05
1200.6000 1.053779e-01 1.444320e-01 8.039443e-04 1.109433e-01 9.080682e-02 2.402022e-01 6.2257340245e+04 2.1020774793e+05 2.1113442583e+05
1201.6005 1.033782e-01 1.379474e-01 7.703331e-04 1.043613e-01 8.635809e-02 2.504661e-01 6.2328038432e+04 2.1021486769e+05 2.1106032139e+05
1202.6010 9.968390e-02 1.345602e-01 8.256687e-04 9.862390e-02 8.285830e-02 2.613397e-01 6.2399913147e+04 2.1021989944e+05 2.1098556309e+05
1203.6015 9.685435e-02 1.335802e-01 8.186080e-04 9.381708e-02 8.020239e-02 2.661865e-01 6.2469802108e+04 2.1022356502e+05 2.1091462509e+05
1204.6020 9.606934e-02 1.352869e-01 7.757314e-04 9.087210e-02 7.873284e-02 2.707483e-01 6.2530326982e+04 2.1022522933e+05 2.1085200840e+05
1205.6025 9.475990e-02 1.374432e-01 8.327087e-04 9.050172e-02 7.918091e-02 2.700923e-01 6.2578961671e+04 2.1022592856e+05 2.1080253433e+05
1206.6030 9.427940e-02 1.369763e-01 7.499894e-04 9.194226e-02 8.067841e-02 2.651011e-01 6.2612643721e+04 2.1022399689e+05 2.1077205584e+05
1207.6035 9.456474e-02 1.345603e-01 7.710452e-04 9.575030e-02 8.353770e-02 2.594939e-01 6.2629734804e+04 2.1021600203e+05 2.1076341520e+05
1208.6040 9.549030e-02 1.323894e-01 7.080282e-04 1.011062e-01 8.744644e-02 2.483266e-01 6.2633648657e+04 2.1019869048e+05 2.1077808127e+05
1209.6045 9.611765e-02 1.334495e-01 7.165528e-04 1.080360e-01 9.207445e-02 2.353842e-01 6.2626585171e+04 2.1016974254e+05 2.1081403581e+05
1210.6050 9.976084e-02 1.373485e-01 7.130774e-04 1.158712e-01 9.711584e-02 2.229443e-01 6.2611474003e+04 2.1012813179e+05 2.1086754914e+05
1211.6055 1.044989e-01 1.443867e-01 6.884802e-04 1.232480e-01 1.017664e-01 2.097211e-01 6.2593512729e+04 2.1007554370e+05 2.1093386148e+05
1212.6060 1.087504e-01 1.546349e-01 6.683683e-04 1.299843e-01 1.055773e-01 1.983010e-01 6.2577197737e+04 2.1001412443e+05 2.1100607927e+05
1213.6065 1.131954e-01 1.642786e-01 6.662635e-04 1.352882e-01 1.088879e-01 1.912019e-01 6.2567007197e+04 2.0994804965e+05 2.1107601693e+05
1214.6070 1.147566e-01 1.696589e-01 6.911017e-04 1.385579e-01 1.104917e-01 1.853675e-01 6.2569558578e+04 2.0988454230e+05 2.1113458557e+05
1215.6075 1.162243e-01 1.691636e-01 6.333186e-04 1.388756e-01 1.103064e-01 1.856915e-01 6.2587881149e+04 2.0982871241e+05 2.1117153526e+05
1216.6080 1.172028e-01 1.639754e-01 7.112075e-04 1.363490e-01 1.087386e-01 1.912513e-01 6.2625115471e+04 2.0978770207e+05 2.1117640536e+05
1217.6085 1.142257e-01 1.569661e-01 6.960483e-04 1.311785e-01 1.050495e-01 1.988273e-01 6.2683560434e+04 2.0976823730e+05 2.1114196529e+05
1218.6090 1.119047e-01 1.508575e-01 7.399086e-04 1.239880e-01 1.005632e-01 2.126568e-01 6.2758049455e+04 2.0977305322e+05 2.1106524447e+05
1219.6095 1.100564e-01 1.470004e-01 7.498545e-04 1.155503e-01 9.518897e-02 2.260518e-01 6.2844461628e+04 2.0980366773e+05 2.1095062054e+05
1220.6100 1.060790e-01 1.445651e-01 7.379318e-04 1.066018e-01 8.929772e-02 2.415855e-01 6.2937550321e+04 2.0985436012e+05 2.1080910036e+05
1221.6105 1.013000e-01 1.429712e-01 8.043523e-04 9.791156e-02 8.377874e-02 2.566158e-01 6.3030680083e+04 2.0991611537e+05 2.1065646731e+05
1222.6110 9.730988e-02 1.397175e-01 8.100367e-04 9.023388e-02 7.874714e-02 2.670333e-01 6.3117387721e+04 2.0997818214e+05 2.1051145629e+05
1223.6115 9.282788e-02 1.339605e-01 7.953590e-04 8.482473e-02 7.512062e-02 2.774562e-01 6.3191502416e+04 2.1002777560e+05 2.1039132378e+05
1224.6120 9.026479e-02 1.267590e-01 8.374700e-04 8.220834e-02 7.319958e-02 2.799938e-01 6.3250036914e+04 2.1005509702e+05 2.1031021115e+05
1225.6125 8.942826e-02 1.205296e-01 7.972971e-04 8.220262e-02 7.294752e-02 2.789087e-01 6.3288682397e+04 2.1005328061e+05 2.1027677982e+05
1226.6130 8.976736e-02 1.191720e-01 8.003999e-04 8.554631e-02 7.504829e-02 2.734013e-01 6.3305618021e+04 2.1002148019e+05 2.1029213651e+05
1227.6135 9.200584e-02 1.214796e-01 7.632697e-04 9.140745e-02 7.847998e-02 2.609422e-01 6.3301116556e+04 2.0996507825e+05 2.1035253912e+05
1228.6140 9.397591e-02 1.292348e-01 7.624378e-04 1.002544e-01 8.403243e-02 2.462967e-01 6.3277504973e+04 2.0988978469e+05 2.1044763362e+05
1229.6145 9.974403e-02 1.401119e-01 7.370731e-04 1.102396e-01 9.063263e-02 2.298324e-01 6.3240724234e+04 2.0980215860e+05 2.1056532016e+05
1230.6150 1.047847e-01 1.530918e-01 7.092401e-04 1.202419e-01 9.708406e-02 2.109162e-01 6.3199771721e+04 2.0971151998e+05 2.1069067321e+05
1231.6155 1.069876e-01 1.630107e-01 6.685433e-04 1.301706e-01 1.037948e-01 1.948523e-01 6.3163283312e+04 2.0962622014e+05 2.1080738059e+05
1232.6160 1.128997e-01 1.686665e-01 6.494914e-04 1.381777e-01 1.093852e-01 1.817053e-01 6.3136043942e+04 2.0955424473e+05 2.1090173559e+05
1233.6165 1.191079e-01 1.711042e-01 6.575615e-04 1.435196e-01 1.131077e-01 1.715340e-01 6.3126026987e+04 2.0950078446e+05 2.1096218739e+05
1234.6170 1.193380e-01 1.704984e-01 6.148930e-04 1.453639e-01 1.148829e-01 1.695083e-01 6.3139909097e+04 2.0946764084e+05 2.1098105336e+05
1235.6175 1.184885e-01 1.675740e-01 6.604092e-04 1.437136e-01 1.140453e-01 1.722164e-01 6.3178729204e+04 2.0945645922e+05 2.1095481308e+05
1236.6180 1.179930e-01 1.631685e-01 6.601318e-04 1.389380e-01 1.112829e-01 1.808021e-01 6.3241857015e+04 2.0946569809e+05 2.1088397371e+05
1237.6185 1.131481e-01 1.598512e-01 6.982238e-04 1.309803e-01 1.062180e-01 1.962461e-01 6.3327391408e+04 2.0949228747e+05 2.1077413159e+05
1238.6190 1.071573e-01 1.576408e-01 6.915337e-04 1.208984e-01 9.937454e-02 2.130593e-01 6.3429592586e+04 2.0953287109e+05 2.1063469517e+05
1239.6195 1.036765e-01 1.535973e-01 7.143749e-04 1.094993e-01 9.179463e-02 2.339432e-01 6.3539644200e+04 2.0958118538e+05 2.1047857034e+05
1240.6200 9.849008e-02 1.444037e-01 7.781799e-04 9.787889e-02 8.353151e-02 2.531356e-01 6.3652239102e+04 2.0963234270e+05 2.1032082116e+05
1241.6205 9.163904e-02 1.322517e-01 7.839499e-04 8.779079e-02 7.635500e-02 2.701336e-01 6.3758482260e+04 2.0967945450e+05 2.1017523163e+05
1242.6210 8.719086e-02 1.210052e-01 8.095062e-04 7.994307e-02 7.054987e-02 2.841304e-01 6.3847493638e+04 2.0971749520e+05 2.1005434911e+05
1243.6215 8.473690e-02 1.120794e-01 8.139518e-04 7.533534e-02 6.661816e-02 2.899931e-01 6.3913594968e+04 2.0974342959e+05 2.0996800222e+05
1244.6220 8.258832e-02 1.086287e-01 8.282323e-04 7.459742e-02 6.561597e-02 2.911622e-01 6.3952341397e+04 2.0975216595e+05 2.0992302997e+05
1245.6225 8.224390e-02 1.111026e-01 8.488100e-04 7.755799e-02 6.703210e-02 2.852904e-01 6.3963808287e+04 2.0973922988e+05 2.0992429073e+05
1246.6230 8.525418e-02 1.204015e-01 7.808086e-04 8.416367e-02 7.116553e-02 2.714946e-01 6.3949779544e+04 2.0970142043e+05 2.0997238864e+05
1247.6235 8.940469e-02 1.324372e-01 7.781167e-04 9.456828e-02 7.783542e-02 2.538645e-01 6.3914323245e+04 2.0963974226e+05 2.1006329886e+05
1248.6240 9.504733e-02 1.436616e-01 7.541706e-04 1.060869e-01 8.582087e-02 2.331484e-01 6.3863871434e+04 2.0955731933e+05 2.1018985221e+05
1249.6245 1.024065e-01 1.539134e-01 7.083327e-04 1.182194e-01 9.430137e-02 2.099853e-01 6.3806636497e+04 2.0945962081e+05 2.1033874852e+05
1250.6250 1.100427e-01 1.614364e-01 6.830151e-04 1.301398e-01 1.028712e-01 1.895398e-01 6.3753324791e+04 2.0935283529e+05 2.1049274937e+05
1251.6255 1.133846e-01 1.664354e-01 6.520592e-04 1.402069e-01 1.104523e-01 1.719836e-01 6.3715693126e+04 2.0924750086e+05 2.1063238976e+05
1252.6260 1.176850e-01 1.689666e-01 6.588457e-04 1.470956e-01 1.157553e-01 1.595196e-01 6.3699328850e+04 2.0915596173e+05 2.1073770597e+05
1253.6265 1.201890e-01 1.714657e-01 6.002865e-04 1.498359e-01 1.181962e-01 1.553959e-01 6.3709838194e+04 2.0908927450e+05 2.1079144407e+05
1254.6270 1.183476e-01 1.746661e-01 6.237513e-04 1.488435e-01 1.180114e-01 1.575922e-01 6.3751443080e+04 2.0905644869e+05 2.1078172190e+05
1255.6275 1.179746e-01 1.760457e-01 6.239311e-04 1.438408e-01 1.148219e-01 1.675422e-01 6.3821717320e+04 2.0906085602e+05 2.1070585130e+05
1256.6280 1.142106e-01 1.724146e-01 6.304103e-04 1.346201e-01 1.086209e-01 1.842322e-01 6.3918608808e+04 2.0910228683e+05 2.1056992198e+05
1257.6285 1.063115e-01 1.618256e-01 6.642226e-04 1.232981e-01 1.005551e-01 2.045513e-01 6.4035961415e+04 2.0917538776e+05 2.1038658929e+05
1258.6290 1.001269e-01 1.474559e-01 6.970194e-04 1.101956e-01 9.133811e-02 2.283813e-01 6.4160535459e+04 2.0926973541e+05 2.1017530473e+05
1259.6295 9.417628e-02 1.323887e-01 7.658465e-04 9.678879e-02 8.134781e-02 2.514906e-01 6.4282891588e+04 2.0937173795e+05 2.0995944721e+05
1260.6300 8.726642e-02 1.198949e-01 7.746379e-04 8.514875e-02 7.279271e-02 2.715156e-01 6.4394826787e+04 2.0946435678e+05 2.0976283645e+05
1261.6305 8.288723e-02 1.105952e-01 8.146365e-04 7.601480e-02 6.547071e-02 2.870968e-01 6.4487315379e+04 2.0953178223e+05 2.0960876324e+05
1262.6310 7.928780e-02 1.055703e-01 8.221292e-04 7.080638e-02 6.102566e-02 2.952646e-01 6.4554832131e+04 2.0956308510e+05 2.0951406088e+05
1263.6315 7.688181e-02 1.077901e-01 8.695339e-04 6.969114e-02 5.952418e-02 2.966207e-01 6.4590725517e+04 2.0955320835e+05 2.0948861985e+05
1264.6320 7.856367e-02 1.150882e-01 8.401755e-04 7.275436e-02 6.107890e-02 2.891247e-01 6.4592602256e+04 2.0950365807e+05 2.0953379591e+05
1265.6325 8.222286e-02 1.235767e-01 8.098603e-04 8.027309e-02 6.609620e-02 2.740667e-01 6.4564775648e+04 2.0941969663e+05 2.0964174952e+05
1266.6330 8.785849e-02 1.309166e-01 8.182787e-04 9.115158e-02 7.374911e-02 2.548252e-01 6.4514787969e+04 2.0930866679e+05 2.0979786567e+05
1267.6335 9.402181e-02 1.377294e-01 7.566634e-04 1.033256e-01 8.269497e-02 2.307593e-01 6.4452914963e+04 2.0918307360e+05 2.0998137916e+05
1268.6340 1.015014e-01 1.468336e-01 6.984254e-04 1.167532e-01 9.258946e-02 2.058595e-01 6.4387625575e+04 2.0905717498e+05 2.1016645618e+05
1269.6345 1.076665e-01 1.566535e-01 6.720422e-04 1.294552e-01 1.022493e-01 1.833281e-01 6.4329775153e+04 2.0894649329e+05 2.1032878140e+05
1270.6350 1.133832e-01 1.679328e-01 6.305084e-04 1.399941e-01 1.102201e-01 1.640072e-01 6.4288586427e+04 2.0886172705e+05 2.1044818796e+05
1271.6355 1.191286e-01 1.769388e-01 6.184566e-04 1.473427e-01 1.161160e-01 1.516316e-01 6.4272686904e+04 2.0880871193e+05 2.1051083418e+05
1272.6360 1.203190e-01 1.827485e-01 6.011250e-04 1.500866e-01 1.187102e-01 1.469152e-01 6.4289120095e+04 2.0878904166e+05 2.1051094646e+05
1273.6365 1.188902e-01 1.821433e-01 5.995943e-04 1.491042e-01 1.181784e-01 1.499427e-01 6.4338761619e+04 2.0880180672e+05 2.1044874782e+05
1274.6370 1.151620e-01 1.755839e-01 5.942802e-04 1.436057e-01 1.147334e-01 1.606436e-01 6.4418138005e+04 2.0884306920e+05 2.1033160511e+05
1275.6375 1.106731e-01 1.642161e-01 6.356071e-04 1.337264e-01 1.073799e-01 1.785350e-01 6.4520648489e+04 2.0890552688e+05 2.1017270642e+05
1276.6380 1.049791e-01 1.502784e-01 6.392186e-04 1.221646e-01 9.903502e-02 2.006029e-01 6.4640262658e+04 2.0897895656e+05 2.0998669757e+05
1277.6385 9.670121e-02 1.369052e-01 7.151100e-04 1.083822e-01 8.866105e-02 2.255095e-01 6.4768245966e+04 2.0905293205e+05 2.0979310745e+05
1278.6390 9.013538e-02 1.243660e-01 7.625208e-04 9.521975e-02 7.846884e-02 2.493725e-01 6.4892188522e+04 2.0912062318e+05 2.0960901101e+05
1279.6395 8.409191e-02 1.161711e-01 7.679525e-04 8.355156e-02 6.946456e-02 2.691926e-01 6.5001249690e+04 2.0917528376e+05 2.0945133004e+05
1280.6400 7.868824e-02 1.128425e-01 8.013295e-04 7.468148e-02 6.217364e-02 2.846414e-01 6.5086190075e+04 2.0921085872e+05 2.0933465202e+05
1281.6405 7.708505e-02 1.126675e-01 8.483944e-04 6.994506e-02 5.817831e-02 2.925586e-01 6.5140501212e+04 2.0922285978e+05 2.0926929924e+05
1282.6410 7.699541e-02 1.122380e-01 8.538794e-04 6.886331e-02 5.695663e-02 2.918314e-01 6.5163764123e+04 2.0920859586e+05 2.0926169338e+05
1283.6415 7.732458e-02 1.123101e-01 8.253475e-04 7.222208e-02 5.912503e-02 2.828794e-01 6.5157031435e+04 2.0916763174e+05 2.0931077654e+05
1284.6420 8.187644e-02 1.171504e-01 8.041251e-04 8.028145e-02 6.511012e-02 2.677058e-01 6.5121974379e+04 2.0910091240e+05 2.0940922174e+05
1285.6425 8.854729e-02 1.260916e-01 7.806902e-04 9.069744e-02 7.260220e-02 2.471169e-01 6.5066677578e+04 2.0901356465e+05 2.0954659986e+05
1286.6430 9.522150e-02 1.381116e-01 7.520947e-04 1.025987e-01 8.178632e-02 2.227981e-01 6.5001853730e+04 2.0891173856e+05 2.0970703950e+05
1287.6435 1.028549e-01 1.526079e-01 7.070435e-04 1.157210e-01 9.170607e-02 1.992075e-01 6.4938269637e+04 2.0880141892e+05 2.0987227872e+05
1288.6440 1.098401e-01 1.670295e-01 6.652071e-04 1.275574e-01 1.007390e-01 1.771145e-01 6.4887238232e+04 2.0869299752e+05 2.1002355771e+05
1289.6445 1.139357e-01 1.767709e-01 6.450488e-04 1.372669e-01 1.082738e-01 1.601071e-01 6.4856967358e+04 2.0859997216e+05 2.1014121540e+05
1290.6450 1.163682e-01 1.800589e-01 5.939003e-04 1.436878e-01 1.136072e-01 1.494497e-01 6.4852559757e+04 2.0853416532e+05 2.1020873231e+05
1291.6455 1.179424e-01 1.787566e-01 5.798516e-04 1.454744e-01 1.149818e-01 1.463058e-01 6.4877321231e+04 2.0850214884e+05 2.1021583008e+05
1292.6460 1.177862e-01 1.722376e-01 5.985205e-04 1.442535e-01 1.145090e-01 1.507777e-01 6.4933302385e+04 2.0850683582e+05 2.1015676041e+05
1293.6465 1.134272e-01 1.629416e-01 5.909700e-04 1.380731e-01 1.099046e-01 1.616212e-01 6.5018742965e+04 2.0854671133e+05 2.1003695003e+05
1294.6470 1.087056e-01 1.525433e-01 6.217468e-04 1.290721e-01 1.030342e-01 1.795055e-01 6.5124973656e+04 2.0861618869e+05 2.0986652795e+05
1295.6475 1.040747e-01 1.430037e-01 6.551505e-04 1.183746e-01 9.507804e-02 2.007106e-01 6.5242586765e+04 2.0870632067e+05 2.0966333908e+05
1296.6480 9.596007e-02 1.359746e-01 7.148528e-04 1.053981e-01 8.475469e-02 2.237824e-01 6.5362344737e+04 2.0880380968e+05 2.0945234526e+05
1297.6485 8.937307e-02 1.302395e-01 7.200325e-04 9.407047e-02 7.613981e-02 2.450637e-01 6.5473315305e+04 2.0889298654e+05 2.0925658903e+05
1298.6490 8.575227e-02 1.225025e-01 7.684372e-04 8.361225e-02 6.779807e-02 2.625085e-01 6.5567221888e+04 2.0895971839e+05 2.0910096652e+05
1299.6495 8.087389e-02 1.144797e-01 7.717761e-04 7.608802e-02 6.183761e-02 2.755238e-01 6.5638320360e+04 2.0899316988e+05 2.0900187167e+05
1300.6500 7.848512e-02 1.087955e-01 8.356683e-04 7.207927e-02 5.873596e-02 2.811682e-01 6.5680739288e+04 2.0898801163e+05 2.0896849829e+05
1301.6505 8.060908e-02 1.066040e-01 8.303780e-04 7.137842e-02 5.802283e-02 2.790552e-01 6.5692265396e+04 2.0894451584e+05 2.0900191332e+05
1302.6510 8.398474e-02 1.115890e-01 7.988568e-04 7.495437e-02 6.087948e-02 2.702958e-01 6.5676903968e+04 2.0886567155e+05 2.0909364565e+05
1303.6515 8.759641e-02 1.211711e-01 8.263063e-04 8.220987e-02 6.620334e-02 2.559185e-01 6.5640658856e+04 2.0876172187e+05 2.0922932813e+05
1304.6520 9.351721e-02 1.329510e-01 7.710877e-04 9.142258e-02 7.325670e-02 2.368291e-01 6.5590259897e+04 2.0864589427e+05 2.0938958878e+05
1305.6525 9.872444e-02 1.476975e-01 7.644643e-04 1.019518e-01 8.125146e-02 2.156236e-01 6.5534943577e+04 2.0853175331e+05 2.0955212291e+05
1306.6530 1.036300e-01 1.607437e-01 6.932434e-04 1.134781e-01 8.989525e-02 1.950703e-01 6.5484437687e+04 2.0843220788e+05 2.0969508899e+05
1307.6535 1.095607e-01 1.690591e-01 6.739794e-04 1.232609e-01 9.723701e-02 1.768122e-01 6.5447396356e+04 2.0835721686e+05 2.0980190423e+05
1308.6540 1.137114e-01 1.724978e-01 6.441665e-04 1.314109e-01 1.034778e-01 1.631244e-01 6.5431441754e+04 2.0831216730e+05 2.0985950571e+05
1309.6545 1.150594e-01 1.698015e-01 6.051545e-04 1.362868e-01 1.072758e-01 1.543263e-01 6.5441414365e+04 2.0829987259e+05 2.0986242003e+05
1310.6550 1.143645e-01 1.645545e-01 5.949817e-04 1.377818e-01 1.083379e-01 1.525386e-01 6.5477044909e+04 2.0831786738e+05 2.0981100321e+05
1311.6555 1.127752e-01 1.600912e-01 6.072686e-04 1.368036e-01 1.075457e-01 1.571316e-01 6.5536305997e+04 2.0835945763e+05 2.0971146079e+05
1312.6560 1.093798e-01 1.569864e-01 5.983207e-04 1.314268e-01 1.033343e-01 1.668048e-01 6.5616847267e+04 2.0841491735e+05 2.0957803274e+05
1313.6565 1.041492e-01 1.539400e-01 6.419408e-04 1.244628e-01 9.795724e-02 1.820158e-01 6.5713676675e+04 2.0847294987e+05 2.0942531847e+05
1314.6570 9.831430e-02 1.474989e-01 6.529369e-04 1.152745e-01 9.086571e-02 1.996399e-01 6.5819259408e+04 2.0852579907e+05 2.0927132147e+05
1315.6575 9.403049e-02 1.391968e-01 6.974745e-04 1.048587e-01 8.289894e-02 2.181570e-01 6.5923409498e+04 2.0856679428e+05 2.0913110438e+05
1316.6580 8.925383e-02 1.296255e-01 7.383587e-04 9.582601e-02 7.637242e-02 2.347469e-01 6.6018178195e+04 2.0859347234e+05 2.0901503919e+05
1317.6585 8.463350e-02 1.195711e-01 7.489018e-04 8.681646e-02 6.958925e-02 2.490643e-01 6.6095906349e+04 2.0860460611e+05 2.0893270989e+05
1318.6590 8.342862e-02 1.113090e-01 7.714008e-04 8.076648e-02 6.530812e-02 2.593033e-01 6.6150923696e+04 2.0860027684e+05 2.0888582584e+05
1319.6595 8.299127e-02 1.069809e-01 8.423760e-04 7.720523e-02 6.290989e-02 2.631978e-01 6.6183229308e+04 2.0858147603e+05 2.0887503182e+05
1320.6600 8.155519e-02 1.098337e-01 7.835026e-04 7.669950e-02 6.256526e-02 2.617927e-01 6.6193709315e+04 2.0854898364e+05 2.0889746288e+05
1321.6605 8.538447e-02 1.200679e-01 8.043817e-04 7.932022e-02 6.456043e-02 2.557087e-01 6.6183045087e+04 2.0850338171e+05 2.0894862202e+05
1322.6610 9.150752e-02 1.333925e-01 7.774541e-04 8.456424e-02 6.837835e-02 2.445596e-01 6.6157817255e+04 2.0844688906e+05 2.0902327489e+05
1323.6615 9.384099e-02 1.457547e-01 7.524071e-04 9.103318e-02 7.290916e-02 2.302915e-01 6.6126584034e+04 2.0838181689e+05 2.0911499991e+05
1324.6620 9.775587e-02 1.534171e-01 7.760537e-04 9.898542e-02 7.869878e-02 2.151167e-01 6.6092634286e+04 2.0831310082e+05 2.0921359970e+05
1325.6625 1.024345e-01 1.558316e-01 6.916460e-04 1.078278e-01 8.496640e-02 1.991408e-01 6.6062064999e+04 2.0824733676e+05 2.0930742552e+05
1326.6630 1.044287e-01 1.549294e-01 7.159058e-04 1.153512e-01 9.000404e-02 1.850842e-01 6.6041570103e+04 2.0819048060e+05 2.0938497111e+05
1327.6635 1.071106e-01 1.545267e-01 6.257644e-04 1.223309e-01 9.510846e-02 1.742953e-01 6.6034485089e+04 2.0814727727e+05 2.0943389714e+05
1328.6640 1.083757e-01 1.554658e-01 6.602424e-04 1.264512e-01 9.768559e-02 1.657974e-01 6.6046761792e+04 2.0812041449e+05 2.0944835128e+05
1329.6645 1.078889e-01 1.597577e-01 6.265525e-04 1.292569e-01 9.952229e-02 1.624316e-01 6.6079371446e+04 2.0810978139e+05 2.0942433549e+05
1330.6650 1.075279e-01 1.644730e-01 6.281862e-04 1.296707e-01 9.966370e-02 1.640915e-01 6.6129816598e+04 2.0811595689e+05 2.0936503014e+05
1331.6655 1.056969e-01 1.650895e-01 5.986803e-04 1.266740e-01 9.740873e-02 1.690510e-01 6.6195081757e+04 2.0813834032e+05 2.0927799722e+05
1332.6660 1.019173e-01 1.602131e-01 6.148676e-04 1.225453e-01 9.492848e-02 1.783971e-01 6.6270998636e+04 2.0817147941e+05 2.0917127677e+05
1333.6665 9.707219e-02 1.494394e-01 6.491772e-04 1.155953e-01 9.005647e-02 1.904310e-01 6.6353273705e+04 2.0820936454e+05 2.0905734915e+05
1334.6670 9.301150e-02 1.357546e-01 6.715111e-04 1.082861e-01 8.532758e-02 2.033403e-01 6.6436697027e+04 2.0824545189e+05 2.0894464704e+05
1335.6675 9.011337e-02 1.227336e-01 6.832780e-04 1.007589e-01 8.044097e-02 2.163159e-01 6.6516050982e+04 2.0827454350e+05 2.0884247535e+05
1336.6680 8.719899e-02 1.143071e-01 6.990692e-04 9.294392e-02 7.507401e-02 2.283482e-01 6.6586271744e+04 2.0829293339e+05 2.0875889678e+05
1337.6685 8.514905e-02 1.137678e-01 7.542767e-04 8.713771e-02 7.116164e-02 2.383453e-01 6.6642576782e+04 2.0829746943e+05 2.0869895744e+05
1338.6690 8.589311e-02 1.194444e-01 7.584144e-04 8.261777e-02 6.781226e-02 2.439598e-01 6.6682116514e+04 2.0828684577e+05 2.0866835086e+05
1339.6695 8.550542e-02 1.274097e-01 7.635481e-04 8.064018e-02 6.619534e-02 2.467487e-01 6.6705499002e+04 2.0826062635e+05 2.0866839141e+05
1340.6700 8.458998e-02 1.328118e-01 7.926056e-04 8.073662e-02 6.570372e-02 2.454505e-01 6.6714255385e+04 2.0822104220e+05 2.0869804705e+05
1341.6705 8.679633e-02 1.353870e-01 7.554815e-04 8.279811e-02 6.659124e-02 2.403825e-01 6.6709780088e+04 2.0817111365e+05 2.0875143353e+05
1342.6710 8.937686e-02 1.358733e-01 7.842374e-04 8.631339e-02 6.854826e-02 2.320850e-01 6.6697168620e+04 2.0811540658e+05 2.0881960884e+05
1343.6715 8.994864e-02 1.354830e-01 7.372627e-04 9.180993e-02 7.193362e-02 2.217236e-01 6.6681366502e+04 2.0806028870e+05 2.0889110194e+05
1344.6720 9.456738e-02 1.360546e-01 7.252324e-04 9.829164e-02 7.586783e-02 2.094066e-01 6.6663843878e+04 2.0801179299e+05 2.0895582400e+05
1345.6725 9.773354e-02 1.406415e-01 7.298757e-04 1.050369e-01 8.035012e-02 1.969098e-01 6.6649275350e+04 2.0797423193e+05 2.0900535647e+05
1346.6730 9.773574e-02 1.496087e-01 6.617129e-04 1.119784e-01 8.502656e-02 1.852539e-01 6.6641180192e+04 2.0794935917e+05 2.0903482747e+05
1347.6735 9.997967e-02 1.607108e-01 6.696219e-04 1.174414e-01 8.882533e-02 1.742595e-01 6.6640927179e+04 2.0793543978e+05 2.0904431297e+05
1348.6740 1.031162e-01 1.682700e-01 6.225410e-04 1.225328e-01 9.293083e-02 1.674655e-01 6.6652155510e+04 2.0792821006e+05 2.0903501837e+05
1349.6745 1.019688e-01 1.704162e-01 6.374440e-04 1.249810e-01 9.509850e-02 1.634175e-01 6.6679821599e+04 2.0792273858e+05 2.0901216536e+05
1350.6750 1.003627e-01 1.655252e-01 5.963585e-04 1.249142e-01 9.594114e-02 1.626989e-01 6.6723437364e+04 2.0791566656e+05 2.0897827826e+05
1351.6755 1.012058e-01 1.544392e-01 6.037752e-04 1.232011e-01 9.577416e-02 1.667572e-01 6.6779616034e+04 2.0790703267e+05 2.0893398297e+05
1352.6760 1.000342e-01 1.425089e-01 6.332643e-04 1.183180e-01 9.293840e-02 1.739769e-01 6.6846798376e+04 2.0789905558e+05 2.0888028194e+05
1353.6765 9.600687e-02 1.329034e-01 6.192209e-04 1.129384e-01 8.998742e-02 1.842275e-01 6.6921015343e+04 2.0789530609e+05 2.0881461177e+05
1354.6770 9.222096e-02 1.284298e-01 6.590727e-04 1.057239e-01 8.502621e-02 1.962268e-01 6.6996315405e+04 2.0789888440e+05 2.0873909600e+05
1355.6775 8.925857e-02 1.281673e-01 6.739318e-04 9.839634e-02 7.984244e-02 2.088822e-01 6.7068298417e+04 2.0791146305e+05 2.0865575706e+05
1356.6780 8.609535e-02 1.300269e-01 7.804009e-04 9.178590e-02 7.462838e-02 2.210023e-01 6.7133468659e+04 2.0793185527e+05 2.0857053012e+05
1357.6785 8.365298e-02 1.310223e-01 7.125697e-04 8.563477e-02 6.951666e-02 2.307246e-01 6.7188582062e+04 2.0795624761e+05 2.0849222677e+05
1358.6790 8.253695e-02 1.306938e-01 7.477780e-04 8.156007e-02 6.585882e-02 2.381411e-01 6.7231184797e+04 2.0797720893e+05 2.0842933978e+05
1359.6795 8.266865e-02 1.273245e-01 7.686740e-04 7.892876e-02 6.297488e-02 2.410608e-01 6.7259770132e+04 2.0798934912e+05 2.0839095509e+05
1360.6800 8.241704e-02 1.221208e-01 7.654355e-04 7.844547e-02 6.184344e-02 2.408269e-01 6.7273651431e+04 2.0798759322e+05 2.0838181978e+05
1361.6805 8.355319e-02 1.179461e-01 7.695606e-04 8.014964e-02 6.250150e-02 2.357832e-01 6.7273537541e+04 2.0796879801e+05 2.0840302257e+05
1362.6810 8.521813e-02 1.197617e-01 7.287641e-04 8.434512e-02 6.500215e-02 2.275291e-01 6.7262135781e+04 2.0793140093e+05 2.0845111301e+05
1363.6815 8.703434e-02 1.289042e-01 7.529770e-04 9.003944e-02 6.863252e-02 2.163409e-01 6.7243854483e+04 2.0787708558e+05 2.0852003649e+05
1364.6820 9.091856e-02 1.429187e-01 6.979994e-04 9.677401e-02 7.375471e-02 2.031500e-01 6.7222927066e+04 2.0781055541e+05 2.0860080809e+05
1365.6825 9.407199e-02 1.568684e-01 6.895211e-04 1.038567e-01 7.914463e-02 1.895930e-01 6.7204806769e+04 2.0773918655e+05 2.0868379293e+05
1366.6830 9.787270e-02 1.652888e-01 6.799684e-04 1.105717e-01 8.453675e-02 1.764313e-01 6.7192526641e+04 2.0767248382e+05 2.0875831163e+05
1367.6835 1.010066e-01 1.662427e-01 6.202710e-04 1.167953e-01 8.986386e-02 1.666101e-01 6.7189453031e+04 2.0761787896e+05 2.0881365020e+05
1368.6840 1.021097e-01 1.610802e-01 6.209047e-04 1.205099e-01 9.337604e-02 1.588669e-01 6.7200014536e+04 2.0758110566e+05 2.0884172862e+05
1369.6845 1.031769e-01 1.522585e-01 5.898379e-04 1.223633e-01 9.573718e-02 1.556286e-01 6.7225682326e+04 2.0756470640e+05 2.0883524495e+05
1370.6850 1.017302e-01 1.450772e-01 5.977117e-04 1.219808e-01 9.588644e-02 1.575521e-01 6.7268503685e+04 2.0756773322e+05 2.0879227262e+05
1371.6855 1.002865e-01 1.431673e-01 6.123397e-04 1.187897e-01 9.386447e-02 1.633648e-01 6.7327589606e+04 2.0758633206e+05 2.0871570017e+05
1372.6860 9.857789e-02 1.440306e-01 6.362459e-04 1.145444e-01 9.058920e-02 1.731347e-01 6.7399394940e+04 2.0761726095e+05 2.0861233067e+05
1373.6865 9.501334e-02 1.464751e-01 6.180659e-04 1.076607e-01 8.502157e-02 1.854833e-01 6.7479048200e+04 2.0765515842e+05 2.0849522790e+05
1374.6870 9.116388e-02 1.456137e-01 7.054944e-04 1.005051e-01 7.937040e-02 1.994213e-01 6.7559637213e+04 2.0769482048e+05 2.0837641738e+05
1375.6875 8.800717e-02 1.390254e-01 7.221588e-04 9.330765e-02 7.332882e-02 2.118818e-01 6.7634207996e+04 2.0773158617e+05 2.0826922619e+05
1376.6880 8.399343e-02 1.271489e-01 6.872311e-04 8.666119e-02 6.784549e-02 2.237612e-01 6.7698272433e+04 2.0775957115e+05 2.0818373338e+05
1377.6885 8.066304e-02 1.155773e-01 7.735068e-04 8.206309e-02 6.402920e-02 2.318610e-01 6.7748611649e+04 2.0777306549e+05 2.0812602896e+05
1378.6890 8.075961e-02 1.083361e-01 7.553622e-04 7.856058e-02 6.111376e-02 2.353574e-01 6.7782536214e+04 2.0776906986e+05 2.0810022645e+05
1379.6895 8.122036e-02 1.089116e-01 7.744753e-04 7.773002e-02 6.029958e-02 2.357154e-01 6.7800341771e+04 2.0774618066e+05 2.0810545194e+05
1380.6900 8.179082e-02 1.178101e-01 7.570746e-04 7.899929e-02 6.147934e-02 2.309576e-01 6.7803836802e+04 2.0770557078e+05 2.0813968839e+05
1381.6905 8.477523e-02 1.290604e-01 7.278117e-04 8.232125e-02 6.405118e-02 2.226830e-01 6.7793871183e+04 2.0765220040e+05 2.0819820407e+05
1382.6910 8.839660e-02 1.392388e-01 7.431789e-04 8.737024e-02 6.807283e-02 2.118622e-01 6.7774286168e+04 2.0759163311e+05 2.0827348478e+05
1383.6915 8.949782e-02 1.466237e-01 6.692038e-04 9.343816e-02 7.327962e-02 1.996086e-01 6.7751074157e+04 2.0752934188e+05 2.0835597933e+05
1384.6920 9.161181e-02 1.497760e-01 6.816777e-04 9.945353e-02 7.811753e-02 1.867201e-01 6.7728441019e+04 2.0747129453e+05 2.0843539155e+05
1385.6925 9.669457e-02 1.488355e-01 6.471922e-04 1.058116e-01 8.327226e-02 1.754458e-01 6.7710968789e+04 2.0742223803e+05 2.0850009945e+05
1386.6930 9.908572e-02 1.465466e-01 6.523579e-04 1.113607e-01 8.747773e-02 1.668068e-01 6.7706310196e+04 2.0738489140e+05 2.0854175651e+05
1387.6935 1.007135e-01 1.455803e-01 6.172069e-04 1.146153e-01 8.980553e-02 1.604310e-01 6.7716705049e+04 2.0736115945e+05 2.0855513175e+05
1388.6940 1.030324e-01 1.474507e-01 6.204609e-04 1.168804e-01 9.114543e-02 1.586236e-01 6.7742513767e+04 2.0735085101e+05 2.0853719501e+05
1389.6945 1.010291e-01 1.513592e-01 6.167485e-04 1.169972e-01 9.049658e-02 1.608768e-01 6.7784534875e+04 2.0735419090e+05 2.0849050271e+05
1390.6950 9.930023e-02 1.550414e-01 6.235300e-04 1.148384e-01 8.818675e-02 1.665138e-01 6.7839028340e+04 2.0736864844e+05 2.0842020892e+05
1391.6955 9.751875e-02 1.551584e-01 6.373012e-04 1.116185e-01 8.508135e-02 1.747969e-01 6.7903933381e+04 2.0739048846e+05 2.0833322930e+05
1392.6960 9.238130e-02 1.492714e-01 6.604931e-04 1.061351e-01 8.054443e-02 1.853191e-01 6.7977248678e+04 2.0741587306e+05 2.0823877950e+05
1393.6965 8.946277e-02 1.382855e-01 7.165838e-04 1.008059e-01 7.639846e-02 1.956658e-01 6.8051946958e+04 2.0744184965e+05 2.0814339042e+05
1394.6970 8.730177e-02 1.250331e-01 6.808235e-04 9.508130e-02 7.214327e-02 2.044721e-01 6.8121757125e+04 2.0746727646e+05 2.0805483575e+05
1395.6975 8.410200e-02 1.152526e-01 6.922047e-04 8.990166e-02 6.861864e-02 2.128882e-01 6.8180813919e+04 2.0748932397e+05 2.0797922274e+05
1396.6980 8.268125e-02 1.118877e-01 7.323486e-04 8.640430e-02 6.656590e-02 2.173624e-01 6.8224519419e+04 2.0750472064e+05 2.0792247601e+05
1397.6985 8.261946e-02 1.129174e-01 7.112523e-04 8.351758e-02 6.490060e-02 2.188564e-01 6.8252385094e+04 2.0750859400e+05 2.0789158244e+05
1398.6990 8.163685e-02 1.187486e-01 7.362045e-04 8.317667e-02 6.530806e-02 2.181569e-01 6.8266590569e+04 2.0749508976e+05 2.0788914911e+05
1399.6995 8.264277e-02 1.255712e-01 6.905734e-04 8.385420e-02 6.649231e-02 2.141039e-01 6.8268995891e+04 2.0746273199e+05 2.0791680259e+05
1400.7000 8.472896e-02 1.330253e-01 6.922969e-04 8.570591e-02 6.818405e-02 2.081176e-01 6.8262270343e+04 2.0741253382e+05 2.0797081993e+05
1401.7005 8.707994e-02 1.376098e-01 7.104181e-04 8.869811e-02 7.081304e-02 2.007122e-01 6.8250718534e+04 2.0734983074e+05 2.0804308011e+05
1402.7010 9.021668e-02 1.377827e-01 6.804036e-04 9.172923e-02 7.319753e-02 1.936149e-01 6.8238187289e+04 2.0728186135e+05 2.0812288410e+05
1403.7015 9.261861e-02 1.350534e-01 6.906955e-04 9.526527e-02 7.550393e-02 1.861738e-01 6.8228706851e+04 2.0721883883e+05 2.0819619411e+05
1404.7020 9.452519e-02 1.336676e-01 6.417711e-04 9.931925e-02 7.806969e-02 1.803613e-01 6.8224792767e+04 2.0716901179e+05 2.0824940836e+05
1405.7025 9.537635e-02 1.351799e-01 6.729707e-04 1.024999e-01 7.949225e-02 1.751430e-01 6.8229464934e+04 2.0713970995e+05 2.0827341238e+05
1406.7030 9.594667e-02 1.406619e-01 6.527436e-04 1.044375e-01 8.017448e-02 1.731136e-01 6.8244486490e+04 2.0713160510e+05 2.0826383727e+05
1407.7035 9.671281e-02 1.482258e-01 6.580715e-04 1.065666e-01 8.057773e-02 1.721093e-01 6.8272314465e+04 2.0714148257e+05 2.0822211229e+05
1408.7040 9.662009e-02 1.532526e-01 6.723399e-04 1.068589e-01 8.001781e-02 1.732757e-01 6.8312673152e+04 2.0716432441e+05 2.0815650464e+05
1409.7045 9.512103e-02 1.514980e-01 6.460982e-04 1.062115e-01 7.913660e-02 1.764644e-01 6.8362639226e+04 2.0719482356e+05 2.0807673740e+05
1410.7050 9.314945e-02 1.448838e-01 6.334428e-04 1.052315e-01 7.799480e-02 1.792835e-01 6.8417095728e+04 2.0722684253e+05 2.0799347647e+05
1411.7055 9.198791e-02 1.348911e-01 6.803265e-04 1.025507e-01 7.637895e-02 1.839280e-01 6.8471000816e+04 2.0725365468e+05 2.0791705663e+05
1412.7060 8.940037e-02 1.255389e-01 6.958062e-04 1.005965e-01 7.539805e-02 1.871916e-01 6.8523133987e+04 2.0726974343e+05 2.0785352984e+05
1413.7065 8.687952e-02 1.186120e-01 6.337512e-04 9.815470e-02 7.426908e-02 1.902666e-01 6.8571010636e+04 2.0727114463e+05 2.0780836302e+05
1414.7070 8.606531e-02 1.167842e-01 6.723024e-04 9.587372e-02 7.338415e-02 1.931761e-01 6.8611676129e+04 2.0725723608e+05 2.0778275099e+05
1415.7075 8.460791e-02 1.203080e-01 6.834096e-04 9.410984e-02 7.296530e-02 1.939019e-01 6.8644315430e+04 2.0723132283e+05 2.0777576147e+05
1416.7080 8.554931e-02 1.263375e-01 6.671022e-04 9.220442e-02 7.226418e-02 1.945196e-01 6.8666211974e+04 2.0719755862e+05 2.0778561279e+05
1417.7085 8.766433e-02 1.303761e-01 6.947047e-04 9.160615e-02 7.226311e-02 1.938341e-01 6.8678799143e+04 2.0716080483e+05 2.0780774402e+05
1418.7090 8.835326e-02 1.309727e-01 6.452258e-04 9.066449e-02 7.184764e-02 1.925998e-01 6.8685565074e+04 2.0712393557e+05 2.0783846155e+05
1419.7095 8.872047e-02 1.295204e-01 6.988092e-04 9.027725e-02 7.169106e-02 1.912079e-01 6.8688833675e+04 2.0708947609e+05 2.0787081567e+05
1420.7100 8.985723e-02 1.264622e-01 6.555562e-04 9.049364e-02 7.149822e-02 1.901594e-01 6.8690988666e+04 2.0706111115e+05 2.0789825359e+05
1421.7105 9.161341e-02 1.254398e-01 6.933590e-04 9.024485e-02 7.096610e-02 1.890439e-01 6.8694540570e+04 2.0704067201e+05 2.0791560019e+05
1422.7110 9.284386e-02 1.278393e-01 7.062699e-04 9.059386e-02 7.055843e-02 1.884166e-01 6.8702413483e+04 2.0702800432e+05 2.0791917758e+05
1423.7115 9.288536e-02 1.318544e-01 6.800357e-04 9.162671e-02 7.034084e-02 1.879534e-01 6.8717343747e+04 2.0702175582e+05 2.0790876022e+05
1424.7120 9.386633e-02 1.366431e-01 7.127118e-04 9.228959e-02 7.004508e-02 1.867380e-01 6.8739081037e+04 2.0701994281e+05 2.0788688777e+05
1425.7125 9.416465e-02 1.413377e-01 6.935163e-04 9.263001e-02 6.955797e-02 1.873741e-01 6.8766511492e+04 2.0701995298e+05 2.0785708190e+05
1426.7130 9.161343e-02 1.428962e-01 6.942726e-04 9.412977e-02 7.022255e-02 1.864425e-01 6.8799607051e+04 2.0702169003e+05 2.0782223309e+05
1427.7135 9.165618e-02 1.411358e-01 7.042498e-04 9.459340e-02 7.033400e-02 1.864486e-01 6.8834232135e+04 2.0702220535e+05 2.0778753479e+05
1428.7140 9.189080e-02 1.350236e-01 6.763332e-04 9.583807e-02 7.121891e-02 1.851620e-01 6.8871115918e+04 2.0702058110e+05 2.0775435538e+05
1429.7145 8.864174e-02 1.278123e-01 6.695890e-04 9.698014e-02 7.240463e-02 1.834373e-01 6.8910511998e+04 2.0701531785e+05 2.0772427598e+05
1430.7150 8.846531e-02 1.225673e-01 6.826101e-04 9.728249e-02 7.320029e-02 1.818299e-01 6.8946560067e+04 2.0700802681e+05 2.0769791487e+05
1431.7155 8.967089e-02 1.219063e-01 6.509837e-04 9.895815e-02 7.487416e-02 1.789811e-01 6.8976456526e+04 2.0700146370e+05 2.0767412655e+05
1432.7160 8.816866e-02 1.247250e-01 6.310077e-04 9.948322e-02 7.589596e-02 1.769346e-01 6.9000829681e+04 2.0699510874e+05 2.0765582014e+05
1433.7165 8.879227e-02 1.282835e-01 6.443468e-04 9.992261e-02 7.676176e-02 1.746839e-01 6.9018386345e+04 2.0698758754e+05 2.0764451488e+05
1434.7170 9.112654e-02 1.309047e-01 6.622204e-04 1.002607e-01 7.735180e-02 1.725125e-01 6.9031342722e+04 2.0697550475e+05 2.0764209405e+05
1435.7175 9.025761e-02 1.317928e-01 6.290611e-04 9.986798e-02 7.739802e-02 1.717658e-01 6.9042595797e+04 2.0695780950e+05 2.0764897896e+05
1436.7180 9.042654e-02 1.306361e-01 6.604427e-04 9.903642e-02 7.703215e-02 1.714934e-01 6.9052043215e+04 2.0693522950e+05 2.0766307843e+05
1437.7185 9.266318e-02 1.298979e-01 6.082060e-04 9.708785e-02 7.560872e-02 1.724148e-01 6.9060783765e+04 2.0690821800e+05 2.0768175770e+05
1438.7190 9.516798e-02 1.292864e-01 6.871986e-04 9.523012e-02 7.411607e-02 1.751590e-01 6.9071888505e+04 2.0687842723e+05 2.0769989505e+05
1439.7195 9.496294e-02 1.277860e-01 6.578988e-04 9.264784e-02 7.192549e-02 1.789024e-01 6.9089468302e+04 2.0684862265e+05 2.0771324887e+05
1440.7200 9.311461e-02 1.278265e-01 6.945212e-04 8.948502e-02 6.932742e-02 1.823431e-01 6.9113866504e+04 2.0682269470e+05 2.0771640647e+05
1441.7205 9.311192e-02 1.301500e-01 7.248259e-04 8.711326e-02 6.705320e-02 1.880115e-01 6.9142130861e+04 2.0680517818e+05 2.0770419996e+05
1442.7210 9.220807e-02 1.335269e-01 6.957720e-04 8.514933e-02 6.505183e-02 1.919578e-01 6.9175431076e+04 2.0680000842e+05 2.0767515012e+05
1443.7215 8.975852e-02 1.362365e-01 7.540587e-04 8.242835e-02 6.277482e-02 1.956629e-01 6.9213357462e+04 2.0680593967e+05 2.0763163294e+05
1444.7220 8.876508e-02 1.343472e-01 7.177243e-04 8.126252e-02 6.157515e-02 1.988590e-01 6.9253604818e+04 2.0682123669e+05 2.0757692788e+05
1445.7225 8.940949e-02 1.289797e-01 7.545595e-04 8.202812e-02 6.166403e-02 1.993930e-01 6.9293797748e+04 2.0684223303e+05 2.0751709573e+05
1446.7230 8.736918e-02 1.239779e-01 6.902024e-04 8.239975e-02 6.176680e-02 1.993377e-01 6.9330820017e+04 2.0686451831e+05 2.0746055143e+05
1447.7235 8.538461e-02 1.202166e-01 7.064550e-04 8.464930e-02 6.332613e-02 1.955499e-01 6.9360720637e+04 2.0688463180e+05 2.0741288806e+05
1448.7240 8.698557e-02 1.193371e-01 7.179274e-04 8.761227e-02 6.549388e-02 1.909729e-01 6.9380238508e+04 2.0689586348e+05 2.0738165100e+05
1449.7245 8.781414e-02 1.207208e-01 6.768972e-04 9.108617e-02 6.817922e-02 1.839545e-01 6.9392627199e+04 2.0689253673e+05 2.0737200952e+05
1450.7250 8.625536e-02 1.242826e-01 6.616245e-04 9.620635e-02 7.193454e-02 1.759821e-01 6.9399326755e+04 2.0687156063e+05 2.0738519232e+05
1451.7255 8.877546e-02 1.293279e-01 6.293004e-04 1.000363e-01 7.518388e-02 1.678180e-01 6.9398258492e+04 2.0683408525e+05 2.0742105804e+05
1452.7260 9.189144e-02 1.335365e-01 6.328204e-04 1.038405e-01 7.831308e-02 1.594062e-01 6.9392009890e+04 2.0678568719e+05 2.0747337707e+05
1453.7265 9.415272e-02 1.360965e-01 6.300763e-04 1.067327e-01 8.098309e-02 1.530757e-01 6.9384141322e+04 2.0673086461e+05 2.0753440148e+05
1454.7270 9.705106e-02 1.365637e-01 6.003852e-04 1.079550e-01 8.242214e-02 1.487792e-01 6.9378930249e+04 2.0667511753e+05 2.0759466552e+05
1455.7275 9.843048e-02 1.346779e-01 6.103209e-04 1.080382e-01 8.291583e-02 1.472695e-01 6.9381339460e+04 2.0662534855e+05 2.0764264704e+05
1456.7280 9.772430e-02 1.333736e-01 6.240987e-04 1.061765e-01 8.206355e-02 1.488615e-01 6.9394352453e+04 2.0658793186e+05 2.0766835331e+05
1457.7285 9.803174e-02 1.336526e-01 6.568157e-04 1.028464e-01 7.985091e-02 1.549092e-01 6.9417592654e+04 2.0656828023e+05 2.0766430166e+05
1458.7290 9.893198e-02 1.356305e-01 6.347141e-04 9.748085e-02 7.594242e-02 1.628068e-01 6.9452482182e+04 2.0656834912e+05 2.0762866516e+05
1459.7295 9.682622e-02 1.372726e-01 7.184280e-04 9.136749e-02 7.139029e-02 1.729761e-01 6.9500502106e+04 2.0658562756e+05 2.0756372704e+05
1460.7300 9.385243e-02 1.361430e-01 6.999029e-04 8.529397e-02 6.643915e-02 1.853169e-01 6.9557986845e+04 2.0661619405e+05 2.0747680695e+05
1461.7305 9.163804e-02 1.316714e-01 7.266492e-04 7.925646e-02 6.151861e-02 1.958074e-01 6.9620188844e+04 2.0665569801e+05 2.0737790294e+05
1462.7310 8.657831e-02 1.259610e-01 7.641872e-04 7.341775e-02 5.663048e-02 2.065831e-01 6.9682027357e+04 2.0669785539e+05 2.0727818889e+05
1463.7315 8.430181e-02 1.194910e-01 7.450064e-04 7.013119e-02 5.333392e-02 2.138786e-01 6.9737259088e+04 2.0673668000e+05 2.0718744716e+05
1464.7320 8.354156e-02 1.148393e-01 8.213545e-04 6.882695e-02 5.157115e-02 2.178897e-01 6.9783191685e+04 2.0676358252e+05 2.0711637860e+05
1465.7325 8.096594e-02 1.119796e-01 7.202780e-04 6.906429e-02 5.128070e-02 2.178966e-01 6.9819062385e+04 2.0677317163e+05 2.0707320843e+05
1466.7330 8.087986e-02 1.112121e-01 7.475372e-04 7.245139e-02 5.308729e-02 2.117257e-01 6.9840733603e+04 2.0676416154e+05 2.0706125763e+05
1467.7335 8.312091e-02 1.140768e-01 7.323642e-04 7.763670e-02 5.681657e-02 2.032648e-01 6.9845023022e+04 2.0673739348e+05 2.0708149565e+05
1468.7340 8.464640e-02 1.198373e-01 6.930640e-04 8.443960e-02 6.186360e-02 1.903041e-01 6.9833449074e+04 2.0669698284e+05 2.0713107580e+05
1469.7345 8.648917e-02 1.265909e-01 6.808956e-04 9.299833e-02 6.851708e-02 1.756834e-01 6.9808940080e+04 2.0664530877e+05 2.0720358717e+05
1470.7350 9.083183e-02 1.315720e-01 6.078216e-04 1.006206e-01 7.477559e-02 1.595556e-01 6.9777433288e+04 2.0658568707e+05 2.0729189054e+05
1471.7355 9.502476e-02 1.350721e-01 6.082629e-04 1.083289e-01 8.129099e-02 1.445612e-01 6.9745837188e+04 2.0652254145e+05 2.0738384356e+05
1472.7360 9.658748e-02 1.377935e-01 5.816894e-04 1.144275e-01 8.680651e-02 1.329147e-01 6.9720334535e+04 2.0646225990e+05 2.0746796820e+05
1473.7365 9.899464e-02 1.401064e-01 5.861865e-04 1.177117e-01 8.990985e-02 1.250927e-01 6.9704641165e+04 2.0641113107e+05 2.0753352609e+05
1474.7370 1.052384e-01 1.441486e-01 5.444047e-04 1.185996e-01 9.124685e-02 1.226201e-01 6.9702289702e+04 2.0637182866e+05 2.0757106496e+05
1475.7375 1.050298e-01 1.468436e-01 5.992201e-04 1.163424e-01 9.004518e-02 1.258377e-01 6.9721963634e+04 2.0634698518e+05 2.0757532136e+05
1476.7380 1.008520e-01 1.462644e-01 6.040265e-04 1.114413e-01 8.636915e-02 1.354992e-01 6.9763809080e+04 2.0633854176e+05 2.0754349900e+05
1477.7385 1.010430e-01 1.443567e-01 6.037692e-04 1.034508e-01 8.030054e-02 1.490416e-01 6.9821910294e+04 2.0634829593e+05 2.0747636088e+05
1478.7390 9.667126e-02 1.399480e-01 7.235371e-04 9.445882e-02 7.316727e-02 1.665096e-01 6.9896074157e+04 2.0637633438e+05 2.0737711221e+05
1479.7395 8.947947e-02 1.330912e-01 6.784524e-04 8.459305e-02 6.522362e-02 1.851149e-01 6.9980736324e+04 2.0641980352e+05 2.0725444654e+05
1480.7400 8.822652e-02 1.252590e-01 7.687501e-04 7.465600e-02 5.704630e-02 2.029943e-01 7.0066356484e+04 2.0647227680e+05 2.0711997685e+05
1481.7405 8.273664e-02 1.169842e-01 7.615299e-04 6.614011e-02 5.015526e-02 2.191209e-01 7.0149601378e+04 2.0652761016e+05 2.0698662928e+05
1482.7410 7.634821e-02 1.085992e-01 7.802369e-04 6.070850e-02 4.527666e-02 2.290063e-01 7.0222018345e+04 2.0657995202e+05 2.0686801817e+05
1483.7415 7.565190e-02 1.025622e-01 8.220122e-04 5.808778e-02 4.288978e-02 2.349503e-01 7.0273174545e+04 2.0662141695e+05 2.0677775698e+05
1484.7420 7.453552e-02 1.019814e-01 7.594132e-04 5.817378e-02 4.270753e-02 2.333324e-01 7.0303426507e+04 2.0664286005e+05 2.0672754893e+05
1485.7425 7.327094e-02 1.044830e-01 7.937438e-04 6.231012e-02 4.585577e-02 2.254737e-01 7.0312771038e+04 2.0663700708e+05 2.0672379154e+05
1486.7430 7.631122e-02 1.085481e-01 7.423356e-04 6.924039e-02 5.130928e-02 2.129210e-01 7.0300903240e+04 2.0660103826e+05 2.0676887873e+05
1487.7435 8.047407e-02 1.152282e-01 6.923088e-04 7.851786e-02 5.866470e-02 1.949555e-01 7.0271769265e+04 2.0653754067e+05 2.0685770343e+05
1488.7440 8.342248e-02 1.230036e-01 6.475686e-04 8.953939e-02 6.769842e-02 1.748428e-01 7.0229491951e+04 2.0645444849e+05 2.0697880084e+05
1489.7445 8.958634e-02 1.304585e-01 6.188928e-04 9.995741e-02 7.594336e-02 1.535257e-01 7.0178847891e+04 2.0636159049e+05 2.0711795943e+05
1490.7450 9.636982e-02 1.376312e-01 5.866014e-04 1.104749e-01 8.440062e-02 1.352294e-01 7.0128682141e+04 2.0626786871e+05 2.0725593863e+05
1491.7455 9.911157e-02 1.425675e-01 5.742719e-04 1.185412e-01 9.080563e-02 1.207029e-01 7.0090962968e+04 2.0618278259e+05 2.0737562296e+05
1492.7460 1.010432e-01 1.463371e-01 5.421972e-04 1.236364e-01 9.449856e-02 1.114156e-01 7.0071319814e+04 2.0611601838e+05 2.0746003013e+05
1493.7465 1.044826e-01 1.509325e-01 5.307218e-04 1.253234e-01 9.574848e-02 1.088868e-01 7.0072057097e+04 2.0607582194e+05 2.0749609678e+05
1494.7470 1.050211e-01 1.537276e-01 6.043862e-04 1.233088e-01 9.376184e-02 1.136330e-01 7.0097003921e+04 2.0606718961e+05 2.0747805190e+05
1495.7475 1.025842e-01 1.540038e-01 5.662691e-04 1.175978e-01 8.888481e-02 1.251144e-01 7.0146724428e+04 2.0608839648e+05 2.0740768996e+05
1496.7480 1.007513e-01 1.509602e-01 6.292548e-04 1.083458e-01 8.150663e-02 1.411706e-01 7.0217520458e+04 2.0613394237e+05 2.0729349895e+05
1497.7485 9.645214e-02 1.430184e-01 6.884992e-04 9.836124e-02 7.353298e-02 1.612055e-01 7.0305232317e+04 2.0619657178e+05 2.0714712186e+05
1498.7490 8.832131e-02 1.318154e-01 6.607175e-04 8.659169e-02 6.432087e-02 1.821900e-01 7.0402993644e+04 2.0626808568e+05 2.0698567105e+05
1499.7495 8.253948e-02 1.203618e-01 7.744045e-04 7.496153e-02 5.555983e-02 2.026335e-01 7.0499941199e+04 2.0633831257e+05 2.0682544384e+05
1500.7500 8.042369e-02 1.104269e-01 7.514869e-04 6.502257e-02 4.835087e-02 2.197565e-01 7.0589421994e+04 2.0639603061e+05 2.0668301564e+05
1501.7505 7.550667e-02 1.033414e-01 8.287536e-04 5.778905e-02 4.309668e-02 2.309429e-01 7.0668266197e+04 2.0643265758e+05 2.0657293059e+05
1502.7510 7.183395e-02 9.889286e-02 8.077391e-04 5.380404e-02 4.071305e-02 2.377970e-01 7.0728293719e+04 2.0644347251e+05 2.0650521431e+05
1503.7515 7.139397e-02 9.757108e-02 7.978738e-04 5.306738e-02 4.074326e-02 2.364006e-01 7.0764074547e+04 2.0642945469e+05 2.0648494547e+05
1504.7520 7.229129e-02 9.994998e-02 7.765386e-04 5.663102e-02 4.401703e-02 2.290265e-01 7.0773629833e+04 2.0639326803e+05 2.0651057758e+05
1505.7525 7.501421e-02 1.059194e-01 7.568453e-04 6.330077e-02 4.945414e-02 2.160431e-01 7.0758875019e+04 2.0633813860e+05 2.0657727246e+05
1506.7530 7.859457e-02 1.115781e-01 7.275923e-04 7.237932e-02 5.654071e-02 1.980943e-01 7.0725609489e+04 2.0627019694e+05 2.0667548445e+05
1507.7535 8.208788e-02 1.171699e-01 6.754770e-04 8.334214e-02 6.491265e-02 1.785264e-01 7.0680560874e+04 2.0619493319e+05 2.0679231410e+05
1508.7540 8.755946e-02 1.227665e-01 6.377050e-04 9.476964e-02 7.312822e-02 1.570969e-01 7.0629728850e+04 2.0612062866e+05 2.0691378361e+05
1509.7545 9.370581e-02 1.310922e-01 5.842702e-04 1.060555e-01 8.121657e-02 1.386252e-01 7.0578830159e+04 2.0605377249e+05 2.0702536528e+05
1510.7550 9.822972e-02 1.406266e-01 5.891782e-04 1.148870e-01 8.708048e-02 1.232337e-01 7.0536012375e+04 2.0599989700e+05 2.0711670279e+05
1511.7555 1.020147e-01 1.487171e-01 5.056162e-04 1.218810e-01 9.142911e-02 1.125125e-01 7.0508213354e+04 2.0596062602e+05 2.0717874405e+05
1512.7560 1.054860e-01 1.551086e-01 5.758421e-04 1.251096e-01 9.316154e-02 1.074986e-01 7.0500540068e+04 2.0593555034e+05 2.0720749450e+05
1513.7565 1.047566e-01 1.579836e-01 5.576690e-04 1.252206e-01 9.242088e-02 1.095013e-01 7.0517167521e+04 2.0592450550e+05 2.0720047006e+05
1514.7570 1.018176e-01 1.576724e-01 5.573680e-04 1.210963e-01 8.897001e-02 1.177688e-01 7.0557671393e+04 2.0592681673e+05 2.0715871243e+05
1515.7575 1.012945e-01 1.532981e-01 6.395060e-04 1.137759e-01 8.333991e-02 1.305298e-01 7.0618873315e+04 2.0594138320e+05 2.0708493968e+05
1516.7580 9.806838e-02 1.453351e-01 6.314749e-04 1.046538e-01 7.654782e-02 1.476517e-01 7.0699493065e+04 2.0596555592e+05 2.0698412130e+05
1517.7585 9.186338e-02 1.345554e-01 6.881914e-04 9.282792e-02 6.828139e-02 1.672267e-01 7.0794765520e+04 2.0599697244e+05 2.0686448540e+05
1518.7590 8.662528e-02 1.222307e-01 7.188939e-04 8.117454e-02 6.048933e-02 1.871659e-01 7.0895177255e+04 2.0603503870e+05 2.0673291404e+05
1519.7595 8.118116e-02 1.114393e-01 7.289360e-04 7.030760e-02 5.295816e-02 2.045149e-01 7.0992231850e+04 2.0607873594e+05 2.0659911038e+05
1520.7600 7.556557e-02 1.044272e-01 7.735265e-04 6.117330e-02 4.718472e-02 2.183514e-01 7.1078490265e+04 2.0612364995e+05 2.0647344507e+05
1521.7605 7.193910e-02 1.007501e-01 7.960653e-04 5.479423e-02 4.316031e-02 2.288719e-01 7.1148635117e+04 2.0616197076e+05 2.0636786790e+05
1522.7610 6.947711e-02 9.933655e-02 7.925257e-04 5.146987e-02 4.120032e-02 2.317885e-01 7.1200256214e+04 2.0618704292e+05 2.0629366312e+05
1523.7615 6.866230e-02 9.807973e-02 7.813916e-04 5.235505e-02 4.222620e-02 2.298126e-01 7.1229291247e+04 2.0619395866e+05 2.0625860031e+05
1524.7620 7.017876e-02 9.795696e-02 7.719678e-04 5.662168e-02 4.521111e-02 2.214906e-01 7.1233982874e+04 2.0617998070e+05 2.0626776174e+05
1525.7625 7.165595e-02 1.004532e-01 7.248537e-04 6.362602e-02 5.025494e-02 2.073388e-01 7.1216003362e+04 2.0614435717e+05 2.0632069895e+05
1526.7630 7.606294e-02 1.059241e-01 7.086512e-04 7.308531e-02 5.662620e-02 1.908737e-01 7.1178108936e+04 2.0608721881e+05 2.0641205178e+05
1527.7635 8.151121e-02 1.132761e-01 6.787826e-04 8.454138e-02 6.430868e-02 1.710309e-01 7.1128497999e+04 2.0601271268e+05 2.0653131478e+05
1528.7640 8.520652e-02 1.222322e-01 6.572845e-04 9.624817e-02 7.230379e-02 1.519284e-01 7.1074995544e+04 2.0592747963e+05 2.0666473264e+05
1529.7645 8.980683e-02 1.331554e-01 6.187703e-04 1.069538e-01 7.917199e-02 1.336948e-01 7.1023662739e+04 2.0584124905e+05 2.0679636469e+05
1530.7650 9.569719e-02 1.456042e-01 5.508456e-04 1.164861e-01 8.568786e-02 1.188241e-01 7.0980156897e+04 2.0576387094e+05 2.0690942856e+05
1531.7655 1.006058e-01 1.562940e-01 6.011064e-04 1.220592e-01 8.941176e-02 1.082659e-01 7.0952542667e+04 2.0570279934e+05 2.0699229785e+05
1532.7660 1.026072e-01 1.603516e-01 5.674280e-04 1.254167e-01 9.161545e-02 1.038751e-01 7.0946931033e+04 2.0566386262e+05 2.0703396814e+05
1533.7665 1.038810e-01 1.588658e-01 5.801258e-04 1.243040e-01 9.088481e-02 1.060133e-01 7.0964866068e+04 2.0564947985e+05 2.0703034306e+05
1534.7670 1.029563e-01 1.523903e-01 5.724120e-04 1.199068e-01 8.808493e-02 1.131471e-01 7.1007457495e+04 2.0566067274e+05 2.0697951068e+05
1535.7675 9.841961e-02 1.451471e-01 5.844741e-04 1.126117e-01 8.312530e-02 1.265478e-01 7.1072630769e+04 2.0569395494e+05 2.0688532913e+05
1536.7680 9.446882e-02 1.377626e-01 6.644081e-04 1.018185e-01 7.583177e-02 1.435982e-01 7.1156179686e+04 2.0574334778e+05 2.0675735784e+05
1537.7685 9.097604e-02 1.289751e-01 6.594828e-04 9.009503e-02 6.792073e-02 1.636235e-01 7.1253655186e+04 2.0580062384e+05 2.0660738683e+05
1538.7690 8.455743e-02 1.210689e-01 7.083795e-04 7.786744e-02 5.927248e-02 1.833906e-01 7.1359681295e+04 2.0585725781e+05 2.0645095823e+05
1539.7695 7.732889e-02 1.138858e-01 7.222761e-04 6.662913e-02 5.147429e-02 2.018646e-01 7.1464158176e+04 2.0590724926e+05 2.0630251201e+05
1540.7700 7.203736e-02 1.057056e-01 7.895543e-04 5.712835e-02 4.463227e-02 2.178769e-01 7.1556421300e+04 2.0594734914e+05 2.0617564186e+05
1541.7705 6.816105e-02 9.614810e-02 7.701047e-04 5.038634e-02 3.974656e-02 2.274034e-01 7.1630086193e+04 2.0597486861e+05 2.0608071739e+05
1542.7710 6.475223e-02 8.963884e-02 8.007067e-04 4.746485e-02 3.746061e-02 2.321304e-01 7.1680356153e+04 2.0598510638e+05 2.0602441669e+05
1543.7715 6.344111e-02 8.657966e-02 8.094118e-04 4.847302e-02 3.792445e-02 2.294490e-01 7.1705212996e+04 2.0597701717e+05 2.0600993147e+05
1544.7720 6.432483e-02 8.771586e-02 7.878153e-04 5.302514e-02 4.116189e-02 2.203070e-01 7.1703820949e+04 2.0595123985e+05 2.0603686628e+05
1545.7725 6.737113e-02 9.370487e-02 7.457003e-04 6.114510e-02 4.662676e-02 2.056890e-01 7.1677417649e+04 2.0590961034e+05 2.0610173985e+05
1546.7730 7.342517e-02 1.047992e-01 7.091383e-04 7.240552e-02 5.460621e-02 1.863323e-01 7.1629690071e+04 2.0585390815e+05 2.0619833101e+05
1547.7735 7.982354e-02 1.181598e-01 7.185611e-04 8.432621e-02 6.315744e-02 1.654538e-01 7.1568619210e+04 2.0578577641e+05 2.0631976109e+05
1548.7740 8.592383e-02 1.304617e-01 6.096914e-04 9.690019e-02 7.208161e-02 1.433438e-01 7.1503381190e+04 2.0570889905e+05 2.0645473752e+05
1549.7745 9.129410e-02 1.390881e-01 6.081022e-04 1.087313e-01 8.078853e-02 1.232608e-01 7.1442905360e+04 2.0562838826e+05 2.0658993457e+05
1550.7750 9.646168e-02 1.456877e-01 5.813920e-04 1.172177e-01 8.704726e-02 1.076658e-01 7.1395614389e+04 2.0554964369e+05 2.0671158573e+05
1551.7755 1.012184e-01 1.505644e-01 5.447425e-04 1.235885e-01 9.176070e-02 9.781399e-02 7.1368819799e+04 2.0548056074e+05 2.0680309762e+05
1552.7760 1.026779e-01 1.537994e-01 5.732199e-04 1.251771e-01 9.299189e-02 9.467653e-02 7.1368260611e+04 2.0542959689e+05 2.0685285887e+05
1553.7765 1.027186e-01 1.527144e-01 5.612658e-04 1.233717e-01 9.183272e-02 9.830653e-02 7.1396056800e+04 2.0540410116e+05 2.0685074022e+05
1554.7770 1.013242e-01 1.496699e-01 5.729489e-04 1.176208e-01 8.741441e-02 1.093275e-01 7.1450500696e+04 2.0540791934e+05 2.0679389970e+05
1555.7775 9.745754e-02 1.441632e-01 6.433023e-04 1.080160e-01 8.038931e-02 1.247550e-01 7.1529028584e+04 2.0544219437e+05 2.0668530862e+05
1556.7780 9.080189e-02 1.365718e-01 6.230882e-04 9.672582e-02 7.202203e-02 1.455110e-01 7.1625886281e+04 2.0550214700e+05 2.0653374616e+05
1557.7785 8.427530e-02 1.266935e-01 6.932744e-04 8.413061e-02 6.259190e-02 1.668258e-01 7.1733741807e+04 2.0557997109e+05 2.0635493435e+05
1558.7790 7.837178e-02 1.149871e-01 7.382329e-04 7.129175e-02 5.321639e-02 1.886406e-01 7.1844367437e+04 2.0566352954e+05 2.0616793045e+05
1559.7795 7.109986e-02 1.040148e-01 7.745962e-04 5.952142e-02 4.459725e-02 2.078597e-01 7.1949455913e+04 2.0574135147e+05 2.0599287000e+05
1560.7800 6.605921e-02 9.356942e-02 7.666146e-04 5.075595e-02 3.826948e-02 2.217885e-01 7.2038569936e+04 2.0580382175e+05 2.0584803053e+05
1561.7805 6.291505e-02 8.577330e-02 7.956945e-04 4.539453e-02 3.445804e-02 2.303475e-01 7.2103913541e+04 2.0584206121e+05 2.0574910139e+05
1562.7810 5.980645e-02 8.235616e-02 7.972804e-04 4.397911e-02 3.371078e-02 2.308200e-01 7.2141331166e+04 2.0585114458e+05 2.0570600396e+05
1563.7815 6.117799e-02 8.489738e-02 8.142373e-04 4.654980e-02 3.600503e-02 2.250790e-01 7.2147381041e+04 2.0582734110e+05 2.0572248023e+05
1564.7820 6.497172e-02 9.030690e-02 7.710020e-04 5.325526e-02 4.112275e-02 2.121604e-01 7.2125442420e+04 2.0577316068e+05 2.0579536305e+05
1565.7825 6.809986e-02 9.894678e-02 7.431826e-04 6.331849e-02 4.894567e-02 1.934809e-01 7.2081491034e+04 2.0569284085e+05 2.0591526459e+05
1566.7830 7.536793e-02 1.100059e-01 7.323026e-04 7.474330e-02 5.746929e-02 1.727393e-01 7.2020794438e+04 2.0559342492e+05 2.0606833862e+05
1567.7835 8.322334e-02 1.203794e-01 5.951677e-04 8.782383e-02 6.717800e-02 1.495924e-01 7.1953701469e+04 2.0548701222e+05 2.0623463961e+05
1568.7840 8.772498e-02 1.303163e-01 6.560067e-04 9.978612e-02 7.603202e-02 1.282164e-01 7.1889830654e+04 2.0538547463e+05 2.0639457481e+05
1569.7845 9.354238e-02 1.385038e-01 5.908882e-04 1.095900e-01 8.294370e-02 1.107933e-01 7.1835770673e+04 2.0530024191e+05 2.0652846541e+05
1570.7850 9.802049e-02 1.429445e-01 5.684063e-04 1.176193e-01 8.848735e-02 9.862758e-02 7.1800084375e+04 2.0524167674e+05 2.0661860130e+05
1571.7855 9.910084e-02 1.459483e-01 5.590276e-04 1.212573e-01 9.059140e-02 9.261788e-02 7.1789958152e+04 2.0521350738e+05 2.0665539654e+05
1572.7860 9.885278e-02 1.476833e-01 5.217853e-04 1.213202e-01 9.012088e-02 9.407313e-02 7.1807613633e+04 2.0521636132e+05 2.0663391696e+05
1573.7865 9.868258e-02 1.473499e-01 5.842184e-04 1.174237e-01 8.650438e-02 1.020791e-01 7.1851654288e+04 2.0524825444e+05 2.0655787196e+05
1574.7870 9.472508e-02 1.439983e-01 5.886227e-04 1.097870e-01 8.044725e-02 1.152157e-01 7.1920588554e+04 2.0530288496e+05 2.0643750423e+05
1575.7875 8.938488e-02 1.375578e-01 6.054059e-04 9.998803e-02 7.273019e-02 1.335755e-01 7.2007390656e+04 2.0537042983e+05 2.0628753275e+05
1576.7880 8.590270e-02 1.277166e-01 6.370703e-04 8.867147e-02 6.426372e-02 1.533598e-01 7.2104688012e+04 2.0544039228e+05 2.0612553236e+05
1577.7885 7.843317e-02 1.168158e-01 7.103223e-04 7.643470e-02 5.520591e-02 1.737029e-01 7.2207295767e+04 2.0550203051e+05 2.0596906121e+05
1578.7890 7.050887e-02 1.062751e-01 7.305774e-04 6.508559e-02 4.718161e-02 1.918943e-01 7.2305566079e+04 2.0554869934e+05 2.0583203736e+05
1579.7895 6.803108e-02 9.668836e-02 7.586774e-04 5.603371e-02 4.110893e-02 2.062161e-01 7.2389243334e+04 2.0557710354e+05 2.0572509453e+05
1580.7900 6.353662e-02 9.086661e-02 7.737722e-04 4.950992e-02 3.687441e-02 2.161482e-01 7.2454908541e+04 2.0558535497e+05 2.0565570338e+05
1581.7905 6.105938e-02 8.783187e-02 7.766080e-04 4.619746e-02 3.535650e-02 2.186510e-01 7.2497834672e+04 2.0557468401e+05 2.0562668561e+05
1582.7910 6.398685e-02 8.770614e-02 7.849471e-04 4.675422e-02 3.647094e-02 2.158706e-01 7.2513999584e+04 2.0554728039e+05 2.0563719714e+05
1583.7915 6.520758e-02 9.010351e-02 7.501659e-04 5.099048e-02 4.019133e-02 2.069422e-01 7.2507068269e+04 2.0550729465e+05 2.0568303023e+05
1584.7920 6.664654e-02 9.415255e-02 7.666984e-04 5.814615e-02 4.605065e-02 1.926729e-01 7.2478756149e+04 2.0545940087e+05 2.0575759465e+05
1585.7925 7.303353e-02 1.011255e-01 7.066595e-04 6.716332e-02 5.283631e-02 1.758982e-01 7.2432533807e+04 2.0540522893e+05 2.0585307984e+05
1586.7930 7.877718e-02 1.102265e-01 6.309847e-04 7.843902e-02 6.101747e-02 1.562627e-01 7.2379760172e+04 2.0534580617e+05 2.0595937587e+05
1587.7935 8.339426e-02 1.194466e-01 6.562801e-04 8.878138e-02 6.833299e-02 1.381090e-01 7.2328560194e+04 2.0528303180e+05 2.0606795118e+05
1588.7940 8.869010e-02 1.262371e-01 5.960100e-04 9.813540e-02 7.474515e-02 1.220225e-01 7.2285372961e+04 2.0522197772e+05 2.0616746800e+05
1589.7945 9.131110e-02 1.330788e-01 5.832785e-04 1.065926e-01 8.017122e-02 1.095205e-01 7.2255123343e+04 2.0516867253e+05 2.0624668998e+05
1590.7950 9.423683e-02 1.379731e-01 5.551442e-04 1.114053e-01 8.289487e-02 1.015822e-01 7.2240719379e+04 2.0512883580e+05 2.0629796359e+05
1591.7955 9.632815e-02 1.402861e-01 5.477073e-04 1.134540e-01 8.357611e-02 9.945195e-02 7.2245389019e+04 2.0510598934e+05 2.0631407302e+05
1592.7960 9.385117e-02 1.408267e-01 5.838296e-04 1.123504e-01 8.194866e-02 1.026478e-01 7.2272519592e+04 2.0510122754e+05 2.0629233946e+05
1593.7965 9.148565e-02 1.381707e-01 5.838160e-04 1.081525e-01 7.824139e-02 1.109374e-01 7.2319896365e+04 2.0511458289e+05 2.0623346665e+05
1594.7970 8.931217e-02 1.345032e-01 5.883834e-04 1.017166e-01 7.307950e-02 1.227075e-01 7.2382615530e+04 2.0514587179e+05 2.0614169444e+05
1595.7975 8.501449e-02 1.297298e-01 6.262348e-04 9.326948e-02 6.677319e-02 1.369584e-01 7.2456374806e+04 2.0519142427e+05 2.0602625636e+05
1596.7980 7.997799e-02 1.234827e-01 6.729875e-04 8.332783e-02 5.962635e-02 1.529344e-01 7.2535020283e+04 2.0524433096e+05 2.0589961164e+05
1597.7985 7.623014e-02 1.154791e-01 6.852756e-04 7.389899e-02 5.318934e-02 1.674011e-01 7.2612959582e+04 2.0529656504e+05 2.0577473255e+05
1598.7990 7.267100e-02 1.061324e-01 7.153149e-04 6.564080e-02 4.759491e-02 1.805041e-01 7.2685230845e+04 2.0533972540e+05 2.0566480211e+05
1599.7995 6.742755e-02 9.832363e-02 7.182581e-04 5.856294e-02 4.326585e-02 1.910206e-01 7.2746555254e+04 2.0536837219e+05 2.0558050065e+05
1600.8000 6.617656e-02 9.348959e-02 7.617786e-04 5.375003e-02 4.054169e-02 1.961416e-01 7.2791942028e+04 2.0537805860e+05 2.0552879066e+05
1601.8005 6.684947e-02 9.180083e-02 7.701457e-04 5.161897e-02 3.975975e-02 1.981467e-01 7.2820127633e+04 2.0536628999e+05 2.0551315131e+05
1602.8010 6.707937e-02 9.303526e-02 7.111162e-04 5.214847e-02 4.090327e-02 1.954138e-01 7.2833669267e+04 2.0533282756e+05 2.0553296697e+05
1603.8015 6.859759e-02 9.435182e-02 7.697007e-04 5.533059e-02 4.375699e-02 1.880443e-01 7.2833105955e+04 2.0528310274e+05 2.0558259529e+05
1604.8020 7.094328e-02 9.686262e-02 6.745143e-04 6.057869e-02 4.781954e-02 1.783215e-01 7.2819485511e+04 2.0522472858e+05 2.0565289301e+05
1605.8025 7.334691e-02 1.019031e-01 7.040247e-04 6.782644e-02 5.319442e-02 1.652770e-01 7.2795780127e+04 2.0516628942e+05 2.0573220888e+05
1606.8030 7.697679e-02 1.076521e-01 6.938692e-04 7.530630e-02 5.834089e-02 1.523875e-01 7.2765586372e+04 2.0511448429e+05 2.0581057158e+05
1607.8035 8.192760e-02 1.135046e-01 6.332225e-04 8.340858e-02 6.383531e-02 1.389365e-01 7.2735666104e+04 2.0507254843e+05 2.0587804053e+05
1608.8040 8.314789e-02 1.196526e-01 6.327720e-04 9.117769e-02 6.889425e-02 1.266338e-01 7.2712378981e+04 2.0504259908e+05 2.0592812318e+05
1609.8045 8.477122e-02 1.240516e-01 6.036045e-04 9.681535e-02 7.225990e-02 1.170378e-01 7.2697376458e+04 2.0502567592e+05 2.0595791790e+05
1610.8050 8.779252e-02 1.282371e-01 5.846950e-04 1.012271e-01 7.467727e-02 1.109782e-01 7.2690383949e+04 2.0502177235e+05 2.0596558358e+05
1611.8055 8.902154e-02 1.321651e-01 5.996892e-04 1.032658e-01 7.533573e-02 1.085941e-01 7.2693812444e+04 2.0502775746e+05 2.0595395801e+05
1612.8060 8.747894e-02 1.345285e-01 5.905887e-04 1.029691e-01 7.447826e-02 1.096305e-01 7.2710063771e+04 2.0503798141e+05 2.0592717546e+05
1613.8065 8.636660e-02 1.340294e-01 5.705834e-04 1.006945e-01 7.235387e-02 1.138686e-01 7.2738436771e+04 2.0504770491e+05 2.0588981555e+05
1614.8070 8.562366e-02 1.309598e-01 6.224750e-04 9.651890e-02 6.900736e-02 1.214258e-01 7.2777547964e+04 2.0505411221e+05 2.0584581312e+05
1615.8075 8.189074e-02 1.266665e-01 6.145002e-04 9.019445e-02 6.446822e-02 1.312459e-01 7.2825303109e+04 2.0505778000e+05 2.0579803511e+05
1616.8080 8.017695e-02 1.217768e-01 6.572402e-04 8.339714e-02 5.978909e-02 1.414616e-01 7.2877572139e+04 2.0505906588e+05 2.0574764351e+05
1617.8085 7.978614e-02 1.168763e-01 6.800947e-04 7.630898e-02 5.513328e-02 1.527189e-01 7.2931595118e+04 2.0505873753e+05 2.0569614681e+05
1618.8090 7.610931e-02 1.097961e-01 6.840194e-04 6.905337e-02 5.068015e-02 1.633695e-01 7.2986964139e+04 2.0505984712e+05 2.0564451179e+05
1619.8095 7.316314e-02 1.025121e-01 7.454068e-04 6.297344e-02 4.700088e-02 1.714100e-01 7.3039375908e+04 2.0506374512e+05 2.0559299130e+05
1620.8100 7.072493e-02 9.829845e-02 7.406369e-04 5.836962e-02 4.443761e-02 1.786641e-01 7.3085002109e+04 2.0507097308e+05 2.0554282629e+05
1621.8105 6.974719e-02 9.662691e-02 7.261983e-04 5.509136e-02 4.279829e-02 1.817226e-01 7.3122086765e+04 2.0508140251e+05 2.0549705855e+05
1622.8110 7.014256e-02 9.554178e-02 7.504785e-04 5.401026e-02 4.252723e-02 1.826423e-01 7.3149713864e+04 2.0509185104e+05 2.0545944549e+05
1623.8115 7.005990e-02 9.416737e-02 7.092786e-04 5.492988e-02 4.357537e-02 1.807317e-01 7.3168934364e+04 2.0509785566e+05 2.0543478680e+05
1624.8120 6.970109e-02 9.408458e-02 7.189083e-04 5.788052e-02 4.589543e-02 1.744256e-01 7.3178879558e+04 2.0509681340e+05 2.0542659132e+05
1625.8125 7.178952e-02 9.586385e-02 7.222487e-04 6.219716e-02 4.878217e-02 1.679457e-01 7.3176787680e+04 2.0508646795e+05 2.0543713841e+05
1626.8130 7.310994e-02 9.950391e-02 6.862810e-04 6.827558e-02 5.295582e-02 1.577920e-01 7.3165580917e+04 2.0506709882e+05 2.0546571081e+05
1627.8135 7.457521e-02 1.043918e-01 6.513393e-04 7.460740e-02 5.693438e-02 1.466987e-01 7.3147466577e+04 2.0503740947e+05 2.0551137976e+05
1628.8140 7.848349e-02 1.107028e-01 6.556927e-04 8.124127e-02 6.103446e-02 1.361515e-01 7.3125910045e+04 2.0499645202e+05 2.0556963405e+05
1629.8145 8.012219e-02 1.175244e-01 6.237567e-04 8.756388e-02 6.488936e-02 1.266310e-01 7.3105824627e+04 2.0494861062e+05 2.0563392623e+05
1630.8150 8.167184e-02 1.235433e-01 5.995579e-04 9.277963e-02 6.793879e-02 1.181961e-01 7.3088660276e+04 2.0490045165e+05 2.0569622927e+05
1631.8155 8.455485e-02 1.286630e-01 6.183621e-04 9.631269e-02 6.992058e-02 1.119198e-01 7.3075143220e+04 2.0485929942e+05 2.0574800677e+05
1632.8160 8.668269e-02 1.314399e-01 5.572360e-04 9.841946e-02 7.106613e-02 1.088564e-01 7.3068362056e+04 2.0483019031e+05 2.0578188200e+05
1633.8165 8.789970e-02 1.313702e-01 6.284616e-04 9.829055e-02 7.075411e-02 1.088655e-01 7.3072111490e+04 2.0481438596e+05 2.0579363323e+05
1634.8170 8.720051e-02 1.288292e-01 5.976881e-04 9.604038e-02 6.925051e-02 1.124056e-01 7.3088697919e+04 2.0481178916e+05 2.0578102578e+05
1635.8175 8.546440e-02 1.257218e-01 6.236594e-04 9.242622e-02 6.686715e-02 1.178580e-01 7.3118923551e+04 2.0482057494e+05 2.0574422292e+05
1636.8180 8.496751e-02 1.229557e-01 6.336031e-04 8.728690e-02 6.341662e-02 1.268870e-01 7.3159814844e+04 2.0483824294e+05 2.0568672738e+05
1637.8185 8.409806e-02 1.200962e-01 6.354211e-04 8.023234e-02 5.895337e-02 1.371883e-01 7.3210960885e+04 2.0486105310e+05 2.0561473326e+05
1638.8190 8.095762e-02 1.166882e-01 6.868560e-04 7.295122e-02 5.407046e-02 1.483140e-01 7.3270850933e+04 2.0488401847e+05 2.0553493357e+05
1639.8195 7.763678e-02 1.113704e-01 6.987918e-04 6.620212e-02 4.971779e-02 1.600330e-01 7.3334529038e+04 2.0490430053e+05 2.0545419832e+05
1640.8200 7.442659e-02 1.035216e-01 7.019020e-04 5.975685e-02 4.554699e-02 1.689656e-01 7.3397523438e+04 2.0492175176e+05 2.0537885862e+05
1641.8205 7.060365e-02 9.510277e-02 7.388704e-04 5.492451e-02 4.224300e-02 1.776141e-01 7.3454541430e+04 2.0493578370e+05 2.0531255984e+05
1642.8210 6.823573e-02 8.918456e-02 7.530644e-04 5.175787e-02 4.021671e-02 1.823276e-01 7.3501506904e+04 2.0494630861e+05 2.0525858735e+05
1643.8215 6.739443e-02 8.626045e-02 7.402288e-04 5.066056e-02 3.946546e-02 1.831054e-01 7.3536285325e+04 2.0495207916e+05 2.0521996570e+05
1644.8220 6.666609e-02 8.590263e-02 7.600828e-04 5.206071e-02 4.043119e-02 1.814525e-01 7.3557575490e+04 2.0495175284e+05 2.0519916734e+05
1645.8225 6.712832e-02 8.788918e-02 7.027912e-04 5.600776e-02 4.311772e-02 1.744793e-01 7.3563504323e+04 2.0494598940e+05 2.0519827299e+05
1646.8230 7.001182e-02 9.386230e-02 6.972281e-04 6.109891e-02 4.657097e-02 1.645894e-01 7.3552427184e+04 2.0493275688e+05 2.0521948982e+05
1647.8235 7.207210e-02 1.016686e-01 7.106108e-04 6.827549e-02 5.154430e-02 1.532054e-01 7.3527239659e+04 2.0491103821e+05 2.0526210877e+05
1648.8240 7.429106e-02 1.092410e-01 6.262240e-04 7.592476e-02 5.674826e-02 1.409435e-01 7.3492419488e+04 2.0487845199e+05 2.0532542066e+05
1649.8245 8.003887e-02 1.148332e-01 6.394559e-04 8.367561e-02 6.212299e-02 1.272756e-01 7.3454014261e+04 2.0483302251e+05 2.0540480976e+05
1650.8250 8.321445e-02 1.196455e-01 6.138959e-04 9.026858e-02 6.676848e-02 1.155354e-01 7.3418876468e+04 2.0477727163e+05 2.0549271744e+05
1651.8255 8.481145e-02 1.239141e-01 5.950979e-04 9.584508e-02 7.056029e-02 1.068095e-01 7.3391076940e+04 2.0471728780e+05 2.0557799515e+05
1652.8260 8.933950e-02 1.276032e-01 5.844248e-04 9.921858e-02 7.282885e-02 1.010418e-01 7.3372343608e+04 2.0466136101e+05 2.0564938540e+05
1653.8265 9.216990e-02 1.316507e-01 5.709140e-04 9.993191e-02 7.332355e-02 9.938742e-02 7.3367387923e+04 2.0461663763e+05 2.0569647348e+05
1654.8270 9.200867e-02 1.337245e-01 6.027608e-04 9.875689e-02 7.219347e-02 1.017065e-01 7.3380166283e+04 2.0458847929e+05 2.0571099554e+05
1655.8275 9.056027e-02 1.330141e-01 6.022856e-04 9.529076e-02 6.956846e-02 1.090348e-01 7.3410947631e+04 2.0458044770e+05 2.0568861841e+05
1656.8280 8.882803e-02 1.289039e-01 6.225344e-04 8.894609e-02 6.488230e-02 1.186801e-01 7.3459101542e+04 2.0459433549e+05 2.0562942407e+05
1657.8285 8.526093e-02 1.220880e-01 6.804337e-04 8.161076e-02 5.950581e-02 1.317693e-01 7.3521770025e+04 2.0462874506e+05 2.0553638347e+05
1658.8290 8.061359e-02 1.150677e-01 6.856723e-04 7.358485e-02 5.367216e-02 1.461864e-01 7.3593897908e+04 2.0467907064e+05 2.0541841232e+05
1659.8295 7.793371e-02 1.068707e-01 7.252371e-04 6.508329e-02 4.757109e-02 1.593054e-01 7.3669346729e+04 2.0473841510e+05 2.0528849641e+05
1660.8300 7.449288e-02 9.789679e-02 7.245993e-04 5.791829e-02 4.252488e-02 1.727334e-01 7.3742813226e+04 2.0479739792e+05 2.0516057182e+05
1661.8305 6.910462e-02 8.880161e-02 7.484735e-04 5.217024e-02 3.863806e-02 1.810094e-01 7.3808992962e+04 2.0484895230e+05 2.0504927529e+05
1662.8310 6.614868e-02 8.382715e-02 7.544810e-04 4.866937e-02 3.638985e-02 1.862889e-01 7.3859707289e+04 2.0488413677e+05 2.0496681728e+05
1663.8315 6.517611e-02 8.434889e-02 7.760301e-04 4.806683e-02 3.638321e-02 1.876242e-01 7.3891461041e+04 2.0489697370e+05 2.0492209547e+05
1664.8320 6.502522e-02 8.694783e-02 7.218945e-04 4.980031e-02 3.805009e-02 1.830535e-01 7.3904746717e+04 2.0488459857e+05 2.0492071674e+05
1665.8325 6.713074e-02 9.003234e-02 7.223267e-04 5.367496e-02 4.134740e-02 1.749561e-01 7.3900299143e+04 2.0484558427e+05 2.0496244589e+05
1666.8330 7.032453e-02 9.368154e-02 7.080911e-04 6.032676e-02 4.655226e-02 1.638161e-01 7.3880388166e+04 2.0478456550e+05 2.0504031742e+05
1667.8335 7.280620e-02 9.765319e-02 6.560006e-04 6.763092e-02 5.221942e-02 1.504609e-01 7.3848026023e+04 2.0471116843e+05 2.0514373750e+05
1668.8340 7.755245e-02 1.020459e-01 6.597525e-04 7.588684e-02 5.824211e-02 1.354032e-01 7.3806961777e+04 2.0463531974e+05 2.0525730764e+05
1669.8345 8.121400e-02 1.089328e-01 6.161577e-04 8.365294e-02 6.386686e-02 1.217513e-01 7.3763712890e+04 2.0456589650e+05 2.0536581482e+05
1670.8350 8.499222e-02 1.158363e-01 6.253536e-04 9.058969e-02 6.866281e-02 1.103766e-01 7.3725691381e+04 2.0451001513e+05 2.0545530634e+05
1671.8355 8.823907e-02 1.237182e-01 5.741193e-04 9.593040e-02 7.187779e-02 1.023665e-01 7.3698813468e+04 2.0447174159e+05 2.0551575181e+05
1672.8360 9.001530e-02 1.294074e-01 6.233933e-04 9.899111e-02 7.339738e-02 9.807711e-02 7.3687122666e+04 2.0445470596e+05 2.0554136547e+05
1673.8365 9.101813e-02 1.332954e-01 5.909443e-04 9.957584e-02 7.300053e-02 9.782576e-02 7.3692159376e+04 2.0445752092e+05 2.0553148557e+05
1674.8370 9.084172e-02 1.345634e-01 5.966113e-04 9.762865e-02 7.075561e-02 1.027191e-01 7.3713584365e+04 2.0447704874e+05 2.0548983544e+05
1675.8375 9.015210e-02 1.309000e-01 6.279494e-04 9.294117e-02 6.668009e-02 1.105625e-01 7.3751650091e+04 2.0450726207e+05 2.0542366947e+05
1676.8380 8.714949e-02 1.231335e-01 6.700801e-04 8.691878e-02 6.176487e-02 1.222732e-01 7.3804668915e+04 2.0454129882e+05 2.0534059778e+05
1677.8385 8.176987e-02 1.138061e-01 6.640321e-04 7.971616e-02 5.616741e-02 1.351014e-01 7.3869291412e+04 2.0457425090e+05 2.0524899507e+05
1678.8390 7.778083e-02 1.067730e-01 6.969672e-04 7.178583e-02 5.045952e-02 1.482286e-01 7.3939184875e+04 2.0460162977e+05 2.0515630837e+05
1679.8395 7.395567e-02 1.022537e-01 7.367632e-04 6.417003e-02 4.522608e-02 1.613612e-01 7.4008453456e+04 2.0462295886e+05 2.0506888496e+05
1680.8400 7.032243e-02 9.912310e-02 7.286141e-04 5.744157e-02 4.094990e-02 1.704818e-01 7.4073169737e+04 2.0463777018e+05 2.0499284262e+05
1681.8405 6.737906e-02 9.535324e-02 7.442388e-04 5.271861e-02 3.843964e-02 1.780418e-01 7.4128187855e+04 2.0464538271e+05 2.0493284873e+05
1682.8410 6.583268e-02 9.126665e-02 7.636174e-04 5.038096e-02 3.771988e-02 1.807919e-01 7.4169985932e+04 2.0464645313e+05 2.0489238922e+05
1683.8415 6.557763e-02 8.727665e-02 7.301862e-04 4.950681e-02 3.814981e-02 1.797002e-01 7.4195075980e+04 2.0464240112e+05 2.0487364500e+05
1684.8420 6.461801e-02 8.455543e-02 7.700835e-04 5.139243e-02 4.053451e-02 1.755108e-01 7.4203692384e+04 2.0463323122e+05 2.0487579146e+05
1685.8425 6.705920e-02 8.552584e-02 7.284399e-04 5.574818e-02 4.428608e-02 1.676233e-01 7.4196391844e+04 2.0461667418e+05 2.0489819834e+05
1686.8430 7.217534e-02 8.920211e-02 6.781474e-04 6.111653e-02 4.865781e-02 1.573727e-01 7.4177645208e+04 2.0459056560e+05 2.0493972324e+05
1687.8435 7.325804e-02 9.508610e-02 6.982600e-04 6.767816e-02 5.347332e-02 1.453915e-01 7.4154241471e+04 2.0455458992e+05 2.0499654322e+05
1688.8440 7.474733e-02 1.021478e-01 6.375828e-04 7.465382e-02 5.822119e-02 1.340014e-01 7.4126490442e+04 2.0451192755e+05 2.0506343577e+05
1689.8445 8.046966e-02 1.094084e-01 6.295961e-04 8.143647e-02 6.243974e-02 1.232024e-01 7.4095782319e+04 2.0446702457e+05 2.0513368162e+05
1690.8450 8.239101e-02 1.166129e-01 6.008558e-04 8.724520e-02 6.570771e-02 1.147746e-01 7.4068678486e+04 2.0442393240e+05 2.0519997486e+05
1691.8455 8.300637e-02 1.215467e-01 6.344130e-04 9.170416e-02 6.777167e-02 1.083718e-01 7.4049974774e+04 2.0438544535e+05 2.0525490453e+05
1692.8460 8.573450e-02 1.232359e-01 6.162067e-04 9.420787e-02 6.853413e-02 1.050869e-01 7.4042459533e+04 2.0435435222e+05 2.0529175222e+05
1693.8465 8.602444e-02 1.230457e-01 6.260191e-04 9.505687e-02 6.807545e-02 1.052463e-01 7.4048937331e+04 2.0433491409e+05 2.0530445586e+05
1694.8470 8.525353e-02 1.221801e-01 6.151497e-04 9.355569e-02 6.617390e-02 1.084571e-01 7.4068422412e+04 2.0433022819e+05 2.0529036770e+05
1695.8475 8.465778e-02 1.223581e-01 6.395729e-04 9.041084e-02 6.341177e-02 1.144992e-01 7.4098530199e+04 2.0434080022e+05 2.0524981856e+05
1696.8480 8.381301e-02 1.237201e-01 6.522349e-04 8.577986e-02 5.983526e-02 1.218273e-01 7.4138391563e+04 2.0436294927e+05 2.0518789126e+05
1697.8485 8.135868e-02 1.219349e-01 6.825117e-04 8.007648e-02 5.603251e-02 1.316251e-01 7.4187305681e+04 2.0439131327e+05 2.0511209655e+05
1698.8490 7.704673e-02 1.154874e-01 6.968463e-04 7.371557e-02 5.195379e-02 1.411316e-01 7.4242657092e+04 2.0442180344e+05 2.0503092341e+05
1699.8495 7.368042e-02 1.080128e-01 6.951065e-04 6.744294e-02 4.828074e-02 1.498758e-01 7.4299188111e+04 2.0444917658e+05 2.0495192850e+05
1700.8500 7.122285e-02 1.020394e-01 7.257539e-04 6.144242e-02 4.524989e-02 1.590088e-01 7.4352602774e+04 2.0446914179e+05 2.0488191347e+05
1701.8505 6.980745e-02 9.616058e-02 7.144924e-04 5.674734e-02 4.282885e-02 1.647290e-01 7.4401282924e+04 2.0447982799e+05 2.0482610970e+05
1702.8510 6.795090e-02 9.023701e-02 7.294252e-04 5.316130e-02 4.125792e-02 1.689771e-01 7.4443766920e+04 2.0447901941e+05 2.0478794039e+05
1703.8515 6.689942e-02 8.559774e-02 7.585990e-04 5.171929e-02 4.103563e-02 1.705800e-01 7.4477081050e+04 2.0446845529e+05 2.0476750854e+05
1704.8520 6.635948e-02 8.486997e-02 7.011240e-04 5.239605e-02 4.188289e-02 1.690880e-01 7.4498440355e+04 2.0445181708e+05 2.0476325691e+05
1705.8525 6.575970e-02 8.773515e-02 7.315681e-04 5.446843e-02 4.353431e-02 1.650344e-01 7.4507601970e+04 2.0443215179e+05 2.0477302997e+05
1706.8530 6.758618e-02 9.173473e-02 7.216833e-04 5.799610e-02 4.578397e-02 1.585376e-01 7.4504972220e+04 2.0441142982e+05 2.0479435515e+05
1707.8535 7.027268e-02 9.549222e-02 7.081863e-04 6.307323e-02 4.894815e-02 1.510158e-01 7.4493914070e+04 2.0438944908e+05 2.0482454978e+05
1708.8540 7.085607e-02 9.818329e-02 6.708353e-04 6.885454e-02 5.237881e-02 1.420639e-01 7.4478669509e+04 2.0436652674e+05 2.0486130863e+05
1709.8545 7.232282e-02 1.011072e-01 6.599795e-04 7.483750e-02 5.581048e-02 1.317766e-01 7.4458702486e+04 2.0434504047e+05 2.0490136385e+05
1710.8550 7.646489e-02 1.044199e-01 6.727564e-04 8.077101e-02 5.919714e-02 1.229847e-01 7.4433634917e+04 2.0432659480e+05 2.0494161535e+05
1711.8555 7.866277e-02 1.096043e-01 6.215189e-04 8.583032e-02 6.198840e-02 1.146608e-01 7.4408973175e+04 2.0430962287e+05 2.0498057268e+05
1712.8560 8.028029e-02 1.172984e-01 6.295675e-04 8.980154e-02 6.417961e-02 1.083435e-01 7.4388723972e+04 2.0428969258e+05 2.0501705683e+05
1713.8565 8.319574e-02 1.239569e-01 6.245179e-04 9.218617e-02 6.549898e-02 1.049233e-01 7.4377505492e+04 2.0426416360e+05 2.0504977022e+05
1714.8570 8.284114e-02 1.281199e-01 6.290157e-04 9.296529e-02 6.587494e-02 1.034078e-01 7.4379006504e+04 2.0423571439e+05 2.0507539772e+05
1715.8575 8.259276e-02 1.298281e-01 6.349671e-04 9.166021e-02 6.504057e-02 1.045300e-01 7.4392281790e+04 2.0420771245e+05 2.0508988473e+05
1716.8580 8.262959e-02 1.293254e-01 6.359090e-04 8.807731e-02 6.304322e-02 1.097997e-01 7.4417256143e+04 2.0418410108e+05 2.0508882162e+05
1717.8585 8.231048e-02 1.257308e-01 6.590916e-04 8.296567e-02 5.989035e-02 1.165545e-01 7.4455410118e+04 2.0416849069e+05 2.0506838439e+05
1718.8590 8.078660e-02 1.174025e-01 6.707737e-04 7.708562e-02 5.649414e-02 1.258128e-01 7.4506299027e+04 2.0416440618e+05 2.0502552543e+05
1719.8595 7.522745e-02 1.074972e-01 6.975072e-04 6.993586e-02 5.212316e-02 1.373384e-01 7.4567375810e+04 2.0417516992e+05 2.0495998402e+05
1720.8600 7.120569e-02 1.001860e-01 6.847675e-04 6.310101e-02 4.768495e-02 1.472969e-01 7.4631961627e+04 2.0420256707e+05 2.0487319074e+05
1721.8605 7.055743e-02 9.696880e-02 7.342232e-04 5.662456e-02 4.352058e-02 1.584231e-01 7.4693395049e+04 2.0424354390e+05 2.0477198457e+05
1722.8610 6.783657e-02 9.380434e-02 7.659528e-04 5.130293e-02 3.995475e-02 1.669332e-01 7.4751755752e+04 2.0429239801e+05 2.0466731354e+05
1723.8615 6.332762e-02 8.948003e-02 7.038380e-04 4.804126e-02 3.762004e-02 1.724092e-01 7.4803873314e+04 2.0433913686e+05 2.0457213028e+05
1724.8620 6.303015e-02 8.431702e-02 7.831894e-04 4.679696e-02 3.651695e-02 1.749539e-01 7.4843386208e+04 2.0437476589e+05 2.0449903940e+05
1725.8625 6.206260e-02 8.139854e-02 7.272333e-04 4.750060e-02 3.675140e-02 1.733279e-01 7.4867341407e+04 2.0439417778e+05 2.0445757026e+05
1726.8630 6.046058e-02 8.145405e-02 7.234680e-04 5.090031e-02 3.874015e-02 1.688523e-01 7.4873017931e+04 2.0439346594e+05 2.0445291093e+05
1727.8635 6.286900e-02 8.381656e-02 7.224151e-04 5.601540e-02 4.199473e-02 1.600470e-01 7.4860234704e+04 2.0437026037e+05 2.0448720049e+05
1728.8640 6.656546e-02 8.886187e-02 7.002872e-04 6.263094e-02 4.625656e-02 1.478358e-01 7.4834064020e+04 2.0432349191e+05 2.0455717739e+05
1729.8645 6.858022e-02 9.634061e-02 6.807624e-04 7.063100e-02 5.156543e-02 1.353975e-01 7.4799409124e+04 2.0425711483e+05 2.0465407895e+05
1730.8650 7.040325e-02 1.067314e-01 6.391856e-04 7.862360e-02 5.704666e-02 1.209254e-01 7.4758759678e+04 2.0418160993e+05 2.0476570779e+05
1731.8655 7.598306e-02 1.166768e-01 6.269126e-04 8.597406e-02 6.209005e-02 1.084309e-01 7.4713950005e+04 2.0410829050e+05 2.0487765191e+05
1732.8660 8.219831e-02 1.257106e-01 6.235428e-04 9.183513e-02 6.636817e-02 9.751078e-02 7.4672839901e+04 2.0404483504e+05 2.0497632042e+05
1733.8665 8.360682e-02 1.316552e-01 6.265816e-04 9.575035e-02 6.922606e-02 8.988902e-02 7.4645258721e+04 2.0399590848e+05 2.0505026555e+05
1734.8670 8.522589e-02 1.320847e-01 6.138343e-04 9.728423e-02 7.054428e-02 8.671350e-02 7.4635644662e+04 2.0396453819e+05 2.0509050382e+05
1735.8675 8.685864e-02 1.291961e-01 6.101129e-04 9.557517e-02 6.958730e-02 8.881872e-02 7.4646113170e+04 2.0395377300e+05 2.0509152175e+05
1736.8680 8.599170e-02 1.261501e-01 6.075162e-04 9.184381e-02 6.705424e-02 9.455935e-02 7.4677358695e+04 2.0396486259e+05 2.0505101730e+05
1737.8685 8.404840e-02 1.249228e-01 6.631880e-04 8.550613e-02 6.284508e-02 1.060038e-01 7.4726822780e+04 2.0399392629e+05 2.0497333381e+05
1738.8690 8.064874e-02 1.214439e-01 6.642030e-04 7.683628e-02 5.661899e-02 1.198984e-01 7.4794061566e+04 2.0403566489e+05 2.0486754209e+05
1739.8695 7.657946e-02 1.138920e-01 6.795622e-04 6.805475e-02 5.050839e-02 1.346882e-01 7.4874680645e+04 2.0408365917e+05 2.0474360091e+05
1740.8700 7.124386e-02 1.029104e-01 7.333217e-04 5.901864e-02 4.413022e-02 1.515062e-01 7.4960411721e+04 2.0413356816e+05 2.0461390569e+05
1741.8705 6.549668e-02 9.188792e-02 7.304269e-04 5.069877e-02 3.820560e-02 1.650550e-01 7.5043507215e+04 2.0418180926e+05 2.0448966357e+05
1742.8710 6.173199e-02 8.383806e-02 7.331881e-04 4.417115e-02 3.358646e-02 1.762786e-01 7.5115326400e+04 2.0422283777e+05 2.0438155405e+05
1743.8715 5.908686e-02 7.725734e-02 8.022572e-04 4.005373e-02 3.061012e-02 1.834146e-01 7.5172252607e+04 2.0425161208e+05 2.0429952139e+05
1744.8720 5.680228e-02 7.293469e-02 7.487023e-04 3.884746e-02 2.965480e-02 1.845411e-01 7.5211302275e+04 2.0426414863e+05 2.0425105410e+05
1745.8725 5.615406e-02 7.256464e-02 7.665695e-04 4.111618e-02 3.125819e-02 1.815249e-01 7.5227061798e+04 2.0425962650e+05 2.0423987217e+05
1746.8730 5.611012e-02 7.721291e-02 7.508020e-04 4.596076e-02 3.458603e-02 1.720095e-01 7.5218019118e+04 2.0424000663e+05 2.0426727662e+05
1747.8735 5.844864e-02 8.637018e-02 7.228523e-04 5.340285e-02 3.973244e-02 1.582872e-01 7.5184821429e+04 2.0420554217e+05 2.0433087434e+05
1748.8740 6.434156e-02 9.623753e-02 7.036133e-04 6.262595e-02 4.632026e-02 1.430578e-01 7.5132716424e+04 2.0415588104e+05 2.0442599115e+05
1749.8745 6.913805e-02 1.053050e-01 6.471772e-04 7.232922e-02 5.319416e-02 1.250978e-01 7.5072436807e+04 2.0409221467e+05 2.0454494315e+05
1750.8750 7.292937e-02 1.124148e-01 6.638071e-04 8.220696e-02 6.006918e-02 1.080012e-01 7.5011486246e+04 2.0401842905e+05 2.0467543314e+05
1751.8755 7.861132e-02 1.186676e-01 5.973225e-04 9.078114e-02 6.615355e-02 9.272793e-02 7.4954509775e+04 2.0394323442e+05 2.0480313906e+05
1752.8760 8.423970e-02 1.259906e-01 6.083751e-04 9.701035e-02 7.049563e-02 8.112102e-02 7.4907836676e+04 2.0387507824e+05 2.0491318004e+05
1753.8765 8.815299e-02 1.324414e-01 5.859460e-04 1.005060e-01 7.298209e-02 7.525112e-02 7.4879730555e+04 2.0381984822e+05 2.0499223702e+05
1754.8770 9.020006e-02 1.372936e-01 5.878537e-04 1.005109e-01 7.286019e-02 7.531656e-02 7.4876676359e+04 2.0378205122e+05 2.0503035561e+05
1755.8775 8.848993e-02 1.380917e-01 6.164017e-04 9.804359e-02 7.095111e-02 8.013329e-02 7.4902805990e+04 2.0376640991e+05 2.0501998325e+05
1756.8780 8.458098e-02 1.334240e-01 6.390256e-04 9.177532e-02 6.653059e-02 9.171724e-02 7.4954971860e+04 2.0377770012e+05 2.0495959600e+05
1757.8785 8.174674e-02 1.254678e-01 6.426406e-04 8.281723e-02 6.018840e-02 1.062961e-01 7.5027838620e+04 2.0381699423e+05 2.0485202775e+05
1758.8790 7.716642e-02 1.152302e-01 6.849443e-04 7.267971e-02 5.319300e-02 1.242001e-01 7.5116648172e+04 2.0387963296e+05 2.0470625211e+05
1759.8795 7.132034e-02 1.037650e-01 7.287960e-04 6.168947e-02 4.542677e-02 1.437257e-01 7.5214729242e+04 2.0395659917e+05 2.0453788390e+05
1760.8800 6.591017e-02 9.046356e-02 7.088156e-04 5.141765e-02 3.840796e-02 1.604903e-01 7.5314149693e+04 2.0403828504e+05 2.0436450463e+05
1761.8805 5.901791e-02 7.832805e-02 7.712712e-04 4.277004e-02 3.245316e-02 1.756951e-01 7.5405030456e+04 2.0411435007e+05 2.0420498744e+05
1762.8810 5.308649e-02 7.114278e-02 7.614415e-04 3.670458e-02 2.825000e-02 1.858346e-01 7.5477145591e+04 2.0417583764e+05 2.0407682967e+05
1763.8815 5.145235e-02 7.035136e-02 7.967696e-04 3.389933e-02 2.617600e-02 1.897809e-01 7.5523335373e+04 2.0421283140e+05 2.0399496989e+05
1764.8820 5.130675e-02 7.256809e-02 7.911003e-04 3.478187e-02 2.679439e-02 1.888093e-01 7.5542614409e+04 2.0421760969e+05 2.0396982027e+05
1765.8825 5.181475e-02 7.519251e-02 7.605588e-04 3.842012e-02 2.930654e-02 1.801514e-01 7.5536516213e+04 2.0418773002e+05 2.0400557120e+05
1766.8830 5.429645e-02 7.905947e-02 7.312302e-04 4.593639e-02 3.453734e-02 1.671628e-01 7.5504798801e+04 2.0412608753e+05 2.0409654174e+05
1767.8835 5.895485e-02 8.637226e-02 6.997041e-04 5.559566e-02 4.122451e-02 1.503344e-01 7.5449869134e+04 2.0404170159e+05 2.0423123420e+05
1768.8840 6.501631e-02 9.570499e-02 6.722411e-04 6.621911e-02 4.847684e-02 1.306489e-01 7.5378474689e+04 2.0394648703e+05 2.0439240916e+05
1769.8845 7.186541e-02 1.048060e-01 6.630865e-04 7.751098e-02 5.633651e-02 1.111641e-01 7.5301092244e+04 2.0385027615e+05 2.0455974198e+05
1770.8850 7.775386e-02 1.156620e-01 6.256067e-04 8.769351e-02 6.325980e-02 9.269838e-02 7.5229554842e+04 2.0376134406e+05 2.0471407574e+05
1771.8855 8.263718e-02 1.278766e-01 6.130126e-04 9.611849e-02 6.910218e-02 7.851625e-02 7.5172437692e+04 2.0368843309e+05 2.0483711728e+05
1772.8860 8.715981e-02 1.353198e-01 6.007773e-04 1.015884e-01 7.297911e-02 6.980768e-02 7.5136213755e+04 2.0364140519e+05 2.0491531347e+05
1773.8865 8.948569e-02 1.413191e-01 5.797371e-04 1.034356e-01 7.411333e-02 6.671062e-02 7.5125508131e+04 2.0362297792e+05 2.0494109706e+05
1774.8870 9.074575e-02 1.419857e-01 6.009674e-04 1.020023e-01 7.327220e-02 6.971119e-02 7.5143571532e+04 2.0363218079e+05 2.0491275924e+05
1775.8875 8.924253e-02 1.369609e-01 6.138695e-04 9.617824e-02 6.929641e-02 7.977523e-02 7.5191222629e+04 2.0366413618e+05 2.0483567316e+05
1776.8880 8.398478e-02 1.262416e-01 6.431513e-04 8.806576e-02 6.380303e-02 9.415543e-02 7.5266845386e+04 2.0371332376e+05 2.0471695274e+05
1777.8885 7.740851e-02 1.134177e-01 6.561703e-04 7.758001e-02 5.670908e-02 1.130212e-01 7.5361963432e+04 2.0377423911e+05 2.0456816989e+05
1778.8890 7.134001e-02 1.015965e-01 7.092010e-04 6.569116e-02 4.847575e-02 1.332225e-01 7.5466672597e+04 2.0384191444e+05 2.0440295754e+05
1779.8895 6.561926e-02 9.312589e-02 7.009841e-04 5.427139e-02 4.075721e-02 1.525027e-01 7.5572939540e+04 2.0390786062e+05 2.0423648117e+05
1780.8900 5.967062e-02 8.532905e-02 7.859316e-04 4.392176e-02 3.345894e-02 1.703991e-01 7.5672568974e+04 2.0396450590e+05 2.0408552636e+05
1781.8905 5.369674e-02 7.661666e-02 7.935241e-04 3.611890e-02 2.799284e-02 1.826511e-01 7.5757312717e+04 2.0400787206e+05 2.0396378801e+05
1782.8910 5.044803e-02 6.953953e-02 7.872331e-04 3.150085e-02 2.476650e-02 1.899637e-01 7.5817334516e+04 2.0403404499e+05 2.0388193917e+05
1783.8915 4.883573e-02 6.557470e-02 8.011502e-04 3.048769e-02 2.395018e-02 1.914196e-01 7.5846977563e+04 2.0404209296e+05 2.0384664291e+05
1784.8920 4.876285e-02 6.630800e-02 7.854512e-04 3.277255e-02 2.538227e-02 1.849624e-01 7.5845427102e+04 2.0403031853e+05 2.0386088672e+05
1785.8925 5.207086e-02 7.044349e-02 7.736773e-04 3.930593e-02 2.985603e-02 1.738845e-01 7.5814661025e+04 2.0399643620e+05 2.0392262577e+05
1786.8930 5.727899e-02 7.763624e-02 7.756572e-04 4.833696e-02 3.585798e-02 1.575411e-01 7.5761242461e+04 2.0394094273e+05 2.0402703857e+05
1787.8935 6.213171e-02 8.777833e-02 7.119277e-04 5.903729e-02 4.322145e-02 1.380574e-01 7.5692179897e+04 2.0386795164e+05 2.0416365147e+05
1788.8940 6.903510e-02 1.007260e-01 6.754710e-04 7.086415e-02 5.148345e-02 1.172312e-01 7.5614170223e+04 2.0378364152e+05 2.0431830757e+05
1789.8945 7.667781e-02 1.145718e-01 6.589628e-04 8.225257e-02 5.928300e-02 9.750832e-02 7.5535842213e+04 2.0369638225e+05 2.0447543548e+05
1790.8950 8.301163e-02 1.262137e-01 6.011236e-04 9.204810e-02 6.622264e-02 8.144911e-02 7.5468468297e+04 2.0361316522e+05 2.0461859510e+05
1791.8955 8.792696e-02 1.336277e-01 6.132633e-04 9.878382e-02 7.107950e-02 6.968118e-02 7.5422045592e+04 2.0354109164e+05 2.0473217380e+05
1792.8960 8.997598e-02 1.371422e-01 5.761241e-04 1.028003e-01 7.394310e-02 6.381118e-02 7.5402889736e+04 2.0348863941e+05 2.0480109401e+05
1793.8965 8.983583e-02 1.367224e-01 5.840387e-04 1.032345e-01 7.443904e-02 6.429747e-02 7.5413488292e+04 2.0346379187e+05 2.0481504821e+05
1794.8970 8.919855e-02 1.347197e-01 5.983956e-04 9.920778e-02 7.154561e-02 7.131554e-02 7.5452274020e+04 2.0347065755e+05 2.0477037383e+05
1795.8975 8.721901e-02 1.288788e-01 6.302729e-04 9.241168e-02 6.699686e-02 8.424783e-02 7.5517796415e+04 2.0350890019e+05 2.0466910501e+05
1796.8980 8.210693e-02 1.210271e-01 6.410062e-04 8.263304e-02 6.019341e-02 1.012140e-01 7.5605974583e+04 2.0357249946e+05 2.0452234569e+05
1797.8985 7.470884e-02 1.109867e-01 6.916526e-04 7.155456e-02 5.250337e-02 1.201480e-01 7.5709044254e+04 2.0365360004e+05 2.0434518869e+05
1798.8990 6.790002e-02 9.890623e-02 7.086032e-04 5.997676e-02 4.444226e-02 1.406786e-01 7.5815660541e+04 2.0374254097e+05 2.0415681373e+05
1799.8995 6.103199e-02 8.687270e-02 7.575583e-04 4.878767e-02 3.659866e-02 1.588274e-01 7.5916843849e+04 2.0382830848e+05 2.0397781723e+05
1800.9000 5.554550e-02 7.712268e-02 7.823577e-04 3.948551e-02 3.014969e-02 1.729376e-01 7.6003713618e+04 2.0389832471e+05 2.0382770504e+05
1801.9005 5.309943e-02 6.947587e-02 7.831089e-04 3.294196e-02 2.557626e-02 1.836817e-01 7.6069436732e+04 2.0394134747e+05 2.0372315934e+05
1802.9010 5.070134e-02 6.375712e-02 8.046294e-04 2.979122e-02 2.332465e-02 1.876314e-01 7.6111307251e+04 2.0395183331e+05 2.0367467071e+05
1803.9015 4.844216e-02 6.204013e-02 7.809563e-04 3.008320e-02 2.347798e-02 1.849739e-01 7.6125672662e+04 2.0392935379e+05 2.0368535390e+05
1804.9020 5.176631e-02 6.479075e-02 7.947489e-04 3.416751e-02 2.648154e-02 1.774110e-01 7.6109293882e+04 2.0387830340e+05 2.0375051992e+05
1805.9025 5.612830e-02 7.280277e-02 7.688123e-04 4.102467e-02 3.119585e-02 1.636223e-01 7.6067056277e+04 2.0380639558e+05 2.0386057509e+05
1806.9030 6.034492e-02 8.217794e-02 7.224939e-04 5.056800e-02 3.798742e-02 1.468274e-01 7.6006101984e+04 2.0372214408e+05 2.0400057290e+05
1807.9035 6.714201e-02 9.278217e-02 7.175152e-04 6.138397e-02 4.551210e-02 1.270225e-01 7.5934387321e+04 2.0363375179e+05 2.0415427771e+05
1808.9040 7.295719e-02 1.046314e-01 6.694861e-04 7.261182e-02 5.334691e-02 1.079931e-01 7.5861124134e+04 2.0355034848e+05 2.0430381462e+05
1809.9045 7.885737e-02 1.156173e-01 6.631865e-04 8.320687e-02 6.077650e-02 9.133229e-02 7.5794697585e+04 2.0348025804e+05 2.0443301223e+05
1810.9050 8.469523e-02 1.252696e-01 5.970829e-04 9.124222e-02 6.610715e-02 7.701067e-02 7.5742425139e+04 2.0342974198e+05 2.0452990245e+05
1811.9055 8.824285e-02 1.317847e-01 6.057359e-04 9.725755e-02 7.015224e-02 6.861454e-02 7.5711109190e+04 2.0340113810e+05 2.0458514286e+05
1812.9060 9.026841e-02 1.350536e-01 5.985078e-04 9.970721e-02 7.166497e-02 6.542317e-02 7.5706077398e+04 2.0339277767e+05 2.0459605679e+05
1813.9065 8.941340e-02 1.349880e-01 5.855817e-04 9.855551e-02 7.057269e-02 6.841360e-02 7.5728695379e+04 2.0340332089e+05 2.0456293672e+05
1814.9070 8.720087e-02 1.306696e-01 6.078996e-04 9.451988e-02 6.770796e-02 7.732815e-02 7.5776492284e+04 2.0343102356e+05 2.0448920317e+05
1815.9075 8.301927e-02 1.247109e-01 6.164821e-04 8.691379e-02 6.231675e-02 8.999864e-02 7.5846033702e+04 2.0347177111e+05 2.0438315351e+05
1816.9080 7.822572e-02 1.165045e-01 6.778042e-04 7.789790e-02 5.599354e-02 1.062608e-01 7.5931387282e+04 2.0352054512e+05 2.0425386476e+05
1817.9085 7.320875e-02 1.062144e-01 6.753803e-04 6.716730e-02 4.862333e-02 1.243825e-01 7.6026161139e+04 2.0357184794e+05 2.0411390289e+05
1818.9090 6.686318e-02 9.399394e-02 7.134636e-04 5.650844e-02 4.140932e-02 1.410784e-01 7.6122956296e+04 2.0362211790e+05 2.0397483423e+05
1819.9095 6.031337e-02 8.169924e-02 7.421033e-04 4.688156e-02 3.508720e-02 1.565778e-01 7.6211645557e+04 2.0366821786e+05 2.0384786634e+05
1820.9100 5.671623e-02 7.265914e-02 7.672141e-04 3.889644e-02 2.994953e-02 1.691141e-01 7.6283802379e+04 2.0370569822e+05 2.0374345041e+05
1821.9105 5.434974e-02 6.672442e-02 7.741894e-04 3.353624e-02 2.649224e-02 1.759528e-01 7.6335736995e+04 2.0373125926e+05 2.0367013837e+05
1822.9110 5.195816e-02 6.431702e-02 7.840652e-04 3.112427e-02 2.520693e-02 1.779486e-01 7.6365137695e+04 2.0374046992e+05 2.0363419880e+05
1823.9115 5.284455e-02 6.345376e-02 7.925108e-04 3.204647e-02 2.605105e-02 1.753328e-01 7.6370254613e+04 2.0373112368e+05 2.0363872720e+05
1824.9120 5.448242e-02 6.668760e-02 7.767465e-04 3.604422e-02 2.885277e-02 1.668384e-01 7.6352347710e+04 2.0370353937e+05 2.0368300085e+05
1825.9125 5.808575e-02 7.481262e-02 7.491973e-04 4.286447e-02 3.354124e-02 1.553734e-01 7.6313488939e+04 2.0365805574e+05 2.0376262022e+05
1826.9130 6.390130e-02 8.470983e-02 7.333433e-04 5.140422e-02 3.913262e-02 1.394909e-01 7.6259706126e+04 2.0359838979e+05 2.0387042287e+05
1827.9135 6.747610e-02 9.581755e-02 7.022884e-04 6.135740e-02 4.570750e-02 1.238960e-01 7.6198684274e+04 2.0352814188e+05 2.0399543338e+05
1828.9140 7.357315e-02 1.050470e-01 6.840990e-04 7.145592e-02 5.228284e-02 1.076743e-01 7.6137189789e+04 2.0345385619e+05 2.0412491332e+05
1829.9145 7.891377e-02 1.132707e-01 6.376001e-04 8.044465e-02 5.786239e-02 9.264454e-02 7.6082716915e+04 2.0338333128e+05 2.0424460265e+05
1830.9150 8.154441e-02 1.210118e-01 6.395488e-04 8.834455e-02 6.301537e-02 8.145911e-02 7.6041658641e+04 2.0332420995e+05 2.0433986728e+05
1831.9155 8.466168e-02 1.271372e-01 6.074374e-04 9.325099e-02 6.593111e-02 7.342380e-02 7.6018290362e+04 2.0328325461e+05 2.0440058978e+05
1832.9160 8.745351e-02 1.313248e-01 6.028564e-04 9.566668e-02 6.731400e-02 7.137554e-02 7.6015779329e+04 2.0326375859e+05 2.0441903791e+05
1833.9165 8.695675e-02 1.312952e-01 6.001677e-04 9.495193e-02 6.682781e-02 7.379741e-02 7.6037054682e+04 2.0326777256e+05 2.0439348992e+05
1834.9170 8.404076e-02 1.275892e-01 6.317902e-04 9.098895e-02 6.423465e-02 7.961485e-02 7.6080499763e+04 2.0329375554e+05 2.0432698846e+05
1835.9175 8.070069e-02 1.218926e-01 6.483770e-04 8.539538e-02 6.061265e-02 9.064419e-02 7.6140966175e+04 2.0333723526e+05 2.0422594096e+05
1836.9180 7.738285e-02 1.130731e-01 6.460775e-04 7.687894e-02 5.524590e-02 1.041825e-01 7.6214446942e+04 2.0339237384e+05 2.0410229514e+05
1837.9185 7.172275e-02 1.022391e-01 6.884483e-04 6.737706e-02 4.929945e-02 1.186341e-01 7.6296690914e+04 2.0345119422e+05 2.0396828641e+05
1838.9190 6.646408e-02 9.201199e-02 6.833706e-04 5.786509e-02 4.332502e-02 1.342957e-01 7.6380517438e+04 2.0350440871e+05 2.0383742664e+05
1839.9195 6.234765e-02 8.209871e-02 7.385614e-04 4.864610e-02 3.749496e-02 1.483683e-01 7.6459735246e+04 2.0354630377e+05 2.0372234711e+05
1840.9200 5.789246e-02 7.385349e-02 7.457414e-04 4.098696e-02 3.264039e-02 1.584629e-01 7.6528109169e+04 2.0357399807e+05 2.0363239742e+05
1841.9205 5.448181e-02 6.864211e-02 7.716615e-04 3.551919e-02 2.905364e-02 1.670574e-01 7.6578978591e+04 2.0358503500e+05 2.0357414361e+05
1842.9210 5.322300e-02 6.611901e-02 7.860391e-04 3.270757e-02 2.697951e-02 1.709665e-01 7.6609474568e+04 2.0357989109e+05 2.0355072907e+05
1843.9215 5.314768e-02 6.724136e-02 7.878733e-04 3.266530e-02 2.674930e-02 1.694463e-01 7.6619527622e+04 2.0355911865e+05 2.0356177233e+05
1844.9220 5.375855e-02 7.120774e-02 7.575611e-04 3.561122e-02 2.838995e-02 1.646372e-01 7.6609726359e+04 2.0352522915e+05 2.0360366216e+05
1845.9225 5.688466e-02 7.592356e-02 7.643299e-04 4.106885e-02 3.145287e-02 1.548009e-01 7.6581934119e+04 2.0348372968e+05 2.0367034222e+05
1846.9230 6.044372e-02 8.317885e-02 7.475314e-04 4.885539e-02 3.625654e-02 1.430767e-01 7.6539348299e+04 2.0343813989e+05 2.0375385104e+05
1847.9235 6.535293e-02 9.124932e-02 7.283231e-04 5.758083e-02 4.159901e-02 1.282546e-01 7.6487271546e+04 2.0339226225e+05 2.0384692566e+05
1848.9240 7.036846e-02 1.004044e-01 6.942232e-04 6.712160e-02 4.763580e-02 1.127568e-01 7.6431585537e+04 2.0334779265e+05 2.0394134989e+05
1849.9245 7.431334e-02 1.094398e-01 6.878819e-04 7.651691e-02 5.386283e-02 9.827671e-02 7.6379186732e+04 2.0330590932e+05 2.0402999007e+05
1850.9250 7.835516e-02 1.176644e-01 6.512839e-04 8.407679e-02 5.884447e-02 8.590252e-02 7.6335683294e+04 2.0326759775e+05 2.0410683941e+05
1851.9255 8.184414e-02 1.243356e-01 6.189394e-04 9.058749e-02 6.342550e-02 7.705661e-02 7.6306531562e+04 2.0323387316e+05 2.0416473742e+05
1852.9260 8.344958e-02 1.282159e-01 6.110950e-04 9.366339e-02 6.581561e-02 7.169218e-02 7.6296547823e+04 2.0320647878e+05 2.0419982392e+05
1853.9265 8.447085e-02 1.295065e-01 6.163685e-04 9.382849e-02 6.645001e-02 7.091242e-02 7.6307441925e+04 2.0318692991e+05 2.0420750008e+05
1854.9270 8.431121e-02 1.270243e-01 6.239820e-04 9.187707e-02 6.559444e-02 7.567303e-02 7.6339446586e+04 2.0317807809e+05 2.0418463228e+05
1855.9275 8.101008e-02 1.211567e-01 6.113552e-04 8.628454e-02 6.223715e-02 8.414503e-02 7.6391799602e+04 2.0318259938e+05 2.0413166636e+05
1856.9280 7.697623e-02 1.129243e-01 6.563280e-04 7.892176e-02 5.771991e-02 9.582314e-02 7.6459335926e+04 2.0320262294e+05 2.0404914945e+05
1857.9285 7.337016e-02 1.039191e-01 6.539587e-04 6.989722e-02 5.197263e-02 1.110547e-01 7.6535930487e+04 2.0323781292e+05 2.0394218864e+05
1858.9290 6.710951e-02 9.487920e-02 7.191966e-04 6.012774e-02 4.536939e-02 1.261252e-01 7.6618028765e+04 2.0328576995e+05 2.0381882678e+05
1859.9295 6.151233e-02 8.638347e-02 7.346349e-04 5.087165e-02 3.902802e-02 1.399904e-01 7.6698578571e+04 2.0334074585e+05 2.0368968287e+05
1860.9300 5.832061e-02 7.911825e-02 7.677190e-04 4.234475e-02 3.308906e-02 1.541235e-01 7.6769718617e+04 2.0339556563e+05 2.0356799547e+05
1861.9305 5.464156e-02 7.256167e-02 8.028960e-04 3.601788e-02 2.831863e-02 1.639366e-01 7.6827620803e+04 2.0344386644e+05 2.0346644482e+05
1862.9310 5.130060e-02 6.942920e-02 7.987783e-04 3.231407e-02 2.534816e-02 1.693039e-01 7.6867032181e+04 2.0347724628e+05 2.0339684036e+05
1863.9315 5.107143e-02 6.868475e-02 8.005417e-04 3.141719e-02 2.423370e-02 1.704767e-01 7.6884150433e+04 2.0348958367e+05 2.0336811807e+05
1864.9320 5.183056e-02 6.932767e-02 7.939504e-04 3.342727e-02 2.512121e-02 1.664113e-01 7.6879522098e+04 2.0347798058e+05 2.0338422468e+05
1865.9325 5.317945e-02 7.220150e-02 7.902497e-04 3.847353e-02 2.822411e-02 1.581462e-01 7.6854641511e+04 2.0344217715e+05 2.0344334592e+05
1866.9330 5.677012e-02 7.918248e-02 7.773032e-04 4.575468e-02 3.284310e-02 1.452279e-01 7.6812821031e+04 2.0338454198e+05 2.0353890676e+05
1867.9335 6.188548e-02 8.875226e-02 7.225246e-04 5.501340e-02 3.908983e-02 1.303226e-01 7.6759270417e+04 2.0331170436e+05 2.0365919198e+05
1868.9340 6.727660e-02 9.979729e-02 7.145238e-04 6.494519e-02 4.583647e-02 1.136845e-01 7.6700773193e+04 2.0323225343e+05 2.0379053140e+05
1869.9345 7.263158e-02 1.105019e-01 6.865523e-04 7.430228e-02 5.244456e-02 9.786790e-02 7.6643823749e+04 2.0315534395e+05 2.0391788387e+05
1870.9350 7.725636e-02 1.193657e-01 6.491386e-04 8.336209e-02 5.896880e-02 8.410460e-02 7.6595290076e+04 2.0308965939e+05 2.0402597640e+05
1871.9355 8.080678e-02 1.255965e-01 6.510536e-04 8.964059e-02 6.350376e-02 7.334107e-02 7.6560880784e+04 2.0304226064e+05 2.0410377702e+05
1872.9360 8.300049e-02 1.285000e-01 6.267007e-04 9.387307e-02 6.679275e-02 6.724014e-02 7.6545488532e+04 2.0301685758e+05 2.0414195441e+05
1873.9365 8.378932e-02 1.287237e-01 6.125383e-04 9.484585e-02 6.776251e-02 6.656791e-02 7.6552072616e+04 2.0301396381e+05 2.0413741206e+05
1874.9370 8.352649e-02 1.269845e-01 6.214957e-04 9.217027e-02 6.615202e-02 7.060922e-02 7.6581300529e+04 2.0303156619e+05 2.0409145290e+05
1875.9375 8.121475e-02 1.230242e-01 6.259064e-04 8.741996e-02 6.307367e-02 7.941623e-02 7.6631730493e+04 2.0306594749e+05 2.0400871002e+05
1876.9380 7.678735e-02 1.169281e-01 6.696587e-04 7.961698e-02 5.789795e-02 9.249109e-02 7.6699487413e+04 2.0311164133e+05 2.0389940990e+05
1877.9385 7.229137e-02 1.088592e-01 7.007719e-04 7.044085e-02 5.152155e-02 1.071613e-01 7.6778664208e+04 2.0316286059e+05 2.0377443782e+05
1878.9390 6.710338e-02 1.002301e-01 6.977087e-04 6.063625e-02 4.473468e-02 1.230847e-01 7.6862943676e+04 2.0321297899e+05 2.0364589151e+05
1879.9395 6.130512e-02 9.030299e-02 7.400607e-04 5.053548e-02 3.760950e-02 1.400562e-01 7.6945399260e+04 2.0325709386e+05 2.0352568824e+05
1880.9400 5.649235e-02 8.082931e-02 7.692787e-04 4.207048e-02 3.151625e-02 1.530554e-01 7.7019297028e+04 2.0329244781e+05 2.0342283363e+05
1881.9405 5.298940e-02 7.319748e-02 7.881346e-04 3.556088e-02 2.682604e-02 1.629234e-01 7.7078174675e+04 2.0331632670e+05 2.0334509695e+05
1882.9410 5.022221e-02 6.782347e-02 8.171405e-04 3.133087e-02 2.368284e-02 1.690312e-01 7.7117690749e+04 2.0332788446e+05 2.0329781771e+05
1883.9415 4.938614e-02 6.611627e-02 8.155824e-04 3.022676e-02 2.284045e-02 1.697859e-01 7.7134979908e+04 2.0332659014e+05 2.0328338329e+05
1884.9420 5.094913e-02 6.824659e-02 8.207933e-04 3.255083e-02 2.423077e-02 1.656393e-01 7.7129224233e+04 2.0331208652e+05 2.0330229093e+05
1885.9425 5.299987e-02 7.395811e-02 8.179119e-04 3.759578e-02 2.761086e-02 1.562417e-01 7.7103017613e+04 2.0328488661e+05 2.0335292799e+05
1886.9430 5.639611e-02 8.228038e-02 7.707505e-04 4.517295e-02 3.291410e-02 1.435175e-01 7.7059669159e+04 2.0324540474e+05 2.0343102780e+05
1887.9435 6.209740e-02 9.152104e-02 7.540811e-04 5.402728e-02 3.901566e-02 1.280106e-01 7.7004670224e+04 2.0319492843e+05 2.0353077681e+05
1888.9440 6.700641e-02 1.010346e-01 7.233618e-04 6.397513e-02 4.599897e-02 1.120376e-01 7.6945518620e+04 2.0313563590e+05 2.0364306853e+05
1889.9445 7.221117e-02 1.091278e-01 6.775934e-04 7.383254e-02 5.287262e-02 9.585020e-02 7.6889227746e+04 2.0307195526e+05 2.0375746575e+05
1890.9450 7.684964e-02 1.165122e-01 6.789974e-04 8.168675e-02 5.834755e-02 8.251478e-02 7.6841516901e+04 2.0300962493e+05 2.0386270605e+05
1891.9455 8.048016e-02 1.224103e-01 6.334071e-04 8.849365e-02 6.322550e-02 7.286323e-02 7.6808305548e+04 2.0295506504e+05 2.0394582484e+05
1892.9460 8.205920e-02 1.257080e-01 6.445051e-04 9.214554e-02 6.566733e-02 6.736903e-02 7.6794550541e+04 2.0291485270e+05 2.0399756287e+05
1893.9465 8.235543e-02 1.273946e-01 6.295285e-04 9.288441e-02 6.615902e-02 6.666754e-02 7.6801993905e+04 2.0289407372e+05 2.0400988648e+05
1894.9470 8.145146e-02 1.278038e-01 6.359004e-04 9.102045e-02 6.480420e-02 7.135982e-02 7.6830829013e+04 2.0289531453e+05 2.0397935787e+05
1895.9475 8.017313e-02 1.252079e-01 6.395927e-04 8.552989e-02 6.099272e-02 8.012981e-02 7.6879389074e+04 2.0291918787e+05 2.0390870869e+05
1896.9480 7.633540e-02 1.199472e-01 6.806557e-04 7.858417e-02 5.610956e-02 9.169310e-02 7.6944441286e+04 2.0296294013e+05 2.0380363442e+05
1897.9485 7.121091e-02 1.109390e-01 6.938948e-04 6.998814e-02 5.008023e-02 1.062557e-01 7.7019883690e+04 2.0302113761e+05 2.0367570802e+05
1898.9490 6.660017e-02 1.001497e-01 7.077128e-04 6.027575e-02 4.341920e-02 1.223079e-01 7.7098599156e+04 2.0308581203e+05 2.0353860969e+05
1899.9495 6.121341e-02 8.884488e-02 7.890190e-04 5.122482e-02 3.718661e-02 1.359682e-01 7.7175717157e+04 2.0314849695e+05 2.0340621275e+05
1900.9500 5.607465e-02 7.933702e-02 7.852023e-04 4.304385e-02 3.160497e-02 1.481394e-01 7.7244525691e+04 2.0319975736e+05 2.0329273404e+05
1901.9505 5.335847e-02 7.357088e-02 8.107334e-04 3.683134e-02 2.740270e-02 1.579634e-01 7.7299154424e+04 2.0323197248e+05 2.0320947208e+05
1902.9510 5.192740e-02 7.046346e-02 7.961501e-04 3.281308e-02 2.482931e-02 1.629000e-01 7.7337111558e+04 2.0324156602e+05 2.0316445755e+05
1903.9515 5.114353e-02 7.058303e-02 8.291455e-04 3.171175e-02 2.425940e-02 1.633253e-01 7.7355760311e+04 2.0322748826e+05 2.0316068265e+05
1904.9520 5.185404e-02 7.341327e-02 8.128300e-04 3.343897e-02 2.552671e-02 1.597267e-01 7.7353762770e+04 2.0319256177e+05 2.0319637668e+05
1905.9525 5.368858e-02 7.682079e-02 7.843874e-04 3.777294e-02 2.870249e-02 1.514629e-01 7.7332842878e+04 2.0314315154e+05 2.0326495348e+05
1906.9530 5.657251e-02 8.146300e-02 7.877052e-04 4.408755e-02 3.313628e-02 1.406602e-01 7.7296232725e+04 2.0308504198e+05 2.0335668963e+05
1907.9535 6.147230e-02 8.631148e-02 7.265342e-04 5.228561e-02 3.888037e-02 1.276091e-01 7.7249633807e+04 2.0302476356e+05 2.0345933173e+05
1908.9540 6.559109e-02 9.299328e-02 7.380828e-04 6.077998e-02 4.454588e-02 1.128037e-01 7.7200132156e+04 2.0296813093e+05 2.0356141710e+05
1909.9545 6.951282e-02 1.026753e-01 6.871441e-04 6.910652e-02 5.023998e-02 9.947662e-02 7.7152178076e+04 2.0291992287e+05 2.0365186741e+05
1910.9550 7.504568e-02 1.116459e-01 6.835564e-04 7.715401e-02 5.548959e-02 8.774591e-02 7.7110248916e+04 2.0288492040e+05 2.0372228865e+05
1911.9555 7.825769e-02 1.190986e-01 6.594937e-04 8.277819e-02 5.900700e-02 7.838607e-02 7.7080301173e+04 2.0286429426e+05 2.0376866633e+05
1912.9560 7.937915e-02 1.256901e-01 6.577132e-04 8.668630e-02 6.143274e-02 7.318327e-02 7.7065505744e+04 2.0285593454e+05 2.0378828915e+05
1913.9565 8.037957e-02 1.274217e-01 6.392137e-04 8.840323e-02 6.227781e-02 7.197604e-02 7.7067826654e+04 2.0285843061e+05 2.0378178749e+05
1914.9570 7.905105e-02 1.253573e-01 6.560867e-04 8.697210e-02 6.106421e-02 7.420904e-02 7.7088820585e+04 2.0286901463e+05 2.0375168117e+05
1915.9575 7.702444e-02 1.203249e-01 6.671651e-04 8.377047e-02 5.879073e-02 8.031415e-02 7.7126660090e+04 2.0288504200e+05 2.0370039752e+05
1916.9580 7.575092e-02 1.140116e-01 6.537827e-04 7.792089e-02 5.473857e-02 9.002142e-02 7.7178057243e+04 2.0290401829e+05 2.0363319794e+05
1917.9585 7.324323e-02 1.083613e-01 7.000097e-04 7.060285e-02 4.978758e-02 1.013805e-01 7.7240368821e+04 2.0292387314e+05 2.0355465270e+05
1918.9590 6.798245e-02 1.003963e-01 7.150333e-04 6.283574e-02 4.480138e-02 1.132512e-01 7.7309615353e+04 2.0294533228e+05 2.0346964674e+05
1919.9595 6.321446e-02 9.242411e-02 7.467486e-04 5.455551e-02 3.933874e-02 1.258564e-01 7.7378112483e+04 2.0296816239e+05 2.0338390293e+05
1920.9600 5.994720e-02 8.640462e-02 7.730919e-04 4.732057e-02 3.470851e-02 1.373318e-01 7.7440252707e+04 2.0299200609e+05 2.0330176738e+05
1921.9605 5.593947e-02 8.140123e-02 7.860163e-04 4.091168e-02 3.074462e-02 1.459451e-01 7.7493662367e+04 2.0301552882e+05 2.0322919928e+05
1922.9610 5.390231e-02 7.704629e-02 8.043765e-04 3.642057e-02 2.792195e-02 1.519413e-01 7.7535164192e+04 2.0303451364e+05 2.0317175520e+05
1923.9615 5.358126e-02 7.306051e-02 7.809185e-04 3.416952e-02 2.664101e-02 1.545871e-01 7.7563218574e+04 2.0304578573e+05 2.0313455780e+05
1924.9620 5.348355e-02 6.981192e-02 8.091336e-04 3.423464e-02 2.680145e-02 1.535956e-01 7.7576138367e+04 2.0304766950e+05 2.0312143388e+05
1925.9625 5.437168e-02 7.018733e-02 8.213311e-04 3.654843e-02 2.852933e-02 1.490211e-01 7.7571787530e+04 2.0303926523e+05 2.0313395123e+05
1926.9630 5.741804e-02 7.375230e-02 7.623833e-04 4.125003e-02 3.154585e-02 1.412840e-01 7.7550616897e+04 2.0302023126e+05 2.0317150276e+05
1927.9635 5.995784e-02 8.051646e-02 7.849007e-04 4.724447e-02 3.532292e-02 1.309152e-01 7.7517369356e+04 2.0298974706e+05 2.0323171027e+05
1928.9640 6.201330e-02 9.018320e-02 7.239082e-04 5.486619e-02 4.027722e-02 1.197372e-01 7.7477014998e+04 2.0294762279e+05 2.0330898619e+05
1929.9645 6.659391e-02 9.987349e-02 7.091310e-04 6.283777e-02 4.518977e-02 1.071266e-01 7.7434602585e+04 2.0289648789e+05 2.0339663094e+05
1930.9650 7.098678e-02 1.077798e-01 7.266277e-04 6.992530e-02 4.967172e-02 9.547704e-02 7.7394653792e+04 2.0284243552e+05 2.0348571281e+05
1931.9655 7.401851e-02 1.150271e-01 6.617604e-04 7.668411e-02 5.395700e-02 8.556446e-02 7.7360876490e+04 2.0279153297e+05 2.0356579064e+05
1932.9660 7.747191e-02 1.194791e-01 6.572785e-04 8.158230e-02 5.700677e-02 7.792684e-02 7.7336331632e+04 2.0275034408e+05 2.0362829792e+05
1933.9665 7.942751e-02 1.204056e-01 6.524939e-04 8.446843e-02 5.885388e-02 7.343619e-02 7.7324695344e+04 2.0272362305e+05 2.0366538558e+05
1934.9670 7.923521e-02 1.181715e-01 6.725372e-04 8.554870e-02 5.962568e-02 7.252209e-02 7.7328752377e+04 2.0271401186e+05 2.0367152769e+05
1935.9675 7.748706e-02 1.163284e-01 6.389127e-04 8.348152e-02 5.839458e-02 7.514968e-02 7.7349464587e+04 2.0272067652e+05 2.0364590064e+05
1936.9680 7.617795e-02 1.153549e-01 7.004509e-04 7.989769e-02 5.619340e-02 8.113633e-02 7.7385353609e+04 2.0274175075e+05 2.0358975340e+05
1937.9685 7.462677e-02 1.136965e-01 6.831929e-04 7.431369e-02 5.269882e-02 8.954956e-02 7.7435120262e+04 2.0277332465e+05 2.0350995621e+05
1938.9690 7.184983e-02 1.085293e-01 7.154790e-04 6.684117e-02 4.795552e-02 1.006970e-01 7.7496639281e+04 2.0280961784e+05 2.0341578193e+05
1939.9695 6.819008e-02 1.005400e-01 7.233743e-04 5.919034e-02 4.312284e-02 1.132545e-01 7.7564286649e+04 2.0284615221e+05 2.0331625302e+05
1940.9700 6.318551e-02 9.113856e-02 7.356858e-04 5.101468e-02 3.784456e-02 1.250949e-01 7.7632572903e+04 2.0287950179e+05 2.0322107399e+05
1941.9705 5.869986e-02 8.006648e-02 8.181583e-04 4.381406e-02 3.315947e-02 1.359187e-01 7.7695141350e+04 2.0290782811e+05 2.0313684914e+05
1942.9710 5.534993e-02 7.120184e-02 7.573518e-04 3.782857e-02 2.915000e-02 1.451061e-01 7.7747611906e+04 2.0292812559e+05 2.0306934887e+05
1943.9715 5.238467e-02 6.647756e-02 8.180415e-04 3.371410e-02 2.615918e-02 1.509876e-01 7.7788580795e+04 2.0293771918e+05 2.0302233733e+05
1944.9720 5.131278e-02 6.551956e-02 7.813158e-04 3.205960e-02 2.489890e-02 1.534451e-01 7.7815235584e+04 2.0293667829e+05 2.0299777376e+05
1945.9725 5.191454e-02 6.869862e-02 7.849389e-04 3.269826e-02 2.484141e-02 1.516967e-01 7.7825056260e+04 2.0292659073e+05 2.0299691269e+05
1946.9730 5.249243e-02 7.452715e-02 8.324701e-04 3.588098e-02 2.663627e-02 1.461039e-01 7.7816184428e+04 2.0291097872e+05 2.0301908494e+05
1947.9735 5.535429e-02 8.127905e-02 7.749492e-04 4.159821e-02 3.022115e-02 1.371877e-01 7.7788753972e+04 2.0289032489e+05 2.0306313984e+05
1948.9740 5.915723e-02 8.767203e-02 7.771209e-04 4.848343e-02 3.452416e-02 1.259228e-01 7.7747499305e+04 2.0286312135e+05 2.0312751789e+05
1949.9745 6.251160e-02 9.176469e-02 7.542794e-04 5.649768e-02 3.994421e-02 1.128681e-01 7.7699388655e+04 2.0282828331e+05 2.0320739750e+05
1950.9750 6.573297e-02 9.670959e-02 7.035512e-04 6.537025e-02 4.583464e-02 9.917805e-02 7.7650207466e+04 2.0278514102e+05 2.0329608868e+05
1951.9755 7.057916e-02 1.036841e-01 6.983021e-04 7.297237e-02 5.112699e-02 8.649947e-02 7.7604600630e+04 2.0273605304e+05 2.0338596858e+05
1952.9760 7.528631e-02 1.119319e-01 6.716311e-04 7.920494e-02 5.557774e-02 7.600078e-02 7.7567812998e+04 2.0268580933e+05 2.0346770453e+05
1953.9765 7.900044e-02 1.205729e-01 6.670625e-04 8.397236e-02 5.905045e-02 6.875277e-02 7.7544069082e+04 2.0263944801e+05 2.0353245344e+05
1954.9770 8.118911e-02 1.252063e-01 6.417820e-04 8.568054e-02 6.047085e-02 6.562043e-02 7.7537587860e+04 2.0260216461e+05 2.0357337917e+05
1955.9775 7.993483e-02 1.255298e-01 6.688090e-04 8.554543e-02 6.067472e-02 6.617456e-02 7.7551086390e+04 2.0257915082e+05 2.0358304089e+05
1956.9780 7.831324e-02 1.211893e-01 6.581152e-04 8.227482e-02 5.875133e-02 7.141855e-02 7.7583085227e+04 2.0257454337e+05 2.0355794480e+05
1957.9785 7.606644e-02 1.127938e-01 7.001089e-04 7.658119e-02 5.502252e-02 8.104949e-02 7.7632416685e+04 2.0259054265e+05 2.0349682577e+05
1958.9790 7.171955e-02 1.045532e-01 6.863517e-04 6.930661e-02 5.018973e-02 9.339625e-02 7.7696234939e+04 2.0262565776e+05 2.0340284266e+05
1959.9795 6.804123e-02 9.514496e-02 7.352953e-04 6.050202e-02 4.406084e-02 1.068768e-01 7.7769740331e+04 2.0267626832e+05 2.0328462101e+05
1960.9800 6.431248e-02 8.592350e-02 7.654859e-04 5.178625e-02 3.804217e-02 1.209166e-01 7.7846800191e+04 2.0273595968e+05 2.0315331718e+05
1961.9805 5.889871e-02 7.852162e-02 7.534181e-04 4.327461e-02 3.191936e-02 1.349712e-01 7.7919353305e+04 2.0279867836e+05 2.0302343701e+05
1962.9810 5.369142e-02 7.349166e-02 8.413058e-04 3.662087e-02 2.696680e-02 1.458972e-01 7.7980453871e+04 2.0285637664e+05 2.0290904951e+05
1963.9815 5.055663e-02 7.166271e-02 8.001610e-04 3.199948e-02 2.351643e-02 1.531248e-01 7.8025129760e+04 2.0289883844e+05 2.0282427207e+05
1964.9820 4.975807e-02 7.066931e-02 8.746134e-04 2.938871e-02 2.136296e-02 1.562209e-01 7.8051306585e+04 2.0291818924e+05 2.0278000696e+05
1965.9825 4.881238e-02 6.906623e-02 8.437453e-04 2.990444e-02 2.163871e-02 1.544584e-01 7.8059302565e+04 2.0291089491e+05 2.0278086976e+05
1966.9830 4.981703e-02 6.922755e-02 8.020129e-04 3.344799e-02 2.396866e-02 1.483408e-01 7.8047877746e+04 2.0287681401e+05 2.0282603145e+05
1967.9835 5.387341e-02 7.188654e-02 8.329851e-04 3.895234e-02 2.780767e-02 1.385734e-01 7.8017334465e+04 2.0282188441e+05 2.0290896397e+05
1968.9840 5.876135e-02 7.857414e-02 7.605646e-04 4.630679e-02 3.317576e-02 1.253001e-01 7.7971839066e+04 2.0275372557e+05 2.0301818210e+05
1969.9845 6.279527e-02 8.810257e-02 7.419475e-04 5.520744e-02 3.945079e-02 1.104761e-01 7.7917552944e+04 2.0268066050e+05 2.0313996139e+05
1970.9850 6.762356e-02 9.845589e-02 7.239001e-04 6.403609e-02 4.582488e-02 9.590856e-02 7.7861552653e+04 2.0260992387e+05 2.0326034468e+05
1971.9855 7.226070e-02 1.085853e-01 6.778923e-04 7.240575e-02 5.177897e-02 8.220975e-02 7.7811652378e+04 2.0254864044e+05 2.0336534689e+05
1972.9860 7.545949e-02 1.167856e-01 7.028338e-04 7.913141e-02 5.666947e-02 7.163663e-02 7.7773605762e+04 2.0250346178e+05 2.0344358353e+05
1973.9865 7.874316e-02 1.221585e-01 6.661131e-04 8.337337e-02 5.968958e-02 6.438725e-02 7.7751325213e+04 2.0247820095e+05 2.0348758871e+05
1974.9870 8.114420e-02 1.240706e-01 6.471643e-04 8.560669e-02 6.136814e-02 6.170446e-02 7.7747963264e+04 2.0247354233e+05 2.0349341331e+05
1975.9875 8.058889e-02 1.205149e-01 6.670907e-04 8.421043e-02 6.032244e-02 6.395601e-02 7.7766090578e+04 2.0248749488e+05 2.0346305158e+05
1976.9880 7.827322e-02 1.131535e-01 6.992386e-04 8.079520e-02 5.783668e-02 7.081000e-02 7.7804404674e+04 2.0251624942e+05 2.0339948983e+05
1977.9885 7.414183e-02 1.059462e-01 6.860143e-04 7.482172e-02 5.352153e-02 8.140125e-02 7.7859044131e+04 2.0255570557e+05 2.0330979748e+05
1978.9890 6.973863e-02 1.007903e-01 7.399452e-04 6.697143e-02 4.776987e-02 9.384711e-02 7.7925835721e+04 2.0260029555e+05 2.0320276528e+05
1979.9895 6.546452e-02 9.566884e-02 7.291609e-04 5.843753e-02 4.167888e-02 1.083845e-01 7.7999059366e+04 2.0264524136e+05 2.0308840079e+05
1980.9900 6.039515e-02 8.930545e-02 7.699701e-04 4.943713e-02 3.505608e-02 1.233876e-01 7.8073327033e+04 2.0268597967e+05 2.0297824189e+05
1981.9905 5.606293e-02 8.305760e-02 8.116621e-04 4.166752e-02 2.957421e-02 1.357454e-01 7.8142290743e+04 2.0271847526e+05 2.0288139658e+05
1982.9910 5.284039e-02 7.496520e-02 8.080683e-04 3.518822e-02 2.500820e-02 1.455041e-01 7.8198643884e+04 2.0274259216e+05 2.0280599479e+05
1983.9915 4.930070e-02 6.876211e-02 8.495008e-04 3.073554e-02 2.196328e-02 1.515651e-01 7.8236808511e+04 2.0275777510e+05 2.0275710205e+05
1984.9920 4.920326e-02 6.453433e-02 8.130840e-04 2.928878e-02 2.120893e-02 1.527319e-01 7.8254213824e+04 2.0276223874e+05 2.0273747166e+05
1985.9925 5.034734e-02 6.381146e-02 8.260561e-04 3.041186e-02 2.224996e-02 1.497634e-01 7.8252568450e+04 2.0275278663e+05 2.0274867992e+05
1986.9930 5.056128e-02 6.861777e-02 8.371144e-04 3.389099e-02 2.499530e-02 1.430944e-01 7.8235364304e+04 2.0272740292e+05 2.0278946116e+05
1987.9935 5.394355e-02 7.575662e-02 7.849568e-04 3.970949e-02 2.932046e-02 1.321076e-01 7.8204010246e+04 2.0268879563e+05 2.0285555702e+05
1988.9940 5.892601e-02 8.473470e-02 7.882075e-04 4.713817e-02 3.465720e-02 1.195260e-01 7.8161171624e+04 2.0264071866e+05 2.0294078006e+05
1989.9945 6.300457e-02 9.402757e-02 7.541171e-04 5.522140e-02 4.046946e-02 1.062920e-01 7.8112606526e+04 2.0258720161e+05 2.0303726305e+05
1990.9950 6.781714e-02 1.019920e-01 7.351541e-04 6.328070e-02 4.612159e-02 9.268847e-02 7.8063816811e+04 2.0253226755e+05 2.0313579015e+05
1991.9955 7.221071e-02 1.070708e-01 6.958298e-04 7.042268e-02 5.108229e-02 8.155778e-02 7.8021510617e+04 2.0248002496e+05 2.0322613685e+05
1992.9960 7.412705e-02 1.093663e-01 7.000858e-04 7.647871e-02 5.509409e-02 7.246781e-02 7.7992250721e+04 2.0243591898e+05 2.0329747355e+05
1993.9965 7.571171e-02 1.108590e-01 6.582238e-04 8.065302e-02 5.779971e-02 6.701279e-02 7.7978284864e+04 2.0240484480e+05 2.0334074256e+05
1994.9970 7.744186e-02 1.140088e-01 6.583855e-04 8.142960e-02 5.805261e-02 6.616190e-02 7.7981365068e+04 2.0238966065e+05 2.0335075933e+05
1995.9975 7.656972e-02 1.159312e-01 6.854630e-04 8.058345e-02 5.720055e-02 6.893062e-02 7.8003367329e+04 2.0239292350e+05 2.0332464341e+05
1996.9980 7.502296e-02 1.151961e-01 6.434949e-04 7.707304e-02 5.442035e-02 7.527572e-02 7.8041976268e+04 2.0241372975e+05 2.0326610970e+05
1997.9985 7.259924e-02 1.103700e-01 7.183617e-04 7.162392e-02 5.047771e-02 8.440060e-02 7.8094279467e+04 2.0244931068e+05 2.0318115504e+05
1998.9990 6.689743e-02 1.029151e-01 7.160761e-04 6.485856e-02 4.564335e-02 9.612505e-02 7.8155901677e+04 2.0249562166e+05 2.0307853682e+05
1999.9995 6.243762e-02 9.388957e-02 7.597757e-04 5.696521e-02 4.026776e-02 1.086561e-01 7.8219846561e+04 2.0254689822e+05 2.0296901664e+05
2001.0000 5.946843e-02 8.347747e-02 7.741701e-04 4.940121e-02 3.513647e-02 1.206182e-01 7.8282095938e+04 2.0259591167e+05 2.0286346373e+05
2002.0005 5.527261e-02 7.553909e-02 7.869708e-04 4.222083e-02 3.037940e-02 1.310199e-01 7.8339555042e+04 2.0263435339e+05 2.0277305634e+05
2003.0010 5.241193e-02 7.066310e-02 8.313020e-04 3.653418e-02 2.676453e-02 1.391838e-01 7.8387103101e+04 2.0265721442e+05 2.0270621480e+05
2004.0015 5.087074e-02 6.796158e-02 8.084489e-04 3.321749e-02 2.475968e-02 1.438179e-01 7.8420758035e+04 2.0266337562e+05 2.0266838247e+05
2005.0020 5.034839e-02 6.907129e-02 8.157164e-04 3.169834e-02 2.395828e-02 1.451356e-01 7.8437575017e+04 2.0265262921e+05 2.0266248450e+05
2006.0025 5.119100e-02 7.314533e-02 8.417508e-04 3.236719e-02 2.464454e-02 1.431763e-01 7.8437515588e+04 2.0262612852e+05 2.0268732226e+05
2007.0030 5.348112e-02 7.659664e-02 8.073707e-04 3.537767e-02 2.682922e-02 1.366753e-01 7.8423958637e+04 2.0258683585e+05 2.0273829666e+05
2008.0035 5.459935e-02 7.881793e-02 8.075689e-04 4.018081e-02 3.020838e-02 1.288573e-01 7.8400309155e+04 2.0253948466e+05 2.0280787744e+05
2009.0040 5.741266e-02 8.126455e-02 7.897533e-04 4.623067e-02 3.431552e-02 1.189257e-01 7.8369084623e+04 2.0249013559e+05 2.0288628015e+05
2010.0045 6.152497e-02 8.582725e-02 7.630352e-04 5.318667e-02 3.901289e-02 1.072456e-01 7.8332909339e+04 2.0244606110e+05 2.0296308388e+05
2011.0050 6.463786e-02 9.308294e-02 7.429232e-04 5.989142e-02 4.343661e-02 9.657151e-02 7.8295700261e+04 2.0241169692e+05 2.0303031356e+05
2012.0055 6.862198e-02 1.008101e-01 7.038923e-04 6.684090e-02 4.789969e-02 8.623956e-02 7.8261824551e+04 2.0238885487e+05 2.0308185634e+05
2013.0060 7.138769e-02 1.077525e-01 7.111841e-04 7.251311e-02 5.152274e-02 7.785181e-02 7.8236223539e+04 2.0237618993e+05 2.0311585063e+05
2014.0065 7.226527e-02 1.123213e-01 7.014442e-04 7.601119e-02 5.365893e-02 7.271570e-02 7.8222793140e+04 2.0237067024e+05 2.0313240238e+05
2015.0070 7.308779e-02 1.148102e-01 6.915219e-04 7.836311e-02 5.513925e-02 7.027997e-02 7.8222713738e+04 2.0236979525e+05 2.0313152087e+05
2016.0075 7.330507e-02 1.144174e-01 6.966861e-04 7.798571e-02 5.477894e-02 7.066479e-02 7.8237160811e+04 2.0237130918e+05 2.0311580448e+05
2017.0080 7.246488e-02 1.107189e-01 7.169358e-04 7.576332e-02 5.321597e-02 7.502459e-02 7.8266140238e+04 2.0237315380e+05 2.0308650002e+05
2018.0085 7.029693e-02 1.044881e-01 6.975717e-04 7.131805e-02 5.034083e-02 8.238272e-02 7.8307838035e+04 2.0237609098e+05 2.0304526184e+05
2019.0090 6.792840e-02 9.661400e-02 7.549017e-04 6.533185e-02 4.646444e-02 9.118016e-02 7.8358883971e+04 2.0238207047e+05 2.0299275908e+05
2020.0095 6.362381e-02 9.018714e-02 7.331525e-04 5.894814e-02 4.220389e-02 1.017487e-01 7.8414971681e+04 2.0239355380e+05 2.0292954557e+05
2021.0100 5.942297e-02 8.566774e-02 7.816157e-04 5.186394e-02 3.750786e-02 1.121363e-01 7.8471507430e+04 2.0241223147e+05 2.0285840689e+05
2022.0105 5.656685e-02 8.236303e-02 7.962774e-04 4.526977e-02 3.323620e-02 1.226286e-01 7.8524417375e+04 2.0243696496e+05 2.0278336737e+05
2023.0110 5.427277e-02 7.899226e-02 7.835219e-04 3.977302e-02 2.961521e-02 1.310314e-01 7.8571622127e+04 2.0246482623e+05 2.0271083941e+05
2024.0115 5.230850e-02 7.434578e-02 8.260974e-04 3.520476e-02 2.650966e-02 1.372653e-01 7.8610197296e+04 2.0249164326e+05 2.0264870667e+05
2025.0120 5.087425e-02 7.122580e-02 8.181580e-04 3.281468e-02 2.493257e-02 1.405575e-01 7.8636403639e+04 2.0251282904e+05 2.0260338626e+05
2026.0125 5.104158e-02 6.863485e-02 8.161794e-04 3.256834e-02 2.470368e-02 1.398846e-01 7.8648224506e+04 2.0252504662e+05 2.0258083254e+05
2027.0130 5.132260e-02 6.845868e-02 8.321168e-04 3.414914e-02 2.572127e-02 1.372484e-01 7.8645166779e+04 2.0252428069e+05 2.0258466701e+05
2028.0135 5.293867e-02 7.087156e-02 8.122567e-04 3.763607e-02 2.792780e-02 1.309724e-01 7.8629225148e+04 2.0250805503e+05 2.0261546375e+05
2029.0140 5.516747e-02 7.650052e-02 8.175003e-04 4.297812e-02 3.137244e-02 1.218829e-01 7.8603744705e+04 2.0247541611e+05 2.0267055907e+05
2030.0145 5.785594e-02 8.479314e-02 7.772103e-04 4.914285e-02 3.534499e-02 1.121911e-01 7.8571564588e+04 2.0242898632e+05 2.0274451784e+05
2031.0150 6.110998e-02 9.211426e-02 7.495298e-04 5.649551e-02 4.020158e-02 1.010382e-01 7.8536216239e+04 2.0237607156e+05 2.0282816933e+05
2032.0155 6.570656e-02 9.955321e-02 7.517135e-04 6.292669e-02 4.448008e-02 9.010183e-02 7.8500419268e+04 2.0232246796e+05 2.0291283840e+05
2033.0160 6.972022e-02 1.057773e-01 7.145623e-04 6.873983e-02 4.836959e-02 8.084232e-02 7.8468874091e+04 2.0227419791e+05 2.0298827004e+05
2034.0165 7.170234e-02 1.080113e-01 7.066893e-04 7.371419e-02 5.195478e-02 7.307803e-02 7.8446631836e+04 2.0223763376e+05 2.0304514802e+05
2035.0170 7.279658e-02 1.069841e-01 6.849531e-04 7.623321e-02 5.373657e-02 6.853036e-02 7.8436944936e+04 2.0221529875e+05 2.0307721391e+05
2036.0175 7.370870e-02 1.060133e-01 6.796055e-04 7.733794e-02 5.462395e-02 6.776156e-02 7.8441415819e+04 2.0220854743e+05 2.0307909447e+05
2037.0180 7.248981e-02 1.070035e-01 7.146783e-04 7.567313e-02 5.373261e-02 6.991326e-02 7.8461816412e+04 2.0221644331e+05 2.0305098623e+05
2038.0185 7.061256e-02 1.076140e-01 7.166687e-04 7.195158e-02 5.131198e-02 7.551984e-02 7.8496925889e+04 2.0223707413e+05 2.0299598143e+05
2039.0190 6.945923e-02 1.054199e-01 6.998598e-04 6.706921e-02 4.799344e-02 8.401327e-02 7.8544049217e+04 2.0226686670e+05 2.0292024587e+05
2040.0195 6.650552e-02 9.908258e-02 7.445088e-04 6.033628e-02 4.352083e-02 9.425111e-02 7.8600936478e+04 2.0230146627e+05 2.0283287465e+05
2041.0200 6.142844e-02 9.072482e-02 7.507141e-04 5.306945e-02 3.860407e-02 1.061500e-01 7.8662013139e+04 2.0233687971e+05 2.0274192356e+05
2042.0205 5.758587e-02 8.099253e-02 7.878673e-04 4.608450e-02 3.377159e-02 1.173650e-01 7.8720955333e+04 2.0237056603e+05 2.0265499989e+05
2043.0210 5.463959e-02 7.258421e-02 8.124637e-04 3.952931e-02 2.922323e-02 1.272154e-01 7.8773452305e+04 2.0239878732e+05 2.0257929985e+05
2044.0215 5.102098e-02 6.672698e-02 8.368134e-04 3.462409e-02 2.569724e-02 1.349689e-01 7.8817279299e+04 2.0241834121e+05 2.0252009328e+05
2045.0220 5.023673e-02 6.490032e-02 8.271844e-04 3.155124e-02 2.336474e-02 1.393803e-01 7.8848953482e+04 2.0242625257e+05 2.0248190182e+05
2046.0225 5.015876e-02 6.589848e-02 8.374097e-04 3.066847e-02 2.255907e-02 1.414972e-01 7.8866685105e+04 2.0242274601e+05 2.0246711378e+05
2047.0230 4.952996e-02 6.940003e-02 8.308659e-04 3.189633e-02 2.316651e-02 1.382914e-01 7.8869083250e+04 2.0241037268e+05 2.0247651398e+05
2048.0235 5.122409e-02 7.453267e-02 8.214552e-04 3.536417e-02 2.547753e-02 1.319314e-01 7.8854025954e+04 2.0239045584e+05 2.0250897233e+05
2049.0240 5.412944e-02 8.002253e-02 7.939237e-04 4.054789e-02 2.888904e-02 1.235340e-01 7.8824099626e+04 2.0236374557e+05 2.0256213253e+05
2050.0245 5.739544e-02 8.259105e-02 7.946844e-04 4.752144e-02 3.372144e-02 1.118714e-01 7.8785281778e+04 2.0233136218e+05 2.0263101984e+05
2051.0250 6.069464e-02 8.589468e-02 7.881419e-04 5.432016e-02 3.852548e-02 9.982255e-02 7.8742335893e+04 2.0229263849e+05 2.0271021093e+05
2052.0255 6.482348e-02 9.025368e-02 7.182891e-04 6.169631e-02 4.373578e-02 8.810116e-02 7.8700457208e+04 2.0224984655e+05 2.0279116571e+05
2053.0260 6.886847e-02 9.830277e-02 7.448976e-04 6.825812e-02 4.855095e-02 7.752023e-02 7.8664327239e+04 2.0220559709e+05 2.0286633838e+05
2054.0265 7.227689e-02 1.074282e-01 6.829601e-04 7.284536e-02 5.182255e-02 6.917803e-02 7.8638396273e+04 2.0216399352e+05 2.0292907894e+05
2055.0270 7.534911e-02 1.132119e-01 7.044446e-04 7.639162e-02 5.439414e-02 6.466493e-02 7.8626065863e+04 2.0212920238e+05 2.0297195937e+05
2056.0275 7.623744e-02 1.162591e-01 7.103097e-04 7.687666e-02 5.486117e-02 6.346298e-02 7.8630693899e+04 2.0210421281e+05 2.0299078803e+05
2057.0280 7.382677e-02 1.136055e-01 6.894429e-04 7.516068e-02 5.381933e-02 6.631175e-02 7.8653610952e+04 2.0209350023e+05 2.0298060357e+05
2058.0285 7.048217e-02 1.074719e-01 7.052391e-04 7.176636e-02 5.154440e-02 7.317424e-02 7.8691947930e+04 2.0210026666e+05 2.0293884418e+05
2059.0290 6.866543e-02 9.820538e-02 7.454795e-04 6.578188e-02 4.736010e-02 8.245747e-02 7.8743016869e+04 2.0212541243e+05 2.0286745299e+05
2060.0295 6.515555e-02 8.992884e-02 7.337070e-04 5.869263e-02 4.241849e-02 9.447896e-02 7.8803991160e+04 2.0216578004e+05 2.0277083633e+05
2061.0300 6.072159e-02 8.343048e-02 7.808042e-04 5.121424e-02 3.709015e-02 1.064776e-01 7.8869788817e+04 2.0221743354e+05 2.0265810407e+05
2062.0305 5.698787e-02 7.778249e-02 8.000546e-04 4.394042e-02 3.182928e-02 1.180023e-01 7.8933362191e+04 2.0227468237e+05 2.0254149190e+05
2063.0310 5.233442e-02 7.425496e-02 7.835824e-04 3.780154e-02 2.741448e-02 1.281780e-01 7.8988017210e+04 2.0233038917e+05 2.0243455769e+05
2064.0315 5.024273e-02 7.049853e-02 8.374222e-04 3.308118e-02 2.388168e-02 1.354749e-01 7.9028699691e+04 2.0237576762e+05 2.0235119685e+05
2065.0320 4.877683e-02 6.791576e-02 8.290853e-04 3.039488e-02 2.190802e-02 1.396550e-01 7.9053527476e+04 2.0240177708e+05 2.0230224427e+05
2066.0325 4.754953e-02 6.701519e-02 8.495119e-04 2.979939e-02 2.142295e-02 1.387122e-01 7.9063047499e+04 2.0240176145e+05 2.0229435225e+05
2067.0330 4.840452e-02 6.711726e-02 8.425493e-04 3.176010e-02 2.285427e-02 1.347296e-01 7.9056030798e+04 2.0237526594e+05 2.0232777237e+05
2068.0335 5.213785e-02 6.898826e-02 8.007336e-04 3.568247e-02 2.564714e-02 1.276433e-01 7.9033568398e+04 2.0232591638e+05 2.0239740787e+05
2069.0340 5.416359e-02 7.359123e-02 8.454671e-04 4.132669e-02 2.978176e-02 1.173596e-01 7.8999773339e+04 2.0226200843e+05 2.0249271405e+05
2070.0345 5.821917e-02 8.120984e-02 7.860713e-04 4.757226e-02 3.417565e-02 1.059750e-01 7.8956795928e+04 2.0219227162e+05 2.0260103304e+05
2071.0350 6.385447e-02 9.078839e-02 7.831442e-04 5.511126e-02 3.961217e-02 9.377542e-02 7.8911005574e+04 2.0212544853e+05 2.0270720660e+05
2072.0355 6.672594e-02 1.001706e-01 7.574238e-04 6.199240e-02 4.452205e-02 8.254142e-02 7.8870591197e+04 2.0206868908e+05 2.0279918284e+05
2073.0360 6.926292e-02 1.065325e-01 7.423277e-04 6.752659e-02 4.841385e-02 7.347330e-02 7.8839957251e+04 2.0202843230e+05 2.0286636102e+05
2074.0365 7.157604e-02 1.103138e-01 7.153578e-04 7.189217e-02 5.159254e-02 6.750954e-02 7.8822158479e+04 2.0200838404e+05 2.0290117641e+05
2075.0370 7.348376e-02 1.112542e-01 7.241156e-04 7.361322e-02 5.277261e-02 6.467629e-02 7.8820230899e+04 2.0200833527e+05 2.0290199199e+05
2076.0375 7.417067e-02 1.091341e-01 7.196632e-04 7.364981e-02 5.276343e-02 6.544593e-02 7.8835418528e+04 2.0202572263e+05 2.0286970211e+05
2077.0380 7.224977e-02 1.043941e-01 7.395630e-04 7.144159e-02 5.124881e-02 7.003254e-02 7.8867580343e+04 2.0205574753e+05 2.0280983671e+05
2078.0385 6.895828e-02 9.868952e-02 7.329568e-04 6.702186e-02 4.798821e-02 7.773026e-02 7.8913691589e+04 2.0209298975e+05 2.0273009634e+05
2079.0390 6.418187e-02 9.408656e-02 7.367663e-04 6.157130e-02 4.401832e-02 8.778328e-02 7.8968628837e+04 2.0213315325e+05 2.0263852626e+05
2080.0395 6.041483e-02 8.952794e-02 7.883064e-04 5.501792e-02 3.932046e-02 9.836487e-02 7.9027271838e+04 2.0217164144e+05 2.0254500056e+05
2081.0400 5.790503e-02 8.456972e-02 7.794282e-04 4.835500e-02 3.447627e-02 1.092880e-01 7.9084889625e+04 2.0220369343e+05 2.0245857382e+05
2082.0405 5.403593e-02 7.914480e-02 7.947034e-04 4.227665e-02 3.012866e-02 1.190348e-01 7.9138156287e+04 2.0222612562e+05 2.0238688922e+05
2083.0410 5.110795e-02 7.241971e-02 8.102257e-04 3.719017e-02 2.653887e-02 1.268815e-01 7.9181827071e+04 2.0223803932e+05 2.0233552456e+05
2084.0415 4.970164e-02 6.730748e-02 8.197834e-04 3.358357e-02 2.413456e-02 1.314660e-01 7.9210923003e+04 2.0224074732e+05 2.0230690339e+05
2085.0420 4.894930e-02 6.472708e-02 8.294259e-04 3.193670e-02 2.300097e-02 1.321725e-01 7.9223794549e+04 2.0223556248e+05 2.0230136391e+05
2086.0425 4.857945e-02 6.526438e-02 8.563626e-04 3.265321e-02 2.354073e-02 1.308546e-01 7.9220620381e+04 2.0222253879e+05 2.0231762302e+05
2087.0430 5.120125e-02 6.922220e-02 8.276414e-04 3.489558e-02 2.527557e-02 1.258105e-01 7.9203950062e+04 2.0220066350e+05 2.0235393031e+05
2088.0435 5.344892e-02 7.521823e-02 8.360444e-04 3.881122e-02 2.809512e-02 1.179393e-01 7.9178199856e+04 2.0217107612e+05 2.0240642737e+05
2089.0440 5.570226e-02 8.220738e-02 7.884602e-04 4.395818e-02 3.172104e-02 1.091505e-01 7.9146259315e+04 2.0213542265e+05 2.0247032062e+05
2090.0445 6.042000e-02 8.977694e-02 7.954050e-04 4.990259e-02 3.605277e-02 9.918445e-02 7.9111197284e+04 2.0209597936e+05 2.0253978672e+05
2091.0450 6.463730e-02 9.683122e-02 7.793967e-04 5.527465e-02 3.979267e-02 9.004058e-02 7.9078015486e+04 2.0205523531e+05 2.0260908213e+05
2092.0455 6.707350e-02 1.000055e-01 7.757658e-04 6.061112e-02 4.349567e-02 8.183772e-02 7.9052283420e+04 2.0201723837e+05 2.0267025995e+05
2093.0460 6.815052e-02 1.002289e-01 7.394581e-04 6.484833e-02 4.643755e-02 7.618607e-02 7.9037109449e+04 2.0198525733e+05 2.0271634301e+05
2094.0465 6.987234e-02 1.004910e-01 7.404134e-04 6.741285e-02 4.818734e-02 7.233354e-02 7.9034424364e+04 2.0196252825e+05 2.0274073842e+05
2095.0470 6.923832e-02 1.022529e-01 7.472804e-04 6.888657e-02 4.912214e-02 7.145858e-02 7.9045390583e+04 2.0195275867e+05 2.0273847548e+05
2096.0475 6.864639e-02 1.034033e-01 7.068224e-04 6.808791e-02 4.848743e-02 7.373565e-02 7.9068514691e+04 2.0195798326e+05 2.0270955988e+05
2097.0480 6.816651e-02 1.010916e-01 7.563291e-04 6.566841e-02 4.667258e-02 7.812834e-02 7.9102648099e+04 2.0197782027e+05 2.0265660890e+05
2098.0485 6.504548e-02 9.680087e-02 7.534489e-04 6.242222e-02 4.429527e-02 8.461311e-02 7.9145406246e+04 2.0200915883e+05 2.0258514592e+05
2099.0490 6.105963e-02 9.088821e-02 7.583577e-04 5.790442e-02 4.113516e-02 9.190605e-02 7.9192395865e+04 2.0204785915e+05 2.0250358531e+05
2100.0495 5.827301e-02 8.500455e-02 7.429033e-04 5.299404e-02 3.768846e-02 1.000351e-01 7.9237752282e+04 2.0208893624e+05 2.0242075195e+05
2101.0500 5.637454e-02 7.870490e-02 7.738702e-04 4.795771e-02 3.422737e-02 1.076008e-01 7.9278551759e+04 2.0212644322e+05 2.0234615015e+05
2102.0505 5.387984e-02 7.390926e-02 8.270742e-04 4.350814e-02 3.112346e-02 1.142676e-01 7.9313459914e+04 2.0215262154e+05 2.0228834507e+05
2103.0510 5.242098e-02 7.207205e-02 8.128173e-04 3.991293e-02 2.875459e-02 1.187542e-01 7.9340144826e+04 2.0216254785e+05 2.0225364887e+05
2104.0515 5.185138e-02 7.204279e-02 8.314890e-04 3.760828e-02 2.717945e-02 1.209930e-01 7.9356739671e+04 2.0215540281e+05 2.0224508623e+05
2105.0520 5.156693e-02 7.341062e-02 8.372374e-04 3.702270e-02 2.680466e-02 1.220411e-01 7.9362112633e+04 2.0213296151e+05 2.0226169976e+05
2106.0525 5.264039e-02 7.536325e-02 8.348833e-04 3.720880e-02 2.703865e-02 1.193625e-01 7.9356755552e+04 2.0209978579e+05 2.0229996686e+05
2107.0530 5.474014e-02 7.838204e-02 8.493567e-04 3.882131e-02 2.817660e-02 1.162229e-01 7.9343198392e+04 2.0205855843e+05 2.0235283575e+05
2108.0535 5.699771e-02 8.185850e-02 8.405731e-04 4.190209e-02 3.029496e-02 1.110687e-01 7.9326147082e+04 2.0201433635e+05 2.0241178074e+05
2109.0540 5.874268e-02 8.477666e-02 8.220956e-04 4.541144e-02 3.275873e-02 1.049960e-01 7.9308657989e+04 2.0197356694e+05 2.0246820026e+05
2110.0545 6.072765e-02 8.683253e-02 7.755559e-04 4.906194e-02 3.518410e-02 9.933410e-02 7.9292446201e+04 2.0194229933e+05 2.0251392782e+05
2111.0550 6.324543e-02 9.042360e-02 7.993986e-04 5.321153e-02 3.802345e-02 9.310648e-02 7.9279054195e+04 2.0192421060e+05 2.0254262702e+05
2112.0555 6.501397e-02 9.396786e-02 8.051161e-04 5.644900e-02 4.017537e-02 8.854785e-02 7.9270331951e+04 2.0192022828e+05 2.0255285175e+05
2113.0560 6.588959e-02 9.581420e-02 7.777451e-04 5.943603e-02 4.217617e-02 8.486760e-02 7.9268752779e+04 2.0192788041e+05 2.0254513471e+05
2114.0565 6.469977e-02 9.682885e-02 7.519169e-04 6.188509e-02 4.377981e-02 8.207845e-02 7.9275274759e+04 2.0194307807e+05 2.0252296311e+05
2115.0570 6.425146e-02 9.634166e-02 7.645584e-04 6.269777e-02 4.438235e-02 8.122333e-02 7.9288264819e+04 2.0196146744e+05 2.0249178408e+05
2116.0575 6.392493e-02 9.521564e-02 7.655554e-04 6.282846e-02 4.447593e-02 8.188721e-02 7.9306436745e+04 2.0197880046e+05 2.0245649837e+05
2117.0580 6.326955e-02 9.375873e-02 7.783250e-04 6.207920e-02 4.400205e-02 8.343464e-02 7.9328885347e+04 2.0199104932e+05 2.0242253274e+05
2118.0585 6.294173e-02 9.017746e-02 7.919572e-04 6.010043e-02 4.273660e-02 8.653269e-02 7.9354950515e+04 2.0199493747e+05 2.0239425155e+05
2119.0590 6.101429e-02 8.703926e-02 7.538035e-04 5.759001e-02 4.116001e-02 9.029355e-02 7.9383378889e+04 2.0198989878e+05 2.0237298894e+05
2120.0595 5.937563e-02 8.410689e-02 8.005514e-04 5.447218e-02 3.909878e-02 9.452871e-02 7.9410927145e+04 2.0197940625e+05 2.0235816378e+05
2121.0600 5.850699e-02 8.154784e-02 7.879965e-04 5.152988e-02 3.707821e-02 9.912298e-02 7.9435100438e+04 2.0196788425e+05 2.0234703409e+05
2122.0605 5.576017e-02 8.115583e-02 8.016556e-04 4.816251e-02 3.491313e-02 1.028873e-01 7.9456084352e+04 2.0195850185e+05 2.0233747393e+05
2123.0610 5.627917e-02 8.117601e-02 8.521110e-04 4.527145e-02 3.289389e-02 1.063426e-01 7.9472759967e+04 2.0195193951e+05 2.0232767758e+05
2124.0615 5.659915e-02 8.145044e-02 8.049968e-04 4.329681e-02 3.154095e-02 1.096069e-01 7.9486220590e+04 2.0194905689e+05 2.0231683294e+05
2125.0620 5.506920e-02 8.073683e-02 8.644261e-04 4.135291e-02 3.019892e-02 1.105256e-01 7.9497824139e+04 2.0195016788e+05 2.0230592566e+05
2126.0625 5.467608e-02 7.955156e-02 8.207294e-04 4.062631e-02 2.959126e-02 1.120309e-01 7.9504448764e+04 2.0195464887e+05 2.0229550949e+05
2127.0630 5.675750e-02 7.995610e-02 8.393918e-04 4.077383e-02 2.954495e-02 1.115208e-01 7.9506701492e+04 2.0195920341e+05 2.0228783256e+05
2128.0635 5.770996e-02 8.139808e-02 8.329917e-04 4.131512e-02 2.969776e-02 1.103850e-01 7.9507575324e+04 2.0195987073e+05 2.0228546153e+05
2129.0640 5.678975e-02 8.297063e-02 8.259044e-04 4.289134e-02 3.059161e-02 1.085495e-01 7.9509200481e+04 2.0195386189e+05 2.0228930246e+05
2130.0645 5.757932e-02 8.355057e-02 8.267201e-04 4.507572e-02 3.196407e-02 1.052907e-01 7.9511046097e+04 2.0194135193e+05 2.0229941383e+05
2131.0650 5.885575e-02 8.485707e-02 8.007656e-04 4.708285e-02 3.321953e-02 1.026848e-01 7.9511921192e+04 2.0192409275e+05 2.0231446696e+05
2132.0655 5.937505e-02 8.715533e-02 8.088629e-04 5.019344e-02 3.519753e-02 9.874797e-02 7.9512555579e+04 2.0190541105e+05 2.0233095933e+05
2133.0660 5.942591e-02 8.989394e-02 8.087017e-04 5.309331e-02 3.720297e-02 9.441163e-02 7.9512980356e+04 2.0188769340e+05 2.0234688323e+05
2134.0665 6.080458e-02 9.086169e-02 7.913862e-04 5.537472e-02 3.887673e-02 9.095459e-02 7.9513315983e+04 2.0187317189e+05 2.0235991160e+05
2135.0670 6.117560e-02 8.903084e-02 7.971019e-04 5.792604e-02 4.085514e-02 8.719899e-02 7.9515367251e+04 2.0186433354e+05 2.0236692777e+05
2136.0675 5.971871e-02 8.804162e-02 7.775273e-04 5.970083e-02 4.234366e-02 8.409130e-02 7.9519565763e+04 2.0186095653e+05 2.0236708573e+05
2137.0680 6.116534e-02 8.796206e-02 7.419361e-04 6.067194e-02 4.321990e-02 8.213985e-02 7.9524452207e+04 2.0186229160e+05 2.0236046976e+05
2138.0685 6.214931e-02 9.019339e-02 7.696565e-04 6.091567e-02 4.370052e-02 8.159980e-02 7.9531516596e+04 2.0186564431e+05 2.0234858843e+05
2139.0690 6.185883e-02 9.112083e-02 7.812561e-04 5.988550e-02 4.323888e-02 8.231649e-02 7.9542465060e+04 2.0186886253e+05 2.0233451204e+05
2140.0695 6.161603e-02 9.113849e-02 7.693358e-04 5.851527e-02 4.255555e-02 8.397865e-02 7.9556688515e+04 2.0186935403e+05 2.0231998264e+05
2141.0700 6.064379e-02 9.078462e-02 7.865636e-04 5.603915e-02 4.092087e-02 8.664135e-02 7.9573607233e+04 2.0186671399e+05 2.0230682334e+05
2142.0705 6.021875e-02 8.802692e-02 7.842438e-04 5.313718e-02 3.891206e-02 9.114312e-02 7.9592421789e+04 2.0186156262e+05 2.0229457201e+05
2143.0710 5.901155e-02 8.549053e-02 8.263702e-04 4.999934e-02 3.663082e-02 9.595277e-02 7.9613434355e+04 2.0185469400e+05 2.0228220293e+05
2144.0715 5.810507e-02 8.215421e-02 8.243783e-04 4.633506e-02 3.394567e-02 1.006049e-01 7.9637079675e+04 2.0184686907e+05 2.0226884635e+05
2145.0720 5.706731e-02 8.070264e-02 8.248508e-04 4.327554e-02 3.159379e-02 1.065179e-01 7.9661688273e+04 2.0183941593e+05 2.0225242767e+05
2146.0725 5.600063e-02 7.956520e-02 8.412406e-04 4.063472e-02 2.934225e-02 1.100170e-01 7.9686787373e+04 2.0183599095e+05 2.0223216022e+05
2147.0730 5.434515e-02 7.816706e-02 8.349157e-04 3.871596e-02 2.762787e-02 1.138282e-01 7.9708912183e+04 2.0183947676e+05 2.0220780117e+05
2148.0735 5.368139e-02 7.836752e-02 8.612120e-04 3.794015e-02 2.672574e-02 1.157953e-01 7.9725957900e+04 2.0184936472e+05 2.0218088616e+05
2149.0740 5.396004e-02 7.921052e-02 8.550525e-04 3.783863e-02 2.629153e-02 1.156398e-01 7.9737878969e+04 2.0186283239e+05 2.0215532169e+05
2150.0745 5.286058e-02 7.988524e-02 8.461702e-04 3.900847e-02 2.691785e-02 1.148153e-01 7.9745095743e+04 2.0187564748e+05 2.0213507957e+05
2151.0750 5.303962e-02 7.954114e-02 8.536469e-04 4.193987e-02 2.876850e-02 1.109093e-01 7.9747118876e+04 2.0188430282e+05 2.0212417701e+05
2152.0755 5.455557e-02 7.941124e-02 7.945689e-04 4.494918e-02 3.098015e-02 1.060392e-01 7.9742946744e+04 2.0188523709e+05 2.0212675371e+05
2153.0760 5.576259e-02 8.086354e-02 8.028550e-04 4.842199e-02 3.356941e-02 1.005671e-01 7.9733697308e+04 2.0187589109e+05 2.0214403895e+05
2154.0765 5.732909e-02 8.376869e-02 8.034973e-04 5.290906e-02 3.698677e-02 9.339885e-02 7.9721161100e+04 2.0185550999e+05 2.0217486653e+05
2155.0770 5.988724e-02 8.655240e-02 7.649267e-04 5.674896e-02 4.009365e-02 8.659784e-02 7.9707042274e+04 2.0182522542e+05 2.0221708677e+05
2156.0775 6.124481e-02 8.954453e-02 7.549762e-04 6.017499e-02 4.295679e-02 8.086633e-02 7.9694985005e+04 2.0178769005e+05 2.0226474119e+05
2157.0780 6.153597e-02 9.416343e-02 7.787805e-04 6.278521e-02 4.525254e-02 7.622905e-02 7.9686636152e+04 2.0174802189e+05 2.0231059929e+05
2158.0785 6.385886e-02 9.655446e-02 7.566668e-04 6.412199e-02 4.650056e-02 7.348042e-02 7.9683238383e+04 2.0171305342e+05 2.0234717056e+05
2159.0790 6.509507e-02 9.666645e-02 7.338693e-04 6.427336e-02 4.698817e-02 7.291951e-02 7.9687325623e+04 2.0168819174e+05 2.0236736684e+05
2160.0795 6.429656e-02 9.401344e-02 7.769530e-04 6.263862e-02 4.594461e-02 7.452437e-02 7.9700426695e+04 2.0167721121e+05 2.0236702853e+05
2161.0800 6.343778e-02 9.037910e-02 7.658078e-04 6.003026e-02 4.415009e-02 7.901763e-02 7.9721193870e+04 2.0168170871e+05 2.0234358864e+05
2162.0805 6.245001e-02 8.779325e-02 7.942266e-04 5.637800e-02 4.142227e-02 8.459605e-02 7.9748444122e+04 2.0170119259e+05 2.0229857948e+05
2163.0810 6.030558e-02 8.498253e-02 8.275637e-04 5.186666e-02 3.798504e-02 9.147299e-02 7.9781235099e+04 2.0173234123e+05 2.0223701823e+05
2164.0815 5.764284e-02 8.294889e-02 8.344657e-04 4.719897e-02 3.427125e-02 9.974001e-02 7.9817181175e+04 2.0176884872e+05 2.0216652356e+05
2165.0820 5.666864e-02 8.128230e-02 8.430987e-04 4.266741e-02 3.066194e-02 1.068638e-01 7.9854057990e+04 2.0180340347e+05 2.0209652549e+05
2166.0825 5.441358e-02 7.977770e-02 8.665974e-04 3.868398e-02 2.740395e-02 1.141568e-01 7.9889917931e+04 2.0182940351e+05 2.0203609529e+05
2167.0830 5.191201e-02 7.698959e-02 8.702300e-04 3.571983e-02 2.488271e-02 1.189909e-01 7.9921704809e+04 2.0184387374e+05 2.0199229770e+05
2168.0835 5.082892e-02 7.363191e-02 8.687996e-04 3.378218e-02 2.329853e-02 1.217502e-01 7.9945041066e+04 2.0184565552e+05 2.0196933893e+05
2169.0840 5.076098e-02 7.085962e-02 8.849249e-04 3.366012e-02 2.299919e-02 1.225224e-01 7.9958264975e+04 2.0183509517e+05 2.0196759125e+05
2170.0845 4.999753e-02 6.974235e-02 8.701936e-04 3.545393e-02 2.415612e-02 1.198570e-01 7.9962548588e+04 2.0181444938e+05 2.0198470365e+05
2171.0850 5.072744e-02 7.099051e-02 8.526296e-04 3.797642e-02 2.610528e-02 1.153223e-01 7.9957173088e+04 2.0178681298e+05 2.0201692749e+05
2172.0855 5.319972e-02 7.407680e-02 8.380714e-04 4.185968e-02 2.915366e-02 1.089412e-01 7.9943486821e+04 2.0175680499e+05 2.0205821485e+05
2173.0860 5.568863e-02 7.935280e-02 8.235499e-04 4.713114e-02 3.322204e-02 1.000046e-01 7.9923941426e+04 2.0172834510e+05 2.0210292132e+05
2174.0865 5.799818e-02 8.511703e-02 7.916400e-04 5.218333e-02 3.709324e-02 9.187496e-02 7.9901160830e+04 2.0170304310e+05 2.0214744801e+05
2175.0870 6.086550e-02 9.022805e-02 7.863286e-04 5.696862e-02 4.100187e-02 8.340284e-02 7.9878263167e+04 2.0168203465e+05 2.0218804032e+05
2176.0875 6.347338e-02 9.356846e-02 8.023502e-04 6.123427e-02 4.439169e-02 7.633994e-02 7.9858669032e+04 2.0166499331e+05 2.0222207034e+05
2177.0880 6.483665e-02 9.407338e-02 7.553615e-04 6.442195e-02 4.694492e-02 7.079700e-02 7.9845828777e+04 2.0165182674e+05 2.0224728953e+05
2178.0885 6.529206e-02 9.337495e-02 7.505454e-04 6.605870e-02 4.832532e-02 6.776228e-02 7.9841522755e+04 2.0164170574e+05 2.0226180795e+05
2179.0890 6.602360e-02 9.310692e-02 7.723930e-04 6.580808e-02 4.820933e-02 6.747655e-02 7.9847008443e+04 2.0163379931e+05 2.0226434458e+05
2180.0895 6.570004e-02 9.366861e-02 7.511885e-04 6.424767e-02 4.702000e-02 7.074525e-02 7.9862879317e+04 2.0162850150e+05 2.0225344076e+05
2181.0900 6.354936e-02 9.343990e-02 7.953698e-04 6.109263e-02 4.451126e-02 7.556056e-02 7.9889517064e+04 2.0162741319e+05 2.0222916892e+05
2182.0905 6.250370e-02 9.067956e-02 7.940053e-04 5.665689e-02 4.107667e-02 8.268696e-02 7.9923901206e+04 2.0163189170e+05 2.0219210668e+05
2183.0910 5.976326e-02 8.784284e-02 7.952505e-04 5.159345e-02 3.707826e-02 9.150759e-02 7.9963708230e+04 2.0164282295e+05 2.0214366247e+05
2184.0915 5.656154e-02 8.318498e-02 8.317447e-04 4.635261e-02 3.299888e-02 1.000107e-01 8.0006085049e+04 2.0166092289e+05 2.0208668423e+05
2185.0920 5.438926e-02 7.792914e-02 8.704140e-04 4.091698e-02 2.889847e-02 1.091121e-01 8.0047068788e+04 2.0168402374e+05 2.0202570655e+05
2186.0925 5.287538e-02 7.283805e-02 8.823470e-04 3.638688e-02 2.541806e-02 1.157399e-01 8.0084836092e+04 2.0170945449e+05 2.0196574386e+05
2187.0930 5.000096e-02 6.880730e-02 8.991860e-04 3.313306e-02 2.302952e-02 1.212695e-01 8.0116772998e+04 2.0173354535e+05 2.0191257739e+05
2188.0935 4.896204e-02 6.633236e-02 9.096102e-04 3.144486e-02 2.177595e-02 1.240242e-01 8.0139350156e+04 2.0175281642e+05 2.0187218046e+05
2189.0940 4.927930e-02 6.639189e-02 8.788073e-04 3.156379e-02 2.191918e-02 1.231901e-01 8.0150878085e+04 2.0176377247e+05 2.0184976342e+05
2190.0945 4.925907e-02 6.831773e-02 8.998615e-04 3.301666e-02 2.315925e-02 1.211362e-01 8.0151333150e+04 2.0176269688e+05 2.0184947397e+05
2191.0950 5.137309e-02 7.276652e-02 8.809742e-04 3.617107e-02 2.558446e-02 1.153409e-01 8.0141203159e+04 2.0174728186e+05 2.0187248520e+05
2192.0955 5.241087e-02 7.690161e-02 8.625757e-04 4.086305e-02 2.911635e-02 1.075687e-01 8.0123960337e+04 2.0171781624e+05 2.0191686484e+05
2193.0960 5.480513e-02 7.882832e-02 8.214402e-04 4.589336e-02 3.302204e-02 9.971236e-02 8.0101288301e+04 2.0167736218e+05 2.0197791301e+05
2194.0965 5.862146e-02 8.182867e-02 8.241063e-04 5.123786e-02 3.705990e-02 9.026117e-02 8.0075715747e+04 2.0163073315e+05 2.0204730153e+05
2195.0970 6.038466e-02 8.570644e-02 8.011493e-04 5.653832e-02 4.095558e-02 8.188175e-02 8.0051473301e+04 2.0158427407e+05 2.0211554343e+05
2196.0975 6.230751e-02 8.933252e-02 7.936445e-04 6.093964e-02 4.417759e-02 7.462763e-02 8.0031039596e+04 2.0154441196e+05 2.0217350789e+05
2197.0980 6.495490e-02 9.284714e-02 7.865073e-04 6.426132e-02 4.649004e-02 6.928222e-02 8.0016788105e+04 2.0151629142e+05 2.0221319946e+05
2198.0985 6.565777e-02 9.516261e-02 7.604547e-04 6.600507e-02 4.759723e-02 6.651361e-02 8.0012320088e+04 2.0150310034e+05 2.0222960488e+05
2199.0990 6.459585e-02 9.704212e-02 8.028769e-04 6.625580e-02 4.761785e-02 6.682246e-02 8.0018154495e+04 2.0150563129e+05 2.0222074664e+05
2200.0995 6.513565e-02 9.724140e-02 8.129301e-04 6.486581e-02 4.644189e-02 6.906127e-02 8.0033067629e+04 2.0152242417e+05 2.0218879518e+05
2201.1000 6.463636e-02 9.447216e-02 7.883337e-04 6.164936e-02 4.397031e-02 7.423968e-02 8.0057463103e+04 2.0154946927e+05 2.0213891409e+05
2202.1005 6.171864e-02 9.008101e-02 7.963428e-04 5.734149e-02 4.068639e-02 8.100593e-02 8.0090453051e+04 2.0158095454e+05 2.0207771254e+05
2203.1010 5.945330e-02 8.423519e-02 8.269523e-04 5.245202e-02 3.707103e-02 8.918874e-02 8.0129081033e+04 2.0161071792e+05 2.0201265450e+05
2204.1015 5.738235e-02 7.971225e-02 8.366466e-04 4.675055e-02 3.299167e-02 9.807735e-02 8.0170348575e+04 2.0163419445e+05 2.0195093472e+05
2205.1020 5.456694e-02 7.573138e-02 8.555771e-04 4.152450e-02 2.928994e-02 1.055683e-01 8.0211520598e+04 2.0164985485e+05 2.0189738328e+05
2206.1025 5.160297e-02 7.255553e-02 9.044901e-04 3.702194e-02 2.610627e-02 1.131857e-01 8.0248865389e+04 2.0165659775e+05 2.0185582887e+05
2207.1030 5.050364e-02 7.102757e-02 8.985348e-04 3.353929e-02 2.373222e-02 1.179458e-01 8.0279413735e+04 2.0165510091e+05 2.0182829153e+05
2208.1035 5.033831e-02 6.984103e-02 8.748806e-04 3.162968e-02 2.245422e-02 1.208713e-01 8.0301843162e+04 2.0164657271e+05 2.0181497692e+05
2209.1040 4.933109e-02 6.861200e-02 9.156156e-04 3.095774e-02 2.210811e-02 1.216307e-01 8.0315644739e+04 2.0163389767e+05 2.0181490376e+05
2210.1045 4.920022e-02 6.892907e-02 8.839047e-04 3.206241e-02 2.305835e-02 1.192496e-01 8.0319874541e+04 2.0161916035e+05 2.0182548127e+05
2211.1050 5.003073e-02 7.042343e-02 8.950824e-04 3.491598e-02 2.513432e-02 1.149651e-01 8.0314195859e+04 2.0160493646e+05 2.0184418531e+05
2212.1055 5.208755e-02 7.285952e-02 8.475681e-04 3.866465e-02 2.788371e-02 1.090197e-01 8.0299615558e+04 2.0159228009e+05 2.0186941336e+05
2213.1060 5.441768e-02 7.621428e-02 8.707183e-04 4.320885e-02 3.111508e-02 1.011988e-01 8.0279260440e+04 2.0158020035e+05 2.0189957449e+05
2214.1065 5.576935e-02 7.984065e-02 8.333110e-04 4.868779e-02 3.489091e-02 9.314940e-02 8.0256519596e+04 2.0156688122e+05 2.0193320892e+05
2215.1070 5.898241e-02 8.429649e-02 8.307008e-04 5.393649e-02 3.848267e-02 8.474947e-02 8.0233076148e+04 2.0155087383e+05 2.0196939687e+05
2216.1075 6.059866e-02 9.023998e-02 8.405368e-04 5.863444e-02 4.162302e-02 7.758815e-02 8.0211462427e+04 2.0153237841e+05 2.0200615725e+05
2217.1080 6.292910e-02 9.364468e-02 8.106049e-04 6.238008e-02 4.415267e-02 7.175062e-02 8.0193760239e+04 2.0151263613e+05 2.0204118282e+05
2218.1085 6.482812e-02 9.712390e-02 7.770553e-04 6.479283e-02 4.586884e-02 6.771601e-02 8.0182389939e+04 2.0149131146e+05 2.0207164846e+05
2219.1090 6.523340e-02 9.724968e-02 8.023275e-04 6.589142e-02 4.650849e-02 6.606498e-02 8.0180883680e+04 2.0147025793e+05 2.0209393497e+05
2220.1095 6.463133e-02 9.478283e-02 7.763807e-04 6.513272e-02 4.593677e-02 6.723707e-02 8.0189447287e+04 2.0145316245e+05 2.0210384330e+05
2221.1100 6.327503e-02 9.252102e-02 7.795022e-04 6.309591e-02 4.451149e-02 7.012223e-02 8.0208050545e+04 2.0144312335e+05 2.0209692877e+05
2222.1105 6.191814e-02 9.009381e-02 8.341395e-04 5.951990e-02 4.210018e-02 7.568430e-02 8.0235297609e+04 2.0144337414e+05 2.0207113162e+05
2223.1110 6.106713e-02 8.858129e-02 8.033677e-04 5.459629e-02 3.871756e-02 8.319754e-02 8.0269389962e+04 2.0145454476e+05 2.0202716298e+05
2224.1115 5.953138e-02 8.565596e-02 8.357050e-04 4.941873e-02 3.516143e-02 9.080501e-02 8.0309400589e+04 2.0147588822e+05 2.0196794523e+05
2225.1120 5.620213e-02 8.132607e-02 8.402787e-04 4.415761e-02 3.153220e-02 9.957125e-02 8.0352395800e+04 2.0150464655e+05 2.0189936480e+05
2226.1125 5.297966e-02 7.712230e-02 8.513251e-04 3.902455e-02 2.811347e-02 1.068810e-01 8.0393932819e+04 2.0153730513e+05 2.0182865608e+05
2227.1130 5.101850e-02 7.309812e-02 8.892699e-04 3.465009e-02 2.508200e-02 1.140102e-01 8.0429977712e+04 2.0156872898e+05 2.0176365856e+05
2228.1135 4.895630e-02 7.023009e-02 9.275529e-04 3.143256e-02 2.280463e-02 1.188799e-01 8.0459442392e+04 2.0159321834e+05 2.0171196414e+05
2229.1140 4.806454e-02 6.880061e-02 8.828082e-04 2.995596e-02 2.169385e-02 1.210341e-01 8.0481135639e+04 2.0160505051e+05 2.0167957827e+05
2230.1145 4.855518e-02 6.689942e-02 8.797660e-04 3.016591e-02 2.176761e-02 1.217461e-01 8.0493803987e+04 2.0160213760e+05 2.0166999052e+05
2231.1150 4.831353e-02 6.631703e-02 9.172129e-04 3.158094e-02 2.262412e-02 1.187869e-01 8.0497183080e+04 2.0158573434e+05 2.0168359201e+05
2232.1155 4.907342e-02 6.889886e-02 8.956085e-04 3.466315e-02 2.464385e-02 1.137614e-01 8.0488852199e+04 2.0155936823e+05 2.0171699584e+05
2233.1160 5.209194e-02 7.331810e-02 8.602531e-04 3.960803e-02 2.787202e-02 1.070921e-01 8.0469223414e+04 2.0152728639e+05 2.0176509811e+05
2234.1165 5.415708e-02 7.858121e-02 8.591224e-04 4.483628e-02 3.140970e-02 9.820018e-02 8.0442916594e+04 2.0149309948e+05 2.0182272170e+05
2235.1170 5.652897e-02 8.257148e-02 8.339837e-04 5.049403e-02 3.532165e-02 8.942390e-02 8.0413643914e+04 2.0145919833e+05 2.0188307663e+05
2236.1175 5.887504e-02 8.667819e-02 8.140272e-04 5.635177e-02 3.940804e-02 8.029682e-02 8.0385188078e+04 2.0142827557e+05 2.0193951613e+05
2237.1180 6.080824e-02 9.178793e-02 8.150962e-04 6.119703e-02 4.290715e-02 7.218822e-02 8.0359859583e+04 2.0140342201e+05 2.0198677886e+05
2238.1185 6.398563e-02 9.535251e-02 7.918813e-04 6.459306e-02 4.544200e-02 6.629982e-02 8.0339867567e+04 2.0138647923e+05 2.0202097385e+05
2239.1190 6.593120e-02 9.776186e-02 7.536234e-04 6.671533e-02 4.708330e-02 6.226016e-02 8.0329030382e+04 2.0137703523e+05 2.0203966113e+05
2240.1195 6.711227e-02 9.864195e-02 7.745348e-04 6.724806e-02 4.768298e-02 6.102109e-02 8.0330040209e+04 2.0137253059e+05 2.0204232608e+05
2241.1200 6.602621e-02 9.715797e-02 8.012529e-04 6.548216e-02 4.668009e-02 6.381193e-02 8.0343976368e+04 2.0137254113e+05 2.0202940889e+05
2242.1205 6.320150e-02 9.452838e-02 7.968516e-04 6.231389e-02 4.456858e-02 6.808347e-02 8.0369921034e+04 2.0137782199e+05 2.0200080575e+05
2243.1210 6.202881e-02 9.182884e-02 8.253951e-04 5.770024e-02 4.141636e-02 7.550619e-02 8.0404856381e+04 2.0138724946e+05 2.0195806970e+05
2244.1215 6.003094e-02 8.858838e-02 8.560562e-04 5.186535e-02 3.737766e-02 8.489795e-02 8.0448056552e+04 2.0140047107e+05 2.0190393677e+05
2245.1220 5.659800e-02 8.492118e-02 8.289750e-04 4.555474e-02 3.295403e-02 9.444737e-02 8.0497615407e+04 2.0141630861e+05 2.0184190049e+05
2246.1225 5.400503e-02 7.922006e-02 8.681313e-04 3.931074e-02 2.844089e-02 1.046887e-01 8.0548330843e+04 2.0143496885e+05 2.0177606411e+05
2247.1230 5.098691e-02 7.184714e-02 8.974539e-04 3.390938e-02 2.446928e-02 1.134869e-01 8.0595666996e+04 2.0145755970e+05 2.0171052926e+05
2248.1235 4.762166e-02 6.640244e-02 8.884504e-04 2.989067e-02 2.148235e-02 1.199160e-01 8.0634883904e+04 2.0148264717e+05 2.0165003147e+05
2249.1240 4.655590e-02 6.319379e-02 9.392543e-04 2.729341e-02 1.938092e-02 1.249660e-01 8.0662330358e+04 2.0150640668e+05 2.0160036350e+05
2250.1245 4.597559e-02 6.138014e-02 9.050795e-04 2.631546e-02 1.852084e-02 1.258504e-01 8.0678441871e+04 2.0152465794e+05 2.0156736262e+05
2251.1250 4.512216e-02 6.219812e-02 9.107599e-04 2.769080e-02 1.929768e-02 1.238725e-01 8.0683098738e+04 2.0153187414e+05 2.0155547977e+05
2252.1255 4.686502e-02 6.495228e-02 9.127944e-04 3.142854e-02 2.175028e-02 1.187175e-01 8.0674604882e+04 2.0152605723e+05 2.0156751743e+05
2253.1260 4.918767e-02 7.065917e-02 8.703986e-04 3.604570e-02 2.499794e-02 1.106870e-01 8.0653207946e+04 2.0150734909e+05 2.0160456746e+05
2254.1265 5.286554e-02 7.757463e-02 8.424192e-04 4.203516e-02 2.928414e-02 1.010862e-01 8.0621054864e+04 2.0147552563e+05 2.0166398811e+05
2255.1270 5.660905e-02 8.274878e-02 8.511676e-04 4.894373e-02 3.425539e-02 8.950463e-02 8.0583377406e+04 2.0143279515e+05 2.0174065479e+05
2256.1275 5.907675e-02 8.663096e-02 8.461851e-04 5.537887e-02 3.906221e-02 7.856766e-02 8.0545793622e+04 2.0138150824e+05 2.0182687392e+05
2257.1280 6.196233e-02 8.964336e-02 8.206707e-04 6.107178e-02 4.335818e-02 6.892801e-02 8.0512891136e+04 2.0132711195e+05 2.0191174279e+05
2258.1285 6.382960e-02 9.379411e-02 7.882923e-04 6.592657e-02 4.702529e-02 6.107305e-02 8.0487823902e+04 2.0127804267e+05 2.0198317572e+05
2259.1290 6.651567e-02 9.777932e-02 8.103915e-04 6.860595e-02 4.909731e-02 5.664869e-02 8.0473302090e+04 2.0124115307e+05 2.0203180499e+05
2260.1295 6.876718e-02 1.017181e-01 7.813060e-04 6.870422e-02 4.930535e-02 5.569150e-02 8.0472253746e+04 2.0122066988e+05 2.0205107464e+05
2261.1300 6.826387e-02 1.034724e-01 7.692900e-04 6.741063e-02 4.842871e-02 5.744750e-02 8.0487354645e+04 2.0121888843e+05 2.0203738495e+05
2262.1305 6.592920e-02 1.007898e-01 8.041684e-04 6.385746e-02 4.587510e-02 6.364837e-02 8.0517025469e+04 2.0123634704e+05 2.0199221672e+05
2263.1310 6.363487e-02 9.505154e-02 8.297551e-04 5.853147e-02 4.202578e-02 7.217732e-02 8.0557540116e+04 2.0127179212e+05 2.0191966333e+05
2264.1315 5.942907e-02 8.728209e-02 8.555023e-04 5.200823e-02 3.718863e-02 8.249457e-02 8.0606681747e+04 2.0132017043e+05 2.0182744852e+05
2265.1320 5.583657e-02 7.999290e-02 8.611038e-04 4.478348e-02 3.188367e-02 9.418305e-02 8.0660454649e+04 2.0137230881e+05 2.0172628005e+05
2266.1325 5.396136e-02 7.332691e-02 9.029300e-04 3.814199e-02 2.687245e-02 1.049643e-01 8.0715205575e+04 2.0141987481e+05 2.0162766018e+05
2267.1330 5.025402e-02 6.730286e-02 8.924050e-04 3.224756e-02 2.256434e-02 1.148968e-01 8.0767822034e+04 2.0145606361e+05 2.0154291921e+05
2268.1335 4.635915e-02 6.349501e-02 9.533336e-04 2.753336e-02 1.899582e-02 1.225118e-01 8.0811643383e+04 2.0147767299e+05 2.0148085919e+05
2269.1340 4.556558e-02 6.252911e-02 9.371602e-04 2.473730e-02 1.697412e-02 1.261974e-01 8.0841162786e+04 2.0148349052e+05 2.0144667703e+05
2270.1345 4.522673e-02 6.298189e-02 9.540662e-04 2.417225e-02 1.656397e-02 1.274861e-01 8.0855119826e+04 2.0147355129e+05 2.0144249244e+05
2271.1350 4.529285e-02 6.414734e-02 9.137461e-04 2.610262e-02 1.801961e-02 1.242418e-01 8.0854931505e+04 2.0144890869e+05 2.0146673593e+05
2272.1355 4.641591e-02 6.544143e-02 9.008211e-04 2.948211e-02 2.062271e-02 1.181138e-01 8.0841427802e+04 2.0141344183e+05 2.0151488808e+05
2273.1360 4.904816e-02 6.735731e-02 8.899246e-04 3.490727e-02 2.476456e-02 1.092380e-01 8.0816408497e+04 2.0137233915e+05 2.0157886727e+05
2274.1365 5.232292e-02 7.224978e-02 8.765477e-04 4.143357e-02 2.961289e-02 9.770406e-02 8.0782711325e+04 2.0133105951e+05 2.0165066982e+05
2275.1370 5.736436e-02 7.872810e-02 8.425214e-04 4.804447e-02 3.465630e-02 8.653596e-02 8.0743184689e+04 2.0129352435e+05 2.0172290576e+05
2276.1375 6.167829e-02 8.581740e-02 8.242975e-04 5.467302e-02 3.951728e-02 7.523771e-02 8.0704305542e+04 2.0126154777e+05 2.0178913165e+05
2277.1380 6.351059e-02 9.274887e-02 8.025290e-04 6.098419e-02 4.410930e-02 6.576933e-02 8.0671163686e+04 2.0123544236e+05 2.0184421579e+05
2278.1385 6.562793e-02 9.713558e-02 8.182433e-04 6.517266e-02 4.701393e-02 5.897359e-02 8.0646956085e+04 2.0121597694e+05 2.0188518743e+05
2279.1390 6.684047e-02 1.002644e-01 8.137296e-04 6.754908e-02 4.860027e-02 5.488431e-02 8.0634604125e+04 2.0120337550e+05 2.0190840871e+05
2280.1395 6.728884e-02 1.014026e-01 8.122979e-04 6.835400e-02 4.893731e-02 5.433820e-02 8.0635786718e+04 2.0119797843e+05 2.0191183133e+05
2281.1400 6.767137e-02 1.002263e-01 8.160487e-04 6.618076e-02 4.713050e-02 5.780790e-02 8.0651359125e+04 2.0119855298e+05 2.0189617610e+05
2282.1405 6.627434e-02 9.595909e-02 8.217366e-04 6.253748e-02 4.428582e-02 6.398694e-02 8.0681704939e+04 2.0120534773e+05 2.0186141414e+05
2283.1410 6.309156e-02 8.974667e-02 8.271398e-04 5.725191e-02 4.023578e-02 7.261691e-02 8.0723885074e+04 2.0121912873e+05 2.0180952649e+05
2284.1415 5.899098e-02 8.353731e-02 8.574937e-04 5.087689e-02 3.549953e-02 8.300576e-02 8.0772699290e+04 2.0124124162e+05 2.0174306112e+05
2285.1420 5.549551e-02 7.793808e-02 8.931082e-04 4.459153e-02 3.080195e-02 9.369472e-02 8.0823651214e+04 2.0127092442e+05 2.0166615663e+05
2286.1425 5.205242e-02 7.474395e-02 8.873108e-04 3.800399e-02 2.606291e-02 1.039007e-01 8.0873644629e+04 2.0130423411e+05 2.0158604771e+05
2287.1430 4.947174e-02 7.234404e-02 9.329203e-04 3.218385e-02 2.197660e-02 1.126047e-01 8.0920196203e+04 2.0133568739e+05 2.0151047317e+05
2288.1435 4.702170e-02 6.816288e-02 9.183339e-04 2.806154e-02 1.927684e-02 1.186100e-01 8.0960072613e+04 2.0136217309e+05 2.0144709198e+05
2289.1440 4.573143e-02 6.374801e-02 9.420597e-04 2.569065e-02 1.781011e-02 1.228664e-01 8.0988556857e+04 2.0137999397e+05 2.0140287596e+05
2290.1445 4.563756e-02 6.127026e-02 9.307682e-04 2.531333e-02 1.789659e-02 1.223463e-01 8.1003385951e+04 2.0138702710e+05 2.0138241202e+05
2291.1450 4.670714e-02 6.096494e-02 9.296820e-04 2.629545e-02 1.901799e-02 1.196566e-01 8.1003111855e+04 2.0138123400e+05 2.0138843064e+05
2292.1455 4.880519e-02 6.170988e-02 9.240027e-04 2.960748e-02 2.172509e-02 1.139564e-01 8.0990234826e+04 2.0136148129e+05 2.0141980550e+05
2293.1460 5.005306e-02 6.488015e-02 9.208256e-04 3.444455e-02 2.539393e-02 1.056021e-01 8.0968874038e+04 2.0132768247e+05 2.0147319770e+05
2294.1465 5.189665e-02 7.128913e-02 9.118502e-04 4.014862e-02 2.962502e-02 9.655194e-02 8.0941094320e+04 2.0128283212e+05 2.0154209849e+05
2295.1470 5.597380e-02 7.965616e-02 8.620594e-04 4.630999e-02 3.403680e-02 8.652345e-02 8.0908790925e+04 2.0123408314e+05 2.0161793854e+05
2296.1475 5.933011e-02 8.758519e-02 8.542101e-04 5.254291e-02 3.830313e-02 7.722647e-02 8.0876090050e+04 2.0118798807e+05 2.0169173538e+05
2297.1480 6.229969e-02 9.149787e-02 8.245215e-04 5.730804e-02 4.158579e-02 6.887532e-02 8.0847431056e+04 2.0114995107e+05 2.0175580345e+05
2298.1485 6.399940e-02 9.349576e-02 8.238202e-04 6.160454e-02 4.430240e-02 6.240291e-02 8.0826305016e+04 2.0112300946e+05 2.0180210728e+05
2299.1490 6.494777e-02 9.391597e-02 8.133302e-04 6.443194e-02 4.591735e-02 5.907548e-02 8.0815075504e+04 2.0110958258e+05 2.0182577419e+05
2300.1495 6.407288e-02 9.274507e-02 8.173921e-04 6.468063e-02 4.578886e-02 5.846519e-02 8.0814768029e+04 2.0111214331e+05 2.0182460529e+05
2301.1500 6.385002e-02 9.206713e-02 8.546787e-04 6.388162e-02 4.481751e-02 6.016874e-02 8.0824907334e+04 2.0112855479e+05 2.0179841508e+05
2302.1505 6.395633e-02 9.247720e-02 8.325712e-04 6.105955e-02 4.243903e-02 6.520992e-02 8.0845629640e+04 2.0115359465e+05 2.0175249548e+05
2303.1510 6.168783e-02 9.301390e-02 8.388374e-04 5.667589e-02 3.916847e-02 7.178191e-02 8.0877512335e+04 2.0118164848e+05 2.0169367701e+05
2304.1515 5.924494e-02 9.024693e-02 8.926817e-04 5.194024e-02 3.563320e-02 7.967607e-02 8.0917408296e+04 2.0120843260e+05 2.0162921364e+05
2305.1520 5.684356e-02 8.488419e-02 8.955334e-04 4.597494e-02 3.149653e-02 8.840069e-02 8.0960942192e+04 2.0123099380e+05 2.0156671946e+05
2306.1525 5.263409e-02 7.810719e-02 9.174044e-04 4.014844e-02 2.760767e-02 9.710192e-02 8.1004674270e+04 2.0124822822e+05 2.0151068520e+05
2307.1530 5.041577e-02 7.139429e-02 9.121101e-04 3.521890e-02 2.438083e-02 1.046677e-01 8.1044876226e+04 2.0125830384e+05 2.0146424561e+05
2308.1535 4.896757e-02 6.602519e-02 9.540138e-04 3.110988e-02 2.186676e-02 1.110688e-01 8.1080492671e+04 2.0126052060e+05 2.0142921089e+05
2309.1540 4.687744e-02 6.168869e-02 9.549809e-04 2.819146e-02 2.024685e-02 1.142001e-01 8.1110585480e+04 2.0125714546e+05 2.0140565966e+05
2310.1545 4.634299e-02 6.037200e-02 9.239695e-04 2.667192e-02 1.953554e-02 1.162956e-01 8.1131670600e+04 2.0124966946e+05 2.0139288187e+05
2311.1550 4.657784e-02 6.327352e-02 9.415232e-04 2.731862e-02 2.025085e-02 1.148994e-01 8.1141752119e+04 2.0124158213e+05 2.0138964243e+05
2312.1555 4.740955e-02 6.712646e-02 9.194997e-04 2.939822e-02 2.192848e-02 1.118427e-01 8.1139954587e+04 2.0123459945e+05 2.0139625269e+05
2313.1560 4.980444e-02 6.931007e-02 9.086389e-04 3.270690e-02 2.439227e-02 1.064184e-01 8.1127914116e+04 2.0122787172e+05 2.0141307821e+05
2314.1565 5.121812e-02 7.152732e-02 8.860767e-04 3.724036e-02 2.755382e-02 9.916753e-02 8.1108865779e+04 2.0121850359e+05 2.0143987204e+05
2315.1570 5.200828e-02 7.249543e-02 8.931741e-04 4.251378e-02 3.119204e-02 9.140686e-02 8.1085237963e+04 2.0120525715e+05 2.0147562343e+05
2316.1575 5.528958e-02 7.547472e-02 8.885896e-04 4.748220e-02 3.453098e-02 8.298510e-02 8.1057992251e+04 2.0118692554e+05 2.0151869222e+05
2317.1580 5.856067e-02 8.079214e-02 8.307618e-04 5.276878e-02 3.799848e-02 7.516229e-02 8.1030452885e+04 2.0116391711e+05 2.0156543738e+05
2318.1585 6.077981e-02 8.636381e-02 8.441291e-04 5.703462e-02 4.067631e-02 6.866485e-02 8.1006819890e+04 2.0113662082e+05 2.0161305997e+05
2319.1590 6.325710e-02 9.163902e-02 8.472947e-04 5.977754e-02 4.226757e-02 6.346285e-02 8.0989398685e+04 2.0110697322e+05 2.0165732745e+05
2320.1595 6.383707e-02 9.475001e-02 8.606831e-04 6.199632e-02 4.348037e-02 6.100940e-02 8.0980617276e+04 2.0107905343e+05 2.0169211771e+05
2321.1600 6.238391e-02 9.550107e-02 8.643750e-04 6.189575e-02 4.319434e-02 6.085066e-02 8.0981288761e+04 2.0105811501e+05 2.0171291952e+05
2322.1605 6.178291e-02 9.558750e-02 8.270774e-04 6.040426e-02 4.200466e-02 6.284641e-02 8.0990528998e+04 2.0104765477e+05 2.0171458257e+05
2323.1610 6.219005e-02 9.287827e-02 8.674165e-04 5.774126e-02 4.001236e-02 6.714277e-02 8.1009277342e+04 2.0104979895e+05 2.0169474736e+05
2324.1615 5.975627e-02 8.807691e-02 8.883943e-04 5.325981e-02 3.690303e-02 7.376708e-02 8.1038508774e+04 2.0106418200e+05 2.0165448342e+05
2325.1620 5.734005e-02 8.227629e-02 8.806942e-04 4.846077e-02 3.365878e-02 8.092653e-02 8.1076000005e+04 2.0108848431e+05 2.0159633426e+05
2326.1625 5.518110e-02 7.744152e-02 9.190631e-04 4.344200e-02 3.031042e-02 8.873099e-02 8.1117354766e+04 2.0112047658e+05 2.0152606778e+05
2327.1630 5.274860e-02 7.471191e-02 9.164703e-04 3.836286e-02 2.691028e-02 9.681416e-02 8.1159014303e+04 2.0115552462e+05 2.0145154398e+05
2328.1635 5.048935e-02 7.323775e-02 9.255694e-04 3.351027e-02 2.380580e-02 1.033014e-01 8.1198204099e+04 2.0118834738e+05 2.0138156362e+05
2329.1640 4.890016e-02 7.083687e-02 9.587977e-04 2.984281e-02 2.139617e-02 1.094108e-01 8.1233163951e+04 2.0121239844e+05 2.0132412708e+05
2330.1645 4.671994e-02 6.680123e-02 9.643107e-04 2.769705e-02 2.007983e-02 1.129748e-01 8.1263019716e+04 2.0122397838e+05 2.0128514556e+05
2331.1650 4.565670e-02 6.299424e-02 9.507990e-04 2.693243e-02 1.967877e-02 1.141638e-01 8.1284189686e+04 2.0122221118e+05 2.0126778441e+05
2332.1655 4.597374e-02 6.157894e-02 9.678008e-04 2.752587e-02 2.030673e-02 1.130736e-01 8.1293590495e+04 2.0120899244e+05 2.0127197718e+05
2333.1660 4.722423e-02 6.227614e-02 9.148518e-04 2.968338e-02 2.192581e-02 1.092468e-01 8.1290628917e+04 2.0118795439e+05 2.0129528122e+05
2334.1665 4.949873e-02 6.380446e-02 9.415030e-04 3.344473e-02 2.452916e-02 1.036450e-01 8.1276498990e+04 2.0116177280e+05 2.0133377694e+05
2335.1670 5.048985e-02 6.765373e-02 9.298738e-04 3.794040e-02 2.770222e-02 9.595990e-02 8.1254857328e+04 2.0113242672e+05 2.0138280451e+05
2336.1675 5.191227e-02 7.364124e-02 8.852280e-04 4.355574e-02 3.152640e-02 8.779417e-02 8.1227900387e+04 2.0110240680e+05 2.0143629802e+05
2337.1680 5.499222e-02 8.031988e-02 8.789927e-04 4.878921e-02 3.507528e-02 7.910556e-02 8.1197860278e+04 2.0107511023e+05 2.0148958676e+05
2338.1685 5.766224e-02 8.667179e-02 8.477306e-04 5.341156e-02 3.822332e-02 7.132779e-02 8.1168246527e+04 2.0105266351e+05 2.0153813500e+05
2339.1690 6.061214e-02 9.113631e-02 8.512599e-04 5.760289e-02 4.100442e-02 6.512055e-02 8.1142926632e+04 2.0103431030e+05 2.0157854916e+05
2340.1695 6.344521e-02 9.336135e-02 8.548591e-04 5.995367e-02 4.251187e-02 6.024020e-02 8.1126233629e+04 2.0101863689e+05 2.0160918882e+05
2341.1700 6.283273e-02 9.323798e-02 8.447269e-04 6.133128e-02 4.333140e-02 5.798881e-02 8.1120434876e+04 2.0100715532e+05 2.0162684426e+05
2342.1705 6.274215e-02 9.048844e-02 8.768831e-04 6.090153e-02 4.287900e-02 5.895089e-02 8.1124468696e+04 2.0100144031e+05 2.0162965194e+05
2343.1710 6.245455e-02 8.917005e-02 8.451647e-04 5.847746e-02 4.108942e-02 6.243046e-02 8.1138130757e+04 2.0100204541e+05 2.0161627179e+05
2344.1715 6.071987e-02 8.967005e-02 8.835324e-04 5.524228e-02 3.864420e-02 6.780305e-02 8.1162878554e+04 2.0100789483e+05 2.0158634946e+05
2345.1720 5.936757e-02 8.935416e-02 8.867953e-04 5.072600e-02 3.534336e-02 7.536692e-02 8.1197712802e+04 2.0101760181e+05 2.0154250146e+05
2346.1725 5.701661e-02 8.627150e-02 9.107985e-04 4.541479e-02 3.152698e-02 8.363666e-02 8.1240795974e+04 2.0103177669e+05 2.0148778570e+05
2347.1730 5.421900e-02 7.997203e-02 9.578412e-04 3.985098e-02 2.769042e-02 9.178107e-02 8.1287544712e+04 2.0105120079e+05 2.0142574571e+05
2348.1735 5.037267e-02 7.412598e-02 9.591994e-04 3.491761e-02 2.430841e-02 1.005287e-01 8.1332303100e+04 2.0107534536e+05 2.0136053314e+05
2349.1740 4.885688e-02 6.820742e-02 9.692799e-04 3.060182e-02 2.139027e-02 1.070722e-01 8.1370936713e+04 2.0110277345e+05 2.0129773655e+05
2350.1745 4.753805e-02 6.228850e-02 9.438966e-04 2.758595e-02 1.949946e-02 1.118284e-01 8.1402364900e+04 2.0112889149e+05 2.0124321505e+05
2351.1750 4.515824e-02 5.782714e-02 9.583051e-04 2.602480e-02 1.861156e-02 1.136551e-01 8.1426300940e+04 2.0114842114e+05 2.0120280171e+05
2352.1755 4.350593e-02 5.760847e-02 9.619420e-04 2.617108e-02 1.895128e-02 1.130144e-01 8.1439555643e+04 2.0115795142e+05 2.0118085339e+05
2353.1760 4.566835e-02 6.118323e-02 9.680510e-04 2.807440e-02 2.051465e-02 1.099103e-01 8.1439183452e+04 2.0115618194e+05 2.0118052266e+05
2354.1765 4.799689e-02 6.712936e-02 9.476428e-04 3.130611e-02 2.299744e-02 1.038593e-01 8.1426409582e+04 2.0114269833e+05 2.0120361326e+05
2355.1770 4.999556e-02 7.129605e-02 9.109507e-04 3.582654e-02 2.632761e-02 9.642242e-02 8.1404370053e+04 2.0111637794e+05 2.0124931177e+05
2356.1775 5.228524e-02 7.396269e-02 9.191426e-04 4.066413e-02 2.982744e-02 8.793458e-02 8.1376825934e+04 2.0107766808e+05 2.0131365756e+05
2357.1780 5.420240e-02 7.599650e-02 9.048784e-04 4.598628e-02 3.366551e-02 7.919899e-02 8.1346846462e+04 2.0103159822e+05 2.0138798905e+05
2358.1785 5.692243e-02 7.796457e-02 8.737783e-04 5.110982e-02 3.719334e-02 7.095363e-02 8.1317393771e+04 2.0098476685e+05 2.0146218512e+05
2359.1790 5.975600e-02 8.253141e-02 8.634434e-04 5.504164e-02 3.972904e-02 6.407214e-02 8.1291293146e+04 2.0094390614e+05 2.0152634870e+05
2360.1795 6.237811e-02 8.885717e-02 8.607071e-04 5.807534e-02 4.164346e-02 5.935815e-02 8.1272537359e+04 2.0091341663e+05 2.0157193165e+05
2361.1800 6.420934e-02 9.361864e-02 8.858650e-04 5.946981e-02 4.223776e-02 5.738532e-02 8.1264794573e+04 2.0089605496e+05 2.0159436435e+05
2362.1805 6.400568e-02 9.619041e-02 8.578271e-04 5.924869e-02 4.173663e-02 5.779559e-02 8.1269300472e+04 2.0089367512e+05 2.0159135015e+05
2363.1810 6.237297e-02 9.508580e-02 8.665214e-04 5.782972e-02 4.037110e-02 6.073703e-02 8.1284510818e+04 2.0090756099e+05 2.0156328488e+05
2364.1815 6.127583e-02 9.209576e-02 8.567737e-04 5.464868e-02 3.781294e-02 6.654952e-02 8.1308026335e+04 2.0093463407e+05 2.0151430623e+05
2365.1820 5.900242e-02 8.770639e-02 8.996734e-04 5.039939e-02 3.457224e-02 7.305218e-02 8.1340386801e+04 2.0096906838e+05 2.0145062757e+05
2366.1825 5.693910e-02 8.134563e-02 9.129741e-04 4.514892e-02 3.084737e-02 8.122227e-02 8.1379989502e+04 2.0100332833e+05 2.0138046170e+05
2367.1830 5.451766e-02 7.472887e-02 9.301988e-04 4.033970e-02 2.743747e-02 8.970019e-02 8.1423910057e+04 2.0103235274e+05 2.0131097326e+05
2368.1835 5.105554e-02 6.963356e-02 9.489928e-04 3.551109e-02 2.419952e-02 9.669096e-02 8.1467664669e+04 2.0105443822e+05 2.0124913193e+05
2369.1840 4.861786e-02 6.781255e-02 9.347235e-04 3.150348e-02 2.167868e-02 1.027653e-01 8.1505007163e+04 2.0106823867e+05 2.0119980344e+05
2370.1845 4.775409e-02 6.651930e-02 9.919436e-04 2.843026e-02 1.981622e-02 1.073389e-01 8.1533466330e+04 2.0107373919e+05 2.0116688323e+05
2371.1850 4.719345e-02 6.504817e-02 9.672395e-04 2.673371e-02 1.905401e-02 1.092282e-01 8.1553654577e+04 2.0106938851e+05 2.0115211248e+05
2372.1855 4.500083e-02 6.283504e-02 9.994860e-04 2.683923e-02 1.952728e-02 1.087065e-01 8.1565981759e+04 2.0105628510e+05 2.0115465638e+05
2373.1860 4.543405e-02 6.149725e-02 9.594788e-04 2.825209e-02 2.100296e-02 1.054342e-01 8.1567935556e+04 2.0103766057e+05 2.0117182059e+05
2374.1865 4.807839e-02 6.202463e-02 9.445165e-04 3.081254e-02 2.312672e-02 1.006583e-01 8.1558796142e+04 2.0101767978e+05 2.0119969655e+05
2375.1870 4.978112e-02 6.468602e-02 9.389953e-04 3.433088e-02 2.586139e-02 9.405084e-02 8.1541297023e+04 2.0099879634e+05 2.0123444048e+05
2376.1875 5.210756e-02 6.863503e-02 9.213483e-04 3.872332e-02 2.904581e-02 8.700591e-02 8.1518142418e+04 2.0098061050e+05 2.0127315726e+05
2377.1880 5.567385e-02 7.311153e-02 9.131824e-04 4.339864e-02 3.216999e-02 7.956762e-02 8.1493470513e+04 2.0096141702e+05 2.0131361666e+05
2378.1885 5.558188e-02 7.927511e-02 8.922043e-04 4.778359e-02 3.494121e-02 7.242326e-02 8.1471193730e+04 2.0094196778e+05 2.0135293468e+05
2379.1890 5.677599e-02 8.452099e-02 8.952360e-04 5.175459e-02 3.737636e-02 6.695659e-02 8.1451340838e+04 2.0092391487e+05 2.0138785318e+05
2380.1895 6.030221e-02 8.915907e-02 8.850716e-04 5.417122e-02 3.864946e-02 6.317934e-02 8.1435149848e+04 2.0090822933e+05 2.0141646888e+05
2381.1900 6.173622e-02 9.143859e-02 8.607344e-04 5.592166e-02 3.933737e-02 6.088872e-02 8.1426989852e+04 2.0089510670e+05 2.0143624123e+05
2382.1905 6.102036e-02 9.092111e-02 9.052994e-04 5.614975e-02 3.906571e-02 6.064878e-02 8.1429097924e+04 2.0088396416e+05 2.0144587507e+05
2383.1910 6.057821e-02 8.766932e-02 8.800423e-04 5.520766e-02 3.796176e-02 6.289551e-02 8.1439874883e+04 2.0087740346e+05 2.0144306508e+05
2384.1915 5.998983e-02 8.424010e-02 9.141738e-04 5.326768e-02 3.637658e-02 6.622156e-02 8.1457895770e+04 2.0087822957e+05 2.0142583433e+05
2385.1920 5.756458e-02 8.265264e-02 8.954191e-04 4.979651e-02 3.382160e-02 7.172182e-02 8.1481788795e+04 2.0088736555e+05 2.0139472093e+05
2386.1925 5.673176e-02 8.280961e-02 9.433204e-04 4.631894e-02 3.133129e-02 7.744812e-02 8.1510234168e+04 2.0090254543e+05 2.0135144083e+05
2387.1930 5.583557e-02 8.184904e-02 8.898875e-04 4.217010e-02 2.865070e-02 8.367950e-02 8.1543061336e+04 2.0092101647e+05 2.0130109196e+05
2388.1935 5.262477e-02 7.786162e-02 9.715853e-04 3.790308e-02 2.607493e-02 8.962813e-02 8.1579083889e+04 2.0094073226e+05 2.0124859416e+05
2389.1940 5.003253e-02 7.135783e-02 9.822852e-04 3.418758e-02 2.381705e-02 9.497725e-02 8.1613123929e+04 2.0096059756e+05 2.0119857004e+05
2390.1945 4.934855e-02 6.695040e-02 9.436894e-04 3.120349e-02 2.233718e-02 9.885749e-02 8.1640780331e+04 2.0097847955e+05 2.0115534001e+05
2391.1950 4.845758e-02 6.382860e-02 9.908787e-04 2.916071e-02 2.143578e-02 1.014699e-01 8.1661881078e+04 2.0099148735e+05 2.0112297618e+05
2392.1955 4.703665e-02 6.112322e-02 9.408151e-04 2.815604e-02 2.113469e-02 1.022282e-01 8.1677596653e+04 2.0099600917e+05 2.0110467274e+05
2393.1960 4.738006e-02 6.000474e-02 9.539764e-04 2.830377e-02 2.159154e-02 1.013873e-01 8.1687268003e+04 2.0098971417e+05 2.0110171831e+05
2394.1965 4.703925e-02 6.264256e-02 9.680097e-04 2.986481e-02 2.280330e-02 9.885542e-02 8.1690281614e+04 2.0097424945e+05 2.0111314905e+05
2395.1970 4.775324e-02 6.733068e-02 9.409903e-04 3.228243e-02 2.448951e-02 9.496915e-02 8.1685283035e+04 2.0095322054e+05 2.0113688965e+05
2396.1975 5.016031e-02 7.223820e-02 9.559673e-04 3.522249e-02 2.634536e-02 8.989981e-02 8.1672705714e+04 2.0092986485e+05 2.0117005191e+05
2397.1980 5.193916e-02 7.443469e-02 9.418378e-04 3.886568e-02 2.858114e-02 8.418960e-02 8.1656108224e+04 2.0090622295e+05 2.0120868748e+05
2398.1985 5.337773e-02 7.482837e-02 9.301063e-04 4.263748e-02 3.086551e-02 7.885673e-02 8.1638340005e+04 2.0088303108e+05 2.0124857273e+05
2399.1990 5.438344e-02 7.547232e-02 9.247451e-04 4.601267e-02 3.275716e-02 7.351160e-02 8.1621143970e+04 2.0086335212e+05 2.0128486967e+05
2400.1995 5.504572e-02 7.686432e-02 9.371329e-04 4.948598e-02 3.474760e-02 6.843454e-02 8.1605154165e+04 2.0085054609e+05 2.0131263678e+05
2401.2000 5.755494e-02 8.042845e-02 9.061067e-04 5.168751e-02 3.585926e-02 6.512133e-02 8.1590724537e+04 2.0084465203e+05 2.0133053377e+05
2402.2005 5.968892e-02 8.664321e-02 8.770389e-04 5.322449e-02 3.656561e-02 6.291977e-02 8.1581208244e+04 2.0084291408e+05 2.0133844158e+05
2403.2010 6.003186e-02 9.024590e-02 9.053396e-04 5.383115e-02 3.684737e-02 6.212233e-02 8.1579526345e+04 2.0084317402e+05 2.0133817103e+05
2404.2015 5.949559e-02 9.096122e-02 8.899639e-04 5.289424e-02 3.610712e-02 6.345730e-02 8.1585823493e+04 2.0084316239e+05 2.0133192462e+05
2405.2020 5.850313e-02 8.838162e-02 9.036132e-04 5.176058e-02 3.540638e-02 6.539388e-02 8.1599199977e+04 2.0084357470e+05 2.0131960281e+05
2406.2025 5.804619e-02 8.554331e-02 9.004065e-04 4.878316e-02 3.368387e-02 6.933044e-02 8.1618239319e+04 2.0084317182e+05 2.0130257600e+05
2407.2030 5.787656e-02 8.176716e-02 9.567054e-04 4.496328e-02 3.144245e-02 7.488761e-02 8.1643636125e+04 2.0084180837e+05 2.0128025194e+05
2408.2035 5.613708e-02 7.604602e-02 9.331355e-04 4.116749e-02 2.917499e-02 8.018858e-02 8.1676186348e+04 2.0084100768e+05 2.0125188780e+05
2409.2040 5.360086e-02 7.085168e-02 9.494129e-04 3.735742e-02 2.700543e-02 8.614374e-02 8.1712868000e+04 2.0084219111e+05 2.0121711897e+05
2410.2045 5.149807e-02 6.835752e-02 9.418277e-04 3.358689e-02 2.469599e-02 9.173242e-02 8.1749346178e+04 2.0084857590e+05 2.0117632608e+05
2411.2050 4.963929e-02 6.795880e-02 9.412357e-04 3.038515e-02 2.268338e-02 9.652874e-02 8.1782399794e+04 2.0086185092e+05 2.0113112093e+05
2412.2055 4.822545e-02 6.793855e-02 9.797506e-04 2.795376e-02 2.113508e-02 1.003170e-01 8.1810259767e+04 2.0088007994e+05 2.0108561151e+05
2413.2060 4.729844e-02 6.594284e-02 9.749507e-04 2.688224e-02 2.040681e-02 1.023839e-01 8.1832267837e+04 2.0089983331e+05 2.0104492514e+05
2414.2065 4.598187e-02 6.312798e-02 9.647102e-04 2.676856e-02 2.024668e-02 1.027547e-01 8.1847674413e+04 2.0091626164e+05 2.0101470831e+05
2415.2070 4.493730e-02 6.049949e-02 9.774587e-04 2.788008e-02 2.085111e-02 1.007520e-01 8.1854229509e+04 2.0092721374e+05 2.0099883053e+05
2416.2075 4.655235e-02 5.938693e-02 9.585636e-04 3.039026e-02 2.236158e-02 9.704757e-02 8.1849153231e+04 2.0093094734e+05 2.0099989036e+05
2417.2080 4.887847e-02 6.171475e-02 9.692629e-04 3.369174e-02 2.431608e-02 9.225965e-02 8.1833867476e+04 2.0092423181e+05 2.0101981374e+05
2418.2085 4.979025e-02 6.693715e-02 9.464759e-04 3.770571e-02 2.668531e-02 8.554922e-02 8.1812121684e+04 2.0090516148e+05 2.0105828682e+05
2419.2090 5.227258e-02 7.297299e-02 9.476006e-04 4.259806e-02 2.975448e-02 7.831580e-02 8.1785909453e+04 2.0087375924e+05 2.0111219959e+05
2420.2095 5.500466e-02 7.956096e-02 9.308572e-04 4.680911e-02 3.240928e-02 7.149015e-02 8.1757986947e+04 2.0083339619e+05 2.0117671827e+05
2421.2100 5.599887e-02 8.542919e-02 9.087457e-04 5.096802e-02 3.516214e-02 6.474873e-02 8.1731340527e+04 2.0079052892e+05 2.0124338733e+05
2422.2105 5.936033e-02 8.914679e-02 9.030440e-04 5.388817e-02 3.715956e-02 5.955023e-02 8.1707695442e+04 2.0075055207e+05 2.0130431477e+05
2423.2110 6.289206e-02 9.101558e-02 9.064943e-04 5.536964e-02 3.829205e-02 5.633428e-02 8.1691596921e+04 2.0071753464e+05 2.0135138946e+05
2424.2115 6.220525e-02 8.971976e-02 8.975837e-04 5.635841e-02 3.910543e-02 5.508263e-02 8.1688077263e+04 2.0069618655e+05 2.0137694063e+05
2425.2120 6.141580e-02 8.701035e-02 9.003313e-04 5.479332e-02 3.837430e-02 5.678052e-02 8.1696316920e+04 2.0068921885e+05 2.0137735643e+05
2426.2125 6.204256e-02 8.457948e-02 9.428938e-04 5.226920e-02 3.685711e-02 6.032004e-02 8.1715608692e+04 2.0069799811e+05 2.0135018800e+05
2427.2130 6.064511e-02 8.408463e-02 9.313178e-04 4.883215e-02 3.467562e-02 6.618106e-02 8.1745836116e+04 2.0072055737e+05 2.0129802712e+05
2428.2135 5.729821e-02 8.391580e-02 9.404286e-04 4.421276e-02 3.170949e-02 7.366534e-02 8.1785729860e+04 2.0075258761e+05 2.0122755715e+05
2429.2140 5.535489e-02 8.133240e-02 9.269207e-04 3.891528e-02 2.814771e-02 8.171164e-02 8.1832504454e+04 2.0078793983e+05 2.0114755358e+05
2430.2145 5.252304e-02 7.445212e-02 9.475583e-04 3.372885e-02 2.468575e-02 9.046825e-02 8.1882871484e+04 2.0082228563e+05 2.0106674408e+05
2431.2150 4.808034e-02 6.693090e-02 9.955400e-04 2.899355e-02 2.138100e-02 9.830586e-02 8.1931862564e+04 2.0085169993e+05 2.0099316064e+05
2432.2155 4.510776e-02 6.032678e-02 9.756092e-04 2.539579e-02 1.886599e-02 1.043889e-01 8.1973356690e+04 2.0087442052e+05 2.0093283672e+05
2433.2160 4.432017e-02 5.507605e-02 9.847154e-04 2.289492e-02 1.697995e-02 1.086114e-01 8.2003397930e+04 2.0088890452e+05 2.0089081498e+05
2434.2165 4.315406e-02 5.194367e-02 1.008128e-03 2.213228e-02 1.631990e-02 1.092598e-01 8.2021642050e+04 2.0089380932e+05 2.0086975081e+05
2435.2170 4.176387e-02 5.250446e-02 1.009153e-03 2.343677e-02 1.701150e-02 1.078069e-01 8.2026677442e+04 2.0088784271e+05 2.0087079460e+05
2436.2175 4.303448e-02 5.694713e-02 9.672475e-04 2.627004e-02 1.882524e-02 1.033500e-01 8.2017012344e+04 2.0087232525e+05 2.0089358998e+05
2437.2180 4.507088e-02 6.326355e-02 9.674224e-04 3.050827e-02 2.159382e-02 9.601948e-02 8.1993928622e+04 2.0084982172e+05 2.0093596941e+05
2438.2185 4.803268e-02 6.981603e-02 9.877323e-04 3.598163e-02 2.524546e-02 8.732818e-02 8.1959593932e+04 2.0082156314e+05 2.0099459865e+05
2439.2190 5.192209e-02 7.532880e-02 9.198421e-04 4.149801e-02 2.905098e-02 7.805424e-02 8.1918522487e+04 2.0078815744e+05 2.0106532506e+05
2440.2195 5.518637e-02 7.906975e-02 9.401992e-04 4.740874e-02 3.316789e-02 6.781399e-02 8.1876880806e+04 2.0075106644e+05 2.0114131605e+05
2441.2200 5.809777e-02 8.263559e-02 9.356135e-04 5.220646e-02 3.656255e-02 5.976663e-02 8.1838622699e+04 2.0071224979e+05 2.0121568451e+05
2442.2205 6.155130e-02 8.622199e-02 9.182718e-04 5.624928e-02 3.946068e-02 5.280430e-02 8.1808081373e+04 2.0067600464e+05 2.0127969571e+05
2443.2210 6.401149e-02 9.061081e-02 9.019214e-04 5.892621e-02 4.135458e-02 4.826264e-02 8.1789151849e+04 2.0064560341e+05 2.0132616606e+05
2444.2215 6.504192e-02 9.450983e-02 9.163440e-04 5.876141e-02 4.146204e-02 4.782913e-02 8.1784820460e+04 2.0062412954e+05 2.0135022363e+05
2445.2220 6.548706e-02 9.693737e-02 9.259453e-04 5.739616e-02 4.053242e-02 4.981754e-02 8.1797233566e+04 2.0061345386e+05 2.0134748515e+05
2446.2225 6.321490e-02 9.539597e-02 9.391130e-04 5.447135e-02 3.852362e-02 5.559116e-02 8.1826211084e+04 2.0061617796e+05 2.0131688867e+05
2447.2230 6.014840e-02 8.959344e-02 9.269286e-04 4.953058e-02 3.517013e-02 6.329579e-02 8.1869064320e+04 2.0063394561e+05 2.0126006323e+05
2448.2235 5.674847e-02 8.191393e-02 9.501988e-04 4.361675e-02 3.105171e-02 7.305606e-02 8.1921490417e+04 2.0066574274e+05 2.0118046142e+05
2449.2240 5.276337e-02 7.387173e-02 9.747039e-04 3.727487e-02 2.662362e-02 8.396465e-02 8.1978817776e+04 2.0070879302e+05 2.0108485043e+05
2450.2245 4.910522e-02 6.636978e-02 9.925583e-04 3.109258e-02 2.228639e-02 9.404290e-02 8.2036546684e+04 2.0075788079e+05 2.0098267383e+05
2451.2250 4.541307e-02 5.845943e-02 1.016203e-03 2.584203e-02 1.860866e-02 1.026860e-01 8.2089961268e+04 2.0080724327e+05 2.0088476254e+05
2452.2255 4.199153e-02 5.343991e-02 1.021880e-03 2.184509e-02 1.573223e-02 1.094467e-01 8.2133180853e+04 2.0084969092e+05 2.0080249524e+05
2453.2260 3.993907e-02 5.165046e-02 9.971601e-04 1.966055e-02 1.422274e-02 1.126736e-01 8.2161648996e+04 2.0087992834e+05 2.0074560644e+05
2454.2265 3.949804e-02 5.278433e-02 1.011078e-03 1.960433e-02 1.410135e-02 1.126293e-01 8.2172567469e+04 2.0089264093e+05 2.0072175315e+05
2455.2270 4.009208e-02 5.488958e-02 1.000275e-03 2.149315e-02 1.543051e-02 1.093208e-01 8.2166086681e+04 2.0088484314e+05 2.0073501472e+05
2456.2275 4.194671e-02 5.869505e-02 1.008838e-03 2.518930e-02 1.803360e-02 1.026240e-01 8.2144261111e+04 2.0085485304e+05 2.0078471258e+05
2457.2280 4.471436e-02 6.261789e-02 9.897663e-04 3.047951e-02 2.182219e-02 9.343754e-02 8.2109927073e+04 2.0080633668e+05 2.0086489760e+05
2458.2285 4.865160e-02 6.596036e-02 9.538276e-04 3.639638e-02 2.606667e-02 8.286227e-02 8.2066494878e+04 2.0074650768e+05 2.0096543727e+05
2459.2290 5.303443e-02 7.170778e-02 9.485740e-04 4.287582e-02 3.061135e-02 7.155408e-02 8.2018866296e+04 2.0068271986e+05 2.0107296391e+05
2460.2295 5.746085e-02 7.971384e-02 9.315301e-04 4.866146e-02 3.469818e-02 6.178548e-02 8.1972219510e+04 2.0062304467e+05 2.0117424077e+05
2461.2300 6.078524e-02 8.779312e-02 9.190674e-04 5.399756e-02 3.842025e-02 5.303767e-02 8.1933448338e+04 2.0057470764e+05 2.0125657360e+05
2462.2305 6.314159e-02 9.408657e-02 9.183875e-04 5.766036e-02 4.087723e-02 4.713437e-02 8.1907264843e+04 2.0054285841e+05 2.0131102859e+05
2463.2310 6.465584e-02 9.651541e-02 9.184182e-04 5.892833e-02 4.181784e-02 4.492983e-02 8.1896632936e+04 2.0053096216e+05 2.0133197832e+05
2464.2315 6.440651e-02 9.750710e-02 9.075936e-04 5.894352e-02 4.163495e-02 4.584537e-02 8.1903204680e+04 2.0053844191e+05 2.0131731674e+05
2465.2320 6.361024e-02 9.682447e-02 8.896457e-04 5.670214e-02 3.999542e-02 5.010775e-02 8.1926054548e+04 2.0056271802e+05 2.0127060180e+05
2466.2325 6.253337e-02 9.160186e-02 9.257067e-04 5.224672e-02 3.677630e-02 5.687291e-02 8.1963858049e+04 2.0059982937e+05 2.0119852738e+05
2467.2330 5.837836e-02 8.345812e-02 9.397094e-04 4.675340e-02 3.291290e-02 6.671470e-02 8.2014534105e+04 2.0064312532e+05 2.0110932597e+05
2468.2335 5.330318e-02 7.536220e-02 9.672420e-04 4.057914e-02 2.846685e-02 7.740160e-02 8.2072721826e+04 2.0068680544e+05 2.0101275783e+05
2469.2340 4.921701e-02 6.878649e-02 9.886161e-04 3.423036e-02 2.399951e-02 8.778008e-02 8.2131950860e+04 2.0072666253e+05 2.0091816722e+05
2470.2345 4.596442e-02 6.287145e-02 1.006219e-03 2.825567e-02 1.981217e-02 9.763537e-02 8.2186809993e+04 2.0075945231e+05 2.0083433942e+05
2471.2350 4.290824e-02 5.885655e-02 1.041508e-03 2.340705e-02 1.648563e-02 1.050989e-01 8.2233017720e+04 2.0078211856e+05 2.0076856315e+05
2472.2355 4.087914e-02 5.562025e-02 1.024451e-03 2.028644e-02 1.442253e-02 1.099343e-01 8.2266718198e+04 2.0079311998e+05 2.0072616182e+05
2473.2360 4.018242e-02 5.350112e-02 1.032161e-03 1.904655e-02 1.369130e-02 1.115217e-01 8.2284750125e+04 2.0079250299e+05 2.0071003272e+05
2474.2365 3.982086e-02 5.264396e-02 1.025847e-03 1.979514e-02 1.447187e-02 1.093884e-01 8.2285819248e+04 2.0078205996e+05 2.0072011754e+05
2475.2370 4.100011e-02 5.366813e-02 9.962107e-04 2.243868e-02 1.644815e-02 1.043712e-01 8.2269934086e+04 2.0076299960e+05 2.0075440091e+05
2476.2375 4.461092e-02 5.699930e-02 1.035183e-03 2.683636e-02 1.970595e-02 9.656519e-02 8.2239746710e+04 2.0073585174e+05 2.0080896708e+05
2477.2380 4.826519e-02 6.333613e-02 1.000847e-03 3.205113e-02 2.352860e-02 8.695131e-02 8.2200846435e+04 2.0070094633e+05 2.0087902183e+05
2478.2385 5.111986e-02 7.091154e-02 9.633229e-04 3.818612e-02 2.782044e-02 7.669626e-02 8.2158468120e+04 2.0066038991e+05 2.0095772219e+05
2479.2390 5.497353e-02 7.888636e-02 9.751874e-04 4.412382e-02 3.197393e-02 6.661985e-02 8.2116060171e+04 2.0061791529e+05 2.0103790851e+05
2480.2395 5.854306e-02 8.641043e-02 9.720315e-04 4.967084e-02 3.566074e-02 5.780828e-02 8.2077819764e+04 2.0057772108e+05 2.0111161947e+05
2481.2400 6.113744e-02 9.160200e-02 9.281938e-04 5.350764e-02 3.821441e-02 5.154327e-02 8.2048449446e+04 2.0054367946e+05 2.0117187616e+05
2482.2405 6.309127e-02 9.371394e-02 9.199005e-04 5.596622e-02 3.974132e-02 4.796482e-02 8.2031834880e+04 2.0051863834e+05 2.0121175169e+05
2483.2410 6.335503e-02 9.315994e-02 9.283911e-04 5.722795e-02 4.037714e-02 4.722160e-02 8.2031181653e+04 2.0050473177e+05 2.0122594031e+05
2484.2415 6.211999e-02 9.108482e-02 9.289722e-04 5.605742e-02 3.939316e-02 4.952375e-02 8.2046840730e+04 2.0050398008e+05 2.0121232874e+05
2485.2420 6.105212e-02 8.822343e-02 9.483268e-04 5.316904e-02 3.709481e-02 5.476033e-02 8.2075967847e+04 2.0051804102e+05 2.0117063548e+05
2486.2425 5.958102e-02 8.592750e-02 9.403917e-04 4.894674e-02 3.401839e-02 6.222556e-02 8.2115746722e+04 2.0054586307e+05 2.0110444550e+05
2487.2430 5.618967e-02 8.231776e-02 9.756935e-04 4.373762e-02 3.029142e-02 7.073803e-02 8.2163725081e+04 2.0058436846e+05 2.0102092436e+05
2488.2435 5.161294e-02 7.600314e-02 9.571389e-04 3.823257e-02 2.648118e-02 8.009474e-02 8.2215461447e+04 2.0062879347e+05 2.0092921183e+05
2489.2440 4.915754e-02 6.858874e-02 9.854719e-04 3.259696e-02 2.261492e-02 8.892901e-02 8.2265251867e+04 2.0067277045e+05 2.0083964323e+05
2490.2445 4.523527e-02 6.242057e-02 1.005283e-03 2.785468e-02 1.953341e-02 9.651786e-02 8.2309550494e+04 2.0071095053e+05 2.0076132616e+05
2491.2450 4.245979e-02 5.717901e-02 1.018536e-03 2.404982e-02 1.711039e-02 1.020588e-01 8.2344039477e+04 2.0073850287e+05 2.0070285231e+05
2492.2455 4.284761e-02 5.378812e-02 1.040973e-03 2.175807e-02 1.579094e-02 1.051906e-01 8.2365889789e+04 2.0075047239e+05 2.0067038219e+05
2493.2460 4.263671e-02 5.298967e-02 1.035101e-03 2.120138e-02 1.567694e-02 1.050057e-01 8.2375734999e+04 2.0074480056e+05 2.0066696625e+05
2494.2465 4.256938e-02 5.434809e-02 1.003642e-03 2.227732e-02 1.665502e-02 1.023167e-01 8.2373109276e+04 2.0072214274e+05 2.0069205281e+05
2495.2470 4.452627e-02 5.783215e-02 1.016189e-03 2.499283e-02 1.872623e-02 9.748478e-02 8.2357102553e+04 2.0068692074e+05 2.0074109304e+05
2496.2475 4.669427e-02 6.337156e-02 9.841543e-04 2.885395e-02 2.147237e-02 9.088321e-02 8.2330381230e+04 2.0064437929e+05 2.0080724976e+05
2497.2480 4.982905e-02 6.897608e-02 9.771590e-04 3.364004e-02 2.474822e-02 8.255378e-02 8.2297474616e+04 2.0059918643e+05 2.0088195635e+05
2498.2485 5.232007e-02 7.477400e-02 1.001831e-03 3.861384e-02 2.806412e-02 7.449607e-02 8.2263370580e+04 2.0055549750e+05 2.0095632318e+05
2499.2490 5.575466e-02 7.936665e-02 1.007171e-03 4.367233e-02 3.138625e-02 6.688392e-02 8.2231988821e+04 2.0051834533e+05 2.0102131156e+05
2500.2495 5.833653e-02 8.167891e-02 9.344464e-04 4.759678e-02 3.392889e-02 6.028366e-02 8.2206816097e+04 2.0049289773e+05 2.0107001965e+05
2501.2500 5.970536e-02 8.319620e-02 9.675365e-04 5.085454e-02 3.588514e-02 5.544498e-02 8.2189538977e+04 2.0048191847e+05 2.0109703887e+05
2502.2505 6.128425e-02 8.727695e-02 9.525492e-04 5.301666e-02 3.712388e-02 5.327971e-02 8.2180549654e+04 2.0048405793e+05 2.0110106894e+05
2503.2510 6.180889e-02 8.983524e-02 9.086380e-04 5.328489e-02 3.711045e-02 5.281060e-02 8.2182894970e+04 2.0049695566e+05 2.0108459478e+05
2504.2515 6.072176e-02 8.929760e-02 9.588490e-04 5.256024e-02 3.640322e-02 5.475643e-02 8.2197429880e+04 2.0051612088e+05 2.0105131911e+05
2505.2520 5.848229e-02 8.643453e-02 9.453996e-04 5.040565e-02 3.483171e-02 5.903191e-02 8.2222983051e+04 2.0053702209e+05 2.0100678248e+05
2506.2525 5.652689e-02 8.259235e-02 9.493182e-04 4.707406e-02 3.253361e-02 6.428524e-02 8.2256805970e+04 2.0055640230e+05 2.0095609399e+05
2507.2530 5.475617e-02 7.905560e-02 9.884659e-04 4.288631e-02 2.976121e-02 7.116771e-02 8.2295360699e+04 2.0057208433e+05 2.0090396764e+05
2508.2535 5.293018e-02 7.276221e-02 9.782352e-04 3.797147e-02 2.657373e-02 7.868439e-02 8.2336019509e+04 2.0058444087e+05 2.0085448781e+05
2509.2540 4.973172e-02 6.591874e-02 9.876508e-04 3.378358e-02 2.393567e-02 8.504316e-02 8.2375997607e+04 2.0059385373e+05 2.0080935221e+05
2510.2545 4.667506e-02 6.042644e-02 9.875927e-04 2.973619e-02 2.135356e-02 9.135553e-02 8.2411292677e+04 2.0060084454e+05 2.0077062268e+05
2511.2550 4.465551e-02 5.752777e-02 1.028928e-03 2.666899e-02 1.947709e-02 9.544510e-02 8.2439152036e+04 2.0060713096e+05 2.0073877689e+05
2512.2555 4.353984e-02 5.776385e-02 1.010182e-03 2.467895e-02 1.830097e-02 9.815019e-02 8.2457051426e+04 2.0061323600e+05 2.0071531489e+05
2513.2560 4.472812e-02 5.842235e-02 1.039112e-03 2.394085e-02 1.782680e-02 9.825946e-02 8.2465104947e+04 2.0061777707e+05 2.0070245344e+05
2514.2565 4.510413e-02 6.058595e-02 1.015726e-03 2.449446e-02 1.827635e-02 9.733599e-02 8.2464792399e+04 2.0061708190e+05 2.0070235795e+05
2515.2570 4.515019e-02 6.215791e-02 1.001548e-03 2.641344e-02 1.954711e-02 9.388039e-02 8.2456730884e+04 2.0061080953e+05 2.0071630646e+05
2516.2575 4.794741e-02 6.309341e-02 1.016709e-03 2.922189e-02 2.143642e-02 8.892441e-02 8.2439860057e+04 2.0059837762e+05 2.0074412092e+05
2517.2580 4.983299e-02 6.536042e-02 9.867051e-04 3.288991e-02 2.369330e-02 8.284274e-02 8.2416799987e+04 2.0058025153e+05 2.0078365906e+05
2518.2585 5.077858e-02 6.884846e-02 1.006920e-03 3.687439e-02 2.630349e-02 7.685772e-02 8.2391156878e+04 2.0055624052e+05 2.0083139029e+05
2519.2590 5.385204e-02 7.351369e-02 9.750106e-04 4.056564e-02 2.862011e-02 7.048547e-02 8.2366284282e+04 2.0052662326e+05 2.0088288274e+05
2520.2595 5.587812e-02 7.812322e-02 9.808376e-04 4.461894e-02 3.120385e-02 6.483813e-02 8.2346194631e+04 2.0049486043e+05 2.0093166063e+05
2521.2600 5.650860e-02 8.313591e-02 9.882096e-04 4.762200e-02 3.306951e-02 6.045371e-02 8.2332548460e+04 2.0046518885e+05 2.0097247620e+05
2522.2605 5.785183e-02 8.597167e-02 9.847860e-04 4.942872e-02 3.425687e-02 5.738461e-02 8.2325156311e+04 2.0044370076e+05 2.0099976541e+05
2523.2610 5.982442e-02 8.651204e-02 9.772448e-04 5.057955e-02 3.506035e-02 5.616803e-02 8.2324309589e+04 2.0043360765e+05 2.0100939981e+05
2524.2615 5.946199e-02 8.541219e-02 9.613210e-04 5.019123e-02 3.490118e-02 5.650249e-02 8.2332159160e+04 2.0043524001e+05 2.0100052331e+05
2525.2620 5.770493e-02 8.079283e-02 9.586696e-04 4.906312e-02 3.431293e-02 5.875368e-02 8.2349516950e+04 2.0044744603e+05 2.0097331003e+05
2526.2625 5.586343e-02 7.605813e-02 9.945176e-04 4.664604e-02 3.288873e-02 6.277418e-02 8.2374771269e+04 2.0046742573e+05 2.0093075615e+05
2527.2630 5.402766e-02 7.350500e-02 9.814512e-04 4.315112e-02 3.065234e-02 6.780061e-02 8.2405746495e+04 2.0049185346e+05 2.0087738789e+05
2528.2635 5.211042e-02 7.275015e-02 9.923671e-04 3.971422e-02 2.851021e-02 7.335233e-02 8.2439932963e+04 2.0051755609e+05 2.0081858508e+05
2529.2640 5.092032e-02 7.067633e-02 1.006724e-03 3.546064e-02 2.569983e-02 7.978948e-02 8.2474601777e+04 2.0054072756e+05 2.0076228239e+05
2530.2645 4.947923e-02 6.796892e-02 1.014025e-03 3.187019e-02 2.334081e-02 8.557776e-02 8.2507933833e+04 2.0055730013e+05 2.0071415706e+05
2531.2650 4.651529e-02 6.493194e-02 9.987060e-04 2.865650e-02 2.117410e-02 9.005009e-02 8.2537395413e+04 2.0056578788e+05 2.0067893961e+05
2532.2655 4.461516e-02 6.064090e-02 1.072254e-03 2.617461e-02 1.946968e-02 9.374340e-02 8.2559318720e+04 2.0056703406e+05 2.0065844471e+05
2533.2660 4.378814e-02 5.802685e-02 1.048574e-03 2.486610e-02 1.844339e-02 9.607328e-02 8.2571686574e+04 2.0056216916e+05 2.0065235877e+05
2534.2665 4.443465e-02 5.650419e-02 1.031186e-03 2.476264e-02 1.818432e-02 9.578462e-02 8.2575452511e+04 2.0055220095e+05 2.0065919695e+05
2535.2670 4.505713e-02 5.772157e-02 1.040563e-03 2.563313e-02 1.860466e-02 9.429529e-02 8.2572421972e+04 2.0053682247e+05 2.0067693814e+05
2536.2675 4.546787e-02 6.115006e-02 1.032062e-03 2.786150e-02 1.985117e-02 9.060002e-02 8.2563397337e+04 2.0051875185e+05 2.0070257506e+05
2537.2680 4.781827e-02 6.552341e-02 1.044968e-03 3.080606e-02 2.172156e-02 8.582603e-02 8.2547259713e+04 2.0050133221e+05 2.0073343145e+05
2538.2685 4.967991e-02 7.020394e-02 9.967770e-04 3.427531e-02 2.390042e-02 8.011753e-02 8.2525744318e+04 2.0048658857e+05 2.0076704674e+05
2539.2690 5.120005e-02 7.459962e-02 1.025813e-03 3.852318e-02 2.666759e-02 7.403328e-02 8.2501450179e+04 2.0047417596e+05 2.0080105762e+05
2540.2695 5.357434e-02 7.828166e-02 1.014320e-03 4.196422e-02 2.908089e-02 6.813606e-02 8.2478390569e+04 2.0046111599e+05 2.0083471963e+05
2541.2700 5.472401e-02 7.865789e-02 9.794473e-04 4.525200e-02 3.142569e-02 6.284325e-02 8.2461058200e+04 2.0044715967e+05 2.0086533922e+05
2542.2705 5.614244e-02 7.815842e-02 9.552656e-04 4.799908e-02 3.344564e-02 5.875302e-02 8.2449818647e+04 2.0043284868e+05 2.0089019370e+05
2543.2710 5.763000e-02 7.931409e-02 9.589401e-04 4.945620e-02 3.465964e-02 5.605020e-02 8.2445618624e+04 2.0041935300e+05 2.0090689726e+05
2544.2715 5.836381e-02 8.221244e-02 9.881405e-04 5.014962e-02 3.533111e-02 5.539084e-02 8.2449349882e+04 2.0040773033e+05 2.0091301561e+05
2545.2720 5.813478e-02 8.423826e-02 9.659674e-04 4.913405e-02 3.487725e-02 5.705688e-02 8.2461576333e+04 2.0039979916e+05 2.0090794714e+05
2546.2725 5.745619e-02 8.262406e-02 9.969172e-04 4.711933e-02 3.366961e-02 5.977301e-02 8.2482755020e+04 2.0039691926e+05 2.0089066819e+05
2547.2730 5.456077e-02 7.904894e-02 1.003393e-03 4.477946e-02 3.220849e-02 6.418443e-02 8.2511583962e+04 2.0040056886e+05 2.0086060238e+05
2548.2735 5.179695e-02 7.507851e-02 1.005964e-03 4.082701e-02 2.960627e-02 7.025864e-02 8.2544675751e+04 2.0041151961e+05 2.0081945315e+05
2549.2740 5.034304e-02 7.135953e-02 1.003017e-03 3.696468e-02 2.703043e-02 7.647698e-02 8.2579166894e+04 2.0042995988e+05 2.0076875462e+05
2550.2745 4.963821e-02 6.745650e-02 1.009185e-03 3.286294e-02 2.415704e-02 8.246038e-02 8.2612943954e+04 2.0045373914e+05 2.0071340557e+05
2551.2750 4.728397e-02 6.242785e-02 1.074248e-03 2.918471e-02 2.152444e-02 8.819963e-02 8.2644831561e+04 2.0047953422e+05 2.0065890440e+05
2552.2755 4.459145e-02 5.912432e-02 1.037366e-03 2.648802e-02 1.952291e-02 9.261035e-02 8.2671050342e+04 2.0050363807e+05 2.0061116756e+05
2553.2760 4.368920e-02 5.716829e-02 1.034093e-03 2.476473e-02 1.812903e-02 9.480336e-02 8.2687719048e+04 2.0052367197e+05 2.0057596500e+05
2554.2765 4.349491e-02 5.738664e-02 1.052222e-03 2.397574e-02 1.733726e-02 9.604162e-02 8.2693794307e+04 2.0053554291e+05 2.0055817452e+05
2555.2770 4.344018e-02 5.961061e-02 1.057209e-03 2.470978e-02 1.758358e-02 9.465898e-02 8.2691349467e+04 2.0053465938e+05 2.0056074062e+05
2556.2775 4.400240e-02 6.258415e-02 1.043835e-03 2.620192e-02 1.847589e-02 9.189611e-02 8.2681783487e+04 2.0051899560e+05 2.0058478169e+05
2557.2780 4.645262e-02 6.460073e-02 1.032056e-03 2.891947e-02 2.024508e-02 8.736209e-02 8.2666366680e+04 2.0049027881e+05 2.0062717458e+05
2558.2785 4.762921e-02 6.638407e-02 1.007509e-03 3.275526e-02 2.283308e-02 8.147909e-02 8.2646629090e+04 2.0045386452e+05 2.0068190529e+05
2559.2790 4.918991e-02 6.899059e-02 1.021397e-03 3.610660e-02 2.515723e-02 7.508381e-02 8.2623092883e+04 2.0041589291e+05 2.0074199855e+05
2560.2795 5.264899e-02 7.339105e-02 1.028548e-03 4.015357e-02 2.803205e-02 6.893019e-02 8.2598100737e+04 2.0038102012e+05 2.0079843533e+05
2561.2800 5.472967e-02 7.794595e-02 1.007493e-03 4.379467e-02 3.067205e-02 6.350927e-02 8.2577055550e+04 2.0035263134e+05 2.0084483482e+05
2562.2805 5.523112e-02 8.042831e-02 1.001516e-03 4.669422e-02 3.279720e-02 5.873660e-02 8.2563765211e+04 2.0033366849e+05 2.0087585466e+05
2563.2810 5.606221e-02 8.280024e-02 9.899148e-04 4.893859e-02 3.453018e-02 5.581329e-02 8.2558485693e+04 2.0032512905e+05 2.0088792457e+05
2564.2815 5.740513e-02 8.548859e-02 9.907823e-04 4.927635e-02 3.495993e-02 5.539640e-02 8.2561002353e+04 2.0032765397e+05 2.0088109003e+05
2565.2820 5.795944e-02 8.639519e-02 1.001991e-03 4.890186e-02 3.485358e-02 5.566062e-02 8.2572472201e+04 2.0033993876e+05 2.0085677017e+05
2566.2825 5.670796e-02 8.358247e-02 9.843969e-04 4.732216e-02 3.394608e-02 5.859393e-02 8.2592700890e+04 2.0035843880e+05 2.0081961083e+05
2567.2830 5.563538e-02 7.795283e-02 9.754434e-04 4.438225e-02 3.200236e-02 6.348909e-02 8.2620406522e+04 2.0037825425e+05 2.0077471696e+05
2568.2835 5.203664e-02 7.229395e-02 9.880716e-04 4.127588e-02 2.993624e-02 6.850694e-02 8.2653844194e+04 2.0039771244e+05 2.0072556841e+05
2569.2840 4.883746e-02 6.794964e-02 1.062132e-03 3.722404e-02 2.705041e-02 7.430977e-02 8.2688482955e+04 2.0041546878e+05 2.0067671340e+05
2570.2845 4.822349e-02 6.533726e-02 1.036759e-03 3.339403e-02 2.440872e-02 8.116226e-02 8.2720371177e+04 2.0043019086e+05 2.0063122340e+05
2571.2850 4.706021e-02 6.329221e-02 1.014032e-03 2.996628e-02 2.187040e-02 8.616108e-02 8.2749756276e+04 2.0044081068e+05 2.0059297236e+05
2572.2855 4.442731e-02 6.132136e-02 1.072125e-03 2.702567e-02 1.967428e-02 9.022082e-02 8.2775402324e+04 2.0044533965e+05 2.0056508293e+05
2573.2860 4.302071e-02 6.003426e-02 1.048309e-03 2.507896e-02 1.821986e-02 9.332514e-02 8.2793549062e+04 2.0044466828e+05 2.0054877646e+05
2574.2865 4.325122e-02 5.882094e-02 1.061353e-03 2.442851e-02 1.757589e-02 9.401480e-02 8.2801981979e+04 2.0044164821e+05 2.0054399295e+05
2575.2870 4.299823e-02 5.868087e-02 1.070089e-03 2.453426e-02 1.751580e-02 9.357936e-02 8.2800640666e+04 2.0043677118e+05 2.0055048651e+05
2576.2875 4.354375e-02 5.974207e-02 1.070138e-03 2.609373e-02 1.846420e-02 9.081905e-02 8.2791200254e+04 2.0042922043e+05 2.0056700300e+05
2577.2880 4.619316e-02 6.278647e-02 1.043327e-03 2.855365e-02 2.007880e-02 8.640073e-02 8.2776067327e+04 2.0041639706e+05 2.0059276401e+05
2578.2885 4.711275e-02 6.542784e-02 1.050172e-03 3.145924e-02 2.202928e-02 8.147480e-02 8.2758651218e+04 2.0039924335e+05 2.0062597407e+05
2579.2890 4.839868e-02 6.951492e-02 1.030465e-03 3.538599e-02 2.475388e-02 7.534581e-02 8.2738952794e+04 2.0037924138e+05 2.0066326658e+05
2580.2895 5.136410e-02 7.446740e-02 1.034689e-03 3.900348e-02 2.725377e-02 6.966509e-02 8.2717549573e+04 2.0035837094e+05 2.0070225013e+05
2581.2900 5.442430e-02 7.940549e-02 1.024773e-03 4.241514e-02 2.960008e-02 6.452074e-02 8.2698087397e+04 2.0033700619e+05 2.0073962365e+05
2582.2905 5.524594e-02 8.254663e-02 1.014710e-03 4.536733e-02 3.172800e-02 6.015152e-02 8.2685243186e+04 2.0031555229e+05 2.0077202289e+05
2583.2910 5.520659e-02 8.376165e-02 1.005130e-03 4.703393e-02 3.307952e-02 5.716822e-02 8.2680459790e+04 2.0029585553e+05 2.0079601211e+05
2584.2915 5.608845e-02 8.200296e-02 1.011111e-03 4.833673e-02 3.406276e-02 5.583990e-02 8.2683362397e+04 2.0028201753e+05 2.0080691536e+05
2585.2920 5.529204e-02 8.122313e-02 1.004716e-03 4.803196e-02 3.399128e-02 5.651799e-02 8.2693800903e+04 2.0027656634e+05 2.0080244133e+05
2586.2925 5.453882e-02 8.032543e-02 9.924076e-04 4.664045e-02 3.315523e-02 5.881070e-02 8.2711094289e+04 2.0028089841e+05 2.0078149477e+05
2587.2930 5.482505e-02 7.776491e-02 1.003566e-03 4.451980e-02 3.183886e-02 6.174939e-02 8.2734496218e+04 2.0029453932e+05 2.0074557682e+05
2588.2935 5.296727e-02 7.296264e-02 1.019049e-03 4.128977e-02 2.960966e-02 6.686125e-02 8.2764152143e+04 2.0031454889e+05 2.0069873082e+05
2589.2940 4.881000e-02 6.927466e-02 1.025994e-03 3.816730e-02 2.755740e-02 7.266975e-02 8.2796523353e+04 2.0033905073e+05 2.0064472835e+05
2590.2945 4.764209e-02 6.583648e-02 1.023068e-03 3.465744e-02 2.512562e-02 7.729786e-02 8.2826675591e+04 2.0036632941e+05 2.0058967160e+05
2591.2950 4.726971e-02 6.415680e-02 1.043450e-03 3.112181e-02 2.264176e-02 8.188730e-02 8.2852703136e+04 2.0039137096e+05 2.0053995773e+05
2592.2955 4.565692e-02 6.298440e-02 1.045924e-03 2.836710e-02 2.072734e-02 8.679373e-02 8.2874823638e+04 2.0040862274e+05 2.0050164202e+05
2593.2960 4.420458e-02 6.108965e-02 1.061547e-03 2.636609e-02 1.927777e-02 8.917604e-02 8.2892673684e+04 2.0041457006e+05 2.0047963141e+05
2594.2965 4.391954e-02 5.905939e-02 1.050452e-03 2.510905e-02 1.829315e-02 9.106188e-02 8.2903943583e+04 2.0040825763e+05 2.0047571792e+05
2595.2970 4.430753e-02 5.862421e-02 1.065465e-03 2.515000e-02 1.819413e-02 9.037147e-02 8.2907706164e+04 2.0039221608e+05 2.0048828106e+05
2596.2975 4.441164e-02 5.986652e-02 1.086349e-03 2.585994e-02 1.855523e-02 8.902750e-02 8.2903406411e+04 2.0037016803e+05 2.0051428692e+05
2597.2980 4.556177e-02 6.350502e-02 1.095775e-03 2.745576e-02 1.950678e-02 8.650266e-02 8.2892811777e+04 2.0034397621e+05 2.0054909369e+05
2598.2985 4.763518e-02 6.719845e-02 1.064400e-03 3.014832e-02 2.123830e-02 8.225248e-02 8.2878880567e+04 2.0031714995e+05 2.0058749842e+05
2599.2990 4.856556e-02 7.013994e-02 1.061426e-03 3.299345e-02 2.310259e-02 7.767016e-02 8.2863824350e+04 2.0029325613e+05 2.0062487592e+05
2600.2995 4.911364e-02 7.311200e-02 1.062506e-03 3.639302e-02 2.538406e-02 7.249992e-02 8.2848215642e+04 2.0027584640e+05 2.0065626175e+05
2601.3000 5.146213e-02 7.584829e-02 1.049620e-03 3.946652e-02 2.746386e-02 6.776402e-02 8.2832462523e+04 2.0026654026e+05 2.0067914410e+05
2602.3005 5.407551e-02 7.866468e-02 1.021490e-03 4.208430e-02 2.933333e-02 6.358574e-02 8.2819331944e+04 2.0026392343e+05 2.0069253579e+05
2603.3010 5.499761e-02 7.964349e-02 9.863400e-04 4.458943e-02 3.113064e-02 6.006712e-02 8.2812303775e+04 2.0026567307e+05 2.0069675960e+05
2604.3015 5.477940e-02 7.882309e-02 1.027126e-03 4.578915e-02 3.202711e-02 5.840019e-02 8.2812023994e+04 2.0026914899e+05 2.0069378861e+05
2605.3020 5.517715e-02 7.758504e-02 1.000888e-03 4.646926e-02 3.273060e-02 5.727278e-02 8.2818175620e+04 2.0027267931e+05 2.0068434937e+05
2606.3025 5.412227e-02 7.838573e-02 1.008036e-03 4.595249e-02 3.252971e-02 5.794110e-02 8.2829708515e+04 2.0027540918e+05 2.0067024112e+05
2607.3030 5.459972e-02 7.814650e-02 1.010879e-03 4.443311e-02 3.162682e-02 6.045798e-02 8.2845780906e+04 2.0027669184e+05 2.0065268013e+05
2608.3035 5.325878e-02 7.584492e-02 1.009518e-03 4.256147e-02 3.053674e-02 6.360586e-02 8.2867550664e+04 2.0027676458e+05 2.0063229799e+05
2609.3040 5.165870e-02 7.194703e-02 1.016337e-03 3.959924e-02 2.857648e-02 6.661304e-02 8.2893931200e+04 2.0027538982e+05 2.0061023257e+05
2610.3045 4.951083e-02 6.891392e-02 1.048369e-03 3.657416e-02 2.658239e-02 7.202582e-02 8.2921425417e+04 2.0027455458e+05 2.0058550157e+05
2611.3050 4.730084e-02 6.632095e-02 1.036822e-03 3.353264e-02 2.459369e-02 7.691204e-02 8.2947687403e+04 2.0027780061e+05 2.0055798993e+05
2612.3055 4.688928e-02 6.384749e-02 1.075782e-03 3.051263e-02 2.250283e-02 8.076906e-02 8.2970604409e+04 2.0028577816e+05 2.0052877459e+05
2613.3060 4.605504e-02 6.124455e-02 1.097164e-03 2.784057e-02 2.057093e-02 8.478320e-02 8.2990013212e+04 2.0029696108e+05 2.0049986372e+05
2614.3065 4.446678e-02 5.951847e-02 1.037578e-03 2.606412e-02 1.924506e-02 8.728002e-02 8.3006077290e+04 2.0030836449e+05 2.0047392394e+05
2615.3070 4.392203e-02 5.936145e-02 1.102793e-03 2.499134e-02 1.833975e-02 8.886206e-02 8.3016576057e+04 2.0031812441e+05 2.0045411728e+05
2616.3075 4.361563e-02 5.985381e-02 1.073231e-03 2.498101e-02 1.813488e-02 8.918391e-02 8.3020435384e+04 2.0032511626e+05 2.0044313269e+05
2617.3080 4.458342e-02 6.155332e-02 1.079282e-03 2.579852e-02 1.847740e-02 8.768053e-02 8.3017610762e+04 2.0032660669e+05 2.0044357449e+05
2618.3085 4.580673e-02 6.498523e-02 1.095926e-03 2.741521e-02 1.935118e-02 8.528818e-02 8.3009556663e+04 2.0031939994e+05 2.0045694699e+05
2619.3090 4.658559e-02 6.835933e-02 1.062350e-03 2.993802e-02 2.095622e-02 8.139941e-02 8.2998509066e+04 2.0030286710e+05 2.0048266472e+05
2620.3095 4.802980e-02 6.848266e-02 1.086035e-03 3.266332e-02 2.270627e-02 7.692728e-02 8.2985406523e+04 2.0027977331e+05 2.0051826341e+05
2621.3100 4.961571e-02 6.935342e-02 1.048766e-03 3.598220e-02 2.497391e-02 7.209817e-02 8.2971101961e+04 2.0025264507e+05 2.0055842643e+05
2622.3105 5.081482e-02 7.129722e-02 1.064191e-03 3.911121e-02 2.718360e-02 6.720490e-02 8.2956749048e+04 2.0022649609e+05 2.0059755735e+05
2623.3110 5.286657e-02 7.439927e-02 1.041376e-03 4.170638e-02 2.906746e-02 6.314240e-02 8.2944041692e+04 2.0020406519e+05 2.0063041998e+05
2624.3115 5.391306e-02 7.691549e-02 1.039796e-03 4.403910e-02 3.084155e-02 5.940544e-02 8.2936259724e+04 2.0018823626e+05 2.0065252765e+05
2625.3120 5.402479e-02 7.855637e-02 1.038122e-03 4.539902e-02 3.193415e-02 5.713527e-02 8.2934310609e+04 2.0018013246e+05 2.0066173397e+05
2626.3125 5.427102e-02 7.876495e-02 1.022497e-03 4.613602e-02 3.266073e-02 5.641507e-02 8.2938179941e+04 2.0018057694e+05 2.0065690696e+05
2627.3130 5.430837e-02 7.963142e-02 1.009778e-03 4.576354e-02 3.264113e-02 5.655770e-02 8.2947469669e+04 2.0018866038e+05 2.0063932885e+05
2628.3135 5.381269e-02 7.823803e-02 1.023036e-03 4.402846e-02 3.166506e-02 5.825059e-02 8.2962450726e+04 2.0020223434e+05 2.0061196843e+05
2629.3140 5.289383e-02 7.557063e-02 1.060526e-03 4.194070e-02 3.034266e-02 6.188875e-02 8.2982525625e+04 2.0021733664e+05 2.0057803823e+05
2630.3145 5.130650e-02 7.088027e-02 1.036247e-03 3.907662e-02 2.847262e-02 6.605713e-02 8.3007456506e+04 2.0023154839e+05 2.0054172079e+05
2631.3150 4.930640e-02 6.638963e-02 1.081310e-03 3.563080e-02 2.614292e-02 7.086167e-02 8.3034955574e+04 2.0024269714e+05 2.0050606693e+05
2632.3155 4.750213e-02 6.344807e-02 1.076304e-03 3.232192e-02 2.382278e-02 7.590682e-02 8.3062125918e+04 2.0025058865e+05 2.0047310717e+05
2633.3160 4.662752e-02 6.248225e-02 1.071178e-03 2.911733e-02 2.143944e-02 8.078417e-02 8.3086948978e+04 2.0025502040e+05 2.0044486323e+05
2634.3165 4.466285e-02 6.223220e-02 1.125016e-03 2.632639e-02 1.935353e-02 8.548747e-02 8.3108717569e+04 2.0025644292e+05 2.0042268050e+05
2635.3170 4.362138e-02 6.202646e-02 1.085782e-03 2.445460e-02 1.776829e-02 8.855249e-02 8.3126107803e+04 2.0025494507e+05 2.0040744154e+05
2636.3175 4.374403e-02 6.060372e-02 1.097881e-03 2.343535e-02 1.685090e-02 8.998095e-02 8.3137761432e+04 2.0025217827e+05 2.0039925671e+05
2637.3180 4.315431e-02 5.958596e-02 1.142981e-03 2.346444e-02 1.669189e-02 8.977319e-02 8.3142458143e+04 2.0024986103e+05 2.0039770113e+05
2638.3185 4.350487e-02 5.927411e-02 1.098034e-03 2.455936e-02 1.728718e-02 8.813559e-02 8.3139684708e+04 2.0024776562e+05 2.0040253421e+05
2639.3190 4.532654e-02 6.058745e-02 1.100602e-03 2.645628e-02 1.849177e-02 8.482472e-02 8.3130304509e+04 2.0024473841e+05 2.0041377790e+05
2640.3195 4.661317e-02 6.237253e-02 1.074766e-03 2.945763e-02 2.049045e-02 8.040816e-02 8.3116950810e+04 2.0023911577e+05 2.0043127358e+05
2641.3200 4.758239e-02 6.602286e-02 1.081322e-03 3.278761e-02 2.276677e-02 7.509950e-02 8.3101092133e+04 2.0022918987e+05 2.0045509094e+05
2642.3205 4.913309e-02 7.015582e-02 1.072231e-03 3.626693e-02 2.526540e-02 6.929688e-02 8.3084025424e+04 2.0021483755e+05 2.0048418702e+05
2643.3210 5.099496e-02 7.431242e-02 1.064640e-03 3.977397e-02 2.775720e-02 6.373360e-02 8.3066986896e+04 2.0019682517e+05 2.0051661001e+05
2644.3215 5.348330e-02 7.855813e-02 1.032019e-03 4.259983e-02 2.991094e-02 5.938052e-02 8.3051969672e+04 2.0017552187e+05 2.0054997379e+05
2645.3220 5.472343e-02 7.998318e-02 1.030107e-03 4.504416e-02 3.178052e-02 5.552745e-02 8.3042283821e+04 2.0015352024e+05 2.0058034099e+05
2646.3225 5.419132e-02 7.924333e-02 1.059967e-03 4.625380e-02 3.283138e-02 5.322204e-02 8.3039518716e+04 2.0013349563e+05 2.0060371011e+05
2647.3230 5.472491e-02 7.728052e-02 1.006579e-03 4.644108e-02 3.318515e-02 5.289927e-02 8.3043835993e+04 2.0011796564e+05 2.0061547591e+05
2648.3235 5.456550e-02 7.586075e-02 1.053277e-03 4.583323e-02 3.288018e-02 5.401370e-02 8.3055061061e+04 2.0011086901e+05 2.0061181247e+05
2649.3240 5.345430e-02 7.470072e-02 1.050411e-03 4.375849e-02 3.146021e-02 5.701432e-02 8.3072800638e+04 2.0011414243e+05 2.0059197458e+05
2650.3245 5.298955e-02 7.416629e-02 1.070015e-03 4.094884e-02 2.955310e-02 6.130460e-02 8.3096280620e+04 2.0012629851e+05 2.0055686488e+05
2651.3250 5.105333e-02 7.227182e-02 1.060921e-03 3.771043e-02 2.722118e-02 6.630805e-02 8.3124891433e+04 2.0014638853e+05 2.0050997507e+05
2652.3255 4.841604e-02 6.891509e-02 1.082993e-03 3.388017e-02 2.447969e-02 7.240373e-02 8.3156045376e+04 2.0017116179e+05 2.0045667462e+05
2653.3260 4.617005e-02 6.527118e-02 1.093715e-03 3.014941e-02 2.179503e-02 7.828304e-02 8.3186200040e+04 2.0019771238e+05 2.0040252089e+05
2654.3265 4.490582e-02 6.072793e-02 1.118688e-03 2.679991e-02 1.928991e-02 8.333189e-02 8.3212913640e+04 2.0022251167e+05 2.0035363693e+05
2655.3270 4.382100e-02 5.769513e-02 1.118188e-03 2.412056e-02 1.733753e-02 8.737250e-02 8.3234717995e+04 2.0024062660e+05 2.0031564208e+05
2656.3275 4.287165e-02 5.723487e-02 1.120902e-03 2.242143e-02 1.602317e-02 9.013458e-02 8.3250356638e+04 2.0024850319e+05 2.0029279704e+05
2657.3280 4.241960e-02 5.584793e-02 1.121475e-03 2.190401e-02 1.558253e-02 9.055084e-02 8.3259375910e+04 2.0024609449e+05 2.0028720936e+05
2658.3285 4.209886e-02 5.648958e-02 1.115894e-03 2.254449e-02 1.597212e-02 8.950996e-02 8.3260580064e+04 2.0023321755e+05 2.0029874620e+05
2659.3290 4.371374e-02 5.954321e-02 1.109085e-03 2.446820e-02 1.721305e-02 8.635661e-02 8.3253206724e+04 2.0021229043e+05 2.0032510538e+05
2660.3295 4.427650e-02 6.393085e-02 1.121605e-03 2.710641e-02 1.904325e-02 8.217118e-02 8.3239349413e+04 2.0018649597e+05 2.0036272157e+05
2661.3300 4.628413e-02 6.748885e-02 1.107609e-03 3.040530e-02 2.147649e-02 7.651493e-02 8.3221503462e+04 2.0015804725e+05 2.0040669236e+05
2662.3305 4.889056e-02 6.925318e-02 1.092876e-03 3.407691e-02 2.404661e-02 7.055632e-02 8.3201728537e+04 2.0013111907e+05 2.0045151902e+05
2663.3310 5.066845e-02 7.044255e-02 1.068185e-03 3.777603e-02 2.674572e-02 6.513536e-02 8.3182721036e+04 2.0010840213e+05 2.0049170332e+05
2664.3315 5.212180e-02 7.318037e-02 1.057282e-03 4.114829e-02 2.920899e-02 5.948712e-02 8.3165997666e+04 2.0009233005e+05 2.0052283319e+05
2665.3320 5.325271e-02 7.602921e-02 1.076109e-03 4.358065e-02 3.096264e-02 5.525013e-02 8.3152810166e+04 2.0008439334e+05 2.0054238547e+05
2666.3325 5.498234e-02 7.749978e-02 1.059123e-03 4.543094e-02 3.236824e-02 5.289525e-02 8.3145476231e+04 2.0008310886e+05 2.0054924085e+05
2667.3330 5.496748e-02 7.865355e-02 1.048389e-03 4.623420e-02 3.290511e-02 5.145864e-02 8.3146372441e+04 2.0008671828e+05 2.0054435693e+05
2668.3335 5.428552e-02 7.959737e-02 1.065697e-03 4.573080e-02 3.253309e-02 5.252017e-02 8.3155409990e+04 2.0009231961e+05 2.0052954934e+05
2669.3340 5.344432e-02 7.894698e-02 1.071977e-03 4.430969e-02 3.153896e-02 5.475344e-02 8.3171917575e+04 2.0009929501e+05 2.0050665414e+05
2670.3345 5.233320e-02 7.652519e-02 1.057507e-03 4.183885e-02 2.976824e-02 5.855976e-02 8.3194219905e+04 2.0010724423e+05 2.0047806481e+05
2671.3350 5.157253e-02 7.281676e-02 1.097191e-03 3.838502e-02 2.736001e-02 6.408035e-02 8.3220778970e+04 2.0011458639e+05 2.0044604771e+05
2672.3355 4.985473e-02 6.798569e-02 1.086729e-03 3.470365e-02 2.472372e-02 6.975240e-02 8.3251040602e+04 2.0012114698e+05 2.0041215913e+05
2673.3360 4.721184e-02 6.324286e-02 1.113412e-03 3.092322e-02 2.206241e-02 7.555243e-02 8.3282700828e+04 2.0012727231e+05 2.0037765409e+05
2674.3365 4.462806e-02 5.960791e-02 1.094893e-03 2.748067e-02 1.966331e-02 8.134084e-02 8.3311950519e+04 2.0013480984e+05 2.0034334443e+05
2675.3370 4.309085e-02 5.724066e-02 1.109163e-03 2.463557e-02 1.755737e-02 8.557184e-02 8.3336223297e+04 2.0014506389e+05 2.0031071316e+05
2676.3375 4.225474e-02 5.765701e-02 1.129938e-03 2.252685e-02 1.616070e-02 8.851851e-02 8.3353630661e+04 2.0015646938e+05 2.0028229735e+05
2677.3380 4.231774e-02 5.913530e-02 1.148605e-03 2.155913e-02 1.545715e-02 9.001634e-02 8.3363729476e+04 2.0016651611e+05 2.0026152191e+05
2678.3385 4.239373e-02 5.886199e-02 1.141769e-03 2.195150e-02 1.568505e-02 8.879624e-02 8.3367497586e+04 2.0017290621e+05 2.0025167489e+05
2679.3390 4.240943e-02 5.832678e-02 1.127364e-03 2.330103e-02 1.674338e-02 8.680456e-02 8.3364108955e+04 2.0017285500e+05 2.0025517457e+05
2680.3395 4.417160e-02 5.879947e-02 1.120316e-03 2.552934e-02 1.838634e-02 8.267421e-02 8.3353535237e+04 2.0016527336e+05 2.0027253913e+05
2681.3400 4.605030e-02 6.066492e-02 1.105844e-03 2.842919e-02 2.037787e-02 7.821234e-02 8.3337387458e+04 2.0014965844e+05 2.0030262442e+05
2682.3405 4.739519e-02 6.434096e-02 1.106023e-03 3.191373e-02 2.287406e-02 7.282986e-02 8.3318645249e+04 2.0012638889e+05 2.0034248045e+05
2683.3410 4.957157e-02 6.846556e-02 1.093050e-03 3.566972e-02 2.544474e-02 6.669618e-02 8.3299970338e+04 2.0009709268e+05 2.0038782433e+05
2684.3415 5.088826e-02 7.309651e-02 1.091350e-03 3.899443e-02 2.777132e-02 6.154579e-02 8.3283538081e+04 2.0006545911e+05 2.0043327590e+05
2685.3420 5.232139e-02 7.619263e-02 1.081757e-03 4.206265e-02 2.982811e-02 5.690710e-02 8.3270371964e+04 2.0003728491e+05 2.0047257836e+05
2686.3425 5.351233e-02 7.869937e-02 1.023849e-03 4.426806e-02 3.130783e-02 5.386584e-02 8.3261087329e+04 2.0001674280e+05 2.0050070437e+05
2687.3430 5.470866e-02 7.937544e-02 1.068088e-03 4.529755e-02 3.205009e-02 5.208900e-02 8.3257581164e+04 2.0000617114e+05 2.0051404444e+05
2688.3435 5.494749e-02 7.824883e-02 1.063870e-03 4.552740e-02 3.214589e-02 5.168794e-02 8.3261958217e+04 2.0000557623e+05 2.0051066385e+05
2689.3440 5.398304e-02 7.586719e-02 1.070500e-03 4.453439e-02 3.146402e-02 5.327881e-02 8.3274288180e+04 2.0001425204e+05 2.0049099283e+05
2690.3445 5.218445e-02 7.273164e-02 1.087859e-03 4.248465e-02 3.003186e-02 5.698769e-02 8.3293399622e+04 2.0003099638e+05 2.0045706180e+05
2691.3450 5.112348e-02 7.076074e-02 1.075660e-03 3.972416e-02 2.808280e-02 6.070937e-02 8.3317258150e+04 2.0005308258e+05 2.0041268838e+05
2692.3455 5.052912e-02 6.978182e-02 1.101019e-03 3.624769e-02 2.565093e-02 6.613383e-02 8.3344005732e+04 2.0007624859e+05 2.0036361876e+05
2693.3460 4.885031e-02 6.912567e-02 1.120597e-03 3.252552e-02 2.307936e-02 7.199876e-02 8.3373248257e+04 2.0009578290e+05 2.0031590693e+05
2694.3465 4.605509e-02 6.560551e-02 1.121306e-03 2.894965e-02 2.062609e-02 7.700046e-02 8.3403444636e+04 2.0010980907e+05 2.0027465337e+05
2695.3470 4.382550e-02 6.039638e-02 1.103702e-03 2.578060e-02 1.855388e-02 8.227417e-02 8.3430260099e+04 2.0011766789e+05 2.0024303766e+05
2696.3475 4.276418e-02 5.676741e-02 1.122575e-03 2.334074e-02 1.684961e-02 8.558910e-02 8.3451236551e+04 2.0011956396e+05 2.0022233081e+05
2697.3480 4.212616e-02 5.450116e-02 1.136002e-03 2.192205e-02 1.590966e-02 8.715028e-02 8.3465457093e+04 2.0011681680e+05 2.0021236792e+05
2698.3485 4.165999e-02 5.386924e-02 1.134777e-03 2.133521e-02 1.555985e-02 8.861562e-02 8.3473022128e+04 2.0010922962e+05 2.0021263806e+05
2699.3490 4.238755e-02 5.490582e-02 1.153249e-03 2.195906e-02 1.593217e-02 8.667222e-02 8.3474797138e+04 2.0009808888e+05 2.0022166741e+05
2700.3495 4.278135e-02 5.715576e-02 1.134008e-03 2.368009e-02 1.706235e-02 8.421149e-02 8.3470188021e+04 2.0008546300e+05 2.0023769329e+05
2701.3500 4.346882e-02 6.141852e-02 1.142927e-03 2.634274e-02 1.883336e-02 8.029708e-02 8.3459218771e+04 2.0007296652e+05 2.0025892747e+05
2702.3505 4.506601e-02 6.590812e-02 1.118749e-03 2.945541e-02 2.094568e-02 7.489441e-02 8.3442650112e+04 2.0006205890e+05 2.0028406230e+05
2703.3510 4.738771e-02 6.922033e-02 1.115316e-03 3.281352e-02 2.323506e-02 6.983957e-02 8.3422829193e+04 2.0005152890e+05 2.0031189866e+05
2704.3515 5.014470e-02 7.020157e-02 1.087205e-03 3.649354e-02 2.573937e-02 6.445935e-02 8.3403540733e+04 2.0004002731e+05 2.0034091810e+05
2705.3520 5.034068e-02 7.102561e-02 1.087610e-03 3.978531e-02 2.801805e-02 5.911570e-02 8.3387531723e+04 2.0002689637e+05 2.0036951234e+05
2706.3525 5.161186e-02 7.147121e-02 1.104214e-03 4.230259e-02 2.982365e-02 5.486972e-02 8.3374903933e+04 2.0001311040e+05 2.0039525523e+05
2707.3530 5.407901e-02 7.411228e-02 1.085600e-03 4.417883e-02 3.114398e-02 5.173884e-02 8.3366355929e+04 1.9999935488e+05 2.0041545505e+05
2708.3535 5.453136e-02 7.718890e-02 1.082938e-03 4.492258e-02 3.167044e-02 5.104310e-02 8.3364279034e+04 1.9998699147e+05 2.0042825350e+05
2709.3540 5.462121e-02 7.829543e-02 1.091291e-03 4.452843e-02 3.143390e-02 5.151130e-02 8.3370100638e+04 1.9997701571e+05 2.0043195850e+05
2710.3545 5.368612e-02 7.837884e-02 1.099613e-03 4.323173e-02 3.056402e-02 5.304359e-02 8.3384488343e+04 1.9997022515e+05 2.0042494110e+05
2711.3550 5.146491e-02 7.588040e-02 1.092740e-03 4.081660e-02 2.895656e-02 5.707050e-02 8.3405824926e+04 1.9996977402e+05 2.0040596346e+05
2712.3555 4.976887e-02 7.181651e-02 1.094188e-03 3.761211e-02 2.676793e-02 6.192090e-02 8.3431497033e+04 1.9997811934e+05 2.0037448569e+05
2713.3560 4.848308e-02 6.698540e-02 1.138481e-03 3.394870e-02 2.425219e-02 6.743099e-02 8.3459902907e+04 1.9999482055e+05 2.0033211474e+05
2714.3565 4.714891e-02 6.265504e-02 1.122960e-03 2.996567e-02 2.154788e-02 7.359457e-02 8.3489623813e+04 2.0001693864e+05 2.0028270777e+05
2715.3570 4.486367e-02 5.878048e-02 1.123444e-03 2.664335e-02 1.918995e-02 7.836979e-02 8.3519384460e+04 2.0004193558e+05 2.0023092014e+05
2716.3575 4.316875e-02 5.578161e-02 1.143495e-03 2.388098e-02 1.718051e-02 8.246123e-02 8.3545462593e+04 2.0006620818e+05 2.0018259115e+05
2717.3580 4.075266e-02 5.509109e-02 1.107784e-03 2.176188e-02 1.559382e-02 8.666384e-02 8.3564861860e+04 2.0008702195e+05 2.0014350841e+05
2718.3585 4.115925e-02 5.706042e-02 1.159342e-03 2.084888e-02 1.483393e-02 8.733729e-02 8.3575889057e+04 2.0010004658e+05 2.0011891024e+05
2719.3590 4.163823e-02 5.991652e-02 1.168729e-03 2.096538e-02 1.487439e-02 8.727429e-02 8.3579180791e+04 2.0010101774e+05 2.0011317730e+05
2720.3595 4.130715e-02 5.971705e-02 1.150611e-03 2.224573e-02 1.568013e-02 8.516485e-02 8.3576747165e+04 2.0008925002e+05 2.0012775525e+05
2721.3600 4.235275e-02 5.891431e-02 1.139835e-03 2.439276e-02 1.719023e-02 8.132985e-02 8.3567605492e+04 2.0006552593e+05 2.0016052231e+05
2722.3605 4.413871e-02 5.884002e-02 1.164386e-03 2.737635e-02 1.929297e-02 7.678113e-02 8.3552018170e+04 2.0003474787e+05 2.0020606065e+05
2723.3610 4.613157e-02 6.192119e-02 1.131769e-03 3.097735e-02 2.180396e-02 7.082552e-02 8.3531352261e+04 2.0000197953e+05 2.0025742325e+05
2724.3615 4.821779e-02 6.600065e-02 1.121822e-03 3.456338e-02 2.443813e-02 6.508115e-02 8.3508636599e+04 1.9997158556e+05 2.0030782517e+05
2725.3620 4.994207e-02 6.968585e-02 1.101790e-03 3.800548e-02 2.687747e-02 5.929852e-02 8.3488533608e+04 1.9994611789e+05 2.0035119819e+05
2726.3625 5.125844e-02 7.453156e-02 1.090649e-03 4.127315e-02 2.931837e-02 5.428423e-02 8.3473165934e+04 1.9992745923e+05 2.0038248420e+05
2727.3630 5.235196e-02 7.772957e-02 1.087063e-03 4.333409e-02 3.087217e-02 5.124813e-02 8.3463587952e+04 1.9991827894e+05 2.0039923484e+05
2728.3635 5.331535e-02 7.907529e-02 1.101181e-03 4.439965e-02 3.165886e-02 4.905171e-02 8.3460354953e+04 1.9991953451e+05 2.0040042350e+05
2729.3640 5.480626e-02 7.819871e-02 1.104916e-03 4.432564e-02 3.170884e-02 4.884119e-02 8.3464449778e+04 1.9992812977e+05 2.0038760156e+05
2730.3645 5.436590e-02 7.546175e-02 1.120062e-03 4.288420e-02 3.077144e-02 5.150193e-02 8.3477466799e+04 1.9994021738e+05 2.0036370557e+05
2731.3650 5.167567e-02 7.167933e-02 1.056272e-03 4.068513e-02 2.919368e-02 5.537519e-02 8.3499224068e+04 1.9995349891e+05 2.0033121746e+05
2732.3655 5.027801e-02 6.714506e-02 1.125466e-03 3.760246e-02 2.703494e-02 5.998989e-02 8.3526612941e+04 1.9996713381e+05 2.0029285342e+05
2733.3660 4.781521e-02 6.511706e-02 1.110838e-03 3.382998e-02 2.417308e-02 6.629661e-02 8.3556738220e+04 1.9998026806e+05 2.0025151998e+05
2734.3665 4.608038e-02 6.519927e-02 1.149678e-03 3.019183e-02 2.146688e-02 7.192381e-02 8.3587218780e+04 1.9999215362e+05 2.0021003851e+05
2735.3670 4.493824e-02 6.430850e-02 1.136633e-03 2.646195e-02 1.864419e-02 7.798569e-02 8.3616441639e+04 2.0000155541e+05 2.0017240841e+05
2736.3675 4.295964e-02 6.150187e-02 1.136969e-03 2.341179e-02 1.635420e-02 8.291243e-02 8.3642472465e+04 2.0000904168e+05 2.0014101511e+05
2737.3680 4.106536e-02 5.704641e-02 1.170746e-03 2.145727e-02 1.483949e-02 8.533376e-02 8.3662755711e+04 2.0001522149e+05 2.0011748089e+05
2738.3685 4.014071e-02 5.421043e-02 1.174710e-03 2.028259e-02 1.398718e-02 8.686816e-02 8.3673810585e+04 2.0002041944e+05 2.0010297869e+05
2739.3690 4.049728e-02 5.307221e-02 1.156347e-03 2.033159e-02 1.400894e-02 8.650666e-02 8.3675295481e+04 2.0002418874e+05 2.0009816704e+05
2740.3695 4.206790e-02 5.387449e-02 1.185288e-03 2.149874e-02 1.489461e-02 8.418292e-02 8.3669056311e+04 2.0002357545e+05 2.0010415229e+05
2741.3700 4.296602e-02 5.651856e-02 1.151355e-03 2.383232e-02 1.663503e-02 8.010059e-02 8.3657482346e+04 2.0001644041e+05 2.0012148851e+05
2742.3705 4.407115e-02 6.076742e-02 1.135808e-03 2.701781e-02 1.901763e-02 7.480317e-02 8.3641252132e+04 2.0000240663e+05 2.0014951008e+05
2743.3710 4.670040e-02 6.525128e-02 1.121902e-03 3.043224e-02 2.160894e-02 6.914235e-02 8.3620760591e+04 1.9998286546e+05 2.0018655101e+05
2744.3715 4.915914e-02 6.985866e-02 1.093165e-03 3.401564e-02 2.435293e-02 6.288820e-02 8.3598781352e+04 1.9995905713e+05 2.0022945860e+05
2745.3720 5.092398e-02 7.304047e-02 1.120432e-03 3.754164e-02 2.702601e-02 5.749225e-02 8.3578656960e+04 1.9993215861e+05 2.0027419619e+05
2746.3725 5.320155e-02 7.388328e-02 1.112803e-03 4.015309e-02 2.904504e-02 5.303646e-02 8.3564059369e+04 1.9990365009e+05 2.0031592179e+05
2747.3730 5.305350e-02 7.285087e-02 1.098194e-03 4.218892e-02 3.063919e-02 4.998425e-02 8.3557933187e+04 1.9987811848e+05 2.0034787452e+05
2748.3735 5.300429e-02 7.215368e-02 1.076946e-03 4.308575e-02 3.131546e-02 4.902829e-02 8.3559733370e+04 1.9985974208e+05 2.0036446496e+05
2749.3740 5.399855e-02 7.209815e-02 1.085504e-03 4.257308e-02 3.087120e-02 4.976264e-02 8.3568431842e+04 1.9985333139e+05 2.0036187970e+05
2750.3745 5.314448e-02 7.376286e-02 1.093145e-03 4.127030e-02 2.980465e-02 5.238708e-02 8.3584491825e+04 1.9985972494e+05 2.0033903992e+05
2751.3750 5.153476e-02 7.321091e-02 1.142100e-03 3.896065e-02 2.789871e-02 5.644037e-02 8.3607592788e+04 1.9987785537e+05 2.0029875557e+05
2752.3755 4.891835e-02 6.985429e-02 1.114585e-03 3.585209e-02 2.545905e-02 6.170780e-02 8.3635485459e+04 1.9990538139e+05 2.0024585956e+05
2753.3760 4.656143e-02 6.623414e-02 1.146595e-03 3.268242e-02 2.297224e-02 6.686786e-02 8.3664939184e+04 1.9993785414e+05 2.0018647379e+05
2754.3765 4.490435e-02 6.181145e-02 1.156823e-03 2.908114e-02 2.016307e-02 7.291537e-02 8.3692317816e+04 1.9997116463e+05 2.0012841585e+05
2755.3770 4.366600e-02 5.866903e-02 1.166379e-03 2.599604e-02 1.780419e-02 7.775463e-02 8.3716124145e+04 1.9999895580e+05 2.0007882547e+05
2756.3775 4.307389e-02 5.685601e-02 1.179362e-03 2.350897e-02 1.596611e-02 8.075430e-02 8.3735525059e+04 2.0001530458e+05 2.0004449978e+05
2757.3780 4.147845e-02 5.475030e-02 1.171750e-03 2.194173e-02 1.482567e-02 8.339421e-02 8.3749379917e+04 2.0001803395e+05 2.0002949884e+05
2758.3785 4.108560e-02 5.376765e-02 1.207049e-03 2.146923e-02 1.455469e-02 8.337796e-02 8.3755897137e+04 2.0000734633e+05 2.0003453940e+05
2759.3790 4.170885e-02 5.628488e-02 1.201807e-03 2.181710e-02 1.494031e-02 8.221375e-02 8.3753902321e+04 1.9998515751e+05 2.0005753267e+05
2760.3795 4.292812e-02 5.906384e-02 1.153916e-03 2.325136e-02 1.614412e-02 7.914264e-02 8.3744980457e+04 1.9995652009e+05 2.0009372220e+05
2761.3800 4.408186e-02 6.236473e-02 1.172364e-03 2.542296e-02 1.794426e-02 7.541951e-02 8.3731767942e+04 1.9992422185e+05 2.0013734934e+05
2762.3805 4.650830e-02 6.393901e-02 1.177129e-03 2.797261e-02 2.009549e-02 7.052762e-02 8.3717313180e+04 1.9989260116e+05 2.0018190785e+05
2763.3810 4.773260e-02 6.417476e-02 1.162454e-03 3.096604e-02 2.252804e-02 6.528791e-02 8.3703223925e+04 1.9986747668e+05 2.0022048927e+05
2764.3815 4.908076e-02 6.600777e-02 1.156488e-03 3.383668e-02 2.478779e-02 6.109917e-02 8.3689704912e+04 1.9985177601e+05 2.0024806434e+05
2765.3820 5.096526e-02 6.808244e-02 1.129878e-03 3.621906e-02 2.659799e-02 5.716686e-02 8.3678424607e+04 1.9984740871e+05 2.0026209045e+05
2766.3825 5.204920e-02 7.048368e-02 1.108093e-03 3.823381e-02 2.810517e-02 5.391486e-02 8.3671957704e+04 1.9985203512e+05 2.0026238330e+05
2767.3830 5.206840e-02 7.109147e-02 1.120620e-03 3.937703e-02 2.879793e-02 5.291233e-02 8.3672840163e+04 1.9986139070e+05 2.0025156413e+05
2768.3835 5.090711e-02 7.159240e-02 1.116310e-03 3.966790e-02 2.884048e-02 5.279036e-02 8.3681209821e+04 1.9987217731e+05 2.0023254746e+05
2769.3840 4.993353e-02 7.118721e-02 1.115330e-03 3.919382e-02 2.828627e-02 5.424740e-02 8.3694835052e+04 1.9988311198e+05 2.0020840733e+05
2770.3845 4.987529e-02 6.966233e-02 1.138217e-03 3.780682e-02 2.698001e-02 5.668565e-02 8.3711845163e+04 1.9989279715e+05 2.0018240383e+05
2771.3850 4.894364e-02 6.758130e-02 1.130178e-03 3.576739e-02 2.521376e-02 6.025709e-02 8.3731085302e+04 1.9990005661e+05 2.0015719996e+05
2772.3855 4.728842e-02 6.454003e-02 1.150326e-03 3.342346e-02 2.330634e-02 6.414616e-02 8.3751792253e+04 1.9990398357e+05 2.0013463445e+05
2773.3860 4.582422e-02 6.122222e-02 1.189794e-03 3.093522e-02 2.126382e-02 6.851020e-02 8.3772046623e+04 1.9990495705e+05 2.0011540879e+05
2774.3865 4.393233e-02 5.875800e-02 1.164849e-03 2.884461e-02 1.962147e-02 7.136411e-02 8.3789843442e+04 1.9990558955e+05 2.0009898755e+05
2775.3870 4.275528e-02 5.816766e-02 1.187162e-03 2.692027e-02 1.813980e-02 7.399809e-02 8.3802832230e+04 1.9990729341e+05 2.0008537260e+05
2776.3875 4.282510e-02 5.964556e-02 1.177582e-03 2.555670e-02 1.721215e-02 7.592507e-02 8.3810690408e+04 1.9990925857e+05 2.0007509068e+05
2777.3880 4.350130e-02 6.132728e-02 1.212686e-03 2.462176e-02 1.667857e-02 7.632082e-02 8.3814902025e+04 1.9990988074e+05 2.0006974643e+05
2778.3885 4.361471e-02 6.130150e-02 1.159302e-03 2.440706e-02 1.672175e-02 7.595500e-02 8.3816271927e+04 1.9990800453e+05 2.0007040850e+05
2779.3890 4.331403e-02 6.046835e-02 1.199812e-03 2.498508e-02 1.744020e-02 7.410809e-02 8.3814623366e+04 1.9990369755e+05 2.0007708194e+05
2780.3895 4.451323e-02 6.057793e-02 1.197113e-03 2.588475e-02 1.843001e-02 7.200763e-02 8.3808945309e+04 1.9989667469e+05 2.0008928136e+05
2781.3900 4.553006e-02 6.110620e-02 1.170415e-03 2.709980e-02 1.959773e-02 6.928726e-02 8.3801663918e+04 1.9988728589e+05 2.0010556686e+05
2782.3905 4.675593e-02 6.224785e-02 1.190407e-03 2.869914e-02 2.100381e-02 6.654417e-02 8.3794655018e+04 1.9987477722e+05 2.0012399454e+05
2783.3910 4.752185e-02 6.358866e-02 1.155226e-03 3.027621e-02 2.226284e-02 6.436867e-02 8.3790501682e+04 1.9985919353e+05 2.0014265183e+05
2784.3915 4.780992e-02 6.594982e-02 1.163800e-03 3.187108e-02 2.348425e-02 6.144177e-02 8.3790136207e+04 1.9984256320e+05 2.0015855209e+05
2785.3920 4.805803e-02 6.768207e-02 1.128400e-03 3.321686e-02 2.444480e-02 5.989830e-02 8.3791816915e+04 1.9982942177e+05 2.0016897944e+05
2786.3925 4.918453e-02 6.784494e-02 1.146540e-03 3.402377e-02 2.489495e-02 5.908545e-02 8.3795107070e+04 1.9982230792e+05 2.0017212079e+05
2787.3930 4.851030e-02 6.778194e-02 1.143971e-03 3.450932e-02 2.508556e-02 5.880045e-02 8.3800983755e+04 1.9982181529e+05 2.0016690232e+05
2788.3935 4.743444e-02 6.604725e-02 1.153957e-03 3.461801e-02 2.489116e-02 5.916152e-02 8.3809597758e+04 1.9982742860e+05 2.0015368321e+05
2789.3940 4.700549e-02 6.342988e-02 1.146847e-03 3.435635e-02 2.447301e-02 5.991188e-02 8.3820401478e+04 1.9983783304e+05 2.0013362804e+05
2790.3945 4.593837e-02 6.132269e-02 1.152341e-03 3.383028e-02 2.380388e-02 6.086739e-02 8.3832013348e+04 1.9985234740e+05 2.0010891020e+05
2791.3950 4.513615e-02 6.082147e-02 1.161921e-03 3.297425e-02 2.298486e-02 6.279234e-02 8.3842371213e+04 1.9986828406e+05 2.0008310135e+05
2792.3955 4.585362e-02 6.298248e-02 1.174466e-03 3.192875e-02 2.204463e-02 6.413247e-02 8.3850201360e+04 1.9988188446e+05 2.0006068676e+05
2793.3960 4.620737e-02 6.454232e-02 1.147241e-03 3.099375e-02 2.128521e-02 6.491715e-02 8.3856332892e+04 1.9989011162e+05 2.0004593323e+05
2794.3965 4.494675e-02 6.408386e-02 1.146775e-03 3.014654e-02 2.061824e-02 6.636414e-02 8.3861558747e+04 1.9988970827e+05 2.0004183949e+05
2795.3970 4.416822e-02 6.304697e-02 1.181032e-03 2.951009e-02 2.026294e-02 6.721092e-02 8.3865136217e+04 1.9988011411e+05 2.0004857359e+05
2796.3975 4.475592e-02 6.214595e-02 1.188556e-03 2.853001e-02 1.968174e-02 6.724594e-02 8.3866642354e+04 1.9986387720e+05 2.0006413239e+05
2797.3980 4.551800e-02 6.247071e-02 1.199957e-03 2.799250e-02 1.952667e-02 6.727870e-02 8.3867285688e+04 1.9984318813e+05 2.0008391499e+05
2798.3985 4.570310e-02 6.293762e-02 1.211737e-03 2.767330e-02 1.954382e-02 6.695016e-02 8.3869074169e+04 1.9982190022e+05 2.0010343527e+05
2799.3990 4.666420e-02 6.264577e-02 1.174364e-03 2.725032e-02 1.948465e-02 6.715315e-02 8.3872408736e+04 1.9980347168e+05 2.0011836749e+05
2800.3995 4.648429e-02 6.198847e-02 1.196517e-03 2.719221e-02 1.958958e-02 6.654322e-02 8.3877804471e+04 1.9979253947e+05 2.0012449504e+05
2801.4000 4.622096e-02 6.277886e-02 1.195995e-03 2.737072e-02 1.987379e-02 6.653861e-02 8.3883426787e+04 1.9979131399e+05 2.0011970333e+05
2802.4005 4.594109e-02 6.417220e-02 1.172647e-03 2.743160e-02 1.999496e-02 6.698543e-02 8.3888985374e+04 1.9980012986e+05 2.0010468303e+05
2803.4010 4.612342e-02 6.441535e-02 1.183127e-03 2.774381e-02 2.020338e-02 6.610709e-02 8.3895502282e+04 1.9981620267e+05 2.0008206548e+05
2804.4015 4.647930e-02 6.388189e-02 1.183154e-03 2.809733e-02 2.042464e-02 6.604580e-02 8.3903172321e+04 1.9983377302e+05 2.0005665085e+05
2805.4020 4.556654e-02 6.087552e-02 1.206150e-03 2.850092e-02 2.061869e-02 6.585430e-02 8.3912647722e+04 1.9984922524e+05 2.0003314247e+05
2806.4025 4.496868e-02 5.961261e-02 1.175539e-03 2.903455e-02 2.090926e-02 6.542181e-02 8.3921008658e+04 1.9985939452e+05 2.0001523892e+05
2807.4030 4.535500e-02 6.050787e-02 1.165179e-03 2.967695e-02 2.116346e-02 6.481205e-02 8.3926321790e+04 1.9986285745e+05 2.0000580575e+05
2808.4035 4.591454e-02 6.168414e-02 1.159066e-03 3.040359e-02 2.149915e-02 6.378142e-02 8.3928834330e+04 1.9985900548e+05 2.0000639467e+05
2809.4040 4.548889e-02 6.360371e-02 1.156245e-03 3.103157e-02 2.184148e-02 6.309319e-02 8.3929541158e+04 1.9984688423e+05 2.0001714316e+05
2810.4045 4.563804e-02 6.375757e-02 1.183351e-03 3.173297e-02 2.216997e-02 6.254538e-02 8.3928961758e+04 1.9982843637e+05 2.0003581994e+05
2811.4050 4.524325e-02 6.333144e-02 1.154667e-03 3.243984e-02 2.264603e-02 6.091755e-02 8.3927883702e+04 1.9980768937e+05 2.0005822553e+05
2812.4055 4.574654e-02 6.440694e-02 1.183981e-03 3.277434e-02 2.286406e-02 5.928768e-02 8.3924769350e+04 1.9978894255e+05 2.0007981504e+05
2813.4060 4.752048e-02 6.537556e-02 1.144490e-03 3.291447e-02 2.298350e-02 5.943045e-02 8.3919970156e+04 1.9977591407e+05 2.0009651150e+05
2814.4065 4.834830e-02 6.668964e-02 1.200915e-03 3.277488e-02 2.295172e-02 5.863266e-02 8.3916822024e+04 1.9976902685e+05 2.0010598688e+05
2815.4070 4.771258e-02 6.581963e-02 1.199765e-03 3.215436e-02 2.264582e-02 5.869975e-02 8.3916956411e+04 1.9976842574e+05 2.0010738594e+05
2816.4075 4.727988e-02 6.435445e-02 1.168462e-03 3.187379e-02 2.259223e-02 5.930385e-02 8.3920141702e+04 1.9977325444e+05 2.0010004652e+05
2817.4080 4.723395e-02 6.423313e-02 1.187466e-03 3.096870e-02 2.200045e-02 6.044025e-02 8.3925745757e+04 1.9978233083e+05 2.0008562964e+05
2818.4085 4.672445e-02 6.572315e-02 1.191624e-03 2.953481e-02 2.105801e-02 6.217361e-02 8.3934019590e+04 1.9979297675e+05 2.0006657812e+05
2819.4090 4.713707e-02 6.714639e-02 1.200215e-03 2.841373e-02 2.031050e-02 6.361002e-02 8.3945288302e+04 1.9980185122e+05 2.0004582885e+05
2820.4095 4.667791e-02 6.633741e-02 1.177010e-03 2.715164e-02 1.946340e-02 6.611139e-02 8.3959832197e+04 1.9980659429e+05 2.0002683512e+05
2821.4100 4.467014e-02 6.264407e-02 1.189379e-03 2.595893e-02 1.858129e-02 6.847419e-02 8.3976892202e+04 1.9980744746e+05 2.0001120209e+05
2822.4105 4.340957e-02 5.999357e-02 1.198996e-03 2.526070e-02 1.810232e-02 6.930590e-02 8.3992864877e+04 1.9980573535e+05 1.9999866059e+05
2823.4110 4.348452e-02 5.805804e-02 1.200446e-03 2.459544e-02 1.757244e-02 7.103233e-02 8.4005504275e+04 1.9980333945e+05 1.9998893207e+05
2824.4115 4.343449e-02 5.711673e-02 1.176303e-03 2.440740e-02 1.740989e-02 7.166157e-02 8.4015379454e+04 1.9980155274e+05 1.9998121603e+05
2825.4120 4.279482e-02 5.780358e-02 1.209105e-03 2.480395e-02 1.756250e-02 7.124296e-02 8.4022999022e+04 1.9979953000e+05 1.9997549209e+05
2826.4125 4.219466e-02 5.859570e-02 1.223188e-03 2.574099e-02 1.816620e-02 7.008693e-02 8.4028059990e+04 1.9979767969e+05 1.9997203375e+05
2827.4130 4.274222e-02 5.961519e-02 1.188413e-03 2.697827e-02 1.905601e-02 6.802939e-02 8.4028373710e+04 1.9979742584e+05 1.9997134748e+05
2828.4135 4.368705e-02 6.106806e-02 1.174590e-03 2.844203e-02 2.005676e-02 6.576394e-02 8.4023479267e+04 1.9979833372e+05 1.9997429022e+05
2829.4140 4.501567e-02 6.268202e-02 1.186729e-03 3.008447e-02 2.123755e-02 6.306145e-02 8.4014282759e+04 1.9979865804e+05 1.9998199972e+05
2830.4145 4.710364e-02 6.340082e-02 1.188614e-03 3.181786e-02 2.254465e-02 5.950399e-02 8.4003355324e+04 1.9979520849e+05 1.9999541192e+05
2831.4150 4.694084e-02 6.343689e-02 1.169493e-03 3.322563e-02 2.358109e-02 5.699474e-02 8.3993960369e+04 1.9978562131e+05 2.0001441991e+05
2832.4155 4.658044e-02 6.382154e-02 1.178610e-03 3.447733e-02 2.445669e-02 5.534856e-02 8.3986279100e+04 1.9977100205e+05 2.0003661217e+05
2833.4160 4.865870e-02 6.534955e-02 1.215877e-03 3.507327e-02 2.489077e-02 5.336192e-02 8.3979844192e+04 1.9975387735e+05 2.0005903810e+05
2834.4165 4.967695e-02 6.895276e-02 1.147202e-03 3.500307e-02 2.489786e-02 5.294998e-02 8.3976649756e+04 1.9973607213e+05 2.0007840776e+05
2835.4170 4.943815e-02 7.144184e-02 1.209334e-03 3.475602e-02 2.463667e-02 5.369516e-02 8.3978839874e+04 1.9971990563e+05 2.0009138614e+05
2836.4175 4.972133e-02 7.037366e-02 1.162490e-03 3.356780e-02 2.373327e-02 5.525561e-02 8.3986708186e+04 1.9970825258e+05 2.0009567233e+05
2837.4180 4.783346e-02 6.841666e-02 1.184563e-03 3.186736e-02 2.256820e-02 5.777293e-02 8.4000256908e+04 1.9970374682e+05 2.0008831097e+05
2838.4185 4.599481e-02 6.547214e-02 1.236058e-03 3.024945e-02 2.130395e-02 6.053728e-02 8.4017122584e+04 1.9970961284e+05 2.0006755694e+05
2839.4190 4.607561e-02 6.313285e-02 1.185940e-03 2.789819e-02 1.966903e-02 6.429995e-02 8.4034930142e+04 1.9972536968e+05 2.0003503436e+05
2840.4195 4.532029e-02 6.047101e-02 1.204969e-03 2.574841e-02 1.808885e-02 6.758355e-02 8.4054740082e+04 1.9974806487e+05 1.9999404686e+05
2841.4200 4.371633e-02 5.820730e-02 1.216352e-03 2.414889e-02 1.698240e-02 7.023017e-02 8.4075621960e+04 1.9977269180e+05 1.9995010729e+05
2842.4205 4.249587e-02 5.714805e-02 1.221831e-03 2.276327e-02 1.594820e-02 7.282895e-02 8.4094648857e+04 1.9979473883e+05 1.9990993558e+05
2843.4210 4.168833e-02 5.791123e-02 1.234041e-03 2.213563e-02 1.553643e-02 7.416621e-02 8.4108889790e+04 1.9981134224e+05 1.9987890312e+05
2844.4215 4.086856e-02 5.842358e-02 1.222678e-03 2.213763e-02 1.552246e-02 7.408102e-02 8.4117251347e+04 1.9982029491e+05 1.9986180523e+05
2845.4220 4.191414e-02 5.755314e-02 1.216155e-03 2.261750e-02 1.601319e-02 7.318931e-02 8.4119659197e+04 1.9981810385e+05 1.9986148243e+05
2846.4225 4.224405e-02 5.725485e-02 1.226702e-03 2.377471e-02 1.689583e-02 7.147306e-02 8.4118158366e+04 1.9980319432e+05 1.9987784930e+05
2847.4230 4.272846e-02 5.620075e-02 1.221511e-03 2.559804e-02 1.827774e-02 6.827606e-02 8.4113550067e+04 1.9977824293e+05 1.9990756975e+05
2848.4235 4.256516e-02 5.626768e-02 1.207921e-03 2.764612e-02 1.988072e-02 6.517267e-02 8.4105102017e+04 1.9974909163e+05 1.9994503845e+05
2849.4240 4.512189e-02 5.881582e-02 1.235643e-03 2.985980e-02 2.145841e-02 6.090265e-02 8.4092365795e+04 1.9972125822e+05 1.9998376396e+05
2850.4245 4.735950e-02 6.272971e-02 1.187690e-03 3.189497e-02 2.289133e-02 5.764412e-02 8.4078254243e+04 1.9969834262e+05 2.0001820735e+05
2851.4250 4.824231e-02 6.662630e-02 1.209849e-03 3.380896e-02 2.422400e-02 5.447436e-02 8.4066384123e+04 1.9968241159e+05 2.0004407556e+05
2852.4255 4.889329e-02 6.872390e-02 1.197846e-03 3.527870e-02 2.518144e-02 5.212872e-02 8.4058142008e+04 1.9967453252e+05 2.0005900126e+05
2853.4260 4.860827e-02 6.928727e-02 1.185195e-03 3.604278e-02 2.568303e-02 5.082244e-02 8.4054527215e+04 1.9967518283e+05 2.0006191006e+05
2854.4265 4.898225e-02 7.006802e-02 1.198862e-03 3.612107e-02 2.559216e-02 5.070228e-02 8.4054635169e+04 1.9968298056e+05 2.0005356915e+05
2855.4270 5.041399e-02 6.984799e-02 1.171908e-03 3.509958e-02 2.479151e-02 5.206152e-02 8.4059298654e+04 1.9969486072e+05 2.0003678026e+05
2856.4275 4.959072e-02 6.845187e-02 1.189485e-03 3.367183e-02 2.371763e-02 5.435604e-02 8.4070432108e+04 1.9970683605e+05 2.0001459006e+05
2857.4280 4.821224e-02 6.559933e-02 1.219189e-03 3.197581e-02 2.238301e-02 5.697423e-02 8.4087272056e+04 1.9971635225e+05 1.9999011680e+05
2858.4285 4.696822e-02 6.275682e-02 1.220216e-03 2.952896e-02 2.064519e-02 6.094163e-02 8.4107337648e+04 1.9972239362e+05 1.9996574237e+05
2859.4290 4.490165e-02 6.214108e-02 1.224052e-03 2.727508e-02 1.902874e-02 6.456334e-02 8.4128905966e+04 1.9972557524e+05 1.9994215019e+05
2860.4295 4.398134e-02 6.191308e-02 1.214804e-03 2.514917e-02 1.748463e-02 6.792246e-02 8.4149694363e+04 1.9972709981e+05 1.9992043938e+05
2861.4300 4.285939e-02 6.086274e-02 1.229609e-03 2.297317e-02 1.600161e-02 7.174683e-02 8.4169031644e+04 1.9972739329e+05 1.9990166064e+05
2862.4305 4.221709e-02 5.910518e-02 1.240149e-03 2.167217e-02 1.522517e-02 7.341027e-02 8.4186475829e+04 1.9972687664e+05 1.9988580908e+05
2863.4310 4.113815e-02 5.538917e-02 1.248480e-03 2.099713e-02 1.485330e-02 7.446905e-02 8.4200371953e+04 1.9972756814e+05 1.9987313423e+05
2864.4315 4.036612e-02 5.245529e-02 1.253000e-03 2.084286e-02 1.493154e-02 7.440306e-02 8.4208465957e+04 1.9973063798e+05 1.9986353392e+05
2865.4320 4.092897e-02 5.256140e-02 1.243490e-03 2.154855e-02 1.554581e-02 7.305603e-02 8.4209306683e+04 1.9973561107e+05 1.9985753287e+05
2866.4325 4.176924e-02 5.321953e-02 1.238621e-03 2.308450e-02 1.669919e-02 7.101144e-02 8.4204642642e+04 1.9974022809e+05 1.9985677997e+05
2867.4330 4.203629e-02 5.639276e-02 1.238333e-03 2.474984e-02 1.795761e-02 6.756923e-02 8.4196997783e+04 1.9973989803e+05 1.9986352173e+05
2868.4335 4.272922e-02 5.987601e-02 1.248569e-03 2.709863e-02 1.956907e-02 6.376624e-02 8.4187286927e+04 1.9973295965e+05 1.9987845620e+05
2869.4340 4.477498e-02 6.241929e-02 1.231101e-03 2.950127e-02 2.122746e-02 6.053250e-02 8.4175505622e+04 1.9971965856e+05 1.9990134238e+05
2870.4345 4.590557e-02 6.412642e-02 1.208191e-03 3.171510e-02 2.277128e-02 5.666596e-02 8.4163354460e+04 1.9970185947e+05 1.9993023759e+05
2871.4350 4.745073e-02 6.655807e-02 1.196617e-03 3.355922e-02 2.397815e-02 5.335526e-02 8.4151865520e+04 1.9968003381e+05 1.9996200429e+05
2872.4355 4.924574e-02 6.669065e-02 1.179104e-03 3.492190e-02 2.488247e-02 5.121536e-02 8.4142957763e+04 1.9965789156e+05 1.9999227278e+05
2873.4360 4.867437e-02 6.611716e-02 1.206907e-03 3.583991e-02 2.532447e-02 4.977692e-02 8.4139375485e+04 1.9963823052e+05 2.0001608555e+05
2874.4365 4.783810e-02 6.572161e-02 1.222353e-03 3.580272e-02 2.522119e-02 4.970199e-02 8.4140709778e+04 1.9962456879e+05 2.0002890897e+05
2875.4370 4.849866e-02 6.669722e-02 1.228879e-03 3.523664e-02 2.470755e-02 5.076932e-02 8.4145914314e+04 1.9962025450e+05 2.0002736098e+05
2876.4375 4.881946e-02 6.898915e-02 1.199879e-03 3.400661e-02 2.369841e-02 5.277605e-02 8.4156040453e+04 1.9962520284e+05 2.0001129464e+05
2877.4380 4.753626e-02 6.987153e-02 1.227483e-03 3.196013e-02 2.223235e-02 5.592808e-02 8.4171430198e+04 1.9963824349e+05 1.9998323020e+05
2878.4385 4.736890e-02 6.820103e-02 1.227296e-03 2.990913e-02 2.077589e-02 5.883871e-02 8.4190200980e+04 1.9965668852e+05 1.9994690897e+05
2879.4390 4.591397e-02 6.371197e-02 1.258389e-03 2.754791e-02 1.915670e-02 6.276204e-02 8.4211408423e+04 1.9967757944e+05 1.9990721903e+05
2880.4395 4.307821e-02 5.986770e-02 1.240402e-03 2.502228e-02 1.754366e-02 6.630478e-02 8.4232823613e+04 1.9969775043e+05 1.9986859955e+05
2881.4400 4.223821e-02 5.567863e-02 1.240982e-03 2.301714e-02 1.626278e-02 6.915248e-02 8.4251671926e+04 1.9971483308e+05 1.9983484538e+05
2882.4405 4.258739e-02 5.258717e-02 1.251439e-03 2.144157e-02 1.524169e-02 7.171142e-02 8.4268046135e+04 1.9972470338e+05 1.9980973114e+05
2883.4410 4.102401e-02 5.203625e-02 1.250014e-03 2.036950e-02 1.463907e-02 7.318642e-02 8.4282513174e+04 1.9972538557e+05 1.9979557125e+05
2884.4415 4.038861e-02 5.293744e-02 1.246702e-03 2.014822e-02 1.456475e-02 7.347788e-02 8.4292309067e+04 1.9971822812e+05 1.9979288058e+05
2885.4420 4.136507e-02 5.590436e-02 1.280686e-03 2.068375e-02 1.495833e-02 7.245413e-02 8.4295661679e+04 1.9970524761e+05 1.9980083088e+05
2886.4425 4.051821e-02 5.718564e-02 1.248364e-03 2.167886e-02 1.570887e-02 7.066146e-02 8.4293979861e+04 1.9969019508e+05 1.9981744519e+05
2887.4430 4.171472e-02 5.765090e-02 1.265578e-03 2.352186e-02 1.695738e-02 6.785822e-02 8.4286820070e+04 1.9967438671e+05 1.9983967396e+05
2888.4435 4.381972e-02 5.770143e-02 1.253726e-03 2.552127e-02 1.839296e-02 6.487831e-02 8.4276343432e+04 1.9965897917e+05 1.9986450713e+05
2889.4440 4.363057e-02 5.766512e-02 1.221368e-03 2.782588e-02 1.992813e-02 6.093057e-02 8.4265643808e+04 1.9964593048e+05 1.9988838146e+05
2890.4445 4.461746e-02 5.852411e-02 1.244603e-03 3.015905e-02 2.154637e-02 5.697912e-02 8.4253793178e+04 1.9963694647e+05 1.9990849577e+05
2891.4450 4.679521e-02 6.187031e-02 1.253397e-03 3.220372e-02 2.286931e-02 5.344700e-02 8.4241173423e+04 1.9963224926e+05 1.9992358904e+05
2892.4455 4.775563e-02 6.616011e-02 1.223769e-03 3.397584e-02 2.396592e-02 5.110204e-02 8.4230306135e+04 1.9963070368e+05 1.9993374003e+05
2893.4460 4.838389e-02 6.915948e-02 1.214024e-03 3.502013e-02 2.465284e-02 4.948485e-02 8.4222922123e+04 1.9963009862e+05 1.9994029403e+05
2894.4465 4.907035e-02 7.075578e-02 1.220023e-03 3.556364e-02 2.493476e-02 4.794755e-02 8.4220616556e+04 1.9962789467e+05 1.9994404808e+05
2895.4470 4.875214e-02 6.957896e-02 1.223106e-03 3.526618e-02 2.471784e-02 4.870937e-02 8.4223853765e+04 1.9962407676e+05 1.9994518903e+05
2896.4475 4.803085e-02 6.909247e-02 1.248670e-03 3.410322e-02 2.389371e-02 5.039652e-02 8.4231945396e+04 1.9961873724e+05 1.9994301020e+05
2897.4480 4.804264e-02 6.663288e-02 1.207348e-03 3.253111e-02 2.284937e-02 5.256050e-02 8.4245110882e+04 1.9961374013e+05 1.9993606403e+05
2898.4485 4.821559e-02 6.324604e-02 1.226646e-03 3.012473e-02 2.121276e-02 5.650084e-02 8.4262653575e+04 1.9961002678e+05 1.9992354275e+05
2899.4490 4.688066e-02 6.093402e-02 1.230991e-03 2.764260e-02 1.956890e-02 5.978846e-02 8.4284118800e+04 1.9960968020e+05 1.9990416465e+05
2900.4495 4.410180e-02 5.901747e-02 1.260978e-03 2.524074e-02 1.788575e-02 6.368225e-02 8.4307629521e+04 1.9961452507e+05 1.9987783375e+05
2901.4500 4.283014e-02 5.736062e-02 1.279624e-03 2.291943e-02 1.626485e-02 6.755874e-02 8.4329946292e+04 1.9962551488e+05 1.9984577672e+05
2902.4505 4.213592e-02 5.644658e-02 1.269921e-03 2.085242e-02 1.494735e-02 7.068072e-02 8.4349453421e+04 1.9964189967e+05 1.9981058405e+05
2903.4510 4.067067e-02 5.645482e-02 1.280398e-03 1.945743e-02 1.392855e-02 7.286619e-02 8.4365738998e+04 1.9966038557e+05 1.9977646568e+05
2904.4515 4.032972e-02 5.495142e-02 1.271955e-03 1.882157e-02 1.353006e-02 7.387587e-02 8.4378131521e+04 1.9967702708e+05 1.9974828696e+05
2905.4520 3.976983e-02 5.349901e-02 1.279649e-03 1.889271e-02 1.357835e-02 7.367117e-02 8.4385229299e+04 1.9968851529e+05 1.9973044919e+05
2906.4525 3.961915e-02 5.143576e-02 1.306263e-03 1.994041e-02 1.434917e-02 7.212574e-02 8.4386354785e+04 1.9969303174e+05 1.9972567464e+05
2907.4530 4.087998e-02 5.169184e-02 1.275793e-03 2.145813e-02 1.541487e-02 6.952692e-02 8.4379774113e+04 1.9968916373e+05 1.9973552580e+05
2908.4535 4.202408e-02 5.390211e-02 1.219995e-03 2.377533e-02 1.703593e-02 6.577707e-02 8.4367943234e+04 1.9967585822e+05 1.9975924469e+05
2909.4540 4.296691e-02 5.783979e-02 1.243629e-03 2.641371e-02 1.884125e-02 6.159583e-02 8.4353026405e+04 1.9965324558e+05 1.9979476196e+05
2910.4545 4.513962e-02 6.205233e-02 1.218120e-03 2.911106e-02 2.069946e-02 5.691961e-02 8.4336600883e+04 1.9962397318e+05 1.9983788461e+05
2911.4550 4.561787e-02 6.479579e-02 1.222135e-03 3.177992e-02 2.254960e-02 5.324199e-02 8.4321540253e+04 1.9959267819e+05 1.9988260035e+05
2912.4555 4.676114e-02 6.714809e-02 1.209487e-03 3.385420e-02 2.401069e-02 4.977780e-02 8.4307906655e+04 1.9956482605e+05 1.9992274227e+05
2913.4560 4.897305e-02 6.932489e-02 1.218099e-03 3.531275e-02 2.504471e-02 4.673368e-02 8.4296899077e+04 1.9954439604e+05 1.9995255842e+05
2914.4565 4.990215e-02 6.940800e-02 1.245255e-03 3.580018e-02 2.541070e-02 4.578597e-02 8.4291421493e+04 1.9953391524e+05 1.9996811994e+05
2915.4570 4.866539e-02 6.760675e-02 1.230730e-03 3.572806e-02 2.537988e-02 4.602114e-02 8.4293217672e+04 1.9953446346e+05 1.9996695782e+05
2916.4575 4.879272e-02 6.547111e-02 1.233416e-03 3.482436e-02 2.472982e-02 4.700043e-02 8.4301628959e+04 1.9954480612e+05 1.9994920284e+05
2917.4580 4.859396e-02 6.418830e-02 1.245194e-03 3.280121e-02 2.330490e-02 5.048659e-02 8.4315959161e+04 1.9956288884e+05 1.9991737382e+05
2918.4585 4.617512e-02 6.478413e-02 1.241292e-03 3.056605e-02 2.173679e-02 5.391665e-02 8.4336223943e+04 1.9958543727e+05 1.9987553865e+05
2919.4590 4.586068e-02 6.416767e-02 1.240080e-03 2.781122e-02 1.974065e-02 5.853925e-02 8.4359697335e+04 1.9960772182e+05 1.9983022687e+05
2920.4595 4.541311e-02 6.273934e-02 1.284894e-03 2.492663e-02 1.767705e-02 6.359225e-02 8.4385741490e+04 1.9962509290e+05 1.9978742131e+05
2921.4600 4.244876e-02 6.008107e-02 1.283718e-03 2.210823e-02 1.572471e-02 6.759361e-02 8.4412939182e+04 1.9963615881e+05 1.9975175307e+05
2922.4605 4.026961e-02 5.535368e-02 1.292519e-03 1.985617e-02 1.410797e-02 7.176882e-02 8.4436785821e+04 1.9964116365e+05 1.9972554295e+05
2923.4610 3.967929e-02 5.129133e-02 1.256853e-03 1.841480e-02 1.308538e-02 7.413820e-02 8.4454862776e+04 1.9964130266e+05 1.9970924950e+05
2924.4615 3.885203e-02 4.928043e-02 1.273060e-03 1.749488e-02 1.246184e-02 7.510809e-02 8.4467114790e+04 1.9963709044e+05 1.9970261324e+05
2925.4620 3.926609e-02 4.936164e-02 1.302912e-03 1.767280e-02 1.255590e-02 7.530636e-02 8.4472611352e+04 1.9962951031e+05 1.9970431622e+05
2926.4625 3.920090e-02 5.147761e-02 1.269125e-03 1.877355e-02 1.333188e-02 7.320828e-02 8.4471789083e+04 1.9962069804e+05 1.9971323677e+05
2927.4630 3.979192e-02 5.391307e-02 1.273220e-03 2.081025e-02 1.481799e-02 6.983212e-02 8.4464130903e+04 1.9961215994e+05 1.9972815636e+05
2928.4635 4.101135e-02 5.679831e-02 1.259999e-03 2.325562e-02 1.655072e-02 6.560308e-02 8.4449725631e+04 1.9960467682e+05 1.9974836807e+05
2929.4640 4.225955e-02 5.944473e-02 1.229744e-03 2.625786e-02 1.870837e-02 6.061124e-02 8.4430810057e+04 1.9959757518e+05 1.9977286559e+05
2930.4645 4.445364e-02 6.197134e-02 1.288365e-03 2.922554e-02 2.087717e-02 5.591636e-02 8.4410069430e+04 1.9958786708e+05 1.9980115658e+05
2931.4650 4.607973e-02 6.329308e-02 1.245091e-03 3.204536e-02 2.289262e-02 5.088997e-02 8.4391524381e+04 1.9957465657e+05 1.9983178448e+05
2932.4655 4.738433e-02 6.424537e-02 1.225755e-03 3.431407e-02 2.453059e-02 4.696326e-02 8.4377085680e+04 1.9955782638e+05 1.9986220323e+05
2933.4660 4.872400e-02 6.582282e-02 1.237846e-03 3.568331e-02 2.552459e-02 4.486530e-02 8.4367241251e+04 1.9953964960e+05 1.9988901421e+05
2934.4665 5.018365e-02 6.853043e-02 1.253184e-03 3.642010e-02 2.604501e-02 4.327974e-02 8.4363155453e+04 1.9952272670e+05 1.9990837949e+05
2935.4670 5.020654e-02 7.024313e-02 1.247184e-03 3.593169e-02 2.569002e-02 4.423180e-02 8.4366263339e+04 1.9950966094e+05 1.9991752868e+05
2936.4675 4.897898e-02 6.947015e-02 1.256071e-03 3.457693e-02 2.466346e-02 4.646345e-02 8.4377458278e+04 1.9950308408e+05 1.9991383619e+05
2937.4680 4.809276e-02 6.692789e-02 1.289778e-03 3.283423e-02 2.340851e-02 4.953027e-02 8.4395772153e+04 1.9950438944e+05 1.9989557096e+05
2938.4685 4.644448e-02 6.511689e-02 1.214654e-03 2.999126e-02 2.134022e-02 5.444142e-02 8.4419424901e+04 1.9951413688e+05 1.9986355983e+05
2939.4690 4.444946e-02 6.274555e-02 1.278934e-03 2.696412e-02 1.917354e-02 5.927368e-02 8.4446167833e+04 1.9953325513e+05 1.9981960873e+05
2940.4695 4.357218e-02 5.988329e-02 1.291609e-03 2.374589e-02 1.686291e-02 6.427622e-02 8.4473414005e+04 1.9955862902e+05 1.9976869542e+05
2941.4700 4.249037e-02 5.597485e-02 1.291517e-03 2.092795e-02 1.484344e-02 6.912350e-02 8.4499998377e+04 1.9958586464e+05 1.9971687805e+05
2942.4705 3.941029e-02 5.243095e-02 1.325624e-03 1.883756e-02 1.328493e-02 7.228509e-02 8.4524450294e+04 1.9961066320e+05 1.9967048941e+05
2943.4710 3.750941e-02 4.998492e-02 1.291340e-03 1.722335e-02 1.220149e-02 7.480358e-02 8.4542230814e+04 1.9962990805e+05 1.9963539854e+05
2944.4715 3.797603e-02 4.957330e-02 1.306453e-03 1.675443e-02 1.184162e-02 7.591602e-02 8.4551064014e+04 1.9964064643e+05 1.9961561955e+05
2945.4720 3.741298e-02 5.081336e-02 1.298130e-03 1.726537e-02 1.223870e-02 7.476112e-02 8.4552624122e+04 1.9964044272e+05 1.9961410883e+05
2946.4725 3.796066e-02 5.296824e-02 1.291079e-03 1.858478e-02 1.324815e-02 7.252576e-02 8.4547110153e+04 1.9962715262e+05 1.9963182431e+05
2947.4730 4.068749e-02 5.408617e-02 1.280432e-03 2.073555e-02 1.474773e-02 6.840256e-02 8.4535595534e+04 1.9960253246e+05 1.9966659798e+05
2948.4735 4.189436e-02 5.518347e-02 1.278102e-03 2.383492e-02 1.699122e-02 6.355655e-02 8.4519659295e+04 1.9957086977e+05 1.9971303444e+05
2949.4740 4.277334e-02 5.720579e-02 1.287639e-03 2.671414e-02 1.913838e-02 5.866550e-02 8.4499910257e+04 1.9953774194e+05 1.9976476344e+05
2950.4745 4.552432e-02 6.057024e-02 1.276343e-03 2.966825e-02 2.122644e-02 5.351514e-02 8.4478051964e+04 1.9950764650e+05 1.9981426128e+05
2951.4750 4.746469e-02 6.349126e-02 1.257573e-03 3.239113e-02 2.317813e-02 4.917233e-02 8.4458791032e+04 1.9948387781e+05 1.9985523569e+05
2952.4755 4.773257e-02 6.627600e-02 1.255761e-03 3.442193e-02 2.465254e-02 4.599229e-02 8.4445822045e+04 1.9946767210e+05 1.9988307692e+05
2953.4760 4.844873e-02 6.719078e-02 1.245839e-03 3.591780e-02 2.563142e-02 4.374835e-02 8.4439772966e+04 1.9946157909e+05 1.9989445512e+05
2954.4765 4.914661e-02 6.868045e-02 1.242551e-03 3.605355e-02 2.569172e-02 4.342232e-02 8.4439863968e+04 1.9946609893e+05 1.9988894827e+05
2955.4770 4.914656e-02 7.045545e-02 1.271713e-03 3.546920e-02 2.527729e-02 4.415427e-02 8.4446367385e+04 1.9947984069e+05 1.9986812131e+05
2956.4775 4.901917e-02 7.041041e-02 1.255751e-03 3.408137e-02 2.423673e-02 4.655531e-02 8.4459172227e+04 1.9949890210e+05 1.9983633101e+05
2957.4780 4.766992e-02 6.706901e-02 1.254305e-03 3.155551e-02 2.238289e-02 5.083888e-02 8.4478738806e+04 1.9951865283e+05 1.9979894976e+05
2958.4785 4.547634e-02 6.383332e-02 1.324120e-03 2.911363e-02 2.063157e-02 5.484434e-02 8.4503795253e+04 1.9953492469e+05 1.9975982208e+05
2959.4790 4.275252e-02 5.935645e-02 1.298950e-03 2.601463e-02 1.846253e-02 5.977641e-02 8.4531294973e+04 1.9954741271e+05 1.9972290137e+05
2960.4795 4.137440e-02 5.617226e-02 1.310949e-03 2.298485e-02 1.627698e-02 6.469360e-02 8.4558021241e+04 1.9955526301e+05 1.9969028423e+05
2961.4800 4.054094e-02 5.490102e-02 1.260567e-03 2.039967e-02 1.445633e-02 6.848081e-02 8.4582204353e+04 1.9955877708e+05 1.9966372689e+05
2962.4805 3.951218e-02 5.314724e-02 1.308712e-03 1.806153e-02 1.289405e-02 7.193492e-02 8.4602348813e+04 1.9955897925e+05 1.9964474093e+05
2963.4810 3.846230e-02 5.198221e-02 1.347224e-03 1.688112e-02 1.200670e-02 7.375574e-02 8.4616958902e+04 1.9955676367e+05 1.9963325159e+05
2964.4815 3.712736e-02 5.073003e-02 1.290801e-03 1.669666e-02 1.194331e-02 7.385165e-02 8.4624773431e+04 1.9955448671e+05 1.9962883508e+05
2965.4820 3.724269e-02 4.968405e-02 1.338346e-03 1.703373e-02 1.223150e-02 7.272729e-02 8.4624311436e+04 1.9955324304e+05 1.9963111708e+05
2966.4825 3.865677e-02 5.109736e-02 1.313590e-03 1.849887e-02 1.327288e-02 7.005947e-02 8.4616289445e+04 1.9955173089e+05 1.9963953670e+05
2967.4830 4.012566e-02 5.296854e-02 1.293693e-03 2.076032e-02 1.491936e-02 6.662862e-02 8.4603590638e+04 1.9954797555e+05 1.9965452238e+05
2968.4835 4.198098e-02 5.529285e-02 1.313049e-03 2.306420e-02 1.659541e-02 6.236440e-02 8.4588086839e+04 1.9953977964e+05 1.9967661412e+05
2969.4840 4.409090e-02 5.804085e-02 1.278935e-03 2.606857e-02 1.862682e-02 5.723537e-02 8.4571106156e+04 1.9952708360e+05 1.9970441913e+05
2970.4845 4.492838e-02 6.138066e-02 1.301503e-03 2.901500e-02 2.069012e-02 5.293425e-02 8.4553765994e+04 1.9951067087e+05 1.9973625195e+05
2971.4850 4.680554e-02 6.507342e-02 1.288173e-03 3.126579e-02 2.225726e-02 4.920481e-02 8.4537424532e+04 1.9949124657e+05 1.9976971888e+05
2972.4855 4.850613e-02 6.837376e-02 1.281967e-03 3.333409e-02 2.366166e-02 4.598978e-02 8.4525360369e+04 1.9947003248e+05 1.9980083960e+05
2973.4860 4.818964e-02 6.965950e-02 1.267277e-03 3.431679e-02 2.427496e-02 4.448449e-02 8.4520548600e+04 1.9944938035e+05 1.9982596068e+05
2974.4865 4.765072e-02 6.881105e-02 1.267499e-03 3.490506e-02 2.464540e-02 4.405324e-02 8.4523173566e+04 1.9943298375e+05 1.9984008553e+05
2975.4870 4.783998e-02 6.791884e-02 1.240462e-03 3.426123e-02 2.416048e-02 4.543284e-02 8.4531884487e+04 1.9942443286e+05 1.9984009774e+05
2976.4875 4.781524e-02 6.675568e-02 1.264401e-03 3.275898e-02 2.309379e-02 4.771249e-02 8.4545961395e+04 1.9942698934e+05 1.9982399585e+05
2977.4880 4.633554e-02 6.488215e-02 1.295447e-03 3.100332e-02 2.188312e-02 5.061697e-02 8.4564951305e+04 1.9944096940e+05 1.9979247525e+05
2978.4885 4.532945e-02 6.207514e-02 1.282093e-03 2.839945e-02 2.007057e-02 5.505351e-02 8.4586868167e+04 1.9946326937e+05 1.9974974944e+05
2979.4890 4.338160e-02 5.911838e-02 1.338762e-03 2.579669e-02 1.824846e-02 5.898828e-02 8.4611263394e+04 1.9949002895e+05 1.9970070649e+05
2980.4895 4.044643e-02 5.633390e-02 1.274095e-03 2.334232e-02 1.660548e-02 6.289455e-02 8.4635799833e+04 1.9951720582e+05 1.9965143802e+05
2981.4900 3.986348e-02 5.437170e-02 1.324362e-03 2.078329e-02 1.487592e-02 6.676933e-02 8.4656912346e+04 1.9954019371e+05 1.9960853309e+05
2982.4905 3.911799e-02 5.327167e-02 1.311406e-03 1.898613e-02 1.362376e-02 6.912683e-02 8.4674222758e+04 1.9955521377e+05 1.9957719257e+05
2983.4910 3.824103e-02 5.213267e-02 1.360931e-03 1.777823e-02 1.281917e-02 7.088225e-02 8.4686950732e+04 1.9955902264e+05 1.9956155202e+05
2984.4915 3.833366e-02 5.005446e-02 1.340687e-03 1.719984e-02 1.247994e-02 7.123484e-02 8.4694147258e+04 1.9955147971e+05 1.9956294052e+05
2985.4920 3.799792e-02 4.879435e-02 1.324387e-03 1.785408e-02 1.290077e-02 7.027216e-02 8.4695309761e+04 1.9953462593e+05 1.9957923191e+05
2986.4925 3.843213e-02 4.967652e-02 1.346321e-03 1.899180e-02 1.370656e-02 6.841613e-02 8.4689688014e+04 1.9951213008e+05 1.9960684118e+05
2987.4930 3.975568e-02 5.274938e-02 1.344106e-03 2.044896e-02 1.471388e-02 6.519083e-02 8.4678648753e+04 1.9948769234e+05 1.9964082884e+05
2988.4935 4.114510e-02 5.691400e-02 1.324789e-03 2.304856e-02 1.636854e-02 6.179567e-02 8.4664812119e+04 1.9946410845e+05 1.9967569269e+05
2989.4940 4.309374e-02 6.095305e-02 1.315241e-03 2.553149e-02 1.805737e-02 5.802021e-02 8.4650540648e+04 1.9944376415e+05 1.9970770931e+05
2990.4945 4.389054e-02 6.313380e-02 1.299558e-03 2.794809e-02 1.968514e-02 5.431916e-02 8.4637748273e+04 1.9942968674e+05 1.9973328582e+05
2991.4950 4.496733e-02 6.555989e-02 1.307004e-03 3.044920e-02 2.132817e-02 5.042699e-02 8.4626158918e+04 1.9942286521e+05 1.9975009275e+05
2992.4955 4.719204e-02 6.701873e-02 1.287015e-03 3.198392e-02 2.236694e-02 4.772613e-02 8.4616213034e+04 1.9942324232e+05 1.9975825609e+05
2993.4960 4.766497e-02 6.688633e-02 1.321591e-03 3.327659e-02 2.331427e-02 4.607950e-02 8.4610908856e+04 1.9942828725e+05 1.9975816026e+05
2994.4965 4.723167e-02 6.631077e-02 1.303277e-03 3.371305e-02 2.362367e-02 4.576036e-02 8.4611684536e+04 1.9943404978e+05 1.9975185512e+05
2995.4970 4.686945e-02 6.479516e-02 1.323568e-03 3.341061e-02 2.349298e-02 4.585597e-02 8.4618922811e+04 1.9943897922e+05 1.9974060316e+05
2996.4975 4.605664e-02 6.463489e-02 1.310277e-03 3.252386e-02 2.291981e-02 4.754557e-02 8.4631317945e+04 1.9944190523e+05 1.9972555292e+05
2997.4980 4.533326e-02 6.475028e-02 1.250058e-03 3.077604e-02 2.179571e-02 5.034824e-02 8.4647176270e+04 1.9944395281e+05 1.9970801805e+05
2998.4985 4.491113e-02 6.352452e-02 1.356578e-03 2.878966e-02 2.043257e-02 5.293650e-02 8.4665603320e+04 1.9944568841e+05 1.9968876326e+05
2999.4990 4.379282e-02 6.159776e-02 1.306260e-03 2.634741e-02 1.890128e-02 5.654090e-02 8.4686010214e+04 1.9944653898e+05 1.9966888683e+05
