# t WEx WEy WEz WBx WBy WBz Sux2 Suy2 Suz2  (raw grid/particle sums)
0.0000 0.000000e+00 0.000000e+00 0.000000e+00 0.000000e+00 0.000000e+00 0.000000e+00 4.3995078629e+04 2.1991020963e+05 2.1997725360e+05
1.0005 7.816969e-03 1.305131e-02 1.823809e-04 2.347460e-04 2.602327e-04 3.626342e-04 4.3992819976e+04 2.1990522656e+05 2.1997141922e+05
2.0010 9.891010e-03 1.512384e-02 1.606667e-04 2.299434e-04 2.176872e-04 2.955010e-04 4.3994613116e+04 2.1991472256e+05 2.1995769585e+05
3.0015 8.448828e-03 1.381680e-02 1.745622e-04 1.913268e-04 2.257811e-04 2.883441e-04 4.3998068658e+04 2.1993146125e+05 2.1993868418e+05
4.0020 1.032025e-02 1.570532e-02 1.722507e-04 1.951175e-04 2.153468e-04 2.932649e-04 4.3999485315e+04 2.1994827913e+05 2.1991885565e+05
5.0025 1.000729e-02 1.543615e-02 1.714656e-04 1.911783e-04 2.077793e-04 3.211179e-04 4.4001542481e+04 2.1996257521e+05 2.1990273471e+05
6.0030 9.195378e-03 1.506668e-02 1.744993e-04 2.151675e-04 2.291522e-04 3.299546e-04 4.4004034188e+04 2.1996921572e+05 2.1989406303e+05
7.0035 1.035335e-02 1.608096e-02 1.650259e-04 2.242069e-04 2.340278e-04 3.438779e-04 4.4005893840e+04 2.1996580956e+05 2.1989468255e+05
8.0040 1.010389e-02 1.555045e-02 1.737570e-04 2.069508e-04 2.289946e-04 3.530046e-04 4.4008276939e+04 2.1995449870e+05 2.1990396487e+05
9.0045 9.473825e-03 1.531052e-02 1.639371e-04 2.162932e-04 2.249694e-04 3.648438e-04 4.4010861779e+04 2.1993685810e+05 2.1991937426e+05
10.0050 1.030480e-02 1.600955e-02 1.805219e-04 1.986968e-04 2.287250e-04 3.553600e-04 4.4012859589e+04 2.1991668688e+05 2.1993689867e+05
11.0055 1.034124e-02 1.606739e-02 1.527466e-04 1.955449e-04 2.324905e-04 3.941695e-04 4.4015200467e+04 2.1989919519e+05 2.1995196412e+05
12.0060 9.682588e-03 1.543643e-02 1.726770e-04 2.019602e-04 2.219506e-04 3.888345e-04 4.4017784675e+04 2.1988861572e+05 2.1996054155e+05
13.0065 1.018260e-02 1.598454e-02 1.625593e-04 2.118056e-04 2.490027e-04 3.839387e-04 4.4019783099e+04 2.1988645032e+05 2.1996026934e+05
14.0070 1.012135e-02 1.567480e-02 1.768287e-04 1.871111e-04 2.175079e-04 4.052285e-04 4.4021900564e+04 2.1989380684e+05 2.1995094265e+05
15.0075 9.743879e-03 1.545912e-02 1.546395e-04 2.184818e-04 2.635531e-04 4.104301e-04 4.4024186913e+04 2.1990814537e+05 2.1993453604e+05
16.0080 1.023914e-02 1.604205e-02 1.541281e-04 2.018999e-04 2.237624e-04 4.162346e-04 4.4026242537e+04 2.1992528078e+05 2.1991495400e+05
17.0085 1.043437e-02 1.583757e-02 1.700653e-04 1.770396e-04 2.402907e-04 4.387697e-04 4.4028471756e+04 2.1994129996e+05 2.1989667474e+05
18.0090 9.814431e-03 1.508427e-02 1.743621e-04 1.788601e-04 2.274308e-04 4.035345e-04 4.4030966202e+04 2.1995220723e+05 2.1988390582e+05
19.0095 1.014846e-02 1.569755e-02 1.579902e-04 2.070654e-04 2.363338e-04 4.378445e-04 4.4032895307e+04 2.1995427178e+05 2.1987946073e+05
20.0100 1.027957e-02 1.570042e-02 1.653065e-04 2.239113e-04 2.480129e-04 4.545668e-04 4.4034865702e+04 2.1994753183e+05 2.1988413747e+05
21.0105 1.002120e-02 1.564849e-02 1.560808e-04 1.892367e-04 2.439103e-04 4.682826e-04 4.4037275871e+04 2.1993279315e+05 2.1989659709e+05
22.0110 1.023175e-02 1.546846e-02 1.503336e-04 2.008841e-04 2.486330e-04 4.779025e-04 4.4039510454e+04 2.1991375630e+05 2.1991341799e+05
23.0115 1.045520e-02 1.560365e-02 1.445992e-04 2.098359e-04 2.410293e-04 4.718833e-04 4.4041701795e+04 2.1989459085e+05 2.1993022645e+05
24.0120 1.022438e-02 1.496099e-02 1.670111e-04 1.988470e-04 2.445469e-04 4.873101e-04 4.4043930475e+04 2.1988026752e+05 2.1994268029e+05
25.0125 1.029572e-02 1.486987e-02 1.655163e-04 2.017437e-04 2.486026e-04 5.146709e-04 4.4046018433e+04 2.1987347191e+05 2.1994755195e+05
26.0130 1.056660e-02 1.578714e-02 1.525753e-04 2.122440e-04 2.426781e-04 5.023345e-04 4.4048057296e+04 2.1987498467e+05 2.1994333694e+05
27.0135 1.030469e-02 1.569874e-02 1.719062e-04 2.159130e-04 2.502491e-04 5.125289e-04 4.4050386373e+04 2.1988543794e+05 2.1993069980e+05
28.0140 1.034962e-02 1.562664e-02 1.519973e-04 2.260734e-04 2.820153e-04 5.100217e-04 4.4052566242e+04 2.1990138946e+05 2.1991253440e+05
29.0145 1.057633e-02 1.593724e-02 1.816583e-04 1.942899e-04 2.335554e-04 5.345222e-04 4.4054679863e+04 2.1991851652e+05 2.1989306857e+05
30.0150 1.026003e-02 1.550011e-02 1.602326e-04 2.178864e-04 2.607453e-04 5.386762e-04 4.4057073304e+04 2.1993289157e+05 2.1987663273e+05
31.0155 1.024146e-02 1.530489e-02 1.739216e-04 2.042937e-04 2.619841e-04 5.422929e-04 4.4059252330e+04 2.1994040863e+05 2.1986701941e+05
32.0160 1.045286e-02 1.562572e-02 1.765634e-04 2.025647e-04 2.570687e-04 5.172273e-04 4.4061340390e+04 2.1993876027e+05 2.1986636567e+05
33.0165 1.023939e-02 1.561266e-02 1.796826e-04 2.062870e-04 2.790920e-04 5.370971e-04 4.4063631563e+04 2.1992834839e+05 2.1987457077e+05
34.0170 1.021799e-02 1.585168e-02 1.741174e-04 2.058390e-04 2.735373e-04 5.603419e-04 4.4065890471e+04 2.1991117651e+05 2.1988938164e+05
35.0175 1.043275e-02 1.582943e-02 1.681145e-04 2.277259e-04 2.721184e-04 5.484169e-04 4.4067960381e+04 2.1989162687e+05 2.1990679839e+05
36.0180 1.048435e-02 1.598214e-02 1.813520e-04 2.011884e-04 2.853553e-04 5.629228e-04 4.4070123586e+04 2.1987383778e+05 2.1992230660e+05
37.0185 1.036233e-02 1.583708e-02 1.627708e-04 1.987219e-04 2.597824e-04 5.686344e-04 4.4072403286e+04 2.1986207620e+05 2.1993191313e+05
38.0190 1.050096e-02 1.576152e-02 1.738167e-04 2.302292e-04 2.757191e-04 5.972645e-04 4.4074570282e+04 2.1985882834e+05 2.1993291912e+05
39.0195 1.034794e-02 1.588136e-02 1.543597e-04 2.267905e-04 2.691615e-04 6.147218e-04 4.4076891978e+04 2.1986461938e+05 2.1992483527e+05
40.0200 1.033186e-02 1.579097e-02 1.765813e-04 1.957840e-04 2.581713e-04 5.892634e-04 4.4079129430e+04 2.1987795469e+05 2.1990933829e+05
41.0205 1.052282e-02 1.599233e-02 1.648567e-04 2.221199e-04 2.434847e-04 6.381761e-04 4.4081276858e+04 2.1989495523e+05 2.1989003062e+05
42.0210 1.058760e-02 1.566673e-02 1.479360e-04 2.209814e-04 2.682931e-04 6.304839e-04 4.4083626734e+04 2.1991136567e+05 2.1987133813e+05
43.0215 1.038710e-02 1.571670e-02 1.829396e-04 2.139798e-04 2.400301e-04 6.257565e-04 4.4085967886e+04 2.1992283425e+05 2.1985759767e+05
44.0220 1.035712e-02 1.570537e-02 1.629288e-04 2.262556e-04 2.961352e-04 6.407398e-04 4.4088109733e+04 2.1992645677e+05 2.1985186490e+05
45.0225 1.051322e-02 1.581768e-02 1.627930e-04 2.073827e-04 2.408026e-04 6.295339e-04 4.4090233607e+04 2.1992074499e+05 2.1985533281e+05
46.0230 1.033170e-02 1.559364e-02 1.631073e-04 2.341422e-04 2.747551e-04 6.518306e-04 4.4092525709e+04 2.1990725358e+05 2.1986672766e+05
47.0235 1.042041e-02 1.583236e-02 1.761316e-04 2.091186e-04 2.834239e-04 6.010751e-04 4.4094696234e+04 2.1988864643e+05 2.1988306766e+05
48.0240 1.054304e-02 1.567532e-02 1.629567e-04 2.208987e-04 2.966304e-04 6.489470e-04 4.4096903915e+04 2.1986931139e+05 2.1990011021e+05
49.0245 1.029040e-02 1.576497e-02 1.602436e-04 2.461473e-04 2.928238e-04 6.459091e-04 4.4099265337e+04 2.1985370920e+05 2.1991343644e+05
50.0250 1.039664e-02 1.553397e-02 1.565971e-04 2.100875e-04 2.876751e-04 6.830852e-04 4.4101378527e+04 2.1984569465e+05 2.1991944638e+05
51.0255 1.039322e-02 1.548472e-02 1.571282e-04 2.244337e-04 3.117639e-04 6.342676e-04 4.4103518786e+04 2.1984668229e+05 2.1991633062e+05
52.0260 1.040040e-02 1.582638e-02 1.793164e-04 2.138776e-04 3.078455e-04 6.857162e-04 4.4105695319e+04 2.1985591636e+05 2.1990470309e+05
53.0265 1.047157e-02 1.570329e-02 1.608732e-04 2.289598e-04 2.784746e-04 6.729616e-04 4.4107915128e+04 2.1987128131e+05 2.1988715907e+05
54.0270 1.052661e-02 1.555749e-02 1.793349e-04 2.119476e-04 3.039660e-04 7.007497e-04 4.4110182997e+04 2.1988849950e+05 2.1986767754e+05
55.0275 1.052472e-02 1.536234e-02 1.825787e-04 2.124075e-04 2.669601e-04 7.200712e-04 4.4112437677e+04 2.1990329801e+05 2.1985074363e+05
56.0280 1.048823e-02 1.576692e-02 1.659019e-04 2.366775e-04 2.888723e-04 7.325714e-04 4.4114585360e+04 2.1991147430e+05 2.1984020169e+05
57.0285 1.046127e-02 1.564362e-02 1.730036e-04 2.160466e-04 2.726550e-04 7.583457e-04 4.4116727009e+04 2.1991123358e+05 2.1983842213e+05
58.0290 1.058812e-02 1.589751e-02 1.643969e-04 2.218476e-04 2.656319e-04 7.454965e-04 4.4118846341e+04 2.1990172630e+05 2.1984562392e+05
59.0295 1.047150e-02 1.605294e-02 2.005492e-04 2.138706e-04 2.795382e-04 7.498949e-04 4.4121135045e+04 2.1988522707e+05 2.1985977129e+05
60.0300 1.051351e-02 1.577971e-02 1.661535e-04 2.440838e-04 3.077712e-04 7.751640e-04 4.4123322855e+04 2.1986585086e+05 2.1987709206e+05
61.0305 1.060622e-02 1.574038e-02 1.690683e-04 2.294110e-04 2.846179e-04 7.211848e-04 4.4125477710e+04 2.1984771608e+05 2.1989306373e+05
62.0310 1.037518e-02 1.590671e-02 1.637690e-04 2.178851e-04 3.109804e-04 7.919509e-04 4.4127786009e+04 2.1983498639e+05 2.1990349266e+05
63.0315 1.068063e-02 1.591281e-02 1.695311e-04 2.187123e-04 2.913677e-04 7.352727e-04 4.4129900757e+04 2.1983066800e+05 2.1990555435e+05
64.0320 1.063792e-02 1.567432e-02 1.518691e-04 2.498400e-04 3.438230e-04 7.643884e-04 4.4132044175e+04 2.1983578154e+05 2.1989839522e+05
65.0325 1.045062e-02 1.596305e-02 1.509373e-04 2.056076e-04 2.905901e-04 7.774624e-04 4.4134280578e+04 2.1984838877e+05 2.1988357429e+05
66.0330 1.058566e-02 1.570639e-02 1.852209e-04 2.347539e-04 3.136996e-04 7.708856e-04 4.4136398619e+04 2.1986545683e+05 2.1986434680e+05
67.0335 1.076230e-02 1.588520e-02 1.585481e-04 2.304945e-04 3.121050e-04 7.833134e-04 4.4138547584e+04 2.1988221596e+05 2.1984529758e+05
68.0340 1.062750e-02 1.582973e-02 1.667861e-04 2.233199e-04 2.980775e-04 7.895989e-04 4.4140862310e+04 2.1989455857e+05 2.1983073815e+05
69.0345 1.055237e-02 1.556282e-02 1.667382e-04 2.267379e-04 3.068005e-04 8.344815e-04 4.4143202016e+04 2.1989911876e+05 2.1982397455e+05
70.0350 1.055972e-02 1.552561e-02 1.832169e-04 2.348503e-04 3.007331e-04 8.292690e-04 4.4145518736e+04 2.1989439547e+05 2.1982641025e+05
71.0355 1.046712e-02 1.556766e-02 1.579306e-04 2.409848e-04 3.171239e-04 8.419494e-04 4.4147731307e+04 2.1988137478e+05 2.1983718252e+05
72.0360 1.076998e-02 1.581414e-02 1.444549e-04 2.358118e-04 2.903846e-04 8.271556e-04 4.4149825775e+04 2.1986281941e+05 2.1985342876e+05
73.0365 1.072485e-02 1.542776e-02 1.724509e-04 2.305664e-04 3.155214e-04 8.512324e-04 4.4152036156e+04 2.1984339324e+05 2.1987080813e+05
74.0370 1.045496e-02 1.539178e-02 1.686972e-04 2.386025e-04 3.010808e-04 8.732590e-04 4.4154354337e+04 2.1982720769e+05 2.1988480250e+05
75.0375 1.043479e-02 1.560966e-02 1.841333e-04 2.541257e-04 3.356090e-04 8.431702e-04 4.4156571862e+04 2.1981805980e+05 2.1989169595e+05
76.0380 1.065956e-02 1.576447e-02 1.560812e-04 2.356290e-04 3.107232e-04 8.573245e-04 4.4158729042e+04 2.1981782340e+05 2.1988959541e+05
77.0385 1.042363e-02 1.582356e-02 1.635314e-04 2.360620e-04 3.352559e-04 8.865784e-04 4.4161078810e+04 2.1982644948e+05 2.1987864809e+05
78.0390 1.053500e-02 1.590414e-02 1.711560e-04 2.476275e-04 3.216617e-04 9.163325e-04 4.4163258523e+04 2.1984148010e+05 2.1986136924e+05
79.0395 1.071249e-02 1.572819e-02 1.613420e-04 2.308711e-04 3.377452e-04 8.498052e-04 4.4165450530e+04 2.1985897987e+05 2.1984169695e+05
80.0400 1.069849e-02 1.604156e-02 1.557256e-04 2.443642e-04 3.344158e-04 8.956960e-04 4.4167754106e+04 2.1987406248e+05 2.1982417122e+05
81.0405 1.066533e-02 1.600726e-02 1.824745e-04 2.351172e-04 3.391742e-04 9.175365e-04 4.4169992707e+04 2.1988321135e+05 2.1981277033e+05
82.0410 1.058513e-02 1.571007e-02 1.828878e-04 2.367850e-04 3.366185e-04 8.876123e-04 4.4172181238e+04 2.1988398935e+05 2.1980997636e+05
83.0415 1.061262e-02 1.579468e-02 1.667847e-04 2.346447e-04 3.396706e-04 9.178435e-04 4.4174352061e+04 2.1987551432e+05 2.1981623248e+05
84.0420 1.055106e-02 1.576785e-02 1.684487e-04 2.225726e-04 3.143976e-04 9.394137e-04 4.4176568543e+04 2.1985975438e+05 2.1982981278e+05
85.0425 1.066110e-02 1.577207e-02 1.609396e-04 2.423418e-04 3.371145e-04 9.619736e-04 4.4178749636e+04 2.1984028812e+05 2.1984700653e+05
86.0430 1.057982e-02 1.548085e-02 1.769560e-04 2.303290e-04 3.106978e-04 9.624989e-04 4.4181111816e+04 2.1982187151e+05 2.1986330679e+05
87.0435 1.077798e-02 1.597157e-02 1.579915e-04 2.321805e-04 3.307147e-04 9.633850e-04 4.4183397424e+04 2.1980806818e+05 2.1987449421e+05
88.0440 1.071820e-02 1.613623e-02 1.507389e-04 2.514313e-04 3.096227e-04 9.961825e-04 4.4185656105e+04 2.1980266346e+05 2.1987756318e+05
89.0445 1.057312e-02 1.598158e-02 1.779504e-04 2.511275e-04 3.485594e-04 9.776412e-04 4.4187898156e+04 2.1980664025e+05 2.1987145278e+05
90.0450 1.071144e-02 1.638408e-02 1.664141e-04 2.402003e-04 3.200553e-04 9.950965e-04 4.4190151266e+04 2.1981814951e+05 2.1985745688e+05
91.0455 1.081921e-02 1.610000e-02 1.592035e-04 2.286838e-04 3.358202e-04 9.602632e-04 4.4192471692e+04 2.1983476504e+05 2.1983863292e+05
92.0460 1.071604e-02 1.593158e-02 1.743428e-04 2.481684e-04 3.401492e-04 9.909631e-04 4.4194808542e+04 2.1985183325e+05 2.1981936440e+05
93.0465 1.064639e-02 1.609484e-02 1.383018e-04 2.578460e-04 3.771582e-04 1.009125e-03 4.4197089710e+04 2.1986477352e+05 2.1980410583e+05
94.0470 1.067747e-02 1.591170e-02 1.817041e-04 2.347660e-04 3.361738e-04 1.018732e-03 4.4199392062e+04 2.1987029298e+05 2.1979626439e+05
95.0475 1.085543e-02 1.585610e-02 1.533008e-04 2.562472e-04 3.615549e-04 1.007320e-03 4.4201684137e+04 2.1986672050e+05 2.1979749824e+05
96.0480 1.077931e-02 1.565332e-02 1.860821e-04 2.375126e-04 3.453822e-04 1.015204e-03 4.4204029444e+04 2.1985473778e+05 2.1980727110e+05
97.0485 1.072894e-02 1.570147e-02 1.879748e-04 2.287360e-04 3.336862e-04 1.038464e-03 4.4206263273e+04 2.1983691323e+05 2.1982289481e+05
98.0490 1.079648e-02 1.604415e-02 1.672664e-04 2.334142e-04 3.405056e-04 1.067147e-03 4.4208454738e+04 2.1981714187e+05 2.1984027223e+05
99.0495 1.058674e-02 1.573948e-02 1.681444e-04 2.383729e-04 3.331324e-04 1.076334e-03 4.4210810562e+04 2.1980047085e+05 2.1985481567e+05
100.0500 1.055418e-02 1.563893e-02 1.817934e-04 2.536335e-04 2.923818e-04 1.085259e-03 4.4213045060e+04 2.1979044308e+05 2.1986271237e+05
101.0505 1.076833e-02 1.600325e-02 1.873386e-04 2.386547e-04 3.422908e-04 1.115210e-03 4.4215124024e+04 2.1978906090e+05 2.1986172834e+05
102.0510 1.072635e-02 1.592796e-02 1.676661e-04 2.409506e-04 3.064377e-04 1.063789e-03 4.4217374556e+04 2.1979667461e+05 2.1985191954e+05
103.0515 1.056412e-02 1.578054e-02 1.772691e-04 2.644604e-04 3.161711e-04 1.105976e-03 4.4219613416e+04 2.1981114423e+05 2.1983531213e+05
104.0520 1.065892e-02 1.574993e-02 1.591654e-04 2.549691e-04 3.486554e-04 1.086326e-03 4.4221781669e+04 2.1982850718e+05 2.1981576915e+05
105.0525 1.074315e-02 1.606651e-02 1.815741e-04 2.480132e-04 3.625266e-04 1.037971e-03 4.4223997423e+04 2.1984401376e+05 2.1979781357e+05
106.0530 1.075002e-02 1.586706e-02 1.534848e-04 2.809859e-04 3.867225e-04 1.077123e-03 4.4226301433e+04 2.1985395514e+05 2.1978564504e+05
107.0535 1.088139e-02 1.588276e-02 1.916549e-04 2.621895e-04 3.963863e-04 1.026031e-03 4.4228594378e+04 2.1985530019e+05 2.1978195343e+05
108.0540 1.074586e-02 1.600157e-02 1.844381e-04 2.590272e-04 3.766778e-04 1.041554e-03 4.4230926990e+04 2.1984766013e+05 2.1978732672e+05
109.0545 1.086776e-02 1.598212e-02 1.735528e-04 2.749830e-04 4.041265e-04 1.067214e-03 4.4233122940e+04 2.1983262369e+05 2.1980009066e+05
110.0550 1.087033e-02 1.589349e-02 1.748622e-04 2.591405e-04 3.858112e-04 1.077348e-03 4.4235334224e+04 2.1981365115e+05 2.1981686529e+05
111.0555 1.081162e-02 1.570759e-02 1.732010e-04 2.597674e-04 3.872252e-04 1.086622e-03 4.4237649411e+04 2.1979509291e+05 2.1983323786e+05
112.0560 1.070708e-02 1.589997e-02 1.862662e-04 2.696036e-04 3.732498e-04 1.135345e-03 4.4240009768e+04 2.1978099561e+05 2.1984494088e+05
113.0565 1.088936e-02 1.595546e-02 1.622688e-04 2.563714e-04 3.309653e-04 1.170899e-03 4.4242182561e+04 2.1977477827e+05 2.1984884259e+05
114.0570 1.080334e-02 1.592707e-02 1.513458e-04 2.570722e-04 3.448763e-04 1.183931e-03 4.4244481225e+04 2.1977771895e+05 2.1984366068e+05
115.0575 1.084597e-02 1.610259e-02 1.693903e-04 2.466315e-04 3.365011e-04 1.211948e-03 4.4246812612e+04 2.1978845641e+05 2.1983048392e+05
116.0580 1.066692e-02 1.598969e-02 1.771157e-04 2.496203e-04 3.324588e-04 1.246171e-03 4.4249131879e+04 2.1980457179e+05 2.1981218379e+05
117.0585 1.069038e-02 1.559876e-02 1.747902e-04 2.587500e-04 3.514906e-04 1.247224e-03 4.4251300549e+04 2.1982177365e+05 2.1979294657e+05
118.0590 1.071324e-02 1.597209e-02 1.780253e-04 2.788089e-04 3.631010e-04 1.207117e-03 4.4253473307e+04 2.1983516805e+05 2.1977724968e+05
119.0595 1.085232e-02 1.582675e-02 1.704830e-04 2.410709e-04 3.298735e-04 1.234927e-03 4.4255608683e+04 2.1984149097e+05 2.1976876575e+05
120.0600 1.093156e-02 1.615841e-02 1.903630e-04 2.699887e-04 4.263610e-04 1.191078e-03 4.4257850816e+04 2.1983865705e+05 2.1976914289e+05
121.0605 1.087512e-02 1.629640e-02 1.708075e-04 2.746126e-04 3.923972e-04 1.161498e-03 4.4260161173e+04 2.1982742449e+05 2.1977809641e+05
122.0610 1.088746e-02 1.589634e-02 1.714595e-04 2.821161e-04 4.427357e-04 1.202209e-03 4.4262499426e+04 2.1981025567e+05 2.1979302115e+05
123.0615 1.088107e-02 1.601993e-02 1.789195e-04 2.762007e-04 4.124910e-04 1.138081e-03 4.4264738568e+04 2.1979087010e+05 2.1981014139e+05
124.0620 1.102531e-02 1.616970e-02 1.811412e-04 2.831384e-04 4.383673e-04 1.178259e-03 4.4266847788e+04 2.1977382877e+05 2.1982490798e+05
125.0625 1.088509e-02 1.580320e-02 1.617285e-04 2.850909e-04 4.037686e-04 1.229892e-03 4.4269070165e+04 2.1976328337e+05 2.1983348618e+05
126.0630 1.077941e-02 1.602915e-02 1.891671e-04 2.774362e-04 3.910078e-04 1.219098e-03 4.4271387772e+04 2.1976097328e+05 2.1983347545e+05
127.0635 1.083567e-02 1.580092e-02 1.659854e-04 2.642650e-04 4.072398e-04 1.249580e-03 4.4273693710e+04 2.1976756079e+05 2.1982459876e+05
128.0640 1.080078e-02 1.595755e-02 1.702325e-04 2.629271e-04 3.838701e-04 1.332324e-03 4.4275904448e+04 2.1978109161e+05 2.1980877709e+05
129.0645 1.082655e-02 1.584963e-02 1.586325e-04 2.827928e-04 3.462348e-04 1.306709e-03 4.4278068643e+04 2.1979821929e+05 2.1978959905e+05
130.0650 1.087895e-02 1.631407e-02 1.607557e-04 2.699924e-04 3.662506e-04 1.335183e-03 4.4280218466e+04 2.1981393225e+05 2.1977145904e+05
131.0655 1.094925e-02 1.604748e-02 2.043037e-04 2.578801e-04 3.588789e-04 1.330713e-03 4.4282462674e+04 2.1982468396e+05 2.1975857407e+05
132.0660 1.080987e-02 1.581154e-02 1.679086e-04 2.455360e-04 3.237489e-04 1.318089e-03 4.4284832469e+04 2.1982721551e+05 2.1975383898e+05
133.0665 1.089924e-02 1.586506e-02 1.892610e-04 2.612785e-04 3.771246e-04 1.358508e-03 4.4287027245e+04 2.1982070719e+05 2.1975804403e+05
134.0670 1.092998e-02 1.593993e-02 1.665874e-04 2.803438e-04 3.992673e-04 1.316067e-03 4.4289247921e+04 2.1980652857e+05 2.1977000397e+05
135.0675 1.070256e-02 1.581862e-02 1.902928e-04 2.592810e-04 3.632846e-04 1.337419e-03 4.4291561156e+04 2.1978784872e+05 2.1978647699e+05
136.0680 1.096410e-02 1.623694e-02 1.585605e-04 2.943906e-04 4.444181e-04 1.371159e-03 4.4293792181e+04 2.1976864529e+05 2.1980312549e+05
137.0685 1.096277e-02 1.617313e-02 1.780545e-04 2.882858e-04 3.863934e-04 1.297387e-03 4.4296100729e+04 2.1975390059e+05 2.1981564279e+05
138.0690 1.084889e-02 1.608410e-02 1.793836e-04 2.733016e-04 4.161890e-04 1.328814e-03 4.4298379402e+04 2.1974670899e+05 2.1982062638e+05
139.0695 1.099445e-02 1.650249e-02 1.674810e-04 2.954349e-04 4.385289e-04 1.336509e-03 4.4300531843e+04 2.1974832782e+05 2.1981659497e+05
140.0700 1.088557e-02 1.640482e-02 1.642858e-04 2.940756e-04 4.212380e-04 1.331344e-03 4.4302829157e+04 2.1975844629e+05 2.1980426266e+05
141.0705 1.090197e-02 1.604863e-02 1.679075e-04 2.851282e-04 4.132536e-04 1.318610e-03 4.4305065298e+04 2.1977430316e+05 2.1978636187e+05
142.0710 1.097554e-02 1.597520e-02 1.879317e-04 2.819075e-04 4.081850e-04 1.341240e-03 4.4307278685e+04 2.1979142249e+05 2.1976700208e+05
143.0715 1.093830e-02 1.593436e-02 1.752636e-04 2.921990e-04 4.028571e-04 1.423524e-03 4.4309588451e+04 2.1980547400e+05 2.1975063687e+05
144.0720 1.092148e-02 1.616995e-02 1.513579e-04 2.720429e-04 4.063672e-04 1.367657e-03 4.4311857831e+04 2.1981276261e+05 2.1974102149e+05
145.0725 1.106794e-02 1.608326e-02 1.646427e-04 2.772842e-04 3.570297e-04 1.394922e-03 4.4314053532e+04 2.1981132565e+05 2.1974022707e+05
146.0730 1.099039e-02 1.619299e-02 1.821103e-04 2.676361e-04 3.678169e-04 1.488441e-03 4.4316319149e+04 2.1980096149e+05 2.1974823129e+05
147.0735 1.098136e-02 1.628481e-02 1.867227e-04 2.603159e-04 3.745949e-04 1.446221e-03 4.4318606589e+04 2.1978408553e+05 2.1976278591e+05
148.0740 1.099936e-02 1.631242e-02 1.761174e-04 2.657252e-04 3.525231e-04 1.405310e-03 4.4320847028e+04 2.1976467687e+05 2.1978000745e+05
149.0745 1.078060e-02 1.584623e-02 1.731773e-04 2.637563e-04 3.682630e-04 1.484824e-03 4.4323089632e+04 2.1974735289e+05 2.1979537694e+05
150.0750 1.094542e-02 1.611708e-02 1.719344e-04 2.839513e-04 3.891856e-04 1.443947e-03 4.4325222955e+04 2.1973560723e+05 2.1980482344e+05
151.0755 1.110847e-02 1.606943e-02 1.692681e-04 2.525653e-04 3.654450e-04 1.478866e-03 4.4327432657e+04 2.1973241435e+05 2.1980576425e+05
152.0760 1.110276e-02 1.600177e-02 1.785115e-04 2.990255e-04 4.213078e-04 1.433512e-03 4.4329721426e+04 2.1973820602e+05 2.1979762070e+05
153.0765 1.096312e-02 1.624979e-02 1.748177e-04 2.798688e-04 3.938820e-04 1.467201e-03 4.4331982233e+04 2.1975127061e+05 2.1978229798e+05
154.0770 1.103025e-02 1.608709e-02 1.924892e-04 2.825690e-04 4.178815e-04 1.418105e-03 4.4334170935e+04 2.1976814426e+05 2.1976321310e+05
155.0775 1.092383e-02 1.617655e-02 1.554006e-04 3.026536e-04 4.160519e-04 1.447764e-03 4.4336456826e+04 2.1978429584e+05 2.1974480606e+05
156.0780 1.098609e-02 1.614495e-02 1.598587e-04 2.872068e-04 4.413248e-04 1.471259e-03 4.4338731500e+04 2.1979548250e+05 2.1973131617e+05
157.0785 1.089251e-02 1.618640e-02 1.701161e-04 2.984509e-04 4.201558e-04 1.469981e-03 4.4341009114e+04 2.1979882274e+05 2.1972574204e+05
158.0790 1.107833e-02 1.628771e-02 1.695530e-04 2.906644e-04 4.172262e-04 1.438208e-03 4.4343264761e+04 2.1979293884e+05 2.1972923368e+05
159.0795 1.089596e-02 1.600242e-02 1.722010e-04 2.820279e-04 4.221907e-04 1.530650e-03 4.4345579134e+04 2.1977945718e+05 2.1974057934e+05
160.0800 1.093098e-02 1.618300e-02 1.535704e-04 3.067532e-04 4.258847e-04 1.512266e-03 4.4347866753e+04 2.1976099476e+05 2.1975668324e+05
161.0805 1.099708e-02 1.647043e-02 1.730522e-04 2.817225e-04 4.074076e-04 1.480766e-03 4.4350165643e+04 2.1974184873e+05 2.1977338887e+05
162.0810 1.098108e-02 1.622533e-02 1.613163e-04 3.019364e-04 3.993123e-04 1.609754e-03 4.4352461145e+04 2.1972668078e+05 2.1978631842e+05
163.0815 1.109976e-02 1.607773e-02 1.797065e-04 2.729683e-04 3.950875e-04 1.544814e-03 4.4354741685e+04 2.1971871507e+05 2.1979203000e+05
164.0820 1.100250e-02 1.628323e-02 1.480179e-04 3.105695e-04 4.104481e-04 1.586572e-03 4.4356976451e+04 2.1971966032e+05 2.1978880376e+05
165.0825 1.091422e-02 1.602326e-02 1.638885e-04 2.802861e-04 3.931725e-04 1.617261e-03 4.4359174281e+04 2.1972922044e+05 2.1977721177e+05
166.0830 1.111241e-02 1.637486e-02 1.591591e-04 3.136606e-04 4.220968e-04 1.564938e-03 4.4361377858e+04 2.1974421188e+05 2.1975976378e+05
167.0835 1.096225e-02 1.619704e-02 1.520211e-04 3.057315e-04 3.767946e-04 1.590594e-03 4.4363698635e+04 2.1976130932e+05 2.1974051972e+05
168.0840 1.106260e-02 1.620848e-02 1.704018e-04 3.266944e-04 4.322021e-04 1.591028e-03 4.4366004649e+04 2.1977554696e+05 2.1972389579e+05
169.0845 1.098079e-02 1.611438e-02 1.621484e-04 3.142389e-04 4.331348e-04 1.576471e-03 4.4368363408e+04 2.1978343599e+05 2.1971373588e+05
170.0850 1.083991e-02 1.620968e-02 1.836866e-04 3.067706e-04 4.118553e-04 1.566087e-03 4.4370656505e+04 2.1978269576e+05 2.1971218183e+05
171.0855 1.107357e-02 1.647648e-02 1.541689e-04 3.557218e-04 4.632600e-04 1.566007e-03 4.4372738520e+04 2.1977315797e+05 2.1971938357e+05
172.0860 1.095228e-02 1.596433e-02 1.708951e-04 2.994885e-04 4.115018e-04 1.580844e-03 4.4374967476e+04 2.1975729398e+05 2.1973334421e+05
173.0865 1.096506e-02 1.610263e-02 1.624415e-04 3.271924e-04 4.514016e-04 1.622220e-03 4.4377186266e+04 2.1973816485e+05 2.1975017453e+05
174.0870 1.107658e-02 1.648254e-02 1.775690e-04 3.090687e-04 4.477732e-04 1.603267e-03 4.4379496456e+04 2.1972024646e+05 2.1976554797e+05
175.0875 1.092840e-02 1.626682e-02 1.612590e-04 3.059936e-04 4.532737e-04 1.638770e-03 4.4381868457e+04 2.1970818607e+05 2.1977538617e+05
176.0880 1.117114e-02 1.634435e-02 1.630646e-04 2.987021e-04 4.480798e-04 1.649051e-03 4.4384044798e+04 2.1970421080e+05 2.1977706711e+05
177.0885 1.114800e-02 1.664187e-02 1.713211e-04 2.949300e-04 4.345492e-04 1.677492e-03 4.4386281760e+04 2.1970892698e+05 2.1976992365e+05
178.0890 1.094843e-02 1.579611e-02 1.393285e-04 3.136887e-04 4.414585e-04 1.693363e-03 4.4388640212e+04 2.1972163184e+05 2.1975536894e+05
179.0895 1.111164e-02 1.622789e-02 1.780305e-04 3.075187e-04 4.490876e-04 1.735789e-03 4.4390889811e+04 2.1973768980e+05 2.1973670579e+05
180.0900 1.102053e-02 1.615522e-02 1.642298e-04 2.750519e-04 4.094531e-04 1.677527e-03 4.4393199347e+04 2.1975399552e+05 2.1971824326e+05
181.0905 1.084228e-02 1.596441e-02 1.599274e-04 2.999740e-04 4.326445e-04 1.780768e-03 4.4395410237e+04 2.1976598888e+05 2.1970416144e+05
182.0910 1.124329e-02 1.636882e-02 1.709961e-04 2.999625e-04 4.007020e-04 1.711941e-03 4.4397405361e+04 2.1977008177e+05 2.1969773903e+05
183.0915 1.108237e-02 1.605779e-02 1.633628e-04 3.034470e-04 4.286902e-04 1.771035e-03 4.4399704176e+04 2.1976545917e+05 2.1970021762e+05
184.0920 1.109256e-02 1.641183e-02 1.566247e-04 3.040427e-04 4.303177e-04 1.748822e-03 4.4402008774e+04 2.1975248285e+05 2.1971075681e+05
185.0925 1.124465e-02 1.710391e-02 1.730324e-04 3.406959e-04 4.485771e-04 1.753268e-03 4.4404287555e+04 2.1973413466e+05 2.1972645569e+05
186.0930 1.111441e-02 1.622225e-02 1.462294e-04 3.271820e-04 4.448561e-04 1.735908e-03 4.4406680407e+04 2.1971541662e+05 2.1974325034e+05
187.0935 1.103450e-02 1.620064e-02 1.618427e-04 3.579221e-04 4.952551e-04 1.751585e-03 4.4409019944e+04 2.1969960511e+05 2.1975671144e+05
188.0940 1.098641e-02 1.657723e-02 1.846298e-04 3.204963e-04 4.687314e-04 1.745398e-03 4.4411318049e+04 2.1969056800e+05 2.1976332964e+05
189.0945 1.093358e-02 1.638377e-02 1.610741e-04 3.593389e-04 5.016456e-04 1.780906e-03 4.4413529782e+04 2.1969069082e+05 2.1976109078e+05
190.0950 1.088711e-02 1.603183e-02 1.597326e-04 3.427943e-04 5.050684e-04 1.706512e-03 4.4415737913e+04 2.1969946538e+05 2.1975034604e+05
191.0955 1.112645e-02 1.625819e-02 1.604855e-04 3.334340e-04 4.743219e-04 1.805006e-03 4.4417921196e+04 2.1971389786e+05 2.1973346287e+05
192.0960 1.112674e-02 1.642086e-02 1.671556e-04 3.379568e-04 5.052329e-04 1.806590e-03 4.4420323504e+04 2.1973061366e+05 2.1971420869e+05
193.0965 1.106632e-02 1.624886e-02 1.577488e-04 3.248757e-04 4.640669e-04 1.846637e-03 4.4422663448e+04 2.1974551859e+05 2.1969706762e+05
194.0970 1.089744e-02 1.629785e-02 1.615544e-04 3.007204e-04 4.586851e-04 1.832132e-03 4.4424903660e+04 2.1975451722e+05 2.1968595151e+05
195.0975 1.111845e-02 1.651438e-02 1.731839e-04 2.950541e-04 4.497182e-04 1.863468e-03 4.4426943503e+04 2.1975492846e+05 2.1968326678e+05
196.0980 1.113338e-02 1.630315e-02 1.777667e-04 2.999835e-04 4.451089e-04 1.863523e-03 4.4429128692e+04 2.1974665693e+05 2.1968940122e+05
197.0985 1.095908e-02 1.623380e-02 1.593145e-04 3.147554e-04 4.689794e-04 1.962748e-03 4.4431488065e+04 2.1973114742e+05 2.1970262014e+05
198.0990 1.112359e-02 1.619776e-02 1.769530e-04 2.993991e-04 4.278698e-04 1.866956e-03 4.4433660117e+04 2.1971217185e+05 2.1971942594e+05
199.0995 1.097171e-02 1.595863e-02 1.507179e-04 3.168883e-04 4.586180e-04 1.878931e-03 4.4435943618e+04 2.1969406101e+05 2.1973544401e+05
200.1000 1.097496e-02 1.599833e-02 1.721616e-04 3.279953e-04 4.495501e-04 1.944850e-03 4.4438249890e+04 2.1968065545e+05 2.1974651951e+05
201.1005 1.120109e-02 1.614528e-02 1.415164e-04 3.354598e-04 4.684579e-04 1.910742e-03 4.4440438582e+04 2.1967511884e+05 2.1974968036e+05
202.1010 1.105935e-02 1.614080e-02 1.726405e-04 3.411948e-04 4.906185e-04 1.905488e-03 4.4442655669e+04 2.1967880652e+05 2.1974383664e+05
203.1015 1.121017e-02 1.643878e-02 1.705540e-04 3.365645e-04 4.786965e-04 1.824872e-03 4.4444783810e+04 2.1969014300e+05 2.1973019076e+05
204.1020 1.139694e-02 1.633443e-02 1.636190e-04 3.839391e-04 5.002275e-04 1.884521e-03 4.4446924381e+04 2.1970633287e+05 2.1971177642e+05
205.1025 1.108978e-02 1.652869e-02 1.795596e-04 3.736493e-04 4.894543e-04 1.871722e-03 4.4449381859e+04 2.1972281676e+05 2.1969289349e+05
206.1030 1.101907e-02 1.658614e-02 1.543502e-04 3.871062e-04 5.546552e-04 1.834244e-03 4.4451697774e+04 2.1973559611e+05 2.1967776002e+05
207.1035 1.117488e-02 1.642210e-02 1.795372e-04 3.484793e-04 4.864116e-04 1.938128e-03 4.4453943374e+04 2.1974125541e+05 2.1966988286e+05
208.1040 1.117123e-02 1.660414e-02 1.516374e-04 3.660900e-04 5.311728e-04 1.858216e-03 4.4456426079e+04 2.1973773033e+05 2.1967083967e+05
209.1045 1.123286e-02 1.673602e-02 1.741666e-04 3.582866e-04 5.046357e-04 1.936304e-03 4.4458693260e+04 2.1972602745e+05 2.1968015872e+05
210.1050 1.144873e-02 1.651554e-02 1.762097e-04 3.412627e-04 4.831053e-04 1.957963e-03 4.4460928906e+04 2.1970870454e+05 2.1969523948e+05
211.1055 1.126064e-02 1.674304e-02 1.871016e-04 3.396792e-04 5.241634e-04 2.005639e-03 4.4463418646e+04 2.1968932343e+05 2.1971208168e+05
212.1060 1.137344e-02 1.664342e-02 1.603613e-04 3.281828e-04 4.972165e-04 2.036697e-03 4.4465774296e+04 2.1967280155e+05 2.1972626426e+05
213.1065 1.131281e-02 1.657625e-02 1.753384e-04 3.133329e-04 4.760857e-04 2.044170e-03 4.4468116912e+04 2.1966285022e+05 2.1973392092e+05
214.1070 1.116844e-02 1.637449e-02 1.677723e-04 3.201603e-04 5.065900e-04 2.099581e-03 4.4470500600e+04 2.1966166735e+05 2.1973286781e+05
215.1075 1.128944e-02 1.602611e-02 1.630742e-04 3.455285e-04 5.244122e-04 2.055026e-03 4.4472811369e+04 2.1966915325e+05 2.1972317736e+05
216.1080 1.109094e-02 1.628970e-02 1.825333e-04 3.110561e-04 4.847718e-04 2.139665e-03 4.4475155817e+04 2.1968297794e+05 2.1970698697e+05
217.1085 1.110577e-02 1.618200e-02 1.628499e-04 3.311075e-04 4.730360e-04 2.034701e-03 4.4477328351e+04 2.1969992261e+05 2.1968793017e+05
218.1090 1.121485e-02 1.615438e-02 1.786273e-04 3.604828e-04 5.480242e-04 2.128005e-03 4.4479325187e+04 2.1971534117e+05 2.1967039743e+05
219.1095 1.121889e-02 1.670856e-02 1.833757e-04 3.547079e-04 5.393564e-04 2.068893e-03 4.4481399270e+04 2.1972484789e+05 2.1965856026e+05
220.1100 1.124175e-02 1.655021e-02 1.611240e-04 3.563360e-04 4.815576e-04 2.022888e-03 4.4483733641e+04 2.1972615905e+05 2.1965504805e+05
221.1105 1.144894e-02 1.642964e-02 1.864878e-04 3.675045e-04 5.522970e-04 2.095706e-03 4.4486014105e+04 2.1971854565e+05 2.1966027499e+05
222.1110 1.123405e-02 1.650553e-02 1.684693e-04 3.865396e-04 5.694924e-04 2.020130e-03 4.4488422881e+04 2.1970374478e+05 2.1967275166e+05
223.1115 1.104723e-02 1.591281e-02 1.683118e-04 4.212581e-04 5.367394e-04 2.024554e-03 4.4490611119e+04 2.1968552426e+05 2.1968912777e+05
224.1120 1.130838e-02 1.625324e-02 1.773535e-04 4.124494e-04 5.987033e-04 2.076203e-03 4.4492598502e+04 2.1966717827e+05 2.1970515594e+05
225.1125 1.116605e-02 1.629187e-02 1.597685e-04 4.262023e-04 5.943362e-04 2.012376e-03 4.4494910936e+04 2.1965346452e+05 2.1971668689e+05
226.1130 1.114106e-02 1.626031e-02 1.941949e-04 4.085639e-04 5.603378e-04 2.048560e-03 4.4497357166e+04 2.1964706285e+05 2.1972065356e+05
227.1135 1.136055e-02 1.641245e-02 1.671118e-04 4.311037e-04 6.079711e-04 2.051031e-03 4.4499778651e+04 2.1964930538e+05 2.1971575806e+05
228.1140 1.125916e-02 1.642631e-02 1.805595e-04 3.942931e-04 5.752568e-04 2.146635e-03 4.4502110439e+04 2.1965986663e+05 2.1970292845e+05
229.1145 1.129252e-02 1.629254e-02 1.555054e-04 4.110254e-04 5.560779e-04 2.183448e-03 4.4504394492e+04 2.1967553382e+05 2.1968500116e+05
230.1150 1.115016e-02 1.632918e-02 1.949049e-04 3.696151e-04 5.901697e-04 2.235314e-03 4.4506745974e+04 2.1969219560e+05 2.1966603054e+05
231.1155 1.135125e-02 1.655065e-02 1.576433e-04 3.512443e-04 5.189147e-04 2.192198e-03 4.4509025951e+04 2.1970538913e+05 2.1965040585e+05
232.1160 1.114937e-02 1.623032e-02 1.762675e-04 3.554034e-04 5.454090e-04 2.326563e-03 4.4511473986e+04 2.1971199218e+05 2.1964155670e+05
233.1165 1.114375e-02 1.646794e-02 1.674006e-04 3.547092e-04 5.276802e-04 2.307704e-03 4.4513839086e+04 2.1970963345e+05 2.1964143620e+05
234.1170 1.137377e-02 1.645141e-02 1.652099e-04 3.471304e-04 5.730253e-04 2.355253e-03 4.4516028303e+04 2.1969902179e+05 2.1964969919e+05
235.1175 1.140064e-02 1.634466e-02 1.766725e-04 3.332259e-04 5.264237e-04 2.323240e-03 4.4518318377e+04 2.1968242811e+05 2.1966409438e+05
236.1180 1.137008e-02 1.662744e-02 1.528432e-04 3.689212e-04 5.255388e-04 2.317788e-03 4.4520571091e+04 2.1966332461e+05 2.1968082951e+05
237.1185 1.156201e-02 1.670391e-02 1.919159e-04 3.664002e-04 5.691581e-04 2.273615e-03 4.4522741834e+04 2.1964635563e+05 2.1969550494e+05
238.1190 1.124749e-02 1.636607e-02 1.682687e-04 3.752145e-04 5.886156e-04 2.270575e-03 4.4525048013e+04 2.1963557884e+05 2.1970429017e+05
239.1195 1.138839e-02 1.643378e-02 1.817687e-04 4.135239e-04 5.825631e-04 2.276490e-03 4.4527055793e+04 2.1963294798e+05 2.1970476445e+05
240.1200 1.156263e-02 1.673066e-02 1.687052e-04 4.128853e-04 6.000463e-04 2.255583e-03 4.4529170975e+04 2.1963884572e+05 2.1969656991e+05
241.1205 1.123742e-02 1.631353e-02 1.873448e-04 4.422305e-04 6.412241e-04 2.205397e-03 4.4531487694e+04 2.1965196777e+05 2.1968142732e+05
242.1210 1.138645e-02 1.649809e-02 1.635307e-04 4.942010e-04 6.577466e-04 2.262441e-03 4.4533708498e+04 2.1966812034e+05 2.1966285957e+05
243.1215 1.133650e-02 1.667606e-02 1.658638e-04 4.453887e-04 6.290086e-04 2.181339e-03 4.4536064827e+04 2.1968347525e+05 2.1964516766e+05
244.1220 1.124216e-02 1.675906e-02 1.902364e-04 4.684666e-04 6.795423e-04 2.292638e-03 4.4538373426e+04 2.1969397530e+05 2.1963231224e+05
245.1225 1.154488e-02 1.670487e-02 1.687610e-04 4.465782e-04 6.269352e-04 2.258698e-03 4.4540632141e+04 2.1969665007e+05 2.1962729618e+05
246.1230 1.142430e-02 1.698469e-02 1.842710e-04 4.637765e-04 6.553107e-04 2.260218e-03 4.4543154569e+04 2.1969034343e+05 2.1963099612e+05
247.1235 1.135824e-02 1.623607e-02 1.880074e-04 4.385607e-04 6.394982e-04 2.352824e-03 4.4545532219e+04 2.1967702788e+05 2.1964225855e+05
248.1240 1.124874e-02 1.618088e-02 1.716759e-04 4.033629e-04 6.131932e-04 2.448319e-03 4.4547845831e+04 2.1965907661e+05 2.1965798993e+05
249.1245 1.134826e-02 1.644668e-02 1.632154e-04 3.931027e-04 6.063892e-04 2.420749e-03 4.4550180927e+04 2.1964057723e+05 2.1967398392e+05
250.1250 1.141259e-02 1.635409e-02 1.686729e-04 3.853193e-04 6.096747e-04 2.557631e-03 4.4552686272e+04 2.1962596828e+05 2.1968603481e+05
251.1255 1.128479e-02 1.632663e-02 1.680625e-04 3.703105e-04 5.935221e-04 2.535060e-03 4.4555208196e+04 2.1961870144e+05 2.1969086160e+05
252.1260 1.142455e-02 1.624925e-02 1.669164e-04 3.437482e-04 5.332049e-04 2.598504e-03 4.4557458856e+04 2.1962030561e+05 2.1968698880e+05
253.1265 1.130019e-02 1.644349e-02 1.767339e-04 3.678241e-04 6.087146e-04 2.614081e-03 4.4559757491e+04 2.1962991604e+05 2.1967499639e+05
254.1270 1.135476e-02 1.649375e-02 1.621339e-04 3.516324e-04 5.671866e-04 2.596891e-03 4.4561993902e+04 2.1964494445e+05 2.1965769616e+05
255.1275 1.144421e-02 1.653772e-02 1.518749e-04 3.800051e-04 5.722583e-04 2.606930e-03 4.4564163886e+04 2.1966148350e+05 2.1963893666e+05
256.1280 1.132852e-02 1.623621e-02 1.857400e-04 3.929549e-04 5.999901e-04 2.578140e-03 4.4566369161e+04 2.1967533378e+05 2.1962304460e+05
257.1285 1.134353e-02 1.627256e-02 1.627122e-04 4.178282e-04 6.459880e-04 2.509571e-03 4.4568536000e+04 2.1968256141e+05 2.1961367122e+05
258.1290 1.157586e-02 1.670170e-02 1.617226e-04 4.460142e-04 6.171289e-04 2.535574e-03 4.4570551683e+04 2.1968101121e+05 2.1961286210e+05
259.1295 1.136620e-02 1.657458e-02 1.847572e-04 4.529113e-04 6.584629e-04 2.391719e-03 4.4572882304e+04 2.1967128808e+05 2.1962046295e+05
260.1300 1.147449e-02 1.679776e-02 1.799066e-04 5.463349e-04 7.519128e-04 2.452608e-03 4.4575059080e+04 2.1965493541e+05 2.1963437311e+05
261.1305 1.160789e-02 1.700187e-02 1.698784e-04 5.270856e-04 7.047441e-04 2.406621e-03 4.4577249308e+04 2.1963591436e+05 2.1965113571e+05
262.1310 1.122797e-02 1.649299e-02 1.644032e-04 4.964913e-04 7.225468e-04 2.409396e-03 4.4579768251e+04 2.1961863919e+05 2.1966630298e+05
263.1315 1.135102e-02 1.655037e-02 1.745316e-04 5.618835e-04 7.859627e-04 2.430113e-03 4.4582021616e+04 2.1960664313e+05 2.1967585266e+05
264.1320 1.158838e-02 1.673326e-02 1.665966e-04 5.166357e-04 7.148171e-04 2.470001e-03 4.4584275119e+04 2.1960284565e+05 2.1967728684e+05
265.1325 1.143976e-02 1.692103e-02 1.564327e-04 5.189046e-04 7.819784e-04 2.521731e-03 4.4586889270e+04 2.1960759362e+05 2.1966978858e+05
266.1330 1.154470e-02 1.641391e-02 1.740126e-04 4.705196e-04 6.925991e-04 2.607065e-03 4.4589404810e+04 2.1962006446e+05 2.1965501443e+05
267.1335 1.151226e-02 1.696541e-02 1.809162e-04 4.640587e-04 7.082977e-04 2.656804e-03 4.4591943008e+04 2.1963621560e+05 2.1963609446e+05
268.1340 1.146385e-02 1.694115e-02 1.648100e-04 4.339225e-04 6.614506e-04 2.751081e-03 4.4594466365e+04 2.1965239465e+05 2.1961738271e+05
269.1345 1.158177e-02 1.670370e-02 1.653424e-04 4.285754e-04 6.659634e-04 2.818215e-03 4.4596928052e+04 2.1966426089e+05 2.1960311833e+05
270.1350 1.137589e-02 1.692700e-02 1.666954e-04 3.800440e-04 6.342588e-04 2.893504e-03 4.4599430623e+04 2.1966837500e+05 2.1959652976e+05
271.1355 1.111547e-02 1.622627e-02 1.523103e-04 3.862261e-04 6.196886e-04 2.901588e-03 4.4601832501e+04 2.1966413312e+05 2.1959881353e+05
272.1360 1.122694e-02 1.659910e-02 1.804444e-04 4.000630e-04 6.232879e-04 2.915861e-03 4.4604032738e+04 2.1965140336e+05 2.1960911548e+05
273.1365 1.138245e-02 1.684034e-02 1.515928e-04 3.933049e-04 6.059767e-04 2.854513e-03 4.4606248668e+04 2.1963345178e+05 2.1962468752e+05
274.1370 1.141761e-02 1.635380e-02 1.759888e-04 4.442968e-04 6.368391e-04 2.904406e-03 4.4608427534e+04 2.1961467976e+05 2.1964138302e+05
275.1375 1.149352e-02 1.668737e-02 1.706524e-04 4.485214e-04 6.605165e-04 2.769078e-03 4.4610564088e+04 2.1959881502e+05 2.1965498671e+05
276.1380 1.148003e-02 1.674718e-02 1.661715e-04 5.010601e-04 6.950859e-04 2.718186e-03 4.4612583809e+04 2.1958989096e+05 2.1966185529e+05
277.1385 1.139386e-02 1.652845e-02 1.668980e-04 5.389619e-04 7.405532e-04 2.724572e-03 4.4614656070e+04 2.1958972089e+05 2.1966005268e+05
278.1390 1.148058e-02 1.660613e-02 1.683135e-04 5.584082e-04 7.660480e-04 2.498962e-03 4.4616748520e+04 2.1959783033e+05 2.1964983109e+05
279.1395 1.143083e-02 1.681131e-02 1.701294e-04 6.383989e-04 8.818944e-04 2.614970e-03 4.4618917975e+04 2.1961193062e+05 2.1963342038e+05
280.1400 1.166000e-02 1.683850e-02 1.640894e-04 6.102750e-04 8.108327e-04 2.485017e-03 4.4621184057e+04 2.1962819887e+05 2.1961481248e+05
281.1405 1.160278e-02 1.665945e-02 1.591269e-04 6.185629e-04 8.868427e-04 2.554661e-03 4.4623606298e+04 2.1964256360e+05 2.1959811001e+05
282.1410 1.179035e-02 1.693639e-02 1.862869e-04 5.937759e-04 8.458392e-04 2.550204e-03 4.4626121730e+04 2.1965062491e+05 2.1958728264e+05
283.1415 1.160989e-02 1.619561e-02 1.754534e-04 6.033143e-04 8.668362e-04 2.645107e-03 4.4628776474e+04 2.1965111934e+05 2.1958455918e+05
284.1420 1.151629e-02 1.654282e-02 1.636648e-04 5.666213e-04 8.136493e-04 2.735510e-03 4.4631439417e+04 2.1964258223e+05 2.1959031704e+05
285.1425 1.160334e-02 1.662954e-02 1.778569e-04 5.133564e-04 7.733993e-04 2.923811e-03 4.4633902946e+04 2.1962761570e+05 2.1960272205e+05
286.1430 1.170803e-02 1.689360e-02 1.944365e-04 4.827514e-04 6.896698e-04 2.961399e-03 4.4636366148e+04 2.1960920264e+05 2.1961847308e+05
287.1435 1.161298e-02 1.690295e-02 1.792495e-04 4.649987e-04 6.767983e-04 3.131993e-03 4.4639048987e+04 2.1959169228e+05 2.1963332894e+05
288.1440 1.153006e-02 1.679280e-02 1.883221e-04 4.274665e-04 6.466602e-04 3.210512e-03 4.4641731693e+04 2.1957910374e+05 2.1964328294e+05
289.1445 1.163393e-02 1.685069e-02 1.784486e-04 3.896928e-04 5.786969e-04 3.265697e-03 4.4644267994e+04 2.1957420482e+05 2.1964557617e+05
290.1450 1.163235e-02 1.666816e-02 1.770739e-04 4.218760e-04 6.134639e-04 3.259391e-03 4.4646694389e+04 2.1957820696e+05 2.1963923698e+05
291.1455 1.159151e-02 1.655736e-02 1.855346e-04 4.282964e-04 6.345450e-04 3.278952e-03 4.4648923659e+04 2.1958965967e+05 2.1962557004e+05
292.1460 1.138566e-02 1.652934e-02 1.540634e-04 4.780940e-04 6.894022e-04 3.115809e-03 4.4651045590e+04 2.1960567794e+05 2.1960761029e+05
293.1465 1.148742e-02 1.649407e-02 1.809592e-04 5.516657e-04 7.659669e-04 3.136378e-03 4.4653042908e+04 2.1962174981e+05 2.1958945829e+05
294.1470 1.155509e-02 1.666534e-02 1.646761e-04 5.737555e-04 8.159314e-04 2.882098e-03 4.4655257052e+04 2.1963350954e+05 2.1957545067e+05
295.1475 1.165158e-02 1.667498e-02 1.717588e-04 6.314151e-04 9.228694e-04 2.947759e-03 4.4657473117e+04 2.1963785769e+05 2.1956873962e+05
296.1480 1.179475e-02 1.666763e-02 1.760176e-04 6.165039e-04 8.740050e-04 2.669191e-03 4.4659538728e+04 2.1963364403e+05 2.1957094228e+05
297.1485 1.172602e-02 1.694697e-02 1.720425e-04 7.311722e-04 1.035366e-03 2.686662e-03 4.4661553299e+04 2.1962123416e+05 2.1958110888e+05
298.1490 1.172321e-02 1.697791e-02 2.007877e-04 7.106709e-04 1.020390e-03 2.718260e-03 4.4663618372e+04 2.1960361727e+05 2.1959667429e+05
299.1495 1.159754e-02 1.640288e-02 1.591771e-04 6.700868e-04 9.411803e-04 2.639963e-03 4.4665899976e+04 2.1958485496e+05 2.1961357005e+05
300.1500 1.160698e-02 1.661319e-02 1.654246e-04 7.318608e-04 1.039136e-03 2.832955e-03 4.4668246442e+04 2.1956857517e+05 2.1962721158e+05
301.1505 1.164411e-02 1.681515e-02 1.779176e-04 6.820865e-04 9.193653e-04 2.901051e-03 4.4670859465e+04 2.1955895865e+05 2.1963417139e+05
302.1510 1.167085e-02 1.657389e-02 1.813667e-04 6.251031e-04 8.844353e-04 3.005324e-03 4.4673668609e+04 2.1955816521e+05 2.1963223714e+05
303.1515 1.163140e-02 1.684516e-02 1.570891e-04 5.803773e-04 7.804526e-04 3.242092e-03 4.4676556077e+04 2.1956580821e+05 2.1962160873e+05
304.1520 1.167231e-02 1.666578e-02 1.821093e-04 5.207943e-04 7.280656e-04 3.322732e-03 4.4679350675e+04 2.1958022744e+05 2.1960446130e+05
305.1525 1.153767e-02 1.652859e-02 1.655696e-04 5.023166e-04 6.816926e-04 3.476876e-03 4.4681969672e+04 2.1959754842e+05 2.1958463661e+05
306.1530 1.159645e-02 1.637569e-02 1.714550e-04 4.836549e-04 6.823681e-04 3.564866e-03 4.4684370399e+04 2.1961315051e+05 2.1956655366e+05
307.1535 1.160872e-02 1.623257e-02 1.784752e-04 4.231700e-04 6.605225e-04 3.572426e-03 4.4686792275e+04 2.1962309117e+05 2.1955433225e+05
308.1540 1.141041e-02 1.621470e-02 1.740223e-04 4.634132e-04 6.738153e-04 3.546859e-03 4.4689331745e+04 2.1962439274e+05 2.1955059038e+05
309.1545 1.153871e-02 1.691917e-02 2.039586e-04 4.734185e-04 7.220552e-04 3.550988e-03 4.4691773491e+04 2.1961606272e+05 2.1955604549e+05
310.1550 1.170242e-02 1.671202e-02 1.716060e-04 4.854494e-04 8.016767e-04 3.398118e-03 4.4694118037e+04 2.1960065404e+05 2.1956914025e+05
311.1555 1.175736e-02 1.682381e-02 1.809734e-04 5.978919e-04 8.859209e-04 3.308356e-03 4.4696338924e+04 2.1958112733e+05 2.1958633298e+05
312.1560 1.183428e-02 1.672005e-02 1.755124e-04 6.120137e-04 9.225963e-04 3.166635e-03 4.4698340613e+04 2.1956228139e+05 2.1960324805e+05
313.1565 1.178079e-02 1.657668e-02 1.676652e-04 6.576132e-04 1.038543e-03 3.061540e-03 4.4700256117e+04 2.1954827210e+05 2.1961540453e+05
314.1570 1.167927e-02 1.676041e-02 1.728924e-04 7.422381e-04 1.095194e-03 2.964266e-03 4.4702242104e+04 2.1954200648e+05 2.1961965049e+05
315.1575 1.157444e-02 1.704253e-02 1.635117e-04 7.609972e-04 1.053327e-03 2.918305e-03 4.4704439554e+04 2.1954454037e+05 2.1961480804e+05
316.1580 1.169164e-02 1.693032e-02 1.603009e-04 8.470375e-04 1.189245e-03 2.960027e-03 4.4706709521e+04 2.1955539484e+05 2.1960165235e+05
317.1585 1.181648e-02 1.712033e-02 1.738714e-04 7.541237e-04 1.011176e-03 2.962685e-03 4.4709123543e+04 2.1957117066e+05 2.1958345215e+05
318.1590 1.179563e-02 1.698938e-02 1.552765e-04 7.961811e-04 1.099829e-03 3.123387e-03 4.4711693118e+04 2.1958787830e+05 2.1956409148e+05
319.1595 1.187188e-02 1.698323e-02 1.710622e-04 7.439662e-04 9.480672e-04 3.220845e-03 4.4714248766e+04 2.1960117671e+05 2.1954822154e+05
320.1600 1.196426e-02 1.671698e-02 1.651864e-04 7.277752e-04 9.453143e-04 3.409770e-03 4.4716843180e+04 2.1960767736e+05 2.1953920083e+05
321.1605 1.204869e-02 1.701478e-02 1.743755e-04 6.798674e-04 8.871058e-04 3.605426e-03 4.4719495556e+04 2.1960500124e+05 2.1953897477e+05
322.1610 1.173459e-02 1.735854e-02 1.551671e-04 6.150171e-04 7.772129e-04 3.644275e-03 4.4722416773e+04 2.1959383830e+05 2.1954723907e+05
323.1615 1.169315e-02 1.735144e-02 1.820341e-04 5.705956e-04 7.984866e-04 3.806846e-03 4.4725282242e+04 2.1957665914e+05 2.1956152576e+05
324.1620 1.180088e-02 1.658303e-02 1.853307e-04 5.353431e-04 7.526823e-04 3.905953e-03 4.4728056982e+04 2.1955762157e+05 2.1957809659e+05
325.1625 1.184375e-02 1.722889e-02 1.756462e-04 5.379851e-04 7.832800e-04 3.913558e-03 4.4730674857e+04 2.1954035416e+05 2.1959241181e+05
326.1630 1.174783e-02 1.674938e-02 1.619995e-04 5.210614e-04 8.401857e-04 3.868169e-03 4.4733210416e+04 2.1952985222e+05 2.1960061979e+05
327.1635 1.174200e-02 1.649813e-02 1.852310e-04 5.390184e-04 8.597243e-04 3.791824e-03 4.4735496187e+04 2.1952791408e+05 2.1960040379e+05
328.1640 1.160345e-02 1.670265e-02 1.710836e-04 5.760936e-04 9.627124e-04 3.737666e-03 4.4737689289e+04 2.1953452648e+05 2.1959153212e+05
329.1645 1.162658e-02 1.675391e-02 1.658303e-04 6.263085e-04 1.044018e-03 3.628174e-03 4.4739774717e+04 2.1954800585e+05 2.1957591546e+05
330.1650 1.168273e-02 1.693314e-02 1.767650e-04 6.878544e-04 1.149493e-03 3.471433e-03 4.4741915115e+04 2.1956462779e+05 2.1955704793e+05
331.1655 1.178412e-02 1.691359e-02 1.624415e-04 7.036765e-04 1.080229e-03 3.333703e-03 4.4744089227e+04 2.1958006146e+05 2.1953949635e+05
332.1660 1.171904e-02 1.707069e-02 2.066377e-04 8.021536e-04 1.258820e-03 3.299229e-03 4.4746329114e+04 2.1959002013e+05 2.1952714280e+05
333.1665 1.175325e-02 1.685918e-02 1.679958e-04 7.915266e-04 1.137201e-03 3.270159e-03 4.4748480683e+04 2.1959203212e+05 2.1952313254e+05
334.1670 1.189115e-02 1.729366e-02 1.828983e-04 8.494622e-04 1.201157e-03 3.268081e-03 4.4750636862e+04 2.1958478736e+05 2.1952791856e+05
335.1675 1.180139e-02 1.713764e-02 1.952363e-04 8.666832e-04 1.154577e-03 3.340741e-03 4.4752966463e+04 2.1957027077e+05 2.1954023597e+05
336.1680 1.188086e-02 1.690133e-02 1.731892e-04 8.188083e-04 1.046197e-03 3.470721e-03 4.4755237581e+04 2.1955150469e+05 2.1955677367e+05
337.1685 1.185937e-02 1.718602e-02 1.771238e-04 8.744222e-04 1.112008e-03 3.617969e-03 4.4757726521e+04 2.1953248108e+05 2.1957311033e+05
338.1690 1.202296e-02 1.736983e-02 1.777293e-04 7.891145e-04 9.422768e-04 3.715131e-03 4.4760490917e+04 2.1951747764e+05 2.1958520123e+05
339.1695 1.192754e-02 1.711389e-02 1.877322e-04 7.711817e-04 9.465338e-04 3.851964e-03 4.4763449628e+04 2.1951046261e+05 2.1958938501e+05
340.1700 1.203468e-02 1.735839e-02 1.876174e-04 7.049839e-04 8.705092e-04 4.055757e-03 4.4766311661e+04 2.1951243228e+05 2.1958441521e+05
341.1705 1.204857e-02 1.717586e-02 1.710884e-04 6.747926e-04 8.935300e-04 4.115696e-03 4.4769171424e+04 2.1952297010e+05 2.1957102005e+05
342.1710 1.185380e-02 1.698361e-02 1.661852e-04 6.656039e-04 9.316600e-04 4.118264e-03 4.4771995533e+04 2.1953921779e+05 2.1955214163e+05
343.1715 1.184806e-02 1.725248e-02 1.783152e-04 6.365806e-04 9.337949e-04 4.167784e-03 4.4774737990e+04 2.1955638135e+05 2.1953208891e+05
344.1720 1.185659e-02 1.696923e-02 1.678012e-04 6.577586e-04 1.039830e-03 4.149025e-03 4.4777406008e+04 2.1957060710e+05 2.1951528395e+05
345.1725 1.184097e-02 1.713636e-02 1.727283e-04 6.416560e-04 1.038488e-03 4.020382e-03 4.4780061316e+04 2.1957753981e+05 2.1950565489e+05
346.1730 1.173637e-02 1.694102e-02 1.678710e-04 6.965127e-04 1.202167e-03 3.981916e-03 4.4782667053e+04 2.1957560556e+05 2.1950511015e+05
347.1735 1.187270e-02 1.684026e-02 1.833681e-04 6.918893e-04 1.157877e-03 3.899856e-03 4.4785037164e+04 2.1956468170e+05 2.1951365285e+05
348.1740 1.199107e-02 1.686446e-02 1.687556e-04 7.996164e-04 1.289001e-03 3.816489e-03 4.4787316962e+04 2.1954723513e+05 2.1952866945e+05
349.1745 1.202906e-02 1.756226e-02 1.816697e-04 7.819000e-04 1.189647e-03 3.694199e-03 4.4789548494e+04 2.1952705904e+05 2.1954641317e+05
350.1750 1.202108e-02 1.728513e-02 1.835069e-04 8.462298e-04 1.280080e-03 3.769330e-03 4.4791690356e+04 2.1950932608e+05 2.1956204157e+05
351.1755 1.181563e-02 1.688435e-02 1.808283e-04 9.143168e-04 1.305059e-03 3.754747e-03 4.4793926533e+04 2.1949774935e+05 2.1957165145e+05
352.1760 1.192195e-02 1.732499e-02 1.737673e-04 8.852118e-04 1.118659e-03 3.783949e-03 4.4796144556e+04 2.1949427209e+05 2.1957277432e+05
353.1765 1.198370e-02 1.754743e-02 1.740510e-04 9.830589e-04 1.259773e-03 3.874707e-03 4.4798475165e+04 2.1949985363e+05 2.1956455657e+05
354.1770 1.213791e-02 1.705310e-02 1.807640e-04 9.162534e-04 1.083801e-03 3.896656e-03 4.4800927833e+04 2.1951307896e+05 2.1954914947e+05
355.1775 1.217575e-02 1.760510e-02 1.827392e-04 9.128034e-04 1.054027e-03 4.081209e-03 4.4803450285e+04 2.1952949006e+05 2.1952988453e+05
356.1780 1.191595e-02 1.722648e-02 1.697902e-04 9.315132e-04 1.101843e-03 4.165433e-03 4.4806238882e+04 2.1954555053e+05 2.1951122035e+05
357.1785 1.190369e-02 1.715580e-02 1.700636e-04 8.887888e-04 1.044598e-03 4.111645e-03 4.4808883353e+04 2.1955681058e+05 2.1949746175e+05
358.1790 1.195013e-02 1.728185e-02 1.835412e-04 8.892437e-04 1.074751e-03 4.293692e-03 4.4811493129e+04 2.1955990336e+05 2.1949154723e+05
359.1795 1.198406e-02 1.717447e-02 1.664744e-04 8.126878e-04 1.106258e-03 4.324172e-03 4.4814282526e+04 2.1955410096e+05 2.1949460896e+05
360.1800 1.188515e-02 1.755267e-02 1.980594e-04 8.169131e-04 1.146787e-03 4.297622e-03 4.4817308572e+04 2.1954008366e+05 2.1950545546e+05
361.1805 1.179318e-02 1.713882e-02 1.688240e-04 8.091597e-04 1.187906e-03 4.303120e-03 4.4820350167e+04 2.1952167517e+05 2.1952109382e+05
362.1810 1.209114e-02 1.696474e-02 1.847194e-04 8.003386e-04 1.267274e-03 4.319058e-03 4.4823201710e+04 2.1950249581e+05 2.1953728925e+05
363.1815 1.207759e-02 1.713892e-02 1.703712e-04 7.820895e-04 1.288785e-03 4.398317e-03 4.4826058896e+04 2.1948698832e+05 2.1954979371e+05
364.1820 1.196220e-02 1.724396e-02 1.593388e-04 7.771415e-04 1.298544e-03 4.241974e-03 4.4828757849e+04 2.1947906233e+05 2.1955509581e+05
365.1825 1.215487e-02 1.724552e-02 1.852419e-04 8.291270e-04 1.340592e-03 4.355346e-03 4.4831194364e+04 2.1948010322e+05 2.1955146393e+05
366.1830 1.193826e-02 1.717639e-02 1.802130e-04 8.229125e-04 1.309550e-03 4.235099e-03 4.4833772611e+04 2.1948964686e+05 2.1953956047e+05
367.1835 1.188246e-02 1.742543e-02 1.568492e-04 8.752831e-04 1.383339e-03 4.387571e-03 4.4836241302e+04 2.1950457883e+05 2.1952194231e+05
368.1840 1.224710e-02 1.757063e-02 1.617629e-04 8.749140e-04 1.200920e-03 4.293476e-03 4.4838542893e+04 2.1952130344e+05 2.1950277129e+05
369.1845 1.201914e-02 1.725288e-02 1.756522e-04 9.457272e-04 1.293748e-03 4.483010e-03 4.4840942929e+04 2.1953559793e+05 2.1948620564e+05
370.1850 1.192064e-02 1.733616e-02 1.800372e-04 9.168624e-04 1.183147e-03 4.360023e-03 4.4843248173e+04 2.1954328386e+05 2.1947633360e+05
371.1855 1.237140e-02 1.790001e-02 1.761860e-04 9.810827e-04 1.140505e-03 4.482229e-03 4.4845386674e+04 2.1954178632e+05 2.1947520690e+05
372.1860 1.204576e-02 1.749106e-02 1.877817e-04 1.038505e-03 1.209548e-03 4.477075e-03 4.4847812496e+04 2.1953196762e+05 2.1948287466e+05
373.1865 1.199725e-02 1.743092e-02 1.763497e-04 1.058391e-03 1.213680e-03 4.465098e-03 4.4850080120e+04 2.1951536977e+05 2.1949727943e+05
374.1870 1.217201e-02 1.783904e-02 1.915326e-04 1.090337e-03 1.243934e-03 4.551882e-03 4.4852266053e+04 2.1949553015e+05 2.1951456004e+05
375.1875 1.214855e-02 1.752684e-02 1.752390e-04 1.090706e-03 1.306539e-03 4.410277e-03 4.4854859706e+04 2.1947752626e+05 2.1953020744e+05
376.1880 1.210894e-02 1.787752e-02 1.872150e-04 1.110806e-03 1.378238e-03 4.452058e-03 4.4857751692e+04 2.1946451588e+05 2.1954010430e+05
377.1885 1.234428e-02 1.781092e-02 1.761533e-04 1.111951e-03 1.437148e-03 4.513241e-03 4.4860740511e+04 2.1945993542e+05 2.1954154795e+05
378.1890 1.221347e-02 1.776922e-02 1.706723e-04 1.048243e-03 1.443955e-03 4.366807e-03 4.4863832433e+04 2.1946477049e+05 2.1953382403e+05
379.1895 1.246134e-02 1.770599e-02 1.625977e-04 1.083213e-03 1.591794e-03 4.593409e-03 4.4866752474e+04 2.1947711760e+05 2.1951831209e+05
380.1900 1.229621e-02 1.766496e-02 1.733030e-04 1.024579e-03 1.470686e-03 4.503668e-03 4.4869705134e+04 2.1949403691e+05 2.1949862157e+05
381.1905 1.235767e-02 1.741068e-02 1.781064e-04 1.027952e-03 1.564822e-03 4.717187e-03 4.4872610897e+04 2.1951075724e+05 2.1947894945e+05
382.1910 1.204279e-02 1.746706e-02 1.806448e-04 9.640112e-04 1.477084e-03 4.763932e-03 4.4875864389e+04 2.1952278456e+05 2.1946384629e+05
383.1915 1.221853e-02 1.745855e-02 1.769989e-04 9.816063e-04 1.504788e-03 4.885244e-03 4.4879019145e+04 2.1952692213e+05 2.1945638525e+05
384.1920 1.224345e-02 1.735516e-02 1.643632e-04 9.413487e-04 1.331026e-03 5.001952e-03 4.4882108625e+04 2.1952211394e+05 2.1945815143e+05
385.1925 1.210473e-02 1.734445e-02 1.836637e-04 9.482108e-04 1.372096e-03 5.084792e-03 4.4885075085e+04 2.1950917078e+05 2.1946814430e+05
386.1930 1.217027e-02 1.718331e-02 1.780167e-04 9.312197e-04 1.284465e-03 5.142864e-03 4.4887544007e+04 2.1949109900e+05 2.1948383745e+05
387.1935 1.229528e-02 1.704035e-02 1.719054e-04 9.933904e-04 1.235933e-03 5.122877e-03 4.4889683813e+04 2.1947179774e+05 2.1950099985e+05
388.1940 1.219247e-02 1.697315e-02 2.062455e-04 1.016931e-03 1.284420e-03 5.269226e-03 4.4891847338e+04 2.1945550555e+05 2.1951510740e+05
389.1945 1.220673e-02 1.716982e-02 1.729443e-04 1.057666e-03 1.321995e-03 5.005669e-03 4.4893946659e+04 2.1944603603e+05 2.1952245651e+05
390.1950 1.226369e-02 1.765424e-02 1.812893e-04 1.153600e-03 1.357081e-03 5.031139e-03 4.4896101392e+04 2.1944498122e+05 2.1952103245e+05
391.1955 1.238891e-02 1.775603e-02 1.950865e-04 1.225144e-03 1.491741e-03 4.832323e-03 4.4898405254e+04 2.1945268180e+05 2.1951097255e+05
392.1960 1.231412e-02 1.772753e-02 1.808671e-04 1.234562e-03 1.546774e-03 4.832691e-03 4.4900783646e+04 2.1946661296e+05 2.1949470225e+05
393.1965 1.244622e-02 1.766713e-02 1.847490e-04 1.288443e-03 1.641312e-03 4.674527e-03 4.4903173401e+04 2.1948286282e+05 2.1947599909e+05
394.1970 1.252812e-02 1.798448e-02 1.797664e-04 1.358271e-03 1.720530e-03 4.551557e-03 4.4905648160e+04 2.1949701807e+05 2.1945920724e+05
395.1975 1.237085e-02 1.791163e-02 1.797816e-04 1.384332e-03 1.846457e-03 4.732442e-03 4.4908317308e+04 2.1950545269e+05 2.1944805176e+05
396.1980 1.242652e-02 1.755457e-02 1.810838e-04 1.301193e-03 1.741145e-03 4.629819e-03 4.4911260384e+04 2.1950584984e+05 2.1944499438e+05
397.1985 1.238052e-02 1.785662e-02 1.930945e-04 1.316286e-03 1.870643e-03 4.765222e-03 4.4914609807e+04 2.1949710248e+05 2.1945018374e+05
398.1990 1.221308e-02 1.757505e-02 1.609995e-04 1.276312e-03 1.751480e-03 5.044426e-03 4.4918124900e+04 2.1948173612e+05 2.1946220948e+05
399.1995 1.258180e-02 1.767931e-02 1.795720e-04 1.236568e-03 1.698968e-03 5.156032e-03 4.4921635261e+04 2.1946262080e+05 2.1947755227e+05
400.2000 1.224387e-02 1.770925e-02 1.794777e-04 1.107263e-03 1.587573e-03 5.519449e-03 4.4925336827e+04 2.1944454616e+05 2.1949202703e+05
401.2005 1.217692e-02 1.753745e-02 1.810076e-04 1.039368e-03 1.481982e-03 5.572059e-03 4.4928728465e+04 2.1943184429e+05 2.1950144678e+05
402.2010 1.226022e-02 1.748039e-02 1.973553e-04 1.050191e-03 1.454859e-03 5.863294e-03 4.4931771463e+04 2.1942713963e+05 2.1950299749e+05
403.2015 1.218820e-02 1.744410e-02 1.841535e-04 9.742377e-04 1.303966e-03 5.880652e-03 4.4934867617e+04 2.1943116961e+05 2.1949594777e+05
404.2020 1.213523e-02 1.742844e-02 2.053531e-04 9.979252e-04 1.346726e-03 6.054154e-03 4.4937828688e+04 2.1944280201e+05 2.1948131831e+05
405.2025 1.216949e-02 1.753963e-02 1.740972e-04 1.035880e-03 1.366998e-03 5.977026e-03 4.4940594622e+04 2.1945891175e+05 2.1946240964e+05
406.2030 1.228061e-02 1.768143e-02 1.890756e-04 1.072609e-03 1.380583e-03 5.894892e-03 4.4943013608e+04 2.1947525853e+05 2.1944355897e+05
407.2035 1.248648e-02 1.772780e-02 1.693676e-04 1.138539e-03 1.492718e-03 5.693579e-03 4.4945102966e+04 2.1948738410e+05 2.1942925139e+05
408.2040 1.232039e-02 1.800841e-02 1.844157e-04 1.280156e-03 1.611766e-03 5.502076e-03 4.4946989970e+04 2.1949174798e+05 2.1942287230e+05
409.2045 1.246193e-02 1.808087e-02 1.566328e-04 1.399293e-03 1.790095e-03 5.397327e-03 4.4948759932e+04 2.1948690226e+05 2.1942582296e+05
410.2050 1.245644e-02 1.792120e-02 1.891713e-04 1.488043e-03 1.846184e-03 4.977989e-03 4.4950700014e+04 2.1947375307e+05 2.1943720145e+05
411.2055 1.241389e-02 1.794232e-02 1.761144e-04 1.557492e-03 2.009079e-03 4.967781e-03 4.4952778551e+04 2.1945482424e+05 2.1945398056e+05
412.2060 1.255552e-02 1.834011e-02 1.814620e-04 1.643725e-03 2.051286e-03 4.921134e-03 4.4955229572e+04 2.1943415308e+05 2.1947193116e+05
413.2065 1.248538e-02 1.849097e-02 1.723937e-04 1.717268e-03 2.123706e-03 4.822802e-03 4.4958032189e+04 2.1941689571e+05 2.1948637992e+05
414.2070 1.268905e-02 1.861686e-02 1.738404e-04 1.655816e-03 2.112372e-03 5.101666e-03 4.4961042907e+04 2.1940631313e+05 2.1949369004e+05
415.2075 1.258852e-02 1.840097e-02 1.744890e-04 1.582855e-03 1.980124e-03 5.109028e-03 4.4964464802e+04 2.1940509006e+05 2.1949172963e+05
416.2080 1.239519e-02 1.800519e-02 1.848226e-04 1.562669e-03 1.942599e-03 5.510156e-03 4.4968015751e+04 2.1941296475e+05 2.1948040572e+05
417.2085 1.233857e-02 1.789849e-02 1.622607e-04 1.486639e-03 1.826416e-03 5.831793e-03 4.4971613311e+04 2.1942776208e+05 2.1946205868e+05
418.2090 1.256738e-02 1.811822e-02 1.792603e-04 1.389598e-03 1.712203e-03 6.110108e-03 4.4975261848e+04 2.1944534299e+05 2.1944057354e+05
419.2095 1.252053e-02 1.771160e-02 1.711982e-04 1.240481e-03 1.545958e-03 6.417525e-03 4.4979294424e+04 2.1946143800e+05 2.1942064812e+05
420.2100 1.264264e-02 1.792737e-02 1.802981e-04 1.187832e-03 1.546247e-03 6.727290e-03 4.4983368124e+04 2.1947124999e+05 2.1940648086e+05
421.2105 1.248953e-02 1.792293e-02 1.691304e-04 1.135238e-03 1.443595e-03 6.741481e-03 4.4987163333e+04 2.1947293988e+05 2.1940111002e+05
422.2110 1.225387e-02 1.756423e-02 1.749211e-04 1.132877e-03 1.484631e-03 6.870682e-03 4.4990420040e+04 2.1946578156e+05 2.1940518411e+05
423.2115 1.235459e-02 1.761945e-02 1.905872e-04 1.150550e-03 1.549382e-03 6.747957e-03 4.4992936448e+04 2.1945111098e+05 2.1941732214e+05
424.2120 1.238586e-02 1.757333e-02 1.720300e-04 1.232715e-03 1.669573e-03 6.622045e-03 4.4995156201e+04 2.1943193052e+05 2.1943426848e+05
425.2125 1.228148e-02 1.731004e-02 1.917918e-04 1.328254e-03 1.798217e-03 6.407506e-03 4.4997331659e+04 2.1941251977e+05 2.1945165454e+05
426.2130 1.254916e-02 1.765023e-02 1.729796e-04 1.458085e-03 1.955432e-03 6.069170e-03 4.4999448617e+04 2.1939682616e+05 2.1946499272e+05
427.2135 1.267489e-02 1.780553e-02 1.806404e-04 1.629021e-03 2.155781e-03 5.852237e-03 4.5001577327e+04 2.1938871568e+05 2.1947080486e+05
428.2140 1.282383e-02 1.831298e-02 1.737269e-04 1.749697e-03 2.256910e-03 5.683008e-03 4.5003631924e+04 2.1938938225e+05 2.1946773517e+05
429.2145 1.277844e-02 1.839834e-02 1.759242e-04 1.830910e-03 2.349372e-03 5.311634e-03 4.5005733650e+04 2.1939872079e+05 2.1945643086e+05
430.2150 1.284904e-02 1.822614e-02 1.690036e-04 1.923198e-03 2.430330e-03 5.492833e-03 4.5007702145e+04 2.1941348927e+05 2.1943954839e+05
431.2155 1.289402e-02 1.835431e-02 1.833501e-04 2.005073e-03 2.355805e-03 5.323615e-03 4.5010053098e+04 2.1942956681e+05 2.1942109581e+05
432.2160 1.269919e-02 1.829246e-02 1.678654e-04 2.054009e-03 2.425958e-03 5.690333e-03 4.5012872941e+04 2.1944254769e+05 2.1940530259e+05
433.2165 1.262427e-02 1.819713e-02 1.854485e-04 1.918376e-03 2.195203e-03 5.803936e-03 4.5016156779e+04 2.1944883486e+05 2.1939587777e+05
434.2170 1.272447e-02 1.813842e-02 1.782444e-04 1.864224e-03 2.101969e-03 6.148208e-03 4.5019838883e+04 2.1944647206e+05 2.1939447307e+05
435.2175 1.283965e-02 1.869186e-02 1.732256e-04 1.797211e-03 2.010206e-03 6.680331e-03 4.5023900996e+04 2.1943534311e+05 2.1940107029e+05
436.2180 1.284710e-02 1.841935e-02 1.908668e-04 1.655520e-03 1.835120e-03 6.875348e-03 4.5028284348e+04 2.1941868182e+05 2.1941349308e+05
437.2185 1.262882e-02 1.830080e-02 1.873250e-04 1.539927e-03 1.756156e-03 7.202881e-03 4.5032519867e+04 2.1940018030e+05 2.1942786241e+05
438.2190 1.259188e-02 1.776624e-02 2.091385e-04 1.429379e-03 1.713200e-03 7.513873e-03 4.5036496212e+04 2.1938432395e+05 2.1943992601e+05
439.2195 1.268213e-02 1.758393e-02 1.832312e-04 1.423487e-03 1.756258e-03 7.555876e-03 4.5040295093e+04 2.1937435927e+05 2.1944609297e+05
440.2200 1.251019e-02 1.783226e-02 1.884893e-04 1.389262e-03 1.838523e-03 7.602429e-03 4.5044005448e+04 2.1937234994e+05 2.1944430782e+05
441.2205 1.237311e-02 1.768492e-02 1.915834e-04 1.404975e-03 1.940124e-03 7.494798e-03 4.5047537629e+04 2.1937879033e+05 2.1943447050e+05
442.2210 1.250704e-02 1.813960e-02 1.785246e-04 1.466642e-03 2.108683e-03 7.234593e-03 4.5050601453e+04 2.1939135596e+05 2.1941862721e+05
443.2215 1.266040e-02 1.789667e-02 1.934586e-04 1.562690e-03 2.236798e-03 7.038295e-03 4.5053093178e+04 2.1940714932e+05 2.1940036501e+05
444.2220 1.243946e-02 1.766313e-02 1.878502e-04 1.701235e-03 2.407447e-03 6.840410e-03 4.5055117335e+04 2.1942170169e+05 2.1938392771e+05
445.2225 1.260769e-02 1.820744e-02 1.828008e-04 1.848374e-03 2.517568e-03 6.433463e-03 4.5056865255e+04 2.1943039665e+05 2.1937321222e+05
446.2230 1.282180e-02 1.814293e-02 1.925916e-04 2.004057e-03 2.634068e-03 6.376874e-03 4.5058639059e+04 2.1943098983e+05 2.1937069817e+05
447.2235 1.264984e-02 1.839055e-02 1.805672e-04 2.120954e-03 2.641770e-03 6.218111e-03 4.5060763858e+04 2.1942257745e+05 2.1937700920e+05
448.2240 1.292069e-02 1.843827e-02 1.860293e-04 2.142818e-03 2.588783e-03 6.209497e-03 4.5062943899e+04 2.1940681308e+05 2.1939043938e+05
449.2245 1.304584e-02 1.843230e-02 1.773712e-04 2.244462e-03 2.523550e-03 6.332239e-03 4.5065432427e+04 2.1938713574e+05 2.1940753137e+05
450.2250 1.320994e-02 1.906814e-02 1.964392e-04 2.277182e-03 2.495781e-03 6.495113e-03 4.5068262604e+04 2.1936744896e+05 2.1942397788e+05
451.2255 1.339232e-02 1.911171e-02 1.865931e-04 2.227978e-03 2.333635e-03 6.821352e-03 4.5071418775e+04 2.1935257440e+05 2.1943549722e+05
452.2260 1.321909e-02 1.859798e-02 1.874638e-04 2.157899e-03 2.210273e-03 7.066042e-03 4.5075021652e+04 2.1934603610e+05 2.1943874691e+05
453.2265 1.300071e-02 1.884511e-02 2.109048e-04 2.076282e-03 2.142438e-03 7.475298e-03 4.5078944739e+04 2.1934833601e+05 2.1943240739e+05
454.2270 1.302197e-02 1.887514e-02 1.838730e-04 2.013785e-03 2.098691e-03 7.627577e-03 4.5083123148e+04 2.1935904805e+05 2.1941743535e+05
455.2275 1.318768e-02 1.897064e-02 2.012094e-04 1.882817e-03 2.133525e-03 8.033380e-03 4.5087693455e+04 2.1937476099e+05 2.1939691468e+05
456.2280 1.301654e-02 1.891679e-02 1.838951e-04 1.808972e-03 2.134664e-03 8.052309e-03 4.5092653190e+04 2.1939166425e+05 2.1937521421e+05
457.2285 1.291397e-02 1.843173e-02 1.915482e-04 1.680776e-03 2.201500e-03 8.280095e-03 4.5097354790e+04 2.1940542945e+05 2.1935693409e+05
458.2290 1.290133e-02 1.818187e-02 1.842529e-04 1.724020e-03 2.401346e-03 8.210006e-03 4.5101451721e+04 2.1941257540e+05 2.1934575780e+05
459.2295 1.266094e-02 1.836826e-02 1.964611e-04 1.731789e-03 2.480698e-03 8.171134e-03 4.5104948807e+04 2.1941085213e+05 2.1934397063e+05
460.2300 1.282210e-02 1.828609e-02 1.955013e-04 1.758750e-03 2.595871e-03 8.042177e-03 4.5107999728e+04 2.1940026479e+05 2.1935146727e+05
461.2305 1.281962e-02 1.807007e-02 1.857703e-04 1.836900e-03 2.751737e-03 7.872016e-03 4.5110921451e+04 2.1938287619e+05 2.1936599822e+05
462.2310 1.293152e-02 1.838932e-02 1.976405e-04 1.969990e-03 2.790773e-03 7.713413e-03 4.5113770447e+04 2.1936207285e+05 2.1938376481e+05
463.2315 1.303598e-02 1.838631e-02 1.871165e-04 2.105144e-03 2.851757e-03 7.627333e-03 4.5116344811e+04 2.1934309538e+05 2.1940010642e+05
464.2320 1.295202e-02 1.843316e-02 2.149865e-04 2.231584e-03 2.846721e-03 7.452788e-03 4.5118635889e+04 2.1933010376e+05 2.1941083411e+05
465.2325 1.322549e-02 1.880063e-02 1.833216e-04 2.383556e-03 2.853380e-03 7.540106e-03 4.5120549706e+04 2.1932533266e+05 2.1941332965e+05
466.2330 1.315845e-02 1.853505e-02 2.166882e-04 2.435485e-03 2.748255e-03 7.402088e-03 4.5122627042e+04 2.1932986071e+05 2.1940695122e+05
467.2335 1.322089e-02 1.857761e-02 1.903693e-04 2.515099e-03 2.700307e-03 7.758690e-03 4.5124884789e+04 2.1934126682e+05 2.1939305052e+05
468.2340 1.334016e-02 1.880941e-02 1.926339e-04 2.619855e-03 2.633487e-03 7.625597e-03 4.5127601505e+04 2.1935673003e+05 2.1937478912e+05
469.2345 1.331608e-02 1.897395e-02 2.049992e-04 2.629969e-03 2.598391e-03 8.030421e-03 4.5130680294e+04 2.1937186227e+05 2.1935639935e+05
470.2350 1.350761e-02 1.956053e-02 1.804107e-04 2.613796e-03 2.622808e-03 8.151284e-03 4.5134076591e+04 2.1938237008e+05 2.1934208861e+05
471.2355 1.344330e-02 1.942284e-02 2.013416e-04 2.521644e-03 2.537319e-03 8.331002e-03 4.5138092587e+04 2.1938555785e+05 2.1933499745e+05
472.2360 1.349866e-02 1.928796e-02 1.830415e-04 2.504106e-03 2.668779e-03 8.445503e-03 4.5142312479e+04 2.1938003624e+05 2.1933621528e+05
473.2365 1.351584e-02 1.911848e-02 1.973717e-04 2.495205e-03 2.811229e-03 8.639455e-03 4.5146610614e+04 2.1936694214e+05 2.1934494894e+05
474.2370 1.335671e-02 1.929544e-02 1.879524e-04 2.382948e-03 2.832021e-03 8.587692e-03 4.5151186264e+04 2.1934879100e+05 2.1935853656e+05
475.2375 1.324462e-02 1.922972e-02 1.784356e-04 2.363288e-03 3.007351e-03 8.773367e-03 4.5155777861e+04 2.1932994012e+05 2.1937274653e+05
476.2380 1.328665e-02 1.868370e-02 2.155745e-04 2.273580e-03 3.036538e-03 8.872421e-03 4.5160514140e+04 2.1931456845e+05 2.1938362824e+05
477.2385 1.316305e-02 1.903758e-02 1.711999e-04 2.334985e-03 3.189412e-03 8.863843e-03 4.5165239639e+04 2.1930555751e+05 2.1938770338e+05
478.2390 1.311812e-02 1.877793e-02 1.826385e-04 2.275193e-03 3.177572e-03 8.886913e-03 4.5169521506e+04 2.1930565006e+05 2.1938345879e+05
479.2395 1.318038e-02 1.864497e-02 1.907841e-04 2.286018e-03 3.147684e-03 8.910190e-03 4.5173191339e+04 2.1931422287e+05 2.1937126988e+05
480.2400 1.306272e-02 1.905026e-02 2.041002e-04 2.338541e-03 3.140773e-03 8.926596e-03 4.5176335988e+04 2.1932858550e+05 2.1935361227e+05
481.2405 1.309891e-02 1.852674e-02 1.864790e-04 2.430882e-03 3.080608e-03 9.116272e-03 4.5179040665e+04 2.1934506988e+05 2.1933447194e+05
482.2410 1.314666e-02 1.851660e-02 2.139360e-04 2.482860e-03 2.991463e-03 9.039227e-03 4.5181788204e+04 2.1935852251e+05 2.1931832904e+05
483.2415 1.327892e-02 1.893979e-02 1.853726e-04 2.584443e-03 2.940661e-03 9.238141e-03 4.5184493123e+04 2.1936497795e+05 2.1930884464e+05
484.2420 1.351400e-02 1.933432e-02 1.949824e-04 2.688839e-03 2.834116e-03 9.111609e-03 4.5187111065e+04 2.1936278703e+05 2.1930815091e+05
485.2425 1.352500e-02 1.952660e-02 2.109971e-04 2.724905e-03 2.841352e-03 9.360782e-03 4.5189717937e+04 2.1935199647e+05 2.1931615807e+05
486.2430 1.372009e-02 1.956970e-02 1.771919e-04 2.805939e-03 2.827465e-03 9.170022e-03 4.5192468811e+04 2.1933456117e+05 2.1933084682e+05
487.2435 1.356201e-02 1.955594e-02 2.137274e-04 2.936620e-03 2.906024e-03 9.282734e-03 4.5195519797e+04 2.1931390157e+05 2.1934837975e+05
488.2440 1.359173e-02 1.965170e-02 2.026076e-04 2.997315e-03 3.075542e-03 9.374545e-03 4.5198723321e+04 2.1929471724e+05 2.1936415186e+05
489.2445 1.366326e-02 1.997111e-02 2.044345e-04 3.011069e-03 3.131568e-03 9.195106e-03 4.5202259371e+04 2.1928128939e+05 2.1937397212e+05
490.2450 1.344798e-02 1.942405e-02 2.078237e-04 3.015153e-03 3.303656e-03 9.291322e-03 4.5206117723e+04 2.1927673326e+05 2.1937491025e+05
491.2455 1.373235e-02 2.003140e-02 1.771027e-04 3.070632e-03 3.536295e-03 9.309435e-03 4.5210270367e+04 2.1928061625e+05 2.1936635422e+05
492.2460 1.380935e-02 2.016834e-02 1.962279e-04 3.078009e-03 3.638474e-03 9.330417e-03 4.5214970420e+04 2.1929211381e+05 2.1934997146e+05
493.2465 1.362874e-02 1.962565e-02 1.702689e-04 3.031270e-03 3.724212e-03 9.371555e-03 4.5220066253e+04 2.1930812108e+05 2.1932914678e+05
494.2470 1.369100e-02 1.965664e-02 1.908038e-04 3.004645e-03 3.799711e-03 9.531426e-03 4.5224804194e+04 2.1932425705e+05 2.1930819652e+05
495.2475 1.366621e-02 1.974490e-02 1.966703e-04 3.006058e-03 3.752966e-03 9.783537e-03 4.5229248960e+04 2.1933625649e+05 2.1929166418e+05
496.2480 1.342927e-02 1.976083e-02 1.828585e-04 3.051401e-03 3.863495e-03 9.925595e-03 4.5233691580e+04 2.1934052690e+05 2.1928289413e+05
497.2485 1.371486e-02 1.953985e-02 1.934363e-04 2.906324e-03 3.576016e-03 1.015369e-02 4.5237966127e+04 2.1933544753e+05 2.1928372493e+05
498.2490 1.360435e-02 1.986844e-02 1.776523e-04 2.925783e-03 3.559185e-03 1.040150e-02 4.5242455117e+04 2.1932151239e+05 2.1929297214e+05
499.2495 1.356370e-02 1.961539e-02 2.159405e-04 2.931779e-03 3.414241e-03 1.061856e-02 4.5246770680e+04 2.1930229594e+05 2.1930794435e+05
500.2500 1.354927e-02 1.917287e-02 1.777234e-04 2.970354e-03 3.312078e-03 1.086977e-02 4.5250531662e+04 2.1928232654e+05 2.1932431639e+05
501.2505 1.365554e-02 1.959526e-02 2.220077e-04 2.968438e-03 3.237903e-03 1.094123e-02 4.5253698313e+04 2.1926555245e+05 2.1933767222e+05
502.2510 1.384484e-02 1.932770e-02 1.868091e-04 3.027808e-03 3.253223e-03 1.105380e-02 4.5256740176e+04 2.1925574016e+05 2.1934441234e+05
503.2515 1.358872e-02 1.942258e-02 1.978739e-04 3.122566e-03 3.256281e-03 1.094711e-02 4.5259996631e+04 2.1925431587e+05 2.1934264365e+05
504.2520 1.353337e-02 1.949142e-02 1.873019e-04 3.191211e-03 3.380157e-03 1.097901e-02 4.5263215586e+04 2.1926127349e+05 2.1933241981e+05
505.2525 1.382646e-02 1.966432e-02 2.006984e-04 3.317069e-03 3.534079e-03 1.074622e-02 4.5266313519e+04 2.1927448196e+05 2.1931588892e+05
506.2530 1.406184e-02 1.984611e-02 1.862899e-04 3.447725e-03 3.665590e-03 1.073659e-02 4.5269563053e+04 2.1928991355e+05 2.1929691748e+05
507.2535 1.384023e-02 2.039312e-02 1.800076e-04 3.473538e-03 3.819826e-03 1.045642e-02 4.5273187365e+04 2.1930318177e+05 2.1927997113e+05
508.2540 1.396444e-02 2.035698e-02 2.003360e-04 3.570823e-03 4.070219e-03 1.054091e-02 4.5276996973e+04 2.1931029117e+05 2.1926880634e+05
509.2545 1.395693e-02 1.992503e-02 1.803866e-04 3.663434e-03 4.112063e-03 1.037074e-02 4.5281075836e+04 2.1930931283e+05 2.1926592639e+05
510.2550 1.391534e-02 2.049411e-02 2.111849e-04 3.773469e-03 4.340472e-03 1.030437e-02 4.5285226253e+04 2.1929936057e+05 2.1927132912e+05
511.2555 1.406445e-02 2.051415e-02 1.911706e-04 3.795984e-03 4.373082e-03 1.047043e-02 4.5289419935e+04 2.1928295976e+05 2.1928337567e+05
512.2560 1.422287e-02 2.058988e-02 1.910721e-04 3.745746e-03 4.345397e-03 1.056172e-02 4.5293928645e+04 2.1926324214e+05 2.1929855588e+05
513.2565 1.409620e-02 2.056358e-02 1.943083e-04 3.760171e-03 4.296719e-03 1.087635e-02 4.5298976691e+04 2.1924408314e+05 2.1931258399e+05
514.2570 1.416590e-02 2.012220e-02 1.851983e-04 3.825275e-03 4.316803e-03 1.122008e-02 4.5304184210e+04 2.1923010634e+05 2.1932134745e+05
515.2575 1.402203e-02 2.015730e-02 2.097881e-04 3.743033e-03 4.136731e-03 1.141171e-02 4.5309189910e+04 2.1922438923e+05 2.1932208048e+05
516.2580 1.395221e-02 2.005312e-02 1.949758e-04 3.619199e-03 3.952402e-03 1.182890e-02 4.5313845798e+04 2.1922806822e+05 2.1931383455e+05
517.2585 1.434269e-02 2.024303e-02 2.150515e-04 3.627178e-03 3.933377e-03 1.214899e-02 4.5318383938e+04 2.1923908410e+05 2.1929791191e+05
518.2590 1.415959e-02 2.011189e-02 2.065510e-04 3.581789e-03 3.829202e-03 1.249715e-02 4.5323410559e+04 2.1925424284e+05 2.1927775066e+05
519.2595 1.394552e-02 2.011737e-02 1.919041e-04 3.586923e-03 3.761758e-03 1.271040e-02 4.5328604249e+04 2.1926930170e+05 2.1925752329e+05
520.2600 1.410479e-02 1.983644e-02 2.131750e-04 3.542640e-03 3.841703e-03 1.283332e-02 4.5333319852e+04 2.1928063602e+05 2.1924147170e+05
521.2605 1.403265e-02 1.980258e-02 1.914467e-04 3.566406e-03 3.816010e-03 1.281713e-02 4.5337472214e+04 2.1928499497e+05 2.1923299557e+05
522.2610 1.435183e-02 2.037089e-02 2.097658e-04 3.626031e-03 3.946362e-03 1.291704e-02 4.5341200377e+04 2.1928007080e+05 2.1923369569e+05
523.2615 1.432779e-02 2.039155e-02 1.773366e-04 3.730498e-03 4.160593e-03 1.277929e-02 4.5345069856e+04 2.1926681881e+05 2.1924302035e+05
524.2620 1.399274e-02 2.008126e-02 1.931813e-04 3.889935e-03 4.351537e-03 1.260247e-02 4.5349199740e+04 2.1924761648e+05 2.1925833697e+05
525.2625 1.408606e-02 2.028461e-02 2.036543e-04 4.045124e-03 4.481000e-03 1.228703e-02 4.5353019766e+04 2.1922654741e+05 2.1927546579e+05
526.2630 1.438637e-02 2.032309e-02 1.942107e-04 4.133661e-03 4.733546e-03 1.218668e-02 4.5356572280e+04 2.1920851404e+05 2.1928971694e+05
527.2635 1.446832e-02 2.057396e-02 2.114098e-04 4.254355e-03 4.797910e-03 1.209881e-02 4.5360270641e+04 2.1919693943e+05 2.1929737964e+05
528.2640 1.452072e-02 2.084897e-02 1.725788e-04 4.503144e-03 5.025778e-03 1.201403e-02 4.5364178877e+04 2.1919388888e+05 2.1929625579e+05
529.2645 1.466237e-02 2.106344e-02 2.137271e-04 4.612103e-03 5.070128e-03 1.186815e-02 4.5368277082e+04 2.1919946579e+05 2.1928643523e+05
530.2650 1.448286e-02 2.068506e-02 1.849487e-04 4.697059e-03 5.074800e-03 1.200826e-02 4.5372440469e+04 2.1921211486e+05 2.1926976257e+05
531.2655 1.476890e-02 2.099558e-02 2.225151e-04 4.732485e-03 5.044654e-03 1.216983e-02 4.5376425180e+04 2.1922759473e+05 2.1924992937e+05
532.2660 1.486824e-02 2.148023e-02 2.073708e-04 4.791328e-03 4.918163e-03 1.252543e-02 4.5380699170e+04 2.1924154248e+05 2.1923142852e+05
533.2665 1.480170e-02 2.186024e-02 1.993358e-04 4.826080e-03 4.958342e-03 1.278297e-02 4.5385863923e+04 2.1924921414e+05 2.1921830009e+05
534.2670 1.474842e-02 2.172321e-02 2.040976e-04 4.716035e-03 4.810208e-03 1.321161e-02 4.5391701241e+04 2.1924833806e+05 2.1921329007e+05
535.2675 1.470101e-02 2.122982e-02 1.994666e-04 4.572772e-03 4.621120e-03 1.352061e-02 4.5397755182e+04 2.1923929155e+05 2.1921656173e+05
536.2680 1.446225e-02 2.080095e-02 2.338307e-04 4.539525e-03 4.674217e-03 1.405609e-02 4.5403605153e+04 2.1922385098e+05 2.1922621499e+05
537.2685 1.455305e-02 2.077174e-02 1.998755e-04 4.417879e-03 4.602996e-03 1.434938e-02 4.5409088564e+04 2.1920516084e+05 2.1923936533e+05
538.2690 1.472205e-02 2.109587e-02 2.373793e-04 4.317229e-03 4.600856e-03 1.473620e-02 4.5414802283e+04 2.1918650159e+05 2.1925198325e+05
539.2695 1.478227e-02 2.117469e-02 2.006740e-04 4.247965e-03 4.676678e-03 1.476355e-02 4.5420979800e+04 2.1917198251e+05 2.1926018207e+05
540.2700 1.445696e-02 2.040214e-02 2.253119e-04 4.260400e-03 4.780613e-03 1.501993e-02 4.5426999492e+04 2.1916561153e+05 2.1926093489e+05
541.2705 1.460130e-02 2.037160e-02 2.213933e-04 4.297610e-03 4.935140e-03 1.501218e-02 4.5432171339e+04 2.1916790655e+05 2.1925332372e+05
542.2710 1.441882e-02 2.081172e-02 1.989458e-04 4.353140e-03 5.040869e-03 1.504775e-02 4.5436648595e+04 2.1917800922e+05 2.1923855328e+05
543.2715 1.479687e-02 2.119269e-02 2.266484e-04 4.507934e-03 5.250294e-03 1.489403e-02 4.5440779845e+04 2.1919233953e+05 2.1921966963e+05
544.2720 1.461795e-02 2.124895e-02 2.026290e-04 4.719820e-03 5.396603e-03 1.460162e-02 4.5445083517e+04 2.1920665985e+05 2.1920107481e+05
545.2725 1.434339e-02 2.098178e-02 2.013609e-04 4.836701e-03 5.467810e-03 1.450746e-02 4.5449050113e+04 2.1921699146e+05 2.1918696942e+05
546.2730 1.458478e-02 2.137786e-02 2.075353e-04 5.129811e-03 5.676593e-03 1.447088e-02 4.5452351055e+04 2.1921995322e+05 2.1918025231e+05
547.2735 1.447451e-02 2.165529e-02 2.175160e-04 5.393052e-03 5.708363e-03 1.406889e-02 4.5455378260e+04 2.1921472331e+05 2.1918249679e+05
548.2740 1.511329e-02 2.185697e-02 2.132566e-04 5.532525e-03 5.642720e-03 1.405303e-02 4.5458376247e+04 2.1920063029e+05 2.1919318234e+05
549.2745 1.509442e-02 2.258923e-02 1.940197e-04 5.744310e-03 5.879755e-03 1.425803e-02 4.5462195576e+04 2.1918005049e+05 2.1920939277e+05
550.2750 1.505315e-02 2.221814e-02 2.372353e-04 5.803066e-03 5.653155e-03 1.414973e-02 4.5466676987e+04 2.1915809371e+05 2.1922717850e+05
551.2755 1.525344e-02 2.200602e-02 1.924381e-04 6.017808e-03 5.757349e-03 1.437875e-02 4.5471224643e+04 2.1913915763e+05 2.1924138750e+05
552.2760 1.537668e-02 2.272784e-02 2.601495e-04 6.019364e-03 5.828895e-03 1.461795e-02 4.5476035879e+04 2.1912694878e+05 2.1924824963e+05
553.2765 1.560713e-02 2.282595e-02 1.894298e-04 5.906048e-03 5.694260e-03 1.483245e-02 4.5481527127e+04 2.1912394711e+05 2.1924564893e+05
554.2770 1.584353e-02 2.271033e-02 2.384087e-04 5.771246e-03 5.694798e-03 1.534463e-02 4.5488235402e+04 2.1912922824e+05 2.1923341624e+05
555.2775 1.531446e-02 2.251559e-02 2.312813e-04 5.771901e-03 5.871695e-03 1.578909e-02 4.5495949699e+04 2.1914147405e+05 2.1921354687e+05
556.2780 1.515993e-02 2.177592e-02 2.088666e-04 5.513618e-03 5.705892e-03 1.627214e-02 4.5503710359e+04 2.1915750527e+05 2.1919010919e+05
557.2785 1.541717e-02 2.171402e-02 2.383985e-04 5.380822e-03 5.881379e-03 1.675623e-02 4.5511136119e+04 2.1917256172e+05 2.1916726236e+05
558.2790 1.539848e-02 2.188733e-02 2.220599e-04 5.137216e-03 5.750065e-03 1.699620e-02 4.5518567023e+04 2.1918257984e+05 2.1914979247e+05
559.2795 1.511237e-02 2.180214e-02 2.374725e-04 5.075888e-03 5.906888e-03 1.763672e-02 4.5526250962e+04 2.1918396861e+05 2.1914054841e+05
560.2800 1.510259e-02 2.127938e-02 2.165086e-04 4.977699e-03 5.836737e-03 1.780734e-02 4.5533838797e+04 2.1917635167e+05 2.1914085287e+05
561.2805 1.460368e-02 2.112883e-02 2.387246e-04 5.031718e-03 5.944859e-03 1.803716e-02 4.5540561368e+04 2.1916141922e+05 2.1914914701e+05
562.2810 1.457625e-02 2.098217e-02 2.173316e-04 5.158044e-03 5.939929e-03 1.784879e-02 4.5545898046e+04 2.1914270119e+05 2.1916265429e+05
563.2815 1.512433e-02 2.181176e-02 2.322387e-04 5.323699e-03 6.067977e-03 1.796816e-02 4.5549894565e+04 2.1912319199e+05 2.1917744066e+05
564.2820 1.495715e-02 2.180342e-02 2.236512e-04 5.460619e-03 5.993347e-03 1.788896e-02 4.5553692986e+04 2.1910714640e+05 2.1918974874e+05
565.2825 1.497040e-02 2.171955e-02 2.110736e-04 5.982532e-03 6.272004e-03 1.743765e-02 4.5557195044e+04 2.1909727143e+05 2.1919606455e+05
566.2830 1.511482e-02 2.249583e-02 2.510216e-04 6.297661e-03 6.295229e-03 1.707977e-02 4.5559991157e+04 2.1909496275e+05 2.1919513869e+05
567.2835 1.525169e-02 2.253964e-02 2.123236e-04 6.664599e-03 6.498207e-03 1.693488e-02 4.5562203533e+04 2.1910082797e+05 2.1918688199e+05
568.2840 1.563432e-02 2.333530e-02 2.420332e-04 6.961935e-03 6.600348e-03 1.651194e-02 4.5564256972e+04 2.1911154257e+05 2.1917360952e+05
569.2845 1.624289e-02 2.423107e-02 2.249724e-04 7.276592e-03 6.823710e-03 1.621052e-02 4.5567107564e+04 2.1912287566e+05 2.1915872161e+05
570.2850 1.617261e-02 2.408826e-02 2.239944e-04 7.566558e-03 7.037153e-03 1.626291e-02 4.5571501794e+04 2.1913113995e+05 2.1914595328e+05
571.2855 1.616178e-02 2.443635e-02 2.089764e-04 7.710515e-03 7.261109e-03 1.616798e-02 4.5576886687e+04 2.1913329378e+05 2.1913813295e+05
572.2860 1.647616e-02 2.441194e-02 2.218887e-04 7.575582e-03 7.255695e-03 1.644693e-02 4.5583017187e+04 2.1912836776e+05 2.1913677655e+05
573.2865 1.655382e-02 2.440272e-02 2.336683e-04 7.536909e-03 7.463777e-03 1.699982e-02 4.5590214930e+04 2.1911630494e+05 2.1914125586e+05
574.2870 1.649980e-02 2.451234e-02 2.028452e-04 7.344503e-03 7.410376e-03 1.758149e-02 4.5598943254e+04 2.1909885619e+05 2.1914988174e+05
575.2875 1.640970e-02 2.412985e-02 2.321665e-04 7.011991e-03 7.393778e-03 1.842629e-02 4.5609084622e+04 2.1907950343e+05 2.1915908712e+05
576.2880 1.608747e-02 2.289749e-02 2.147654e-04 6.702003e-03 7.288140e-03 1.920308e-02 4.5619904044e+04 2.1906328163e+05 2.1916497674e+05
577.2885 1.555488e-02 2.232460e-02 2.404147e-04 6.302665e-03 7.061100e-03 2.021398e-02 4.5630315612e+04 2.1905386832e+05 2.1916428309e+05
578.2890 1.578200e-02 2.208231e-02 2.429483e-04 6.056360e-03 6.923884e-03 2.109955e-02 4.5639950401e+04 2.1905308480e+05 2.1915522661e+05
579.2895 1.549570e-02 2.208922e-02 2.184421e-04 5.802023e-03 6.744554e-03 2.190830e-02 4.5649238452e+04 2.1906047659e+05 2.1913852378e+05
580.2900 1.513564e-02 2.219661e-02 2.518262e-04 5.717515e-03 6.533653e-03 2.207985e-02 4.5658108787e+04 2.1907347290e+05 2.1911678312e+05
581.2905 1.493794e-02 2.165947e-02 2.314651e-04 5.843747e-03 6.545866e-03 2.238541e-02 4.5665528547e+04 2.1908902328e+05 2.1909391262e+05
582.2910 1.509163e-02 2.142548e-02 2.554177e-04 6.012865e-03 6.602682e-03 2.243933e-02 4.5670736697e+04 2.1910315518e+05 2.1907450849e+05
583.2915 1.536196e-02 2.200237e-02 2.217162e-04 6.313552e-03 6.596657e-03 2.202314e-02 4.5673953121e+04 2.1911133040e+05 2.1906283766e+05
584.2920 1.560527e-02 2.286989e-02 2.275150e-04 7.010114e-03 7.082701e-03 2.129816e-02 4.5675852209e+04 2.1911012745e+05 2.1906150525e+05
585.2925 1.574877e-02 2.357234e-02 2.376416e-04 7.503295e-03 7.297052e-03 2.041258e-02 4.5677225664e+04 2.1909835269e+05 2.1907165071e+05
586.2930 1.583077e-02 2.375841e-02 2.183363e-04 8.212518e-03 7.758050e-03 1.969041e-02 4.5678564779e+04 2.1907743856e+05 2.1909092817e+05
587.2935 1.651978e-02 2.465521e-02 2.456534e-04 8.761948e-03 8.265592e-03 1.872242e-02 4.5679798882e+04 2.1905119825e+05 2.1911524715e+05
588.2940 1.725070e-02 2.566205e-02 2.319040e-04 9.317995e-03 8.579797e-03 1.794663e-02 4.5681441205e+04 2.1902483614e+05 2.1913917209e+05
589.2945 1.777352e-02 2.649894e-02 2.307350e-04 9.782701e-03 9.121400e-03 1.774903e-02 4.5684573080e+04 2.1900266454e+05 2.1915739196e+05
590.2950 1.787013e-02 2.747809e-02 2.216608e-04 9.909753e-03 9.323156e-03 1.757966e-02 4.5689867516e+04 2.1898826043e+05 2.1916597395e+05
591.2955 1.790186e-02 2.674449e-02 2.225608e-04 9.844061e-03 9.360840e-03 1.816028e-02 4.5697312890e+04 2.1898454082e+05 2.1916230773e+05
592.2960 1.765151e-02 2.640632e-02 2.264474e-04 9.800263e-03 9.559279e-03 1.880258e-02 4.5706660320e+04 2.1899136151e+05 2.1914607223e+05
593.2965 1.764468e-02 2.631012e-02 2.299101e-04 9.389786e-03 9.256432e-03 2.004753e-02 4.5717431058e+04 2.1900625072e+05 2.1912022601e+05
594.2970 1.774303e-02 2.605218e-02 2.256346e-04 8.768205e-03 8.948715e-03 2.143073e-02 4.5729951794e+04 2.1902471782e+05 2.1908919034e+05
595.2975 1.734722e-02 2.525193e-02 2.133893e-04 8.135425e-03 8.514729e-03 2.304387e-02 4.5744217472e+04 2.1904128475e+05 2.1905861197e+05
596.2980 1.662740e-02 2.426650e-02 2.458790e-04 7.543618e-03 8.128081e-03 2.475579e-02 4.5759025900e+04 2.1905205091e+05 2.1903343231e+05
597.2985 1.617924e-02 2.283628e-02 2.118784e-04 7.003227e-03 7.663880e-03 2.605832e-02 4.5772853787e+04 2.1905519543e+05 2.1901715106e+05
598.2990 1.569256e-02 2.260925e-02 2.185584e-04 6.537372e-03 7.337132e-03 2.718784e-02 4.5784593988e+04 2.1904960878e+05 2.1901109574e+05
599.2995 1.542887e-02 2.218480e-02 2.369385e-04 6.408229e-03 7.173476e-03 2.764449e-02 4.5794196375e+04 2.1903677395e+05 2.1901456001e+05
600.3000 1.570221e-02 2.254448e-02 2.258214e-04 6.449848e-03 7.109081e-03 2.800067e-02 4.5801863531e+04 2.1901790229e+05 2.1902529994e+05
601.3005 1.539866e-02 2.176750e-02 2.489469e-04 6.695712e-03 7.258389e-03 2.754750e-02 4.5808069946e+04 2.1899799953e+05 2.1903952844e+05
602.3010 1.525952e-02 2.184081e-02 2.131878e-04 7.353478e-03 7.696903e-03 2.672461e-02 4.5811891151e+04 2.1898065511e+05 2.1905301325e+05
603.3015 1.603194e-02 2.339303e-02 2.617936e-04 8.177996e-03 8.209589e-03 2.508982e-02 4.5812717171e+04 2.1896933979e+05 2.1906259282e+05
604.3020 1.656825e-02 2.485102e-02 2.292915e-04 9.011486e-03 8.811344e-03 2.384623e-02 4.5811616277e+04 2.1896540006e+05 2.1906680772e+05
605.3025 1.720396e-02 2.593744e-02 2.525354e-04 1.002955e-02 9.652990e-03 2.236436e-02 4.5810120942e+04 2.1896696386e+05 2.1906582207e+05
606.3030 1.782619e-02 2.685530e-02 2.203407e-04 1.087546e-02 1.018827e-02 2.063012e-02 4.5809550490e+04 2.1897134273e+05 2.1906158424e+05
607.3035 1.797522e-02 2.744494e-02 2.166760e-04 1.187436e-02 1.098719e-02 1.995045e-02 4.5810358701e+04 2.1897565028e+05 2.1905569318e+05
608.3040 1.857785e-02 2.824288e-02 2.560467e-04 1.237291e-02 1.146677e-02 1.928224e-02 4.5812958803e+04 2.1897739398e+05 2.1905066138e+05
609.3045 1.935313e-02 2.954189e-02 2.152595e-04 1.244575e-02 1.146261e-02 1.923256e-02 4.5818056587e+04 2.1897385841e+05 2.1904829110e+05
610.3050 2.006642e-02 3.005321e-02 2.451781e-04 1.248413e-02 1.165291e-02 2.042236e-02 4.5826465943e+04 2.1896383922e+05 2.1904880216e+05
611.3055 1.966421e-02 3.002098e-02 2.397319e-04 1.214488e-02 1.134086e-02 2.137492e-02 4.5838818304e+04 2.1894863247e+05 2.1905170933e+05
612.3060 1.913988e-02 2.897952e-02 2.236159e-04 1.152280e-02 1.101907e-02 2.357578e-02 4.5853900488e+04 2.1893113787e+05 2.1905423261e+05
613.3065 1.849318e-02 2.732967e-02 2.304640e-04 1.059428e-02 1.033536e-02 2.562653e-02 4.5870630883e+04 2.1891631474e+05 2.1905313160e+05
614.3070 1.814869e-02 2.628490e-02 2.476731e-04 9.685289e-03 9.781837e-03 2.811650e-02 4.5887970881e+04 2.1890702042e+05 2.1904518169e+05
615.3075 1.766929e-02 2.547108e-02 2.670825e-04 8.743913e-03 9.138867e-03 3.036700e-02 4.5905847039e+04 2.1890543075e+05 2.1902914639e+05
616.3080 1.720395e-02 2.509390e-02 2.331566e-04 7.951323e-03 8.571807e-03 3.227375e-02 4.5923689768e+04 2.1891125227e+05 2.1900555320e+05
617.3085 1.645576e-02 2.353814e-02 2.561608e-04 7.375248e-03 8.286945e-03 3.346282e-02 4.5940098447e+04 2.1892449960e+05 2.1897678820e+05
618.3090 1.601662e-02 2.291730e-02 2.346917e-04 7.229327e-03 8.175960e-03 3.388954e-02 4.5953035331e+04 2.1894171791e+05 2.1894696919e+05
619.3095 1.594158e-02 2.265900e-02 2.621055e-04 7.297760e-03 8.219554e-03 3.410920e-02 4.5961309993e+04 2.1895903832e+05 2.1892136948e+05
620.3100 1.604249e-02 2.313694e-02 2.413811e-04 7.832417e-03 8.732298e-03 3.303976e-02 4.5965771160e+04 2.1897069846e+05 2.1890502112e+05
621.3105 1.625535e-02 2.341843e-02 2.455149e-04 8.738278e-03 9.239679e-03 3.152849e-02 4.5967352901e+04 2.1897207976e+05 2.1890192511e+05
622.3110 1.646331e-02 2.457205e-02 2.434711e-04 9.992099e-03 1.025001e-02 2.934814e-02 4.5966755549e+04 2.1896083813e+05 2.1891315674e+05
623.3115 1.715797e-02 2.597524e-02 2.382137e-04 1.119400e-02 1.093271e-02 2.747862e-02 4.5964241226e+04 2.1893809964e+05 2.1893754724e+05
624.3120 1.841245e-02 2.770999e-02 2.639463e-04 1.254455e-02 1.195986e-02 2.503244e-02 4.5960738334e+04 2.1890752962e+05 2.1897049959e+05
625.3125 1.964900e-02 2.990720e-02 2.307990e-04 1.373075e-02 1.263798e-02 2.330524e-02 4.5957556305e+04 2.1887316912e+05 2.1900656667e+05
626.3130 2.044890e-02 3.118058e-02 2.512599e-04 1.491523e-02 1.348224e-02 2.226247e-02 4.5956688618e+04 2.1884061452e+05 2.1903869876e+05
627.3135 2.066874e-02 3.152415e-02 2.579079e-04 1.535802e-02 1.371610e-02 2.144417e-02 4.5959376362e+04 2.1881551877e+05 2.1906097684e+05
628.3140 2.086739e-02 3.186421e-02 2.332534e-04 1.564355e-02 1.398913e-02 2.213534e-02 4.5965663817e+04 2.1880165385e+05 2.1906783884e+05
629.3145 2.109015e-02 3.225226e-02 2.626825e-04 1.547873e-02 1.380161e-02 2.333960e-02 4.5975701993e+04 2.1880153214e+05 2.1905734043e+05
630.3150 2.145211e-02 3.281564e-02 2.410482e-04 1.490052e-02 1.344359e-02 2.522223e-02 4.5990051392e+04 2.1881302882e+05 2.1903073931e+05
631.3155 2.128554e-02 3.255565e-02 2.676169e-04 1.382299e-02 1.281939e-02 2.813359e-02 4.6008838984e+04 2.1883217940e+05 2.1899244530e+05
632.3160 2.063448e-02 3.057704e-02 2.329987e-04 1.257111e-02 1.196829e-02 3.077993e-02 4.6031175016e+04 2.1885459008e+05 2.1894853809e+05
633.3165 1.960649e-02 2.881357e-02 2.691325e-04 1.142962e-02 1.136536e-02 3.401635e-02 4.6054631061e+04 2.1887485694e+05 2.1890534074e+05
634.3170 1.849371e-02 2.667431e-02 2.587862e-04 1.015507e-02 1.054058e-02 3.684169e-02 4.6077079139e+04 2.1888968065e+05 2.1886914474e+05
635.3175 1.781195e-02 2.537143e-02 2.428149e-04 9.092710e-03 9.933270e-03 3.918969e-02 4.6097438748e+04 2.1889476751e+05 2.1884423458e+05
636.3180 1.726263e-02 2.491421e-02 2.673580e-04 8.449882e-03 9.681290e-03 4.024338e-02 4.6115431956e+04 2.1888856013e+05 2.1883273549e+05
637.3185 1.675953e-02 2.371287e-02 2.718330e-04 8.192909e-03 9.551454e-03 4.111648e-02 4.6130345933e+04 2.1887270631e+05 2.1883421395e+05
638.3190 1.632722e-02 2.321244e-02 2.669971e-04 8.511656e-03 9.823637e-03 4.066419e-02 4.6140853364e+04 2.1885110319e+05 2.1884559834e+05
639.3195 1.632112e-02 2.362782e-02 2.582921e-04 9.261810e-03 1.028921e-02 3.926784e-02 4.6145843386e+04 2.1882874375e+05 2.1886288649e+05
640.3200 1.713618e-02 2.486968e-02 2.878041e-04 1.059295e-02 1.130364e-02 3.717905e-02 4.6145544298e+04 2.1880928753e+05 2.1888170229e+05
641.3205 1.787984e-02 2.604104e-02 2.577109e-04 1.208045e-02 1.211898e-02 3.408722e-02 4.6141840496e+04 2.1879518549e+05 2.1889915784e+05
642.3210 1.862203e-02 2.787309e-02 2.626844e-04 1.387709e-02 1.335592e-02 3.179698e-02 4.6136399067e+04 2.1878568180e+05 2.1891273553e+05
643.3215 1.962997e-02 2.921503e-02 2.723541e-04 1.558281e-02 1.444650e-02 2.862729e-02 4.6130836627e+04 2.1878128269e+05 2.1892185311e+05
644.3220 2.070168e-02 3.119555e-02 2.529090e-04 1.732414e-02 1.545670e-02 2.641170e-02 4.6126171522e+04 2.1877958107e+05 2.1892677307e+05
645.3225 2.199389e-02 3.414061e-02 2.748084e-04 1.855238e-02 1.637225e-02 2.526752e-02 4.6123902699e+04 2.1877753149e+05 2.1892899170e+05
646.3230 2.337469e-02 3.598078e-02 2.686345e-04 1.904982e-02 1.657204e-02 2.442024e-02 4.6126227141e+04 2.1877256408e+05 2.1893037772e+05
647.3235 2.372462e-02 3.638764e-02 2.505320e-04 1.938168e-02 1.684423e-02 2.553130e-02 4.6134498870e+04 2.1876260080e+05 2.1893109455e+05
648.3240 2.340804e-02 3.599373e-02 2.493878e-04 1.900648e-02 1.658929e-02 2.716577e-02 4.6148701873e+04 2.1874856812e+05 2.1893078127e+05
649.3245 2.297843e-02 3.514627e-02 2.688718e-04 1.813150e-02 1.609938e-02 2.997982e-02 4.6167582801e+04 2.1873325413e+05 2.1892711868e+05
650.3250 2.256120e-02 3.437323e-02 2.681807e-04 1.661101e-02 1.514843e-02 3.343675e-02 4.6190167424e+04 2.1871995695e+05 2.1891792477e+05
651.3255 2.216672e-02 3.369615e-02 2.527026e-04 1.498524e-02 1.417788e-02 3.703226e-02 4.6216193794e+04 2.1871079545e+05 2.1890109346e+05
652.3260 2.097273e-02 3.145596e-02 2.895338e-04 1.339959e-02 1.340468e-02 4.085554e-02 4.6244635341e+04 2.1870847236e+05 2.1887577244e+05
653.3265 1.958800e-02 2.919954e-02 2.677870e-04 1.175123e-02 1.229492e-02 4.461091e-02 4.6273114643e+04 2.1871394156e+05 2.1884290145e+05
654.3270 1.851712e-02 2.714101e-02 2.888837e-04 1.059971e-02 1.172260e-02 4.673885e-02 4.6298959584e+04 2.1872784973e+05 2.1880420305e+05
655.3275 1.761397e-02 2.537432e-02 2.732329e-04 9.777995e-03 1.127831e-02 4.838786e-02 4.6320000099e+04 2.1874755046e+05 2.1876444786e+05
656.3280 1.752213e-02 2.473880e-02 2.822761e-04 9.505079e-03 1.108171e-02 4.912747e-02 4.6335383379e+04 2.1876730945e+05 2.1872949568e+05
657.3285 1.740238e-02 2.480467e-02 2.927902e-04 9.996036e-03 1.150924e-02 4.823938e-02 4.6345683872e+04 2.1878125024e+05 2.1870529632e+05
658.3290 1.730376e-02 2.483129e-02 2.707547e-04 1.106080e-02 1.213880e-02 4.634042e-02 4.6350802466e+04 2.1878474527e+05 2.1869674678e+05
659.3295 1.769447e-02 2.559913e-02 2.738112e-04 1.286784e-02 1.330726e-02 4.322263e-02 4.6350045205e+04 2.1877611862e+05 2.1870570483e+05
660.3300 1.861244e-02 2.792994e-02 2.965196e-04 1.475379e-02 1.442233e-02 3.999428e-02 4.6343871478e+04 2.1875484074e+05 2.1873197797e+05
661.3305 2.040245e-02 3.049841e-02 2.837793e-04 1.697727e-02 1.592449e-02 3.656059e-02 4.6335000485e+04 2.1872203099e+05 2.1877179813e+05
662.3310 2.171162e-02 3.272358e-02 2.647616e-04 1.907998e-02 1.705254e-02 3.277205e-02 4.6326879079e+04 2.1868120172e+05 2.1881954979e+05
663.3315 2.295994e-02 3.495806e-02 2.612479e-04 2.140727e-02 1.878800e-02 3.070288e-02 4.6321402095e+04 2.1863737372e+05 2.1886658836e+05
664.3320 2.395342e-02 3.726147e-02 2.688614e-04 2.251769e-02 1.925918e-02 2.847297e-02 4.6319934039e+04 2.1859889677e+05 2.1890544375e+05
665.3325 2.516076e-02 3.916710e-02 2.864709e-04 2.326864e-02 1.995516e-02 2.832294e-02 4.6323095828e+04 2.1857166154e+05 2.1892780226e+05
666.3330 2.640655e-02 4.102196e-02 2.694245e-04 2.345884e-02 2.011923e-02 2.957926e-02 4.6332308384e+04 2.1855865369e+05 2.1892965965e+05
667.3335 2.644936e-02 4.165283e-02 2.767597e-04 2.279374e-02 1.968154e-02 3.182731e-02 4.6349192715e+04 2.1856047731e+05 2.1891020715e+05
668.3340 2.519584e-02 3.984900e-02 2.734794e-04 2.154413e-02 1.919888e-02 3.548950e-02 4.6373313220e+04 2.1857571625e+05 2.1887133009e+05
669.3345 2.427327e-02 3.757018e-02 2.763166e-04 1.960539e-02 1.787937e-02 3.979989e-02 4.6402389872e+04 2.1860035833e+05 2.1881843249e+05
670.3350 2.336277e-02 3.531839e-02 2.732693e-04 1.770481e-02 1.681524e-02 4.422000e-02 4.6434355050e+04 2.1862942558e+05 2.1875810613e+05
671.3355 2.248018e-02 3.369307e-02 2.797572e-04 1.555274e-02 1.557227e-02 4.921752e-02 4.6467169790e+04 2.1865585227e+05 2.1869928263e+05
672.3360 2.160115e-02 3.232942e-02 2.940267e-04 1.362550e-02 1.427487e-02 5.335222e-02 4.6499690337e+04 2.1867314401e+05 2.1864997733e+05
673.3365 2.010739e-02 2.968563e-02 2.868582e-04 1.233075e-02 1.362600e-02 5.578515e-02 4.6530095721e+04 2.1867858952e+05 2.1861560017e+05
674.3370 1.870450e-02 2.704141e-02 2.991675e-04 1.136828e-02 1.287366e-02 5.785009e-02 4.6554825922e+04 2.1867186006e+05 2.1859908995e+05
675.3375 1.806844e-02 2.590837e-02 2.996341e-04 1.149063e-02 1.307644e-02 5.840177e-02 4.6571605560e+04 2.1865541121e+05 2.1859910114e+05
676.3380 1.806221e-02 2.591839e-02 3.252980e-04 1.213618e-02 1.334609e-02 5.688505e-02 4.6580475527e+04 2.1863245311e+05 2.1861339316e+05
677.3385 1.880312e-02 2.679550e-02 2.911883e-04 1.364977e-02 1.428249e-02 5.424715e-02 4.6582921878e+04 2.1860549432e+05 2.1863735967e+05
678.3390 1.974848e-02 2.841347e-02 2.985548e-04 1.588667e-02 1.579082e-02 5.054210e-02 4.6580523985e+04 2.1857812134e+05 2.1866609580e+05
679.3395 2.066875e-02 3.059949e-02 2.991400e-04 1.826747e-02 1.722161e-02 4.644112e-02 4.6573967291e+04 2.1855446307e+05 2.1869518784e+05
680.3400 2.224498e-02 3.363209e-02 2.919228e-04 2.096342e-02 1.902786e-02 4.177295e-02 4.6563917587e+04 2.1853727779e+05 2.1872063648e+05
681.3405 2.436752e-02 3.697823e-02 2.864920e-04 2.355836e-02 2.082385e-02 3.777296e-02 4.6552435141e+04 2.1852625588e+05 2.1874076268e+05
682.3410 2.575380e-02 3.986655e-02 2.799013e-04 2.596946e-02 2.249111e-02 3.469221e-02 4.6543742831e+04 2.1851833470e+05 2.1875527055e+05
683.3415 2.697110e-02 4.225988e-02 2.758985e-04 2.710903e-02 2.321241e-02 3.266422e-02 4.6541379022e+04 2.1850937533e+05 2.1876517397e+05
684.3420 2.749282e-02 4.310581e-02 2.667362e-04 2.819981e-02 2.424520e-02 3.284175e-02 4.6547021504e+04 2.1849823121e+05 2.1876925293e+05
685.3425 2.819387e-02 4.418753e-02 2.576226e-04 2.800534e-02 2.395739e-02 3.420349e-02 4.6560360663e+04 2.1848506724e+05 2.1876795834e+05
686.3430 2.872775e-02 4.492526e-02 2.908672e-04 2.707598e-02 2.355266e-02 3.756487e-02 4.6580968936e+04 2.1847133866e+05 2.1875976070e+05
687.3435 2.842630e-02 4.470011e-02 2.868877e-04 2.526185e-02 2.244988e-02 4.198707e-02 4.6608963918e+04 2.1845859335e+05 2.1874417998e+05
688.3440 2.769315e-02 4.317507e-02 2.986890e-04 2.291189e-02 2.080938e-02 4.727824e-02 4.6643472199e+04 2.1844825987e+05 2.1872030702e+05
689.3445 2.547774e-02 3.938804e-02 2.915742e-04 2.074908e-02 1.964624e-02 5.291515e-02 4.6682196131e+04 2.1844474702e+05 2.1868659622e+05
690.3450 2.346918e-02 3.567645e-02 2.928599e-04 1.814292e-02 1.778628e-02 5.897674e-02 4.6721114121e+04 2.1844999286e+05 2.1864408651e+05
691.3455 2.205717e-02 3.339425e-02 3.189010e-04 1.603144e-02 1.642240e-02 6.311392e-02 4.6757855829e+04 2.1846419121e+05 2.1859438785e+05
692.3460 2.138377e-02 3.175182e-02 3.175745e-04 1.436101e-02 1.532128e-02 6.627787e-02 4.6790734497e+04 2.1848388067e+05 2.1854254863e+05
693.3465 2.053087e-02 2.983740e-02 3.228076e-04 1.351130e-02 1.469214e-02 6.854537e-02 4.6818561744e+04 2.1850449247e+05 2.1849495859e+05
694.3470 1.987783e-02 2.840829e-02 3.224521e-04 1.375323e-02 1.486817e-02 6.834895e-02 4.6839172709e+04 2.1852133988e+05 2.1845823782e+05
695.3475 1.964984e-02 2.831411e-02 3.324786e-04 1.469684e-02 1.551542e-02 6.629906e-02 4.6850062886e+04 2.1853047711e+05 2.1843845311e+05
696.3480 2.035671e-02 2.923971e-02 3.251719e-04 1.672300e-02 1.690411e-02 6.286956e-02 4.6850849207e+04 2.1852829876e+05 2.1843924163e+05
697.3485 2.131941e-02 3.152610e-02 3.298892e-04 1.927622e-02 1.858811e-02 5.830987e-02 4.6844264950e+04 2.1851086739e+05 2.1846206224e+05
698.3490 2.257927e-02 3.373583e-02 3.019319e-04 2.217654e-02 2.074265e-02 5.352815e-02 4.6834158369e+04 2.1847702145e+05 2.1850458962e+05
699.3495 2.437413e-02 3.681902e-02 3.093079e-04 2.526870e-02 2.279015e-02 4.770848e-02 4.6823380359e+04 2.1842977757e+05 2.1856093307e+05
700.3500 2.635591e-02 4.039333e-02 2.791704e-04 2.836694e-02 2.501687e-02 4.350433e-02 4.6813347943e+04 2.1837625131e+05 2.1862177014e+05
701.3505 2.835062e-02 4.448453e-02 2.829669e-04 3.071353e-02 2.670005e-02 3.975823e-02 4.6805720726e+04 2.1832567415e+05 2.1867739303e+05
702.3510 3.072774e-02 4.821265e-02 2.947747e-04 3.192626e-02 2.741731e-02 3.812451e-02 4.6802867315e+04 2.1828445205e+05 2.1871887178e+05
703.3515 3.178694e-02 4.988662e-02 2.764346e-04 3.315430e-02 2.846642e-02 3.846713e-02 4.6808328403e+04 2.1825759210e+05 2.1873814078e+05
704.3520 3.151030e-02 4.987049e-02 2.800017e-04 3.272666e-02 2.799305e-02 4.050274e-02 4.6823906145e+04 2.1824729645e+05 2.1873247907e+05
705.3525 3.065833e-02 4.935312e-02 3.076661e-04 3.168005e-02 2.745045e-02 4.450094e-02 4.6848829432e+04 2.1825418348e+05 2.1870023352e+05
706.3530 3.007715e-02 4.778828e-02 2.718395e-04 2.946364e-02 2.578998e-02 4.981527e-02 4.6881585275e+04 2.1827632345e+05 2.1864572897e+05
707.3535 2.972979e-02 4.664168e-02 3.259241e-04 2.690959e-02 2.404261e-02 5.606248e-02 4.6920756791e+04 2.1830680257e+05 2.1857585937e+05
708.3540 2.906595e-02 4.514058e-02 3.151947e-04 2.417399e-02 2.226687e-02 6.291396e-02 4.6964565880e+04 2.1833802259e+05 2.1850069399e+05
709.3545 2.708874e-02 4.134205e-02 3.132438e-04 2.120999e-02 2.011011e-02 6.922810e-02 4.7010398790e+04 2.1836424735e+05 2.1843046081e+05
710.3550 2.430970e-02 3.664975e-02 3.416696e-04 1.904802e-02 1.882312e-02 7.374917e-02 4.7053829510e+04 2.1838149422e+05 2.1837240329e+05
711.3555 2.272529e-02 3.319744e-02 3.265441e-04 1.733726e-02 1.767621e-02 7.744060e-02 4.7090024705e+04 2.1838703694e+05 2.1833234054e+05
712.3560 2.189467e-02 3.113490e-02 3.474738e-04 1.664594e-02 1.730576e-02 7.946484e-02 4.7117943866e+04 2.1837981845e+05 2.1831241867e+05
713.3565 2.145999e-02 3.076462e-02 3.511045e-04 1.686420e-02 1.760775e-02 7.894797e-02 4.7138269924e+04 2.1835968252e+05 2.1831259670e+05
714.3570 2.136094e-02 3.086310e-02 3.267024e-04 1.812515e-02 1.864889e-02 7.648938e-02 4.7151071376e+04 2.1832976120e+05 2.1832983681e+05
715.3575 2.205539e-02 3.182131e-02 3.473786e-04 2.042917e-02 2.025287e-02 7.204749e-02 4.7155209181e+04 2.1829586864e+05 2.1835910503e+05
716.3580 2.331748e-02 3.406603e-02 3.485650e-04 2.331969e-02 2.254036e-02 6.730003e-02 4.7150088088e+04 2.1826398420e+05 2.1839455646e+05
717.3585 2.533495e-02 3.752493e-02 3.159411e-04 2.653434e-02 2.472839e-02 6.115844e-02 4.7137721307e+04 2.1823765043e+05 2.1843136793e+05
718.3590 2.762532e-02 4.188214e-02 3.386378e-04 3.010257e-02 2.723846e-02 5.532782e-02 4.7122406204e+04 2.1821598546e+05 2.1846552869e+05
719.3595 2.921480e-02 4.538723e-02 3.141100e-04 3.352418e-02 2.969512e-02 5.041729e-02 4.7109348057e+04 2.1819747337e+05 2.1849467532e+05
720.3600 3.078735e-02 4.877051e-02 2.740304e-04 3.585163e-02 3.108256e-02 4.654752e-02 4.7101517753e+04 2.1818037700e+05 2.1851762537e+05
721.3605 3.263415e-02 5.220472e-02 3.232573e-04 3.767559e-02 3.239291e-02 4.529428e-02 4.7100374101e+04 2.1816403308e+05 2.1853220800e+05
722.3610 3.442385e-02 5.560602e-02 2.795216e-04 3.869386e-02 3.279489e-02 4.566329e-02 4.7107441629e+04 2.1814825762e+05 2.1853818081e+05
723.3615 3.595942e-02 5.773657e-02 2.951717e-04 3.793298e-02 3.201080e-02 4.782305e-02 4.7124252563e+04 2.1813219826e+05 2.1853560440e+05
724.3620 3.552551e-02 5.726729e-02 3.068895e-04 3.682297e-02 3.133660e-02 5.293560e-02 4.7152072126e+04 2.1811621261e+05 2.1852282508e+05
725.3625 3.386692e-02 5.463925e-02 3.004555e-04 3.446751e-02 2.933688e-02 5.842095e-02 4.7189953455e+04 2.1810292195e+05 2.1849951384e+05
726.3630 3.228799e-02 5.071083e-02 3.163058e-04 3.179174e-02 2.759078e-02 6.579356e-02 4.7234278752e+04 2.1809593691e+05 2.1846321635e+05
727.3635 3.067669e-02 4.784816e-02 3.250122e-04 2.860875e-02 2.543311e-02 7.327035e-02 4.7282667740e+04 2.1809739485e+05 2.1841427436e+05
728.3640 2.915972e-02 4.479331e-02 3.524075e-04 2.534612e-02 2.329425e-02 7.995548e-02 4.7332729105e+04 2.1810825729e+05 2.1835472543e+05
729.3645 2.752150e-02 4.153151e-02 3.526541e-04 2.281347e-02 2.178691e-02 8.478842e-02 4.7381983110e+04 2.1812633318e+05 2.1828903529e+05
730.3650 2.551664e-02 3.765992e-02 3.713945e-04 2.090342e-02 2.077872e-02 8.912253e-02 4.7426138747e+04 2.1814907198e+05 2.1822394991e+05
731.3655 2.418589e-02 3.458897e-02 3.665540e-04 2.015877e-02 2.067805e-02 9.091356e-02 4.7460792815e+04 2.1817307662e+05 2.1816666134e+05
732.3660 2.303352e-02 3.301494e-02 3.789228e-04 2.035104e-02 2.100148e-02 9.017485e-02 4.7483593314e+04 2.1819308232e+05 2.1812507879e+05
733.3665 2.328276e-02 3.299195e-02 3.510973e-04 2.181774e-02 2.244077e-02 8.718470e-02 4.7494816044e+04 2.1820137981e+05 2.1810553167e+05
734.3670 2.430542e-02 3.447787e-02 3.806358e-04 2.422599e-02 2.422333e-02 8.297565e-02 4.7496781491e+04 2.1819132193e+05 2.1811258001e+05
735.3675 2.537275e-02 3.756394e-02 3.360923e-04 2.749654e-02 2.668344e-02 7.738833e-02 4.7491795447e+04 2.1816109155e+05 2.1814608233e+05
736.3680 2.740803e-02 4.110308e-02 3.218290e-04 3.117299e-02 2.917131e-02 7.069732e-02 4.7480728165e+04 2.1811433901e+05 2.1820187156e+05
737.3685 3.011369e-02 4.576772e-02 3.502163e-04 3.514111e-02 3.189725e-02 6.442884e-02 4.7465075206e+04 2.1805712216e+05 2.1827162505e+05
738.3690 3.302266e-02 5.200699e-02 3.201427e-04 3.862875e-02 3.380582e-02 5.887747e-02 4.7448720441e+04 2.1799575385e+05 2.1834569229e+05
739.3695 3.540496e-02 5.622412e-02 3.329556e-04 4.137899e-02 3.557739e-02 5.529379e-02 4.7437033724e+04 2.1793763396e+05 2.1841241079e+05
740.3700 3.677900e-02 5.893266e-02 3.297519e-04 4.374853e-02 3.685296e-02 5.376430e-02 4.7434229432e+04 2.1788962509e+05 2.1846074618e+05
741.3705 3.741595e-02 6.034506e-02 3.036453e-04 4.465991e-02 3.696110e-02 5.375196e-02 4.7442276817e+04 2.1785869797e+05 2.1848238515e+05
742.3710 3.778292e-02 6.200912e-02 3.245372e-04 4.416631e-02 3.653583e-02 5.671382e-02 4.7461290085e+04 2.1784831368e+05 2.1847219100e+05
743.3715 3.883739e-02 6.312806e-02 3.427566e-04 4.282333e-02 3.531932e-02 6.172994e-02 4.7491518714e+04 2.1785766539e+05 2.1843071349e+05
744.3720 3.853636e-02 6.215351e-02 3.349760e-04 4.024034e-02 3.350068e-02 6.763231e-02 4.7533490002e+04 2.1788245019e+05 2.1836386153e+05
745.3725 3.681965e-02 5.858281e-02 3.624444e-04 3.723828e-02 3.156715e-02 7.585025e-02 4.7584513835e+04 2.1791568330e+05 2.1828035033e+05
746.3730 3.401176e-02 5.385440e-02 3.507349e-04 3.381889e-02 2.939978e-02 8.325682e-02 4.7640653828e+04 2.1795127711e+05 2.1819092758e+05
747.3735 3.141214e-02 4.841401e-02 3.606233e-04 3.032727e-02 2.749011e-02 9.053196e-02 4.7697066412e+04 2.1798253053e+05 2.1810576466e+05
748.3740 2.939917e-02 4.434477e-02 3.883632e-04 2.735666e-02 2.581486e-02 9.629174e-02 4.7750223288e+04 2.1800314148e+05 2.1803402041e+05
749.3745 2.824370e-02 4.097500e-02 3.654033e-04 2.511626e-02 2.485596e-02 1.013453e-01 4.7797820484e+04 2.1800811031e+05 2.1798254854e+05
750.3750 2.652661e-02 3.852154e-02 4.189693e-04 2.392531e-02 2.442872e-02 1.033565e-01 4.7838136884e+04 2.1799704086e+05 2.1795480641e+05
751.3755 2.521294e-02 3.625089e-02 3.688195e-04 2.415426e-02 2.502845e-02 1.027501e-01 4.7867222970e+04 2.1797405762e+05 2.1795009545e+05
752.3760 2.543450e-02 3.601664e-02 3.665474e-04 2.552058e-02 2.620062e-02 9.974833e-02 4.7881832939e+04 2.1794436906e+05 2.1796541070e+05
753.3765 2.643139e-02 3.826335e-02 4.126691e-04 2.800362e-02 2.801433e-02 9.559291e-02 4.7882331449e+04 2.1791195050e+05 2.1799593768e+05
754.3770 2.811182e-02 4.125642e-02 3.460895e-04 3.159411e-02 3.043586e-02 8.963751e-02 4.7872795959e+04 2.1787905581e+05 2.1803646312e+05
755.3775 3.028463e-02 4.534187e-02 3.777744e-04 3.574792e-02 3.299754e-02 8.245262e-02 4.7857738902e+04 2.1784614085e+05 2.1808209260e+05
756.3780 3.246420e-02 5.039300e-02 3.686336e-04 4.019828e-02 3.584113e-02 7.542467e-02 4.7840381363e+04 2.1781475708e+05 2.1812778305e+05
757.3785 3.518429e-02 5.571614e-02 3.292039e-04 4.415478e-02 3.803620e-02 6.958135e-02 4.7823418508e+04 2.1778618184e+05 2.1816998251e+05
758.3790 3.888220e-02 6.244336e-02 3.568129e-04 4.750292e-02 3.996653e-02 6.509877e-02 4.7810028195e+04 2.1775942125e+05 2.1820557647e+05
759.3795 4.207552e-02 6.741776e-02 3.468168e-04 5.013613e-02 4.135419e-02 6.286478e-02 4.7805021384e+04 2.1773326435e+05 2.1823269125e+05
760.3800 4.290976e-02 6.969224e-02 3.398061e-04 5.115460e-02 4.167362e-02 6.240015e-02 4.7812523172e+04 2.1770745605e+05 2.1824944983e+05
761.3805 4.257049e-02 7.059551e-02 3.498133e-04 5.113609e-02 4.159985e-02 6.522032e-02 4.7833513179e+04 2.1768233554e+05 2.1825224599e+05
762.3810 4.194856e-02 6.902448e-02 3.457814e-04 4.973069e-02 4.054931e-02 7.004641e-02 4.7867357316e+04 2.1766265991e+05 2.1823799626e+05
763.3815 4.152430e-02 6.710820e-02 3.664457e-04 4.697923e-02 3.894692e-02 7.671737e-02 4.7912791797e+04 2.1765079803e+05 2.1820440662e+05
764.3820 4.053808e-02 6.499301e-02 3.758812e-04 4.355248e-02 3.672986e-02 8.527267e-02 4.7968535719e+04 2.1764806097e+05 2.1815150264e+05
765.3825 3.838692e-02 6.061510e-02 3.878715e-04 3.967920e-02 3.466381e-02 9.352558e-02 4.8032380561e+04 2.1765594243e+05 2.1808150647e+05
766.3830 3.546057e-02 5.533617e-02 4.106359e-04 3.555861e-02 3.229503e-02 1.017475e-01 4.8098824312e+04 2.1767419202e+05 2.1799935288e+05
767.3835 3.264959e-02 4.907587e-02 3.840414e-04 3.221612e-02 3.054047e-02 1.087607e-01 4.8161307098e+04 2.1770284769e+05 2.1791115350e+05
768.3840 3.034660e-02 4.449328e-02 4.235091e-04 2.938562e-02 2.907933e-02 1.149771e-01 4.8214591994e+04 2.1773655964e+05 2.1782610667e+05
769.3845 2.856228e-02 4.152578e-02 4.369781e-04 2.790335e-02 2.847380e-02 1.175065e-01 4.8257028300e+04 2.1776792209e+05 2.1775404235e+05
770.3850 2.783642e-02 3.995420e-02 3.850629e-04 2.791870e-02 2.862368e-02 1.174342e-01 4.8287445060e+04 2.1778765063e+05 2.1770480949e+05
771.3855 2.778625e-02 3.960266e-02 4.480367e-04 2.924196e-02 2.965293e-02 1.152117e-01 4.8304949330e+04 2.1778944665e+05 2.1768562902e+05
772.3860 2.837259e-02 4.159084e-02 4.097033e-04 3.195597e-02 3.156068e-02 1.105958e-01 4.8308492154e+04 2.1777085319e+05 2.1769965727e+05
773.3865 3.093237e-02 4.622929e-02 3.590789e-04 3.590675e-02 3.377656e-02 1.038296e-01 4.8298381037e+04 2.1773208693e+05 2.1774590116e+05
774.3870 3.402422e-02 5.180433e-02 3.991156e-04 4.063097e-02 3.688636e-02 9.572971e-02 4.8278574211e+04 2.1767581744e+05 2.1781858297e+05
775.3875 3.691480e-02 5.706141e-02 3.738504e-04 4.549644e-02 3.969416e-02 8.770286e-02 4.8255067265e+04 2.1760629610e+05 2.1790849381e+05
776.3880 3.927763e-02 6.246506e-02 3.648651e-04 5.027172e-02 4.251217e-02 8.047419e-02 4.8233442217e+04 2.1753109144e+05 2.1800208783e+05
777.3885 4.207040e-02 6.752487e-02 3.507555e-04 5.453393e-02 4.534720e-02 7.522976e-02 4.8217813874e+04 2.1746026958e+05 2.1808456719e+05
778.3890 4.510903e-02 7.288490e-02 3.496385e-04 5.748363e-02 4.681395e-02 7.126840e-02 4.8211744192e+04 2.1740401245e+05 2.1814330381e+05
779.3895 4.747050e-02 7.759462e-02 3.603335e-04 5.886394e-02 4.777045e-02 7.063659e-02 4.8218687444e+04 2.1736824865e+05 2.1816858937e+05
780.3900 4.875319e-02 7.969487e-02 3.815002e-04 5.894600e-02 4.789321e-02 7.325409e-02 4.8241667767e+04 2.1735507037e+05 2.1815632506e+05
781.3905 4.827327e-02 7.896317e-02 3.726992e-04 5.721763e-02 4.672447e-02 7.808213e-02 4.8281145343e+04 2.1736373803e+05 2.1810783204e+05
782.3910 4.637007e-02 7.555385e-02 3.687511e-04 5.430969e-02 4.515531e-02 8.594814e-02 4.8334151735e+04 2.1739115884e+05 2.1802814748e+05
783.3915 4.384639e-02 7.086417e-02 3.956113e-04 5.039676e-02 4.269837e-02 9.523027e-02 4.8397047244e+04 2.1743126828e+05 2.1792691516e+05
784.3920 4.139470e-02 6.600077e-02 3.960291e-04 4.573928e-02 4.004468e-02 1.049274e-01 4.8466441655e+04 2.1747465436e+05 2.1781611692e+05
785.3925 3.868517e-02 6.004291e-02 4.071077e-04 4.088419e-02 3.700539e-02 1.148548e-01 4.8538512734e+04 2.1751250656e+05 2.1770884243e+05
786.3930 3.612253e-02 5.400135e-02 4.230991e-04 3.685312e-02 3.473354e-02 1.234113e-01 4.8608536929e+04 2.1753776318e+05 2.1761611397e+05
787.3935 3.289200e-02 4.917179e-02 4.487826e-04 3.346050e-02 3.261532e-02 1.305681e-01 4.8670287025e+04 2.1754773756e+05 2.1754698806e+05
788.3940 3.096567e-02 4.527139e-02 4.276346e-04 3.180581e-02 3.173188e-02 1.331466e-01 4.8718133720e+04 2.1754376448e+05 2.1750551796e+05
789.3945 3.055475e-02 4.354314e-02 4.429526e-04 3.163485e-02 3.162087e-02 1.340074e-01 4.8748718012e+04 2.1752595365e+05 2.1749339766e+05
790.3950 3.048443e-02 4.426065e-02 4.591017e-04 3.310525e-02 3.273266e-02 1.316247e-01 4.8762919173e+04 2.1749609066e+05 2.1750866416e+05
791.3955 3.180558e-02 4.614959e-02 4.306006e-04 3.621430e-02 3.460363e-02 1.258618e-01 4.8762973372e+04 2.1745675545e+05 2.1754701017e+05
792.3960 3.357750e-02 5.013453e-02 4.404242e-04 4.092944e-02 3.780281e-02 1.184307e-01 4.8751059263e+04 2.1741161755e+05 2.1760150253e+05
793.3965 3.646159e-02 5.601563e-02 4.402832e-04 4.619084e-02 4.122516e-02 1.085391e-01 4.8729905102e+04 2.1736573669e+05 2.1766544349e+05
794.3970 4.060500e-02 6.286232e-02 4.064461e-04 5.177578e-02 4.470079e-02 9.921089e-02 4.8703553043e+04 2.1732140143e+05 2.1773193075e+05
795.3975 4.452044e-02 7.054002e-02 4.141150e-04 5.738125e-02 4.859126e-02 9.102837e-02 4.8678171587e+04 2.1727883192e+05 2.1779466540e+05
796.3980 4.825580e-02 7.636413e-02 3.768822e-04 6.199962e-02 5.150389e-02 8.381744e-02 4.8660348791e+04 2.1723833808e+05 2.1784895633e+05
797.3985 5.037037e-02 8.147643e-02 3.945238e-04 6.531751e-02 5.363483e-02 7.951777e-02 4.8654699972e+04 2.1720026275e+05 2.1788927091e+05
798.3990 5.133701e-02 8.452807e-02 3.627964e-04 6.706877e-02 5.503255e-02 7.908976e-02 4.8664304726e+04 2.1716656382e+05 2.1791072526e+05
799.3995 5.239624e-02 8.642032e-02 3.748113e-04 6.675343e-02 5.463012e-02 8.176480e-02 4.8690695336e+04 2.1713915588e+05 2.1790972643e+05
800.4000 5.280973e-02 8.612769e-02 3.823404e-04 6.461238e-02 5.341197e-02 8.814702e-02 4.8734609654e+04 2.1712052700e+05 2.1788314761e+05
801.4005 5.101257e-02 8.307382e-02 4.330075e-04 6.109457e-02 5.089965e-02 9.698765e-02 4.8794793244e+04 2.1711381123e+05 2.1783047005e+05
802.4010 4.793481e-02 7.771852e-02 4.001400e-04 5.643500e-02 4.784585e-02 1.075315e-01 4.8866627680e+04 2.1712163293e+05 2.1775311912e+05
803.4015 4.464564e-02 7.077546e-02 4.397134e-04 5.109353e-02 4.441406e-02 1.193073e-01 4.8943809063e+04 2.1714478555e+05 2.1765565869e+05
804.4020 4.129966e-02 6.393732e-02 4.626867e-04 4.596144e-02 4.097412e-02 1.299841e-01 4.9020729618e+04 2.1718105919e+05 2.1754575726e+05
805.4025 3.838150e-02 5.781456e-02 4.663251e-04 4.133927e-02 3.799257e-02 1.401126e-01 4.9092211087e+04 2.1722374945e+05 2.1743424192e+05
806.4030 3.558039e-02 5.385651e-02 4.811788e-04 3.792996e-02 3.586599e-02 1.467650e-01 4.9154670611e+04 2.1726423870e+05 2.1733352591e+05
807.4035 3.363366e-02 5.015287e-02 4.763605e-04 3.637061e-02 3.500588e-02 1.494806e-01 4.9204156677e+04 2.1729468093e+05 2.1725577240e+05
808.4040 3.308499e-02 4.883068e-02 4.683432e-04 3.647816e-02 3.531728e-02 1.498872e-01 4.9236241711e+04 2.1730744702e+05 2.1721131139e+05
809.4045 3.367909e-02 4.996832e-02 4.939527e-04 3.834205e-02 3.681067e-02 1.462073e-01 4.9249948154e+04 2.1729810601e+05 2.1720644189e+05
810.4050 3.571212e-02 5.297732e-02 4.487124e-04 4.216104e-02 3.962882e-02 1.393804e-01 4.9246698669e+04 2.1726361639e+05 2.1724224559e+05
811.4055 3.824862e-02 5.730860e-02 4.649255e-04 4.735544e-02 4.329068e-02 1.301695e-01 4.9230682208e+04 2.1720495233e+05 2.1731430318e+05
812.4060 4.144301e-02 6.277362e-02 4.407972e-04 5.305144e-02 4.744489e-02 1.190551e-01 4.9206891000e+04 2.1712742418e+05 2.1741264724e+05
813.4065 4.454669e-02 6.958314e-02 4.234691e-04 5.932507e-02 5.163080e-02 1.094582e-01 4.9180069976e+04 2.1704025659e+05 2.1752232292e+05
814.4070 4.864017e-02 7.671451e-02 3.955352e-04 6.515661e-02 5.571306e-02 1.003653e-01 4.9155609411e+04 2.1695529582e+05 2.1762687675e+05
815.4075 5.300927e-02 8.392065e-02 3.884028e-04 6.956295e-02 5.855124e-02 9.288828e-02 4.9139504046e+04 2.1688242395e+05 2.1771131758e+05
816.4080 5.564737e-02 9.016713e-02 3.913454e-04 7.274445e-02 6.050416e-02 8.967375e-02 4.9137120711e+04 2.1682908997e+05 2.1776267244e+05
817.4085 5.692231e-02 9.305091e-02 3.946201e-04 7.401333e-02 6.100486e-02 8.996139e-02 4.9152003341e+04 2.1680084384e+05 2.1777347380e+05
818.4090 5.702031e-02 9.351430e-02 3.925770e-04 7.319350e-02 6.023519e-02 9.418849e-02 4.9184829935e+04 2.1679898380e+05 2.1774118198e+05
819.4095 5.573343e-02 9.139159e-02 4.241654e-04 7.056897e-02 5.808785e-02 1.017232e-01 4.9234488352e+04 2.1682168534e+05 2.1766910562e+05
820.4100 5.356927e-02 8.824132e-02 4.343674e-04 6.657809e-02 5.502641e-02 1.117099e-01 4.9298259634e+04 2.1686216795e+05 2.1756573962e+05
821.4105 5.080069e-02 8.305024e-02 4.372817e-04 6.128775e-02 5.127896e-02 1.236263e-01 4.9372621285e+04 2.1691163835e+05 2.1744401585e+05
822.4110 4.748324e-02 7.635334e-02 4.599460e-04 5.585605e-02 4.760630e-02 1.356747e-01 4.9452524431e+04 2.1696031111e+05 2.1731827145e+05
823.4115 4.437985e-02 6.873353e-02 4.843058e-04 5.077439e-02 4.417575e-02 1.460974e-01 4.9531556319e+04 2.1700018604e+05 2.1720291690e+05
824.4120 4.132495e-02 6.349368e-02 4.996599e-04 4.627112e-02 4.147458e-02 1.559736e-01 4.9603137157e+04 2.1702371881e+05 2.1711005711e+05
825.4125 3.925231e-02 5.979695e-02 4.791414e-04 4.347454e-02 4.002589e-02 1.606801e-01 4.9663062544e+04 2.1702824096e+05 2.1704775297e+05
826.4130 3.826890e-02 5.699529e-02 4.699366e-04 4.237389e-02 3.977476e-02 1.630265e-01 4.9708001473e+04 2.1701209224e+05 2.1702009182e+05
827.4135 3.734115e-02 5.611808e-02 5.199114e-04 4.301506e-02 4.090170e-02 1.619484e-01 4.9736649989e+04 2.1697794242e+05 2.1702606734e+05
828.4140 3.805136e-02 5.670199e-02 4.724957e-04 4.549059e-02 4.316156e-02 1.569435e-01 4.9748359036e+04 2.1693128656e+05 2.1706069320e+05
829.4145 4.025658e-02 5.954176e-02 4.587402e-04 4.989378e-02 4.668479e-02 1.489892e-01 4.9744272308e+04 2.1687812713e+05 2.1711588278e+05
830.4150 4.343166e-02 6.511467e-02 4.729322e-04 5.513108e-02 5.083220e-02 1.390916e-01 4.9728139487e+04 2.1682345956e+05 2.1718335999e+05
831.4155 4.760710e-02 7.143149e-02 4.270969e-04 6.073723e-02 5.472288e-02 1.281126e-01 4.9705184436e+04 2.1677136207e+05 2.1725478630e+05
832.4160 5.108745e-02 7.857464e-02 4.389268e-04 6.701605e-02 5.903481e-02 1.196004e-01 4.9681570855e+04 2.1672305274e+05 2.1732159492e+05
833.4165 5.422982e-02 8.462184e-02 4.105487e-04 7.198771e-02 6.224187e-02 1.111979e-01 4.9663549861e+04 2.1668087504e+05 2.1737819748e+05
834.4170 5.706391e-02 9.002766e-02 4.024530e-04 7.576215e-02 6.413497e-02 1.052399e-01 4.9654782090e+04 2.1664583543e+05 2.1741877349e+05
835.4175 5.886039e-02 9.520262e-02 4.233430e-04 7.834034e-02 6.545578e-02 1.043247e-01 4.9658960412e+04 2.1661743669e+05 2.1743900649e+05
836.4180 6.003618e-02 9.881665e-02 4.120208e-04 7.884911e-02 6.493608e-02 1.057856e-01 4.9679474923e+04 2.1659583969e+05 2.1743754527e+05
837.4185 6.040453e-02 9.913785e-02 4.374077e-04 7.734910e-02 6.321872e-02 1.112647e-01 4.9717364298e+04 2.1658089256e+05 2.1741339431e+05
838.4190 5.886991e-02 9.660005e-02 4.491872e-04 7.453157e-02 6.073704e-02 1.193617e-01 4.9771641747e+04 2.1657387698e+05 2.1736663045e+05
839.4195 5.592745e-02 9.253695e-02 4.800777e-04 7.041414e-02 5.741617e-02 1.293627e-01 4.9838259708e+04 2.1657649185e+05 2.1729913352e+05
840.4200 5.337346e-02 8.679291e-02 4.587487e-04 6.540181e-02 5.400196e-02 1.406993e-01 4.9911948903e+04 2.1658995506e+05 2.1721421126e+05
841.4205 5.039754e-02 8.068915e-02 5.052342e-04 6.052581e-02 5.073171e-02 1.511047e-01 4.9987818067e+04 2.1661361830e+05 2.1711744640e+05
842.4210 4.770241e-02 7.514140e-02 5.202604e-04 5.606753e-02 4.812482e-02 1.602375e-01 5.0060676636e+04 2.1664358143e+05 2.1701709130e+05
843.4215 4.511559e-02 7.015459e-02 5.357812e-04 5.257391e-02 4.644101e-02 1.675772e-01 5.0125845251e+04 2.1667469204e+05 2.1692296632e+05
844.4220 4.321480e-02 6.646570e-02 5.144214e-04 5.086848e-02 4.612379e-02 1.699656e-01 5.0179949802e+04 2.1670029288e+05 2.1684538234e+05
845.4225 4.282776e-02 6.547850e-02 5.217134e-04 5.049976e-02 4.692636e-02 1.711603e-01 5.0218909357e+04 2.1671245409e+05 2.1679418972e+05
846.4230 4.376245e-02 6.506552e-02 5.330012e-04 5.170776e-02 4.855916e-02 1.682509e-01 5.0242708499e+04 2.1670653626e+05 2.1677617630e+05
847.4235 4.448698e-02 6.681962e-02 4.915950e-04 5.468536e-02 5.140859e-02 1.630973e-01 5.0252554687e+04 2.1667803592e+05 2.1679354307e+05
848.4240 4.666854e-02 6.990179e-02 4.773753e-04 5.891778e-02 5.504240e-02 1.555084e-01 5.0250565541e+04 2.1662768347e+05 2.1684364211e+05
849.4245 4.973008e-02 7.388669e-02 4.729817e-04 6.330635e-02 5.815974e-02 1.467071e-01 5.0240194571e+04 2.1656016796e+05 2.1691919568e+05
850.4250 5.240719e-02 7.903640e-02 4.522515e-04 6.856224e-02 6.176973e-02 1.382990e-01 5.0225817176e+04 2.1648341553e+05 2.1700707253e+05
851.4255 5.585997e-02 8.521918e-02 4.662558e-04 7.355048e-02 6.491161e-02 1.321279e-01 5.0212224976e+04 2.1640548602e+05 2.1709387114e+05
852.4260 5.890656e-02 9.133063e-02 4.385346e-04 7.684897e-02 6.628157e-02 1.255661e-01 5.0205477390e+04 2.1633670130e+05 2.1716652703e+05
853.4265 6.041312e-02 9.653981e-02 4.621170e-04 7.985650e-02 6.777477e-02 1.231279e-01 5.0208985411e+04 2.1628452971e+05 2.1721159856e+05
854.4270 6.171684e-02 9.947623e-02 4.690407e-04 8.120456e-02 6.757927e-02 1.237374e-01 5.0224437031e+04 2.1625587380e+05 2.1722236713e+05
855.4275 6.174589e-02 1.010242e-01 4.491459e-04 8.092617e-02 6.655689e-02 1.262928e-01 5.0252968716e+04 2.1625282298e+05 2.1719577155e+05
856.4280 6.102906e-02 1.002030e-01 4.972784e-04 7.925142e-02 6.472059e-02 1.324663e-01 5.0294011934e+04 2.1627209311e+05 2.1713497510e+05
857.4285 5.981111e-02 9.818837e-02 4.872348e-04 7.666051e-02 6.240064e-02 1.389854e-01 5.0346465025e+04 2.1630708076e+05 2.1704820029e+05
858.4290 5.763657e-02 9.493016e-02 5.387507e-04 7.327489e-02 5.984787e-02 1.476910e-01 5.0407631467e+04 2.1634776427e+05 2.1694736623e+05
859.4295 5.518905e-02 9.001964e-02 5.076875e-04 6.954687e-02 5.757169e-02 1.560859e-01 5.0473817964e+04 2.1638550836e+05 2.1684543746e+05
860.4300 5.329713e-02 8.513321e-02 5.718387e-04 6.597511e-02 5.536779e-02 1.633301e-01 5.0539879288e+04 2.1641233574e+05 2.1675472306e+05
861.4305 5.132076e-02 8.168027e-02 5.298849e-04 6.316255e-02 5.436686e-02 1.701336e-01 5.0600878068e+04 2.1642264896e+05 2.1668443196e+05
862.4310 4.953288e-02 7.862062e-02 5.564611e-04 6.121068e-02 5.387291e-02 1.737134e-01 5.0653943057e+04 2.1641461037e+05 2.1664085922e+05
863.4315 4.918515e-02 7.625095e-02 5.358888e-04 6.082702e-02 5.469065e-02 1.743416e-01 5.0696798596e+04 2.1638819855e+05 2.1662512733e+05
864.4320 4.937018e-02 7.530484e-02 5.349297e-04 6.114268e-02 5.586120e-02 1.741944e-01 5.0728141257e+04 2.1634673765e+05 2.1663495859e+05
865.4325 4.993650e-02 7.554928e-02 5.474157e-04 6.284701e-02 5.783754e-02 1.708966e-01 5.0748873843e+04 2.1629695492e+05 2.1666361755e+05
866.4330 5.198697e-02 7.778734e-02 5.035011e-04 6.587252e-02 6.063778e-02 1.664660e-01 5.0759977979e+04 2.1624427588e+05 2.1670291347e+05
867.4335 5.439282e-02 8.129246e-02 5.088319e-04 6.886550e-02 6.300742e-02 1.605063e-01 5.0764935604e+04 2.1619450095e+05 2.1674554452e+05
868.4340 5.683287e-02 8.466311e-02 4.930068e-04 7.197894e-02 6.518904e-02 1.549392e-01 5.0766902515e+04 2.1615192409e+05 2.1678392870e+05
869.4345 5.878626e-02 8.852780e-02 5.020054e-04 7.580273e-02 6.763414e-02 1.505296e-01 5.0768649124e+04 2.1611927562e+05 2.1681174241e+05
870.4350 6.051831e-02 9.198104e-02 4.873877e-04 7.827919e-02 6.864113e-02 1.473479e-01 5.0773364759e+04 2.1609716323e+05 2.1682694819e+05
871.4355 6.142581e-02 9.519219e-02 4.870379e-04 8.004301e-02 6.923008e-02 1.444668e-01 5.0784005105e+04 2.1608444366e+05 2.1682761925e+05
872.4360 6.246765e-02 9.869263e-02 5.453794e-04 8.166568e-02 6.949034e-02 1.449231e-01 5.0801707440e+04 2.1607686486e+05 2.1681467089e+05
873.4365 6.328979e-02 1.012155e-01 4.787417e-04 8.143728e-02 6.839077e-02 1.468568e-01 5.0828554440e+04 2.1607133733e+05 2.1679174912e+05
874.4370 6.249029e-02 1.018915e-01 5.568785e-04 8.060933e-02 6.707421e-02 1.503100e-01 5.0864693599e+04 2.1606564996e+05 2.1676074758e+05
875.4375 6.178454e-02 1.009129e-01 5.092128e-04 7.917091e-02 6.550114e-02 1.551154e-01 5.0907676820e+04 2.1605889890e+05 2.1672451889e+05
876.4380 6.041327e-02 9.924891e-02 5.212841e-04 7.724489e-02 6.374803e-02 1.599690e-01 5.0954798022e+04 2.1605196902e+05 2.1668503475e+05
877.4385 5.823107e-02 9.638792e-02 5.786648e-04 7.531790e-02 6.241818e-02 1.655965e-01 5.1004054116e+04 2.1604533286e+05 2.1664347386e+05
878.4390 5.690783e-02 9.254727e-02 5.240582e-04 7.327153e-02 6.109058e-02 1.696447e-01 5.1053106179e+04 2.1604001492e+05 2.1660156625e+05
879.4395 5.659822e-02 8.950361e-02 5.853839e-04 7.207591e-02 6.074433e-02 1.735070e-01 5.1099636987e+04 2.1603520602e+05 2.1656024847e+05
880.4400 5.538267e-02 8.827496e-02 5.420262e-04 7.148465e-02 6.112852e-02 1.755537e-01 5.1142384518e+04 2.1603096585e+05 2.1652198064e+05
881.4405 5.558748e-02 8.791084e-02 5.547748e-04 7.145794e-02 6.171765e-02 1.755934e-01 5.1178730054e+04 2.1602648023e+05 2.1649005684e+05
882.4410 5.695035e-02 8.861660e-02 5.425139e-04 7.255041e-02 6.360088e-02 1.744323e-01 5.1207646551e+04 2.1601892040e+05 2.1646711849e+05
883.4415 5.805109e-02 9.014913e-02 5.561352e-04 7.353868e-02 6.514451e-02 1.728689e-01 5.1230695789e+04 2.1600442019e+05 2.1645710762e+05
884.4420 5.917153e-02 9.067630e-02 5.194738e-04 7.556985e-02 6.726094e-02 1.698790e-01 5.1249730502e+04 2.1598108542e+05 2.1646028796e+05
885.4425 5.970138e-02 9.184236e-02 5.422670e-04 7.798935e-02 6.978436e-02 1.672684e-01 5.1266858123e+04 2.1594738025e+05 2.1647525024e+05
886.4430 6.170450e-02 9.235320e-02 5.097052e-04 7.918793e-02 7.076039e-02 1.643831e-01 5.1284240893e+04 2.1590512391e+05 2.1649940731e+05
887.4435 6.362105e-02 9.459158e-02 5.023786e-04 8.066712e-02 7.213132e-02 1.628382e-01 5.1303650788e+04 2.1585782993e+05 2.1652509724e+05
888.4440 6.428626e-02 9.643777e-02 5.631706e-04 8.176965e-02 7.263081e-02 1.632895e-01 5.1327209882e+04 2.1581134647e+05 2.1654616050e+05
889.4445 6.480542e-02 9.713690e-02 4.819115e-04 8.144320e-02 7.198294e-02 1.639203e-01 5.1355568255e+04 2.1577241070e+05 2.1655642558e+05
890.4450 6.433652e-02 9.791068e-02 5.780529e-04 8.126086e-02 7.128331e-02 1.657179e-01 5.1388265059e+04 2.1574635746e+05 2.1654929115e+05
891.4455 6.328820e-02 9.910095e-02 5.254352e-04 8.082160e-02 7.024628e-02 1.695571e-01 5.1424269828e+04 2.1573599400e+05 2.1652254467e+05
892.4460 6.219916e-02 9.896079e-02 5.175725e-04 7.911303e-02 6.800926e-02 1.733019e-01 5.1462568803e+04 2.1574296776e+05 2.1647785611e+05
893.4465 6.144555e-02 9.820093e-02 6.171175e-04 7.823897e-02 6.659704e-02 1.770556e-01 5.1502024632e+04 2.1576263580e+05 2.1641875617e+05
894.4470 6.016114e-02 9.795108e-02 5.499049e-04 7.713625e-02 6.514649e-02 1.805459e-01 5.1541526434e+04 2.1578769802e+05 2.1635446836e+05
895.4475 5.910620e-02 9.729643e-02 6.218130e-04 7.666885e-02 6.411739e-02 1.825807e-01 5.1578793226e+04 2.1581109634e+05 2.1629424190e+05
896.4480 5.905461e-02 9.598695e-02 5.859025e-04 7.694149e-02 6.411735e-02 1.834953e-01 5.1611256734e+04 2.1582579001e+05 2.1624713915e+05
897.4485 5.925109e-02 9.529252e-02 5.656521e-04 7.755138e-02 6.443976e-02 1.827811e-01 5.1637489118e+04 2.1582616923e+05 2.1622066662e+05
898.4490 6.019385e-02 9.613504e-02 5.987796e-04 7.962068e-02 6.640549e-02 1.809209e-01 5.1657085573e+04 2.1580796079e+05 2.1621770413e+05
899.4495 6.137168e-02 9.859488e-02 5.632591e-04 8.165792e-02 6.839990e-02 1.769585e-01 5.1672700476e+04 2.1576954815e+05 2.1623900038e+05
900.4500 6.307886e-02 1.005948e-01 5.956466e-04 8.426426e-02 7.102160e-02 1.730050e-01 5.1687336319e+04 2.1571273940e+05 2.1627915901e+05
901.4505 6.494739e-02 1.031812e-01 5.171697e-04 8.706553e-02 7.419072e-02 1.688830e-01 5.1702888738e+04 2.1564468929e+05 2.1632920869e+05
902.4510 6.750413e-02 1.056692e-01 5.352108e-04 8.858817e-02 7.610020e-02 1.658346e-01 5.1721020149e+04 2.1557456793e+05 2.1637900583e+05
903.4515 6.929610e-02 1.074269e-01 5.205479e-04 9.039763e-02 7.874377e-02 1.638590e-01 5.1744306264e+04 2.1551254195e+05 2.1641531373e+05
904.4520 7.003875e-02 1.076659e-01 5.125084e-04 9.079435e-02 7.967542e-02 1.639590e-01 5.1774747234e+04 2.1546680087e+05 2.1642961587e+05
905.4525 7.059098e-02 1.055008e-01 5.140885e-04 8.961790e-02 7.946060e-02 1.655244e-01 5.1813448331e+04 2.1544321917e+05 2.1641513267e+05
906.4530 6.914535e-02 1.031774e-01 5.609700e-04 8.830807e-02 7.904699e-02 1.707922e-01 5.1860134894e+04 2.1544277254e+05 2.1636894140e+05
907.4535 6.783874e-02 1.010021e-01 5.297639e-04 8.547802e-02 7.671503e-02 1.769174e-01 5.1913830133e+04 2.1546308086e+05 2.1629594137e+05
908.4540 6.672248e-02 9.899576e-02 5.617831e-04 8.200029e-02 7.382384e-02 1.838432e-01 5.1972185849e+04 2.1549798377e+05 2.1620370571e+05
909.4545 6.420447e-02 9.740276e-02 6.285769e-04 7.900660e-02 7.097224e-02 1.917443e-01 5.2032446139e+04 2.1553853290e+05 2.1610374247e+05
910.4550 6.225464e-02 9.584985e-02 5.436274e-04 7.573245e-02 6.740748e-02 1.993388e-01 5.2089937724e+04 2.1557540107e+05 2.1601046277e+05
911.4555 6.050066e-02 9.404500e-02 6.500869e-04 7.323702e-02 6.447479e-02 2.052527e-01 5.2140546930e+04 2.1560109060e+05 2.1593540552e+05
912.4560 5.853104e-02 9.200773e-02 6.351207e-04 7.268633e-02 6.295656e-02 2.086145e-01 5.2181167248e+04 2.1560956294e+05 2.1588735816e+05
913.4565 5.735132e-02 9.161281e-02 5.898719e-04 7.266716e-02 6.173535e-02 2.087773e-01 5.2209139772e+04 2.1559783604e+05 2.1587220050e+05
914.4570 5.778054e-02 9.263111e-02 6.554980e-04 7.512551e-02 6.288488e-02 2.064521e-01 5.2224469583e+04 2.1556514205e+05 2.1588852126e+05
915.4575 5.913629e-02 9.528029e-02 6.400631e-04 7.864129e-02 6.492885e-02 2.002574e-01 5.2229193693e+04 2.1551452686e+05 2.1593304929e+05
916.4580 6.202251e-02 9.903382e-02 6.181897e-04 8.325919e-02 6.822159e-02 1.922171e-01 5.2224969895e+04 2.1545172672e+05 2.1599743979e+05
917.4585 6.540750e-02 1.043647e-01 5.838157e-04 8.938810e-02 7.332349e-02 1.821347e-01 5.2214675489e+04 2.1538470683e+05 2.1607079833e+05
918.4590 6.878278e-02 1.117129e-01 5.673700e-04 9.461262e-02 7.763776e-02 1.716560e-01 5.2202730785e+04 2.1531933948e+05 2.1614420245e+05
919.4595 7.301152e-02 1.177489e-01 5.580086e-04 1.001472e-01 8.312141e-02 1.625898e-01 5.2194756485e+04 2.1526024633e+05 2.1620633764e+05
920.4600 7.620462e-02 1.213215e-01 5.129431e-04 1.040259e-01 8.719849e-02 1.558413e-01 5.2197154804e+04 2.1521058335e+05 2.1625038558e+05
921.4605 7.808579e-02 1.228176e-01 5.161667e-04 1.059749e-01 9.004015e-02 1.527034e-01 5.2214619041e+04 2.1517179625e+05 2.1626970611e+05
922.4610 7.898718e-02 1.232244e-01 5.160823e-04 1.063752e-01 9.194451e-02 1.538416e-01 5.2249553931e+04 2.1514499877e+05 2.1625959791e+05
923.4615 7.890320e-02 1.210683e-01 5.293127e-04 1.035580e-01 9.055705e-02 1.586391e-01 5.2302943835e+04 2.1513184471e+05 2.1622002642e+05
924.4620 7.813198e-02 1.166055e-01 5.161144e-04 9.923432e-02 8.826571e-02 1.688991e-01 5.2373009827e+04 2.1513182272e+05 2.1615064031e+05
925.4625 7.510014e-02 1.110931e-01 5.938422e-04 9.341558e-02 8.411666e-02 1.823930e-01 5.2456851027e+04 2.1514481213e+05 2.1605584841e+05
926.4630 7.138548e-02 1.048031e-01 5.373738e-04 8.619773e-02 7.836698e-02 1.969274e-01 5.2548822303e+04 2.1516972471e+05 2.1594229175e+05
927.4635 6.664814e-02 9.824800e-02 6.260173e-04 7.924469e-02 7.264453e-02 2.121771e-01 5.2641603162e+04 2.1520501297e+05 2.1581772422e+05
928.4640 6.267671e-02 9.285420e-02 6.370229e-04 7.301662e-02 6.662256e-02 2.259824e-01 5.2727730032e+04 2.1524623496e+05 2.1569354384e+05
929.4645 5.907788e-02 8.850380e-02 6.222067e-04 6.806514e-02 6.171370e-02 2.372961e-01 5.2801178329e+04 2.1528703999e+05 2.1558185010e+05
930.4650 5.629926e-02 8.511925e-02 7.467767e-04 6.573528e-02 5.852345e-02 2.433187e-01 5.2856965788e+04 2.1532056842e+05 2.1549484879e+05
931.4655 5.535656e-02 8.447271e-02 6.584271e-04 6.620479e-02 5.745961e-02 2.430991e-01 5.2890543435e+04 2.1533929253e+05 2.1544358341e+05
932.4660 5.554516e-02 8.621628e-02 6.848020e-04 6.922025e-02 5.872069e-02 2.379717e-01 5.2899722211e+04 2.1533741076e+05 2.1543580081e+05
933.4665 5.796743e-02 9.002988e-02 6.764613e-04 7.574358e-02 6.284652e-02 2.266891e-01 5.2885682901e+04 2.1531081902e+05 2.1547421883e+05
934.4670 6.241719e-02 9.723497e-02 6.374634e-04 8.356885e-02 6.834870e-02 2.113145e-01 5.2852901591e+04 2.1525584203e+05 2.1555813339e+05
935.4675 6.761985e-02 1.066556e-01 6.153206e-04 9.338303e-02 7.630003e-02 1.932800e-01 5.2809731428e+04 2.1517278031e+05 2.1567859540e+05
936.4680 7.318990e-02 1.170276e-01 5.683001e-04 1.032966e-01 8.434061e-02 1.741385e-01 5.2764682771e+04 2.1506767560e+05 2.1582279908e+05
937.4685 7.919384e-02 1.274511e-01 5.425357e-04 1.119871e-01 9.198511e-02 1.574887e-01 5.2726140424e+04 2.1495051616e+05 2.1597196986e+05
938.4690 8.476935e-02 1.356381e-01 5.221344e-04 1.194451e-01 9.938035e-02 1.446044e-01 5.2703122470e+04 2.1483513091e+05 2.1610404394e+05
939.4695 8.898885e-02 1.416718e-01 4.873524e-04 1.229954e-01 1.031135e-01 1.373781e-01 5.2702558068e+04 2.1473560797e+05 2.1620001002e+05
940.4700 9.115881e-02 1.429240e-01 4.750295e-04 1.240153e-01 1.056601e-01 1.379548e-01 5.2730464136e+04 2.1466432921e+05 2.1624032517e+05
941.4705 8.995442e-02 1.389300e-01 5.416283e-04 1.208967e-01 1.044330e-01 1.450917e-01 5.2789398555e+04 2.1463208018e+05 2.1621460520e+05
942.4710 8.796045e-02 1.324564e-01 4.849491e-04 1.142049e-01 9.985143e-02 1.589745e-01 5.2876510176e+04 2.1464298140e+05 2.1611887714e+05
943.4715 8.381675e-02 1.237698e-01 5.653020e-04 1.054664e-01 9.379009e-02 1.802197e-01 5.2986197419e+04 2.1469671441e+05 2.1595802468e+05
944.4720 7.822404e-02 1.139765e-01 6.148069e-04 9.416090e-02 8.480759e-02 2.035995e-01 5.3111814378e+04 2.1478460165e+05 2.1574950033e+05
945.4725 7.195442e-02 1.038311e-01 6.211033e-04 8.258556e-02 7.538012e-02 2.274653e-01 5.3243522551e+04 2.1489177784e+05 2.1551610739e+05
946.4730 6.538216e-02 9.407507e-02 7.561655e-04 7.204907e-02 6.625506e-02 2.501544e-01 5.3369439348e+04 2.1500124795e+05 2.1528601021e+05
947.4735 5.967851e-02 8.523782e-02 6.764383e-04 6.383801e-02 5.866937e-02 2.677373e-01 5.3477885558e+04 2.1509652484e+05 2.1508743805e+05
948.4740 5.501751e-02 7.871374e-02 7.839525e-04 5.875676e-02 5.345049e-02 2.792064e-01 5.3558531272e+04 2.1516196785e+05 2.1494531295e+05
949.4745 5.288132e-02 7.605747e-02 7.888697e-04 5.773567e-02 5.147598e-02 2.810383e-01 5.3605490209e+04 2.1518522926e+05 2.1487755955e+05
950.4750 5.336935e-02 7.674931e-02 7.303976e-04 6.110630e-02 5.305642e-02 2.740759e-01 5.3616899114e+04 2.1515911751e+05 2.1489261182e+05
951.4755 5.559200e-02 8.155306e-02 7.611870e-04 6.897633e-02 5.856372e-02 2.591202e-01 5.3595219250e+04 2.1508370965e+05 2.1498750321e+05
952.4760 6.013903e-02 9.083531e-02 6.874094e-04 8.016038e-02 6.698417e-02 2.371077e-01 5.3545101739e+04 2.1496758466e+05 2.1514916856e+05
953.4765 6.727135e-02 1.036519e-01 6.689297e-04 9.321666e-02 7.724438e-02 2.109830e-01 5.3474109611e+04 2.1482528407e+05 2.1535564872e+05
954.4770 7.623565e-02 1.188152e-01 5.588833e-04 1.078464e-01 8.928237e-02 1.830985e-01 5.3393975575e+04 2.1467289805e+05 2.1557896534e+05
955.4775 8.421172e-02 1.345392e-01 5.489565e-04 1.207200e-01 9.992371e-02 1.572977e-01 5.3319750842e+04 2.1452557832e+05 2.1579185493e+05
956.4780 9.210055e-02 1.464996e-01 5.330481e-04 1.317005e-01 1.096813e-01 1.373016e-01 5.3264901683e+04 2.1439806379e+05 2.1596589939e+05
957.4785 9.778102e-02 1.543779e-01 4.858025e-04 1.390826e-01 1.164763e-01 1.249675e-01 5.3240608043e+04 2.1430327596e+05 2.1607876468e+05
958.4790 9.984579e-02 1.576220e-01 4.619594e-04 1.412432e-01 1.189220e-01 1.218909e-01 5.3253338372e+04 2.1425165408e+05 2.1611494036e+05
959.4795 1.011446e-01 1.569380e-01 4.951330e-04 1.390570e-01 1.184801e-01 1.301978e-01 5.3305244931e+04 2.1424529389e+05 2.1606683102e+05
960.4800 9.923714e-02 1.521561e-01 5.356607e-04 1.310257e-01 1.123334e-01 1.465605e-01 5.3397829614e+04 2.1428121815e+05 2.1594008350e+05
961.4805 9.457755e-02 1.422014e-01 5.482104e-04 1.199564e-01 1.039265e-01 1.720976e-01 5.3525904613e+04 2.1435109792e+05 2.1574558085e+05
962.4810 8.707542e-02 1.289034e-01 6.523229e-04 1.059650e-01 9.302129e-02 2.038782e-01 5.3679114301e+04 2.1444501477e+05 2.1550401077e+05
963.4815 7.856361e-02 1.130622e-01 6.190355e-04 9.007811e-02 7.989073e-02 2.353756e-01 5.3843657689e+04 2.1455289092e+05 2.1524040275e+05
964.4820 6.972024e-02 9.860729e-02 7.739383e-04 7.569272e-02 6.814501e-02 2.662522e-01 5.4003630194e+04 2.1466066614e+05 2.1498009291e+05
965.4825 6.232991e-02 8.612912e-02 7.725482e-04 6.330047e-02 5.766962e-02 2.912751e-01 5.4145831124e+04 2.1475441072e+05 2.1475133097e+05
966.4830 5.631666e-02 7.616827e-02 7.638595e-04 5.496315e-02 5.035979e-02 3.077416e-01 5.4258713918e+04 2.1482145494e+05 2.1457751528e+05
967.4835 5.176059e-02 6.967500e-02 9.118590e-04 5.190036e-02 4.766813e-02 3.145849e-01 5.4332906351e+04 2.1485240931e+05 2.1447631905e+05
968.4840 5.037264e-02 6.877523e-02 7.736912e-04 5.407799e-02 4.887699e-02 3.077083e-01 5.4361818559e+04 2.1484368403e+05 2.1445854642e+05
969.4845 5.319190e-02 7.470517e-02 8.016822e-04 6.195787e-02 5.483110e-02 2.915649e-01 5.4343176057e+04 2.1479307640e+05 2.1452516754e+05
970.4850 5.891754e-02 8.499764e-02 7.494750e-04 7.469335e-02 6.520199e-02 2.656442e-01 5.4284018232e+04 2.1470280542e+05 2.1466935068e+05
971.4855 6.706838e-02 9.879008e-02 7.033155e-04 9.000840e-02 7.715529e-02 2.339402e-01 5.4196235428e+04 2.1457591993e+05 2.1487697427e+05
972.4860 7.602172e-02 1.144921e-01 6.414958e-04 1.076155e-01 9.157361e-02 1.989776e-01 5.4094834829e+04 2.1442224179e+05 2.1512335445e+05
973.4865 8.549634e-02 1.320472e-01 5.686648e-04 1.246858e-01 1.054260e-01 1.663762e-01 5.3994170403e+04 2.1425558276e+05 2.1538054789e+05
974.4870 9.510747e-02 1.495625e-01 5.388332e-04 1.387177e-01 1.166832e-01 1.385054e-01 5.3908783470e+04 2.1409416229e+05 2.1561744067e+05
975.4875 1.039790e-01 1.632933e-01 4.699781e-04 1.494195e-01 1.256977e-01 1.209211e-01 5.3853592200e+04 2.1395385992e+05 2.1580294171e+05
976.4880 1.089467e-01 1.713952e-01 4.861815e-04 1.543018e-01 1.294062e-01 1.134138e-01 5.3841534892e+04 2.1385012941e+05 2.1591302796e+05
977.4885 1.101345e-01 1.745471e-01 4.543855e-04 1.535046e-01 1.288414e-01 1.186575e-01 5.3878692906e+04 2.1379370793e+05 2.1592889580e+05
978.4890 1.076905e-01 1.699716e-01 5.351320e-04 1.468787e-01 1.235767e-01 1.359771e-01 5.3965063817e+04 2.1379415901e+05 2.1584274257e+05
979.4895 1.023152e-01 1.591142e-01 5.717764e-04 1.347508e-01 1.133944e-01 1.619858e-01 5.4094338669e+04 2.1385362354e+05 2.1565904959e+05
980.4900 9.574053e-02 1.452856e-01 6.108143e-04 1.196878e-01 1.014591e-01 1.973378e-01 5.4255466531e+04 2.1396282330e+05 2.1539352362e+05
981.4905 8.703919e-02 1.280500e-01 6.879865e-04 1.016319e-01 8.667589e-02 2.346667e-01 5.4437466247e+04 2.1410655162e+05 2.1507642273e+05
982.4910 7.656192e-02 1.095295e-01 7.213609e-04 8.404992e-02 7.259237e-02 2.701767e-01 5.4625038286e+04 2.1426311945e+05 2.1474241445e+05
983.4915 6.668500e-02 9.281118e-02 8.752091e-04 6.910317e-02 6.079054e-02 3.018529e-01 5.4798734046e+04 2.1441049749e+05 2.1443001846e+05
984.4920 5.803377e-02 7.847218e-02 7.858405e-04 5.717677e-02 5.132885e-02 3.230380e-01 5.4941923168e+04 2.1452991251e+05 2.1417678790e+05
985.4925 5.196046e-02 7.062815e-02 8.639085e-04 5.123037e-02 4.718893e-02 3.351491e-01 5.5041076340e+04 2.1460095848e+05 2.1401139015e+05
986.4930 5.066765e-02 6.919834e-02 8.932732e-04 5.135678e-02 4.778679e-02 3.324371e-01 5.5090154014e+04 2.1461073425e+05 2.1395442521e+05
987.4935 5.180214e-02 7.159438e-02 8.021559e-04 5.734588e-02 5.319046e-02 3.171580e-01 5.5089933882e+04 2.1455332819e+05 2.1401226536e+05
988.4940 5.533163e-02 7.889921e-02 8.282731e-04 6.931672e-02 6.352909e-02 2.922055e-01 5.5043631766e+04 2.1443322506e+05 2.1417544748e+05
989.4945 6.367692e-02 9.107501e-02 6.974704e-04 8.521029e-02 7.661273e-02 2.586953e-01 5.4958971781e+04 2.1426505841e+05 2.1442186328e+05
990.4950 7.300967e-02 1.084656e-01 6.824248e-04 1.031646e-01 9.126879e-02 2.221026e-01 5.4850090060e+04 2.1406869420e+05 2.1471802851e+05
991.4955 8.395636e-02 1.279245e-01 6.114871e-04 1.219909e-01 1.064366e-01 1.847843e-01 5.4734421472e+04 2.1386699663e+05 2.1502451479e+05
992.4960 9.472523e-02 1.461799e-01 5.282206e-04 1.384941e-01 1.189895e-01 1.531447e-01 5.4630567720e+04 2.1368210023e+05 2.1530257600e+05
993.4965 1.029883e-01 1.626641e-01 5.201783e-04 1.514792e-01 1.287233e-01 1.299191e-01 5.4555651830e+04 2.1353433882e+05 2.1551550430e+05
994.4970 1.089270e-01 1.750792e-01 4.869158e-04 1.595414e-01 1.343797e-01 1.182928e-01 5.4520770558e+04 2.1344033753e+05 2.1563607936e+05
995.4975 1.121507e-01 1.826443e-01 5.020027e-04 1.609928e-01 1.341444e-01 1.181972e-01 5.4532759460e+04 2.1340967723e+05 2.1564999273e+05
996.4980 1.122911e-01 1.833518e-01 5.140437e-04 1.568400e-01 1.298876e-01 1.317911e-01 5.4594519064e+04 2.1344004453e+05 2.1555536433e+05
997.4985 1.083258e-01 1.749629e-01 5.789447e-04 1.469977e-01 1.208933e-01 1.556499e-01 5.4705005970e+04 2.1352226358e+05 2.1536559031e+05
998.4990 1.011151e-01 1.598562e-01 6.018902e-04 1.325915e-01 1.086356e-01 1.875212e-01 5.4855796464e+04 2.1364050681e+05 2.1510345418e+05
999.4995 9.203939e-02 1.416493e-01 7.049645e-04 1.157448e-01 9.488240e-02 2.256933e-01 5.5032574041e+04 2.1377638968e+05 2.1479864377e+05
1000.5000 8.200268e-02 1.231838e-01 7.099425e-04 9.748586e-02 8.034835e-02 2.618973e-01 5.5219555314e+04 2.1391274300e+05 2.1448547318e+05
1001.5005 7.354544e-02 1.066079e-01 8.236631e-04 8.086022e-02 6.756789e-02 2.956731e-01 5.5399778618e+04 2.1402932291e+05 2.1419696433e+05
1002.5010 6.531127e-02 9.358623e-02 8.808362e-04 6.753306e-02 5.816634e-02 3.212444e-01 5.5559095635e+04 2.1411159264e+05 2.1396278158e+05
1003.5015 5.850872e-02 8.273038e-02 8.045678e-04 5.846155e-02 5.225004e-02 3.362905e-01 5.5683833240e+04 2.1415127635e+05 2.1380547135e+05
1004.5020 5.426865e-02 7.601252e-02 9.260731e-04 5.573458e-02 5.181498e-02 3.401720e-01 5.5761967911e+04 2.1414686492e+05 2.1373584121e+05
1005.5025 5.418176e-02 7.411191e-02 8.169611e-04 5.866668e-02 5.587227e-02 3.301221e-01 5.5788936360e+04 2.1410097495e+05 2.1375689036e+05
1006.5030 5.762838e-02 7.891088e-02 8.141913e-04 6.720367e-02 6.426146e-02 3.098116e-01 5.5767006314e+04 2.1401643155e+05 2.1386138765e+05
1007.5035 6.392314e-02 8.854609e-02 7.670179e-04 8.029957e-02 7.576726e-02 2.811138e-01 5.5705924229e+04 2.1389948823e+05 2.1403474465e+05
1008.5040 7.190408e-02 1.014145e-01 6.548843e-04 9.659778e-02 8.942987e-02 2.476520e-01 5.5618505832e+04 2.1375940539e+05 2.1425535367e+05
1009.5045 8.138894e-02 1.176710e-01 6.847440e-04 1.138901e-01 1.031639e-01 2.124367e-01 5.5517450714e+04 2.1360982319e+05 2.1449727712e+05
1010.5050 9.182179e-02 1.370902e-01 5.504582e-04 1.306567e-01 1.157193e-01 1.798840e-01 5.5416517005e+04 2.1346471700e+05 2.1473266032e+05
1011.5055 1.001255e-01 1.582891e-01 5.707383e-04 1.444846e-01 1.252221e-01 1.549203e-01 5.5331125081e+04 2.1333562554e+05 2.1493587767e+05
1012.5060 1.074268e-01 1.731661e-01 5.079112e-04 1.546565e-01 1.316136e-01 1.386388e-01 5.5276099312e+04 2.1323347717e+05 2.1508402225e+05
1013.5065 1.120496e-01 1.804407e-01 5.138185e-04 1.596604e-01 1.331606e-01 1.336544e-01 5.5261830497e+04 2.1316548222e+05 2.1516076261e+05
1014.5070 1.116830e-01 1.823668e-01 5.504978e-04 1.587218e-01 1.303598e-01 1.391260e-01 5.5293606546e+04 2.1313779035e+05 2.1515529553e+05
1015.5075 1.095170e-01 1.786291e-01 5.784469e-04 1.528754e-01 1.236659e-01 1.562178e-01 5.5369121471e+04 2.1315300714e+05 2.1506508320e+05
1016.5080 1.069313e-01 1.704883e-01 6.061196e-04 1.427381e-01 1.141379e-01 1.805758e-01 5.5482702029e+04 2.1320958347e+05 2.1489735110e+05
1017.5085 1.010519e-01 1.580371e-01 7.047728e-04 1.286263e-01 1.020197e-01 2.117464e-01 5.5627071368e+04 2.1329837054e+05 2.1466956342e+05
1018.5090 9.186509e-02 1.417521e-01 7.204351e-04 1.132228e-01 8.998809e-02 2.442327e-01 5.5791466670e+04 2.1340715376e+05 2.1440468214e+05
1019.5095 8.288874e-02 1.262781e-01 7.819623e-04 9.781554e-02 7.831787e-02 2.743014e-01 5.5959800624e+04 2.1352114959e+05 2.1413095621e+05
1020.5100 7.507207e-02 1.121593e-01 8.733668e-04 8.443725e-02 6.937304e-02 3.014305e-01 5.6116471545e+04 2.1362571929e+05 2.1387652921e+05
1021.5105 6.739045e-02 1.009612e-01 8.511607e-04 7.385933e-02 6.311828e-02 3.185226e-01 5.6249989936e+04 2.1370713702e+05 2.1366913107e+05
1022.5110 6.438657e-02 9.250159e-02 8.603302e-04 6.768060e-02 6.074064e-02 3.281855e-01 5.6349989870e+04 2.1374977436e+05 2.1353070007e+05
1023.5115 6.402468e-02 8.752172e-02 8.918615e-04 6.658941e-02 6.255630e-02 3.269385e-01 5.6412541699e+04 2.1374515871e+05 2.1347509983e+05
1024.5120 6.333675e-02 8.545120e-02 7.887362e-04 7.017145e-02 6.764091e-02 3.149800e-01 5.6436576783e+04 2.1369276634e+05 2.1350599754e+05
1025.5125 6.620196e-02 8.907602e-02 8.098755e-04 7.817287e-02 7.603960e-02 2.961279e-01 5.6420303012e+04 2.1359854442e+05 2.1361489197e+05
1026.5130 7.349019e-02 9.805528e-02 6.906797e-04 8.950337e-02 8.594281e-02 2.715743e-01 5.6369837120e+04 2.1347370472e+05 2.1378503698e+05
1027.5135 8.000760e-02 1.118227e-01 6.894660e-04 1.032642e-01 9.707629e-02 2.438929e-01 5.6299174697e+04 2.1333034196e+05 2.1399201092e+05
1028.5140 8.716748e-02 1.282513e-01 6.317683e-04 1.169478e-01 1.071300e-01 2.159184e-01 5.6221879702e+04 2.1318267943e+05 2.1420923877e+05
1029.5145 9.451712e-02 1.444526e-01 5.969953e-04 1.303056e-01 1.157725e-01 1.917194e-01 5.6149711014e+04 2.1304759415e+05 2.1440786272e+05
1030.5150 1.002813e-01 1.596652e-01 5.841916e-04 1.412860e-01 1.222002e-01 1.737170e-01 5.6092590617e+04 2.1294127538e+05 2.1456302195e+05
1031.5155 1.059280e-01 1.706369e-01 5.288556e-04 1.488331e-01 1.251419e-01 1.628938e-01 5.6058038481e+04 2.1287548357e+05 2.1465681969e+05
1032.5160 1.095793e-01 1.773335e-01 5.892536e-04 1.526857e-01 1.254627e-01 1.601242e-01 5.6052927359e+04 2.1285318641e+05 2.1467952446e+05
1033.5165 1.101987e-01 1.789207e-01 6.008166e-04 1.517535e-01 1.218442e-01 1.662317e-01 5.6082517815e+04 2.1286907646e+05 2.1463246599e+05
1034.5170 1.082675e-01 1.730054e-01 6.405717e-04 1.476465e-01 1.166040e-01 1.796889e-01 5.6147288751e+04 2.1291577518e+05 2.1452246582e+05
1035.5175 1.045099e-01 1.648734e-01 6.855696e-04 1.401491e-01 1.093637e-01 1.989948e-01 5.6242047569e+04 2.1298192796e+05 2.1436448713e+05
1036.5180 1.006298e-01 1.571867e-01 7.271380e-04 1.293041e-01 1.004367e-01 2.227185e-01 5.6359301813e+04 2.1305410323e+05 2.1417809814e+05
1037.5185 9.564786e-02 1.488973e-01 7.671097e-04 1.175928e-01 9.203118e-02 2.454892e-01 5.6491931269e+04 2.1312076696e+05 2.1398308489e+05
1038.5190 8.956656e-02 1.383983e-01 8.371432e-04 1.058121e-01 8.439301e-02 2.693322e-01 5.6630372019e+04 2.1317070006e+05 2.1379957340e+05
1039.5195 8.313464e-02 1.256631e-01 8.248199e-04 9.532325e-02 7.858782e-02 2.880500e-01 5.6764478279e+04 2.1320021878e+05 2.1364269309e+05
1040.5200 7.733656e-02 1.135812e-01 8.154303e-04 8.688529e-02 7.494438e-02 3.010283e-01 5.6882008083e+04 2.1321006896e+05 2.1352219260e+05
1041.5205 7.413768e-02 1.043864e-01 8.643952e-04 8.146322e-02 7.402987e-02 3.093261e-01 5.6973382753e+04 2.1320255180e+05 2.1344250473e+05
1042.5210 7.254725e-02 9.834423e-02 7.936153e-04 7.928836e-02 7.498628e-02 3.084058e-01 5.7036518747e+04 2.1318085228e+05 2.1340513873e+05
1043.5215 7.349867e-02 9.587225e-02 7.809070e-04 8.109851e-02 7.892513e-02 3.014674e-01 5.7071314743e+04 2.1314484892e+05 2.1340744863e+05
1044.5220 7.549586e-02 9.894788e-02 8.064587e-04 8.570131e-02 8.395830e-02 2.895539e-01 5.7079370938e+04 2.1309709942e+05 2.1344593663e+05
1045.5225 7.781561e-02 1.062761e-01 7.065130e-04 9.338100e-02 9.024741e-02 2.730444e-01 5.7063557435e+04 2.1304228231e+05 2.1351379530e+05
1046.5230 8.270811e-02 1.184662e-01 7.167828e-04 1.032143e-01 9.769155e-02 2.536009e-01 5.7025784382e+04 2.1298428967e+05 2.1360357029e+05
1047.5235 8.982720e-02 1.317846e-01 6.516288e-04 1.127407e-01 1.031819e-01 2.336489e-01 5.6974503232e+04 2.1292304970e+05 2.1370981034e+05
1048.5240 9.392619e-02 1.449285e-01 6.355214e-04 1.237145e-01 1.096078e-01 2.156352e-01 5.6922214939e+04 2.1285639334e+05 2.1382209427e+05
1049.5245 9.821255e-02 1.551373e-01 6.432805e-04 1.327659e-01 1.136802e-01 2.013557e-01 5.6877012648e+04 2.1278565190e+05 2.1393264261e+05
1050.5250 1.034434e-01 1.620060e-01 6.290005e-04 1.400436e-01 1.161557e-01 1.902813e-01 5.6845664981e+04 2.1271612963e+05 2.1402907255e+05
1051.5255 1.054450e-01 1.665831e-01 6.443187e-04 1.448869e-01 1.172919e-01 1.849223e-01 5.6833521331e+04 2.1265526609e+05 2.1409927100e+05
1052.5260 1.091809e-01 1.696327e-01 6.634634e-04 1.461632e-01 1.155701e-01 1.863578e-01 5.6842924573e+04 2.1260743258e+05 2.1413454688e+05
1053.5265 1.115316e-01 1.712226e-01 6.587556e-04 1.454878e-01 1.134849e-01 1.915782e-01 5.6878916711e+04 2.1257635997e+05 2.1412705719e+05
1054.5270 1.091611e-01 1.703340e-01 7.022776e-04 1.415088e-01 1.095141e-01 2.032113e-01 5.6942486710e+04 2.1256401976e+05 2.1407561996e+05
1055.5275 1.069556e-01 1.650971e-01 7.495703e-04 1.347449e-01 1.046936e-01 2.175207e-01 5.7029086237e+04 2.1257340944e+05 2.1398149319e+05
1056.5280 1.033865e-01 1.587626e-01 7.596739e-04 1.263917e-01 9.945616e-02 2.339677e-01 5.7133096614e+04 2.1260314693e+05 2.1385051224e+05
1057.5285 9.844027e-02 1.504241e-01 7.821924e-04 1.171108e-01 9.454389e-02 2.524322e-01 5.7248894104e+04 2.1264815901e+05 2.1369337987e+05
1058.5290 9.501391e-02 1.399577e-01 7.827376e-04 1.078112e-01 9.004935e-02 2.677081e-01 5.7369380162e+04 2.1270128660e+05 2.1352471482e+05
1059.5295 9.020960e-02 1.267205e-01 7.917199e-04 9.924339e-02 8.665383e-02 2.824880e-01 5.7487145497e+04 2.1275419594e+05 2.1336020996e+05
1060.5300 8.460346e-02 1.140936e-01 8.247307e-04 9.198803e-02 8.393782e-02 2.931069e-01 5.7593526255e+04 2.1279973443e+05 2.1321540139e+05
1061.5305 8.222991e-02 1.055732e-01 7.727024e-04 8.747652e-02 8.285155e-02 2.980980e-01 5.7678898113e+04 2.1283139055e+05 2.1310305907e+05
1062.5310 8.064429e-02 1.043754e-01 7.883699e-04 8.637798e-02 8.403999e-02 2.984805e-01 5.7738741561e+04 2.1284211202e+05 2.1303341269e+05
1063.5315 7.945662e-02 1.064138e-01 7.677096e-04 8.694350e-02 8.495770e-02 2.943565e-01 5.7772857281e+04 2.1282725380e+05 2.1301490187e+05
1064.5320 8.086393e-02 1.113821e-01 7.188258e-04 9.163903e-02 8.876506e-02 2.850240e-01 5.7782439756e+04 2.1278402698e+05 2.1304631418e+05
1065.5325 8.317983e-02 1.200587e-01 7.458774e-04 9.833858e-02 9.279777e-02 2.709502e-01 5.7769862270e+04 2.1271582300e+05 2.1312398618e+05
1066.5330 8.582720e-02 1.296414e-01 6.881659e-04 1.060482e-01 9.667184e-02 2.554628e-01 5.7737940946e+04 2.1263111310e+05 2.1323735584e+05
1067.5335 9.143729e-02 1.392031e-01 6.985417e-04 1.162353e-01 1.025437e-01 2.387785e-01 5.7691360885e+04 2.1253950398e+05 2.1336974226e+05
1068.5340 9.787099e-02 1.470898e-01 6.705951e-04 1.250634e-01 1.060792e-01 2.230949e-01 5.7640248051e+04 2.1244829100e+05 2.1350758888e+05
1069.5345 1.009765e-01 1.528970e-01 6.586443e-04 1.341590e-01 1.107159e-01 2.085347e-01 5.7595910376e+04 2.1236538741e+05 2.1363158806e+05
1070.5350 1.053520e-01 1.591922e-01 7.214361e-04 1.408951e-01 1.133052e-01 1.985162e-01 5.7563257040e+04 2.1229739728e+05 2.1372815249e+05
1071.5355 1.100891e-01 1.664026e-01 6.538407e-04 1.456596e-01 1.149425e-01 1.930805e-01 5.7549223555e+04 2.1224944644e+05 2.1378499503e+05
1072.5360 1.124096e-01 1.741257e-01 7.404664e-04 1.478354e-01 1.154787e-01 1.919240e-01 5.7559845423e+04 2.1222261333e+05 2.1379650369e+05
1073.5365 1.150150e-01 1.796836e-01 7.150346e-04 1.463235e-01 1.139891e-01 1.980565e-01 5.7598523835e+04 2.1221196316e+05 2.1376383213e+05
1074.5370 1.142934e-01 1.787919e-01 7.360689e-04 1.418946e-01 1.111758e-01 2.067846e-01 5.7668506760e+04 2.1221522288e+05 2.1369068582e+05
1075.5375 1.108098e-01 1.715046e-01 7.760210e-04 1.351850e-01 1.074716e-01 2.213965e-01 5.7764307148e+04 2.1222978400e+05 2.1358283025e+05
1076.5380 1.059147e-01 1.583937e-01 7.442846e-04 1.264234e-01 1.029386e-01 2.383010e-01 5.7878913828e+04 2.1225632094e+05 2.1344757673e+05
1077.5385 1.003978e-01 1.442048e-01 7.453684e-04 1.164651e-01 9.789127e-02 2.550520e-01 5.8004125640e+04 2.1229253170e+05 2.1329342629e+05
1078.5390 9.612909e-02 1.313241e-01 7.903284e-04 1.065763e-01 9.317989e-02 2.732082e-01 5.8131396839e+04 2.1233370942e+05 2.1313038374e+05
1079.5395 9.037462e-02 1.193698e-01 7.720054e-04 9.732425e-02 8.842167e-02 2.873721e-01 5.8254802200e+04 2.1237696036e+05 2.1297083789e+05
1080.5400 8.330311e-02 1.103753e-01 7.662554e-04 9.093397e-02 8.560350e-02 2.970815e-01 5.8364012292e+04 2.1241883995e+05 2.1282609272e+05
1081.5405 8.059783e-02 1.076477e-01 7.790691e-04 8.727440e-02 8.436159e-02 3.027195e-01 5.8446183869e+04 2.1245496579e+05 2.1270968296e+05
1082.5410 8.009358e-02 1.102875e-01 7.555817e-04 8.578363e-02 8.337158e-02 3.028687e-01 5.8496248880e+04 2.1247897677e+05 2.1263564616e+05
1083.5415 7.968031e-02 1.147628e-01 7.414297e-04 8.918717e-02 8.611250e-02 2.956083e-01 5.8515261302e+04 2.1248208002e+05 2.1261240157e+05
1084.5420 8.267171e-02 1.194146e-01 7.657617e-04 9.436992e-02 8.874140e-02 2.839855e-01 5.8504734377e+04 2.1245485293e+05 2.1264855757e+05
1085.5425 8.650484e-02 1.229668e-01 7.205376e-04 1.024920e-01 9.337044e-02 2.687482e-01 5.8470967450e+04 2.1239466892e+05 2.1274059118e+05
1086.5430 9.031039e-02 1.286678e-01 7.733383e-04 1.125745e-01 9.893829e-02 2.510389e-01 5.8420182425e+04 2.1230454690e+05 2.1287856866e+05
1087.5435 9.700772e-02 1.388771e-01 6.714488e-04 1.225211e-01 1.039226e-01 2.331821e-01 5.8359034595e+04 2.1219207996e+05 2.1304656415e+05
1088.5440 1.056472e-01 1.514335e-01 7.561901e-04 1.325343e-01 1.093675e-01 2.157756e-01 5.8299030659e+04 2.1206863552e+05 2.1322222724e+05
1089.5445 1.114246e-01 1.631760e-01 7.032838e-04 1.405517e-01 1.130525e-01 2.033634e-01 5.8252992667e+04 2.1194634920e+05 2.1338379322e+05
1090.5450 1.144881e-01 1.732010e-01 6.778136e-04 1.471667e-01 1.164233e-01 1.942078e-01 5.8229947073e+04 2.1184037122e+05 2.1350721180e+05
1091.5455 1.184996e-01 1.809836e-01 7.657236e-04 1.500656e-01 1.175339e-01 1.915973e-01 5.8233168107e+04 2.1176448245e+05 2.1357448102e+05
1092.5460 1.203956e-01 1.849358e-01 6.756125e-04 1.494600e-01 1.168168e-01 1.950895e-01 5.8267078311e+04 2.1172880611e+05 2.1357298878e+05
1093.5465 1.182435e-01 1.827074e-01 7.710956e-04 1.455686e-01 1.144098e-01 2.034336e-01 5.8334543411e+04 2.1173551298e+05 2.1349974614e+05
1094.5470 1.164455e-01 1.740014e-01 7.501320e-04 1.392430e-01 1.110287e-01 2.181824e-01 5.8432374227e+04 2.1177895750e+05 2.1336069656e+05
1095.5475 1.115180e-01 1.601436e-01 7.341908e-04 1.302209e-01 1.059896e-01 2.341370e-01 5.8556727412e+04 2.1185150634e+05 2.1317053034e+05
1096.5480 1.025763e-01 1.463598e-01 7.734543e-04 1.198111e-01 1.005017e-01 2.531980e-01 5.8695233445e+04 2.1194311082e+05 2.1294839370e+05
1097.5485 9.702820e-02 1.335853e-01 7.651036e-04 1.095644e-01 9.537481e-02 2.713332e-01 5.8832779786e+04 2.1204207562e+05 2.1271811076e+05
1098.5490 9.119501e-02 1.231488e-01 7.866941e-04 1.000689e-01 9.014800e-02 2.863917e-01 5.8960918942e+04 2.1213192286e+05 2.1250655312e+05
1099.5495 8.458207e-02 1.172023e-01 7.738978e-04 9.353867e-02 8.771597e-02 2.973372e-01 5.9071177657e+04 2.1219581110e+05 2.1233669953e+05
1100.5500 8.118661e-02 1.123151e-01 7.777203e-04 8.899420e-02 8.525778e-02 3.029966e-01 5.9154907527e+04 2.1222332184e+05 2.1222932871e+05
1101.5505 7.884060e-02 1.096088e-01 7.601292e-04 8.805494e-02 8.519080e-02 3.031579e-01 5.9206466531e+04 2.1221024336e+05 2.1219323779e+05
1102.5510 7.904428e-02 1.109179e-01 7.972658e-04 9.077565e-02 8.751780e-02 2.955484e-01 5.9222987235e+04 2.1215831006e+05 2.1222907439e+05
1103.5515 8.255447e-02 1.158472e-01 7.516977e-04 9.541653e-02 8.960357e-02 2.844916e-01 5.9206825779e+04 2.1207145116e+05 2.1233050937e+05
1104.5520 8.846412e-02 1.221731e-01 7.352648e-04 1.036658e-01 9.467189e-02 2.697904e-01 5.9166791691e+04 2.1195817907e+05 2.1247949190e+05
1105.5525 9.351350e-02 1.296608e-01 7.789336e-04 1.127818e-01 9.916374e-02 2.525880e-01 5.9113027983e+04 2.1183178590e+05 2.1265597559e+05
1106.5530 9.808432e-02 1.390287e-01 7.005842e-04 1.224015e-01 1.041240e-01 2.354895e-01 5.9053719508e+04 2.1170882249e+05 2.1283377181e+05
1107.5535 1.054411e-01 1.519622e-01 8.016414e-04 1.315108e-01 1.085333e-01 2.198792e-01 5.8996463753e+04 2.1160369396e+05 2.1298876696e+05
1108.5540 1.118318e-01 1.669075e-01 7.126957e-04 1.392934e-01 1.120212e-01 2.087110e-01 5.8952757384e+04 2.1152550175e+05 2.1310205024e+05
1109.5545 1.155448e-01 1.777018e-01 7.479811e-04 1.447794e-01 1.144125e-01 2.010647e-01 5.8934096580e+04 2.1147811843e+05 2.1316210245e+05
1110.5550 1.186237e-01 1.821364e-01 7.667380e-04 1.467849e-01 1.147260e-01 1.993293e-01 5.8946455403e+04 2.1145970447e+05 2.1316490014e+05
1111.5555 1.192933e-01 1.816525e-01 7.085015e-04 1.465454e-01 1.142192e-01 2.027032e-01 5.8991434808e+04 2.1146785949e+05 2.1311066183e+05
1112.5560 1.159467e-01 1.774006e-01 7.907975e-04 1.429047e-01 1.118349e-01 2.112902e-01 5.9066443165e+04 2.1149857576e+05 2.1300690024e+05
1113.5565 1.131667e-01 1.692266e-01 7.057581e-04 1.372403e-01 1.090530e-01 2.234361e-01 5.9165558470e+04 2.1154529251e+05 2.1286403810e+05
1114.5570 1.094965e-01 1.581809e-01 7.597910e-04 1.290646e-01 1.046127e-01 2.376330e-01 5.9283511763e+04 2.1159898230e+05 2.1269764112e+05
1115.5575 1.016804e-01 1.456229e-01 7.470294e-04 1.205192e-01 1.009068e-01 2.535517e-01 5.9413029686e+04 2.1165198912e+05 2.1252183849e+05
1116.5580 9.541667e-02 1.338224e-01 7.654025e-04 1.120056e-01 9.693362e-02 2.673329e-01 5.9542092216e+04 2.1169910696e+05 2.1235241647e+05
1117.5585 8.980939e-02 1.252309e-01 7.616017e-04 1.048454e-01 9.399814e-02 2.795674e-01 5.9658638577e+04 2.1173727968e+05 2.1220258042e+05
1118.5590 8.618776e-02 1.199121e-01 7.387713e-04 9.921801e-02 9.214985e-02 2.869873e-01 5.9753664913e+04 2.1176339694e+05 2.1208507831e+05
1119.5595 8.453101e-02 1.168725e-01 7.345462e-04 9.541054e-02 9.023936e-02 2.911642e-01 5.9821712312e+04 2.1177211984e+05 2.1201086073e+05
1120.5600 8.368304e-02 1.147335e-01 7.535465e-04 9.535109e-02 9.134549e-02 2.901920e-01 5.9861784296e+04 2.1175963521e+05 2.1198447441e+05
1121.5605 8.438066e-02 1.134091e-01 7.906061e-04 9.708395e-02 9.196510e-02 2.832443e-01 5.9873485231e+04 2.1172537552e+05 2.1200915713e+05
1122.5610 8.715022e-02 1.157777e-01 7.218971e-04 1.012722e-01 9.425125e-02 2.749230e-01 5.9857857718e+04 2.1166975019e+05 2.1207908057e+05
1123.5615 9.128086e-02 1.222144e-01 8.305890e-04 1.074090e-01 9.708107e-02 2.636981e-01 5.9822181886e+04 2.1159579908e+05 2.1218534698e+05
1124.5620 9.830681e-02 1.327343e-01 7.337400e-04 1.140614e-01 9.941952e-02 2.510569e-01 5.9775926190e+04 2.1150585295e+05 2.1231600123e+05
1125.5625 1.041898e-01 1.448428e-01 7.766500e-04 1.209989e-01 1.022246e-01 2.389324e-01 5.9731534265e+04 2.1140527418e+05 2.1245458540e+05
1126.5630 1.071888e-01 1.557563e-01 8.283144e-04 1.271615e-01 1.040199e-01 2.286858e-01 5.9698106460e+04 2.1130498294e+05 2.1258363958e+05
1127.5635 1.108508e-01 1.659520e-01 7.041539e-04 1.328403e-01 1.060164e-01 2.217469e-01 5.9678333702e+04 2.1121862950e+05 2.1268392486e+05
1128.5640 1.140967e-01 1.730859e-01 8.500555e-04 1.359779e-01 1.065889e-01 2.172073e-01 5.9677333046e+04 2.1115824292e+05 2.1274135632e+05
1129.5645 1.151260e-01 1.760091e-01 7.410262e-04 1.373094e-01 1.067326e-01 2.160427e-01 5.9700002142e+04 2.1112945093e+05 2.1274579179e+05
1130.5650 1.152865e-01 1.740060e-01 7.623791e-04 1.372377e-01 1.065515e-01 2.187818e-01 5.9747705218e+04 2.1113261608e+05 2.1269462687e+05
1131.5655 1.124124e-01 1.674468e-01 8.152039e-04 1.351138e-01 1.058772e-01 2.237865e-01 5.9819988898e+04 2.1116509868e+05 2.1259280700e+05
1132.5660 1.082608e-01 1.583630e-01 6.807050e-04 1.317323e-01 1.049733e-01 2.301507e-01 5.9910528699e+04 2.1122085233e+05 2.1245110452e+05
1133.5665 1.057180e-01 1.510775e-01 7.698571e-04 1.265386e-01 1.032054e-01 2.384715e-01 6.0009382741e+04 2.1128980672e+05 2.1228660302e+05
1134.5670 1.016811e-01 1.451631e-01 7.275718e-04 1.214285e-01 1.024542e-01 2.472432e-01 6.0111160611e+04 2.1135912603e+05 2.1211841331e+05
1135.5675 9.677986e-02 1.379828e-01 7.061509e-04 1.160685e-01 1.006587e-01 2.544730e-01 6.0210698325e+04 2.1141442118e+05 2.1196852491e+05
1136.5680 9.378544e-02 1.323690e-01 6.952174e-04 1.121598e-01 1.003928e-01 2.606455e-01 6.0299750911e+04 2.1144399764e+05 2.1185245037e+05
1137.5685 9.097255e-02 1.260551e-01 7.156016e-04 1.082122e-01 9.918207e-02 2.646136e-01 6.0373367345e+04 2.1144438116e+05 2.1178261319e+05
1138.5690 8.766188e-02 1.229813e-01 7.162262e-04 1.057979e-01 9.832438e-02 2.672686e-01 6.0426507227e+04 2.1141529261e+05 2.1176144941e+05
1139.5695 9.037734e-02 1.214711e-01 7.736854e-04 1.052005e-01 9.812354e-02 2.669206e-01 6.0456281246e+04 2.1136135680e+05 2.1178560233e+05
1140.5700 9.394133e-02 1.212757e-01 7.349063e-04 1.052895e-01 9.712613e-02 2.640217e-01 6.0467560032e+04 2.1128856091e+05 2.1184727259e+05
1141.5705 9.372479e-02 1.229958e-01 7.301373e-04 1.070998e-01 9.721106e-02 2.617108e-01 6.0465844354e+04 2.1120535323e+05 2.1193176076e+05
1142.5710 9.772403e-02 1.280113e-01 8.209808e-04 1.095523e-01 9.655001e-02 2.567732e-01 6.0453225808e+04 2.1112331693e+05 2.1202406209e+05
1143.5715 1.020980e-01 1.371432e-01 7.436217e-04 1.126713e-01 9.643886e-02 2.519727e-01 6.0435054617e+04 2.1105276887e+05 2.1210799967e+05
1144.5720 1.033984e-01 1.468827e-01 8.682171e-04 1.152930e-01 9.580794e-02 2.472267e-01 6.0419604809e+04 2.1100057232e+05 2.1217228957e+05
1145.5725 1.080607e-01 1.550822e-01 7.938630e-04 1.181975e-01 9.559167e-02 2.431760e-01 6.0410954232e+04 2.1096793655e+05 2.1220895099e+05
1146.5730 1.103885e-01 1.609960e-01 7.938910e-04 1.213921e-01 9.624595e-02 2.403083e-01 6.0415857934e+04 2.1095323528e+05 2.1221493807e+05
1147.5735 1.093448e-01 1.626012e-01 8.668199e-04 1.231126e-01 9.648068e-02 2.369487e-01 6.0436385616e+04 2.1095545887e+05 2.1219253174e+05
1148.5740 1.096926e-01 1.615908e-01 7.555843e-04 1.245589e-01 9.762662e-02 2.349815e-01 6.0468481784e+04 2.1097061156e+05 2.1214533294e+05
1149.5745 1.098852e-01 1.587144e-01 8.262467e-04 1.254908e-01 9.891598e-02 2.343724e-01 6.0511467126e+04 2.1099221071e+05 2.1208119110e+05
1150.5750 1.086588e-01 1.554481e-01 7.394138e-04 1.260160e-01 1.009486e-01 2.326877e-01 6.0566028343e+04 2.1101152251e+05 2.1200882720e+05
1151.5755 1.070205e-01 1.513780e-01 7.192640e-04 1.257412e-01 1.024942e-01 2.324959e-01 6.0630264212e+04 2.1102082197e+05 2.1193722240e+05
1152.5760 1.034085e-01 1.490696e-01 7.232108e-04 1.247457e-01 1.043270e-01 2.331843e-01 6.0700539169e+04 2.1101745467e+05 2.1187202106e+05
1153.5765 1.012426e-01 1.474028e-01 6.987785e-04 1.236548e-01 1.056851e-01 2.337050e-01 6.0770340968e+04 2.1100428638e+05 2.1181666979e+05
1154.5770 1.015949e-01 1.452640e-01 6.654186e-04 1.220179e-01 1.062231e-01 2.347518e-01 6.0834491753e+04 2.1098472330e+05 2.1177280637e+05
1155.5775 9.887958e-02 1.422925e-01 6.477895e-04 1.205522e-01 1.071198e-01 2.367424e-01 6.0892558142e+04 2.1096159918e+05 2.1173960855e+05
1156.5780 9.706450e-02 1.370420e-01 6.758162e-04 1.180148e-01 1.054619e-01 2.383604e-01 6.0942747795e+04 2.1093772410e+05 2.1171724439e+05
1157.5785 9.817979e-02 1.314830e-01 6.793419e-04 1.165440e-01 1.049013e-01 2.416839e-01 6.0982190882e+04 2.1091603554e+05 2.1170069895e+05
1158.5790 9.718800e-02 1.283268e-01 7.646263e-04 1.146196e-01 1.024771e-01 2.435153e-01 6.1013163940e+04 2.1089917234e+05 2.1168928953e+05
1159.5795 9.724022e-02 1.291549e-01 6.727245e-04 1.128148e-01 9.968359e-02 2.461783e-01 6.1035166463e+04 2.1088577374e+05 2.1168120007e+05
1160.5800 1.013338e-01 1.334417e-01 7.775046e-04 1.114497e-01 9.695078e-02 2.500916e-01 6.1049749621e+04 2.1087199124e+05 2.1167703400e+05
1161.5805 1.037916e-01 1.391842e-01 7.982560e-04 1.099490e-01 9.353438e-02 2.513586e-01 6.1063959294e+04 2.1085407517e+05 2.1167884121e+05
1162.5810 1.013155e-01 1.438960e-01 7.657188e-04 1.091717e-01 9.108668e-02 2.541470e-01 6.1080725705e+04 2.1082942888e+05 2.1168599630e+05
1163.5815 1.026964e-01 1.472501e-01 8.838607e-04 1.084323e-01 8.884123e-02 2.546785e-01 6.1097761007e+04 2.1080020783e+05 2.1169720051e+05
1164.5820 1.053332e-01 1.484876e-01 8.024490e-04 1.086342e-01 8.771859e-02 2.552535e-01 6.1115549843e+04 2.1076985789e+05 2.1170835625e+05
1165.5825 1.036431e-01 1.486691e-01 8.662196e-04 1.094132e-01 8.774640e-02 2.543074e-01 6.1139237022e+04 2.1073948729e+05 2.1171569112e+05
1166.5830 1.036989e-01 1.479533e-01 8.365253e-04 1.103267e-01 8.856714e-02 2.511255e-01 6.1168824252e+04 2.1071071895e+05 2.1171577135e+05
1167.5835 1.067726e-01 1.462138e-01 7.686345e-04 1.119476e-01 9.052816e-02 2.484931e-01 6.1202927285e+04 2.1068675514e+05 2.1170471516e+05
1168.5840 1.046046e-01 1.467595e-01 7.947619e-04 1.142169e-01 9.352507e-02 2.428733e-01 6.1242100594e+04 2.1067263043e+05 2.1168045562e+05
1169.5845 1.025911e-01 1.483459e-01 7.395300e-04 1.171579e-01 9.714694e-02 2.371026e-01 6.1280782141e+04 2.1067034892e+05 2.1164393801e+05
1170.5850 1.046574e-01 1.498264e-01 7.002716e-04 1.196010e-01 1.004702e-01 2.321695e-01 6.1316246161e+04 2.1067702223e+05 2.1160008366e+05
1171.5855 1.046082e-01 1.508319e-01 6.770905e-04 1.217022e-01 1.037804e-01 2.267890e-01 6.1352493212e+04 2.1068532849e+05 2.1155513809e+05
1172.5860 1.018498e-01 1.496200e-01 6.833730e-04 1.238543e-01 1.062575e-01 2.224102e-01 6.1390819785e+04 2.1068810062e+05 2.1151555985e+05
1173.5865 1.011563e-01 1.470477e-01 6.318846e-04 1.256599e-01 1.085706e-01 2.194229e-01 6.1427341307e+04 2.1068241175e+05 2.1148563431e+05
1174.5870 1.027662e-01 1.439317e-01 6.832198e-04 1.261213e-01 1.090523e-01 2.176778e-01 6.1459841487e+04 2.1066798134e+05 2.1146850271e+05
1175.5875 1.048344e-01 1.413305e-01 6.244650e-04 1.252332e-01 1.080529e-01 2.181882e-01 6.1489121552e+04 2.1064380696e+05 2.1146421744e+05
1176.5880 1.050897e-01 1.412693e-01 7.053101e-04 1.244443e-01 1.068658e-01 2.215199e-01 6.1517478721e+04 2.1060915756e+05 2.1146982326e+05
1177.5885 1.048274e-01 1.419479e-01 7.028730e-04 1.222159e-01 1.036382e-01 2.242342e-01 6.1547991833e+04 2.1056710755e+05 2.1148232818e+05
1178.5890 1.049903e-01 1.426747e-01 6.754018e-04 1.195105e-01 1.006872e-01 2.308288e-01 6.1580525810e+04 2.1052239835e+05 2.1149374034e+05
1179.5895 1.038392e-01 1.444057e-01 8.066982e-04 1.160204e-01 9.659508e-02 2.371064e-01 6.1615970752e+04 2.1048363841e+05 2.1149730688e+05
1180.5900 1.033123e-01 1.468280e-01 7.436721e-04 1.120882e-01 9.255026e-02 2.436737e-01 6.1653660621e+04 2.1045626829e+05 2.1148674893e+05
1181.5905 1.050440e-01 1.471753e-01 8.288737e-04 1.082220e-01 8.914744e-02 2.505943e-01 6.1693911970e+04 2.1044283945e+05 2.1145915513e+05
1182.5910 1.047924e-01 1.450597e-01 8.034686e-04 1.047517e-01 8.605255e-02 2.544724e-01 6.1738805435e+04 2.1044370027e+05 2.1141548292e+05
1183.5915 1.022768e-01 1.412513e-01 7.880242e-04 1.024996e-01 8.455461e-02 2.593440e-01 6.1785370766e+04 2.1045606687e+05 2.1135865337e+05
1184.5920 1.014465e-01 1.380768e-01 8.589971e-04 1.009678e-01 8.397544e-02 2.599951e-01 6.1829844365e+04 2.1047722643e+05 2.1129521495e+05
1185.5925 1.013149e-01 1.372565e-01 7.646009e-04 1.004485e-01 8.425981e-02 2.593199e-01 6.1869965518e+04 2.1049983609e+05 2.1123326514e+05
1186.5930 9.919366e-02 1.396475e-01 7.834180e-04 1.014311e-01 8.583882e-02 2.570877e-01 6.1906922900e+04 2.1051466156e+05 2.1118127696e+05
1187.5935 9.916418e-02 1.428438e-01 7.589023e-04 1.036879e-01 8.854929e-02 2.504175e-01 6.1940695647e+04 2.1051425707e+05 2.1114723774e+05
1188.5940 9.969076e-02 1.444446e-01 7.454790e-04 1.070909e-01 9.165951e-02 2.443812e-01 6.1970087100e+04 2.1049527883e+05 2.1113582485e+05
1189.5945 9.956000e-02 1.449338e-01 7.060463e-04 1.110631e-01 9.530245e-02 2.365159e-01 6.1993762317e+04 2.1046038231e+05 2.1114699911e+05
1190.5950 1.013722e-01 1.454817e-01 7.079966e-04 1.153987e-01 9.887749e-02 2.274320e-01 6.2009160932e+04 2.1041446982e+05 2.1117705715e+05
1191.5955 1.036581e-01 1.458222e-01 6.650044e-04 1.200679e-01 1.020964e-01 2.194145e-01 6.2017857133e+04 2.1036278333e+05 2.1121904076e+05
1192.5960 1.047028e-01 1.454351e-01 6.566353e-04 1.243148e-01 1.050965e-01 2.126871e-01 6.2024381148e+04 2.1031047595e+05 2.1126445557e+05
1193.5965 1.053230e-01 1.457416e-01 6.614250e-04 1.275033e-01 1.066551e-01 2.068401e-01 6.2032468165e+04 2.1026237887e+05 2.1130454752e+05
1194.5970 1.066794e-01 1.471933e-01 6.488786e-04 1.293763e-01 1.072185e-01 2.044850e-01 6.2044253315e+04 2.1022325827e+05 2.1133071133e+05
1195.5975 1.082108e-01 1.524440e-01 7.086539e-04 1.303149e-01 1.071032e-01 2.040988e-01 6.2061605696e+04 2.1019641874e+05 2.1133724806e+05
1196.5980 1.098024e-01 1.586694e-01 6.694508e-04 1.290827e-01 1.050971e-01 2.060444e-01 6.2087103667e+04 2.1018168284e+05 2.1132388644e+05
1197.5985 1.114470e-01 1.608118e-01 6.966173e-04 1.262170e-01 1.025686e-01 2.122915e-01 6.2122602987e+04 2.1017628022e+05 2.1129195970e+05
1198.5990 1.099112e-01 1.574736e-01 7.631835e-04 1.218572e-01 9.893676e-02 2.186756e-01 6.2170492647e+04 2.1017761840e+05 2.1124528248e+05
1199.5995 1.056873e-01 1.502730e-01 7.644825e-04 1.164433e-01 9.518942e-02 2.289668e-01 6.2228261423e+04 2.1018241281e+05 2.1118683644e+05
1200.6000 1.033532e-01 1.425649e-01 8.077503e-04 1.103410e-01 9.113591e-02 2.382700e-01 6.2291708515e+04 2.1019049229e+05 2.1111968180e+05
1201.6005 1.026650e-01 1.375959e-01 7.602463e-04 1.043750e-01 8.717661e-02 2.470810e-01 6.2357846024e+04 2.1019965326e+05 2.1104710692e+05
1202.6010 9.851799e-02 1.366302e-01 8.244227e-04 9.914574e-02 8.403084e-02 2.568298e-01 6.2426011089e+04 2.1020668906e+05 2.1097342759e+05
1203.6015 9.669682e-02 1.370336e-01 8.048157e-04 9.469693e-02 8.151646e-02 2.610436e-01 6.2492591437e+04 2.1021072997e+05 2.1090454621e+05
1204.6020 9.655769e-02 1.374881e-01 7.710353e-04 9.194448e-02 8.001195e-02 2.658700e-01 6.2551574247e+04 2.1021041239e+05 2.1084545263e+05
1205.6025 9.287148e-02 1.383333e-01 8.198920e-04 9.144901e-02 8.019488e-02 2.657832e-01 6.2601204467e+04 2.1020737633e+05 2.1080012848e+05
1206.6030 9.167298e-02 1.370215e-01 7.479251e-04 9.250568e-02 8.117526e-02 2.621096e-01 6.2636004058e+04 2.1020185144e+05 2.1077261175e+05
1207.6035 9.373840e-02 1.346382e-01 7.659801e-04 9.574902e-02 8.344313e-02 2.571481e-01 6.2654525877e+04 2.1019175364e+05 2.1076405785e+05
1208.6040 9.311474e-02 1.317166e-01 7.118764e-04 1.006460e-01 8.690237e-02 2.474481e-01 6.2662290510e+04 2.1017513264e+05 2.1077498618e+05
1209.6045 9.315419e-02 1.324598e-01 7.277331e-04 1.070618e-01 9.103261e-02 2.356806e-01 6.2659529619e+04 2.1014912802e+05 2.1080397961e+05
1210.6050 9.877201e-02 1.367339e-01 7.181610e-04 1.144520e-01 9.575733e-02 2.240231e-01 6.2646548444e+04 2.1011359974e+05 2.1084824956e+05
1211.6055 1.025659e-01 1.448278e-01 6.904944e-04 1.216725e-01 1.003872e-01 2.114316e-01 6.2629835941e+04 2.1006947513e+05 2.1090463671e+05
1212.6060 1.053509e-01 1.545589e-01 6.751784e-04 1.282700e-01 1.041544e-01 2.001346e-01 6.2613364808e+04 2.1001745022e+05 2.1096857447e+05
1213.6065 1.097851e-01 1.628714e-01 6.691009e-04 1.335226e-01 1.076510e-01 1.930197e-01 6.2601720306e+04 2.0995821076e+05 2.1103359815e+05
1214.6070 1.114526e-01 1.679705e-01 6.964816e-04 1.369827e-01 1.095239e-01 1.866671e-01 6.2603292013e+04 2.0989613326e+05 2.1109177900e+05
1215.6075 1.129952e-01 1.679298e-01 6.379986e-04 1.376546e-01 1.098027e-01 1.863899e-01 6.2620849292e+04 2.0983636144e+05 2.1113315685e+05
1216.6080 1.140168e-01 1.645858e-01 7.122266e-04 1.354654e-01 1.086000e-01 1.910199e-01 6.2656246677e+04 2.0978762002e+05 2.1114687240e+05
1217.6085 1.123741e-01 1.581711e-01 6.932453e-04 1.306654e-01 1.052069e-01 1.973207e-01 6.2711361559e+04 2.0975893694e+05 2.1112449285e+05
1218.6090 1.108677e-01 1.520854e-01 7.486927e-04 1.239183e-01 1.010311e-01 2.106148e-01 6.2782140115e+04 2.0975353448e+05 2.1106119235e+05
1219.6095 1.092316e-01 1.471075e-01 7.459249e-04 1.157778e-01 9.579816e-02 2.231096e-01 6.2865513373e+04 2.0977557767e+05 2.1095884343e+05
1220.6100 1.026008e-01 1.446423e-01 7.324445e-04 1.070791e-01 8.993734e-02 2.383707e-01 6.2956954652e+04 2.0982074104e+05 2.1082558172e+05
1221.6105 9.777902e-02 1.430615e-01 8.045992e-04 9.855085e-02 8.443027e-02 2.531233e-01 6.3048147532e+04 2.0988216028e+05 2.1067519414e+05
1222.6110 9.638295e-02 1.400142e-01 8.085127e-04 9.087685e-02 7.919699e-02 2.639828e-01 6.3133218266e+04 2.0994884641e+05 2.1052596025e+05
1223.6115 9.048438e-02 1.350778e-01 7.953278e-04 8.532758e-02 7.535975e-02 2.748397e-01 6.3209374691e+04 2.1000624689e+05 2.1039624270e+05
1224.6120 8.805571e-02 1.281380e-01 8.261904e-04 8.230519e-02 7.308999e-02 2.780821e-01 6.3270492765e+04 2.1004322151e+05 2.1030279915e+05
1225.6125 8.894018e-02 1.209170e-01 8.015835e-04 8.195331e-02 7.258015e-02 2.777188e-01 6.3311058285e+04 2.1005164538e+05 2.1025681141e+05
1226.6130 8.697812e-02 1.178238e-01 7.990908e-04 8.499599e-02 7.447244e-02 2.727896e-01 6.3331052582e+04 2.1002881659e+05 2.1026178151e+05
1227.6135 8.884581e-02 1.201836e-01 7.686552e-04 9.052015e-02 7.777914e-02 2.614439e-01 6.3327937121e+04 2.0997749478e+05 2.1031555104e+05
1228.6140 9.263114e-02 1.274296e-01 7.697660e-04 9.895975e-02 8.313039e-02 2.470165e-01 6.3304689942e+04 2.0990350481e+05 2.1040858637e+05
1229.6145 9.510643e-02 1.384544e-01 7.409239e-04 1.087830e-01 8.972667e-02 2.307121e-01 6.3269906120e+04 2.0981285516e+05 2.1052862592e+05
1230.6150 1.006385e-01 1.517701e-01 7.080214e-04 1.188351e-01 9.628078e-02 2.120041e-01 6.3229194408e+04 2.0971524155e+05 2.1066023332e+05
1231.6155 1.073508e-01 1.627233e-01 6.722396e-04 1.288316e-01 1.031160e-01 1.955008e-01 6.3190463568e+04 2.0962091060e+05 2.1078591350e+05
1232.6160 1.098525e-01 1.684882e-01 6.630713e-04 1.368214e-01 1.087091e-01 1.819484e-01 6.3163184184e+04 2.0954069910e+05 2.1089022738e+05
1233.6165 1.148477e-01 1.706563e-01 6.500494e-04 1.422969e-01 1.125313e-01 1.713270e-01 6.3151035418e+04 2.0948137708e+05 2.1095934863e+05
1234.6170 1.188613e-01 1.691449e-01 6.175310e-04 1.444563e-01 1.144949e-01 1.691262e-01 6.3160219286e+04 2.0944613600e+05 2.1098361717e+05
1235.6175 1.148577e-01 1.669644e-01 6.632394e-04 1.430541e-01 1.137738e-01 1.712414e-01 6.3197192048e+04 2.0943665413e+05 2.1095865966e+05
1236.6180 1.139974e-01 1.633458e-01 6.620124e-04 1.384918e-01 1.110122e-01 1.797588e-01 6.3258400146e+04 2.0945021588e+05 2.1088519288e+05
1237.6185 1.126116e-01 1.607239e-01 7.054233e-04 1.307566e-01 1.059622e-01 1.950960e-01 6.3341927582e+04 2.0948226186e+05 2.1077009648e+05
1238.6190 1.056310e-01 1.589025e-01 6.843382e-04 1.207589e-01 9.901257e-02 2.116830e-01 6.3445338015e+04 2.0952788006e+05 2.1062483156e+05
1239.6195 1.015782e-01 1.553667e-01 7.264841e-04 1.095770e-01 9.149830e-02 2.325565e-01 6.3556672751e+04 2.0957961142e+05 2.1046386080e+05
1240.6200 9.740989e-02 1.463563e-01 7.806598e-04 9.806675e-02 8.330683e-02 2.515561e-01 6.3669563766e+04 2.0963241292e+05 2.1030364520e+05
1241.6205 8.990448e-02 1.330381e-01 7.835107e-04 8.795978e-02 7.614684e-02 2.687513e-01 6.3776511685e+04 2.0967930890e+05 2.1015833910e+05
1242.6210 8.515016e-02 1.206330e-01 8.114855e-04 8.015768e-02 7.045228e-02 2.830081e-01 6.3866019957e+04 2.0971489777e+05 2.1003982049e+05
1243.6215 8.306777e-02 1.104513e-01 8.140199e-04 7.534157e-02 6.651250e-02 2.890470e-01 6.3933288744e+04 2.0973643310e+05 2.0995705551e+05
1244.6220 7.944491e-02 1.071601e-01 8.269215e-04 7.447094e-02 6.556020e-02 2.905308e-01 6.3975049789e+04 2.0973931914e+05 2.0991540511e+05
1245.6225 8.089125e-02 1.106930e-01 8.449455e-04 7.733573e-02 6.702598e-02 2.848529e-01 6.3988441219e+04 2.0972125440e+05 2.0991867337e+05
1246.6230 8.345126e-02 1.202644e-01 7.812479e-04 8.368662e-02 7.103033e-02 2.715776e-01 6.3976487858e+04 2.0968117069e+05 2.0996692156e+05
1247.6235 8.601050e-02 1.322560e-01 7.767620e-04 9.388298e-02 7.763797e-02 2.540545e-01 6.3942650069e+04 2.0962072717e+05 2.1005573458e+05
1248.6240 9.420728e-02 1.432772e-01 7.529211e-04 1.054376e-01 8.569823e-02 2.338329e-01 6.3890992404e+04 2.0954245547e+05 2.1017815553e+05
1249.6245 1.009593e-01 1.533732e-01 7.070785e-04 1.175392e-01 9.414274e-02 2.108848e-01 6.3833067357e+04 2.0945083052e+05 2.1032188454e+05
1250.6250 1.055012e-01 1.600130e-01 6.849154e-04 1.294281e-01 1.026946e-01 1.904209e-01 6.3779725268e+04 2.0935096436e+05 2.1047067615e+05
1251.6255 1.120568e-01 1.642006e-01 6.563774e-04 1.394556e-01 1.101831e-01 1.727214e-01 6.3739433289e+04 2.0925135209e+05 2.1060633534e+05
1252.6260 1.167490e-01 1.677927e-01 6.544374e-04 1.465674e-01 1.155162e-01 1.601536e-01 6.3721998885e+04 2.0916173669e+05 2.1071005448e+05
1253.6265 1.169373e-01 1.718346e-01 6.057198e-04 1.494738e-01 1.179946e-01 1.558830e-01 6.3732485866e+04 2.0909385261e+05 2.1076541417e+05
1254.6270 1.187768e-01 1.764591e-01 6.206378e-04 1.486016e-01 1.177042e-01 1.576343e-01 6.3770904413e+04 2.0905724075e+05 2.1076069542e+05
1255.6275 1.178261e-01 1.769762e-01 6.226269e-04 1.437998e-01 1.145470e-01 1.675927e-01 6.3839214140e+04 2.0905653136e+05 2.1069242312e+05
1256.6280 1.110284e-01 1.731387e-01 6.398101e-04 1.348883e-01 1.084229e-01 1.840838e-01 6.3935244669e+04 2.0909136736e+05 2.1056524051e+05
1257.6285 1.065534e-01 1.630363e-01 6.618505e-04 1.236731e-01 1.004709e-01 2.039269e-01 6.4049428108e+04 2.0915794106e+05 2.1039007473e+05
1258.6290 1.009867e-01 1.492615e-01 7.086387e-04 1.108550e-01 9.146748e-02 2.275353e-01 6.4172943515e+04 2.0924698172e+05 2.1018452087e+05
1259.6295 9.274512e-02 1.336505e-01 7.617398e-04 9.757609e-02 8.159105e-02 2.501063e-01 6.4296728546e+04 2.0934655338e+05 2.0997108270e+05
1260.6300 8.808736e-02 1.210763e-01 7.701278e-04 8.596502e-02 7.322370e-02 2.702630e-01 6.4408407068e+04 2.0943970272e+05 2.0977308487e+05
1261.6305 8.399974e-02 1.112304e-01 8.195669e-04 7.689090e-02 6.606985e-02 2.856004e-01 6.4501852126e+04 2.0951099278e+05 2.0961430220e+05
1262.6310 7.910011e-02 1.065265e-01 8.207684e-04 7.148287e-02 6.164120e-02 2.937156e-01 6.4571289201e+04 2.0954768773e+05 2.0951276319e+05
1263.6315 7.713126e-02 1.084608e-01 8.681144e-04 7.022585e-02 6.023462e-02 2.954922e-01 6.4608888806e+04 2.0954382287e+05 2.0947943728e+05
1264.6320 7.899916e-02 1.145961e-01 8.333916e-04 7.300560e-02 6.165779e-02 2.884712e-01 6.4613517177e+04 2.0949932055e+05 2.0951723176e+05
1265.6325 8.168678e-02 1.237039e-01 8.073421e-04 8.007965e-02 6.636107e-02 2.740185e-01 6.4588984336e+04 2.0941805223e+05 2.0961930484e+05
1266.6330 8.726887e-02 1.307458e-01 8.177516e-04 9.061233e-02 7.378799e-02 2.550539e-01 6.4541802943e+04 2.0930857575e+05 2.0977134621e+05
1267.6335 9.420742e-02 1.366211e-01 7.581648e-04 1.025673e-01 8.246543e-02 2.317452e-01 6.4481344032e+04 2.0918337227e+05 2.0995296020e+05
1268.6340 1.008817e-01 1.453691e-01 6.987694e-04 1.156862e-01 9.201936e-02 2.071171e-01 6.4417018350e+04 2.0905678440e+05 2.1013847343e+05
1269.6345 1.079253e-01 1.558986e-01 6.729993e-04 1.282235e-01 1.014300e-01 1.850268e-01 6.4358362462e+04 2.0894375886e+05 2.1030320023e+05
1270.6350 1.137076e-01 1.681457e-01 6.419930e-04 1.387790e-01 1.092331e-01 1.659009e-01 6.4315674813e+04 2.0885621207e+05 2.1042646092e+05
1271.6355 1.184679e-01 1.767496e-01 6.241193e-04 1.463229e-01 1.151445e-01 1.533913e-01 6.4298588924e+04 2.0880031813e+05 2.1049372614e+05
1272.6360 1.191999e-01 1.824047e-01 6.090476e-04 1.491986e-01 1.177211e-01 1.482691e-01 6.4313410943e+04 2.0877798571e+05 2.1049852209e+05
1273.6365 1.185393e-01 1.816331e-01 5.978950e-04 1.483805e-01 1.172194e-01 1.508358e-01 6.4360636846e+04 2.0878912733e+05 2.1044018559e+05
1274.6370 1.156473e-01 1.753526e-01 6.026759e-04 1.432840e-01 1.141291e-01 1.611869e-01 6.4437186548e+04 2.0883020070e+05 2.1032542580e+05
1275.6375 1.103683e-01 1.648349e-01 6.436619e-04 1.338319e-01 1.071062e-01 1.780069e-01 6.4537066883e+04 2.0889425016e+05 2.1016774896e+05
1276.6380 1.057060e-01 1.514361e-01 6.441114e-04 1.225636e-01 9.905488e-02 1.989553e-01 6.4653042738e+04 2.0897011220e+05 2.0998248792e+05
1277.6385 9.836880e-02 1.385263e-01 7.174014e-04 1.091794e-01 8.907592e-02 2.234272e-01 6.4777308353e+04 2.0904637000e+05 2.0978962007e+05
1278.6390 9.021324e-02 1.258622e-01 7.480878e-04 9.621833e-02 7.912275e-02 2.464065e-01 6.4900073851e+04 2.0911475503e+05 2.0960685133e+05
1279.6395 8.399964e-02 1.177585e-01 7.675470e-04 8.464437e-02 7.028721e-02 2.663219e-01 6.5009165023e+04 2.0916746414e+05 2.0945101465e+05
1280.6400 7.983310e-02 1.138832e-01 7.979699e-04 7.577593e-02 6.302939e-02 2.813534e-01 6.5095350234e+04 2.0919974118e+05 2.0933620869e+05
1281.6405 7.699481e-02 1.133895e-01 8.312248e-04 7.072195e-02 5.884996e-02 2.897362e-01 6.5153026815e+04 2.0920777982e+05 2.0927218831e+05
1282.6410 7.715352e-02 1.137719e-01 8.464301e-04 6.925264e-02 5.742149e-02 2.900497e-01 6.5179577969e+04 2.0918962445e+05 2.0926455288e+05
1283.6415 7.853719e-02 1.133450e-01 8.222745e-04 7.207194e-02 5.912349e-02 2.819467e-01 6.5176214133e+04 2.0914699252e+05 2.0931166663e+05
1284.6420 8.196477e-02 1.165211e-01 8.076681e-04 7.965588e-02 6.471620e-02 2.676297e-01 6.5145170282e+04 2.0908199976e+05 2.0940556359e+05
1285.6425 8.813831e-02 1.238009e-01 7.843492e-04 8.973103e-02 7.192543e-02 2.479342e-01 6.5093104300e+04 2.0899935680e+05 2.0953582426e+05
1286.6430 9.424444e-02 1.363770e-01 7.531296e-04 1.012636e-01 8.076004e-02 2.245567e-01 6.5030712861e+04 2.0890403375e+05 2.0968726751e+05
1287.6435 1.023352e-01 1.514815e-01 7.196688e-04 1.140493e-01 9.038483e-02 2.011756e-01 6.4968119904e+04 2.0880193311e+05 2.0984302935e+05
1288.6440 1.088712e-01 1.665240e-01 6.684020e-04 1.258062e-01 9.932145e-02 1.794530e-01 6.4917310271e+04 2.0870100583e+05 2.0998641693e+05
1289.6445 1.128811e-01 1.760321e-01 6.557724e-04 1.356263e-01 1.068516e-01 1.621720e-01 6.4886598632e+04 2.0861268060e+05 2.1010005671e+05
1290.6450 1.158421e-01 1.795033e-01 5.932724e-04 1.422319e-01 1.124290e-01 1.509863e-01 6.4880601425e+04 2.0854698568e+05 2.1016877807e+05
1291.6455 1.170268e-01 1.784663e-01 5.814573e-04 1.442896e-01 1.139449e-01 1.472190e-01 6.4902759866e+04 2.0851118309e+05 2.1018242068e+05
1292.6460 1.157808e-01 1.712681e-01 6.020262e-04 1.434887e-01 1.138820e-01 1.507930e-01 6.4955229079e+04 2.0850959072e+05 2.1013388214e+05
1293.6465 1.120349e-01 1.618137e-01 5.933810e-04 1.378035e-01 1.096843e-01 1.610111e-01 6.5035857032e+04 2.0854124328e+05 2.1002681335e+05
1294.6470 1.074960e-01 1.527737e-01 6.187917e-04 1.292528e-01 1.031657e-01 1.775822e-01 6.5138036363e+04 2.0860142267e+05 2.0986929605e+05
1295.6475 1.017026e-01 1.437791e-01 6.537043e-04 1.188658e-01 9.549830e-02 1.979538e-01 6.5253574369e+04 2.0868298333e+05 2.0967719887e+05
1296.6480 9.471216e-02 1.371770e-01 7.038016e-04 1.064025e-01 8.552263e-02 2.205040e-01 6.5371599530e+04 2.0877403589e+05 2.0947357131e+05
1297.6485 8.905932e-02 1.319799e-01 7.086642e-04 9.521094e-02 7.699705e-02 2.408539e-01 6.5481816856e+04 2.0886084455e+05 2.0928059480e+05
1298.6490 8.264169e-02 1.250915e-01 7.752939e-04 8.466855e-02 6.861983e-02 2.585192e-01 6.5576390563e+04 2.0893001229e+05 2.0912274544e+05
1299.6495 7.824861e-02 1.176468e-01 7.623490e-04 7.698978e-02 6.249475e-02 2.715750e-01 6.5648104431e+04 2.0896903025e+05 2.0901713932e+05
1300.6500 7.724607e-02 1.107982e-01 8.240626e-04 7.255572e-02 5.899737e-02 2.779414e-01 6.5692264857e+04 2.0897145496e+05 2.0897426867e+05
1301.6505 7.714774e-02 1.063715e-01 8.273785e-04 7.142084e-02 5.790657e-02 2.769219e-01 6.5709250589e+04 2.0893565616e+05 2.0899623028e+05
1302.6510 7.960800e-02 1.095546e-01 7.949981e-04 7.427487e-02 6.012884e-02 2.688748e-01 6.5700186979e+04 2.0886404909e+05 2.0907588176e+05
1303.6515 8.489441e-02 1.194098e-01 8.263634e-04 8.096545e-02 6.499520e-02 2.558054e-01 6.5668831594e+04 2.0876585425e+05 2.0919990738e+05
1304.6520 8.995444e-02 1.323619e-01 7.656805e-04 8.967696e-02 7.163535e-02 2.375270e-01 6.5623436965e+04 2.0865432592e+05 2.0935077077e+05
1305.6525 9.575032e-02 1.471752e-01 7.685160e-04 9.982987e-02 7.925750e-02 2.171263e-01 6.5571330475e+04 2.0854224433e+05 2.0950768331e+05
1306.6530 1.017835e-01 1.592159e-01 6.989186e-04 1.111790e-01 8.787817e-02 1.966948e-01 6.5522110408e+04 2.0844260171e+05 2.0964948083e+05
1307.6535 1.062843e-01 1.678583e-01 6.762266e-04 1.210829e-01 9.530055e-02 1.784108e-01 6.5485180411e+04 2.0836455611e+05 2.0975955125e+05
1308.6540 1.107787e-01 1.714232e-01 6.498154e-04 1.294481e-01 1.017718e-01 1.642500e-01 6.5466813159e+04 2.0831509595e+05 2.0982386483e+05
1309.6545 1.126450e-01 1.688443e-01 6.039468e-04 1.345313e-01 1.058001e-01 1.546167e-01 6.5473168384e+04 2.0829728112e+05 2.0983585883e+05
1310.6550 1.125854e-01 1.644802e-01 5.975972e-04 1.365331e-01 1.072507e-01 1.519330e-01 6.5504923372e+04 2.0830843279e+05 2.0979450937e+05
1311.6555 1.126024e-01 1.608288e-01 6.120768e-04 1.360985e-01 1.069477e-01 1.555015e-01 6.5560493438e+04 2.0834281356e+05 2.0970483950e+05
1312.6560 1.086819e-01 1.582947e-01 5.918327e-04 1.311394e-01 1.030612e-01 1.644672e-01 6.5638106922e+04 2.0839264671e+05 2.0957991426e+05
1313.6565 1.031088e-01 1.551943e-01 6.253941e-04 1.246864e-01 9.805404e-02 1.785707e-01 6.5731176851e+04 2.0844890787e+05 2.0943304242e+05
1314.6570 9.967170e-02 1.499547e-01 6.541166e-04 1.157605e-01 9.118529e-02 1.954265e-01 6.5831283706e+04 2.0850294501e+05 2.0928192168e+05
1315.6575 9.450823e-02 1.415704e-01 6.931326e-04 1.056252e-01 8.341375e-02 2.134723e-01 6.5932526884e+04 2.0854727436e+05 2.0914169492e+05
1316.6580 8.851227e-02 1.320247e-01 7.330844e-04 9.659758e-02 7.684650e-02 2.299293e-01 6.6027245696e+04 2.0857657339e+05 2.0902354570e+05
1317.6585 8.462338e-02 1.203331e-01 7.501736e-04 8.752830e-02 6.999712e-02 2.446112e-01 6.6106768017e+04 2.0859016803e+05 2.0893724006e+05
1318.6590 8.306473e-02 1.113883e-01 7.527145e-04 8.118059e-02 6.548183e-02 2.551811e-01 6.6165679958e+04 2.0858780985e+05 2.0888503376e+05
1319.6595 8.216914e-02 1.081778e-01 8.358031e-04 7.714473e-02 6.263353e-02 2.602104e-01 6.6202309483e+04 2.0857041178e+05 2.0886819796e+05
1320.6600 8.208720e-02 1.112777e-01 7.800423e-04 7.606958e-02 6.190014e-02 2.594325e-01 6.6216642063e+04 2.0853964456e+05 2.0888450355e+05
1321.6605 8.481692e-02 1.199488e-01 8.028479e-04 7.810182e-02 6.337819e-02 2.545436e-01 6.6210619555e+04 2.0849613408e+05 2.0893000261e+05
1322.6610 8.784868e-02 1.316926e-01 7.748438e-04 8.302116e-02 6.698948e-02 2.443524e-01 6.6190588527e+04 2.0844177787e+05 2.0899909199e+05
1323.6615 9.066229e-02 1.425970e-01 7.467830e-04 8.915843e-02 7.126873e-02 2.307644e-01 6.6161515995e+04 2.0838034381e+05 2.0908536167e+05
1324.6620 9.515757e-02 1.511278e-01 7.863987e-04 9.687172e-02 7.688820e-02 2.160175e-01 6.6127696146e+04 2.0831592468e+05 2.0917891126e+05
1325.6625 1.004400e-01 1.545361e-01 6.919438e-04 1.055305e-01 8.319303e-02 2.000877e-01 6.6096403164e+04 2.0825374012e+05 2.0926929973e+05
1326.6630 1.037815e-01 1.539017e-01 7.092896e-04 1.131879e-01 8.831286e-02 1.857854e-01 6.6074202518e+04 2.0819838916e+05 2.0934638588e+05
1327.6635 1.050462e-01 1.531213e-01 6.348192e-04 1.205409e-01 9.378747e-02 1.745160e-01 6.6065745314e+04 2.0815387155e+05 2.0939858169e+05
1328.6640 1.071253e-01 1.545563e-01 6.494244e-04 1.250330e-01 9.668173e-02 1.649864e-01 6.6073688619e+04 2.0812401455e+05 2.0941998042e+05
1329.6645 1.082555e-01 1.592643e-01 6.239999e-04 1.283887e-01 9.892913e-02 1.608646e-01 6.6099258559e+04 2.0811003382e+05 2.0940550994e+05
1330.6650 1.069353e-01 1.647792e-01 6.233392e-04 1.292282e-01 9.939141e-02 1.619342e-01 6.6143511809e+04 2.0811096858e+05 2.0935765398e+05
1331.6655 1.050254e-01 1.671817e-01 5.936745e-04 1.265651e-01 9.734090e-02 1.663584e-01 6.6205059772e+04 2.0812418292e+05 2.0928279252e+05
1332.6660 1.027718e-01 1.632900e-01 6.053479e-04 1.227949e-01 9.509162e-02 1.748278e-01 6.6280007400e+04 2.0814659573e+05 2.0918691360e+05
1333.6665 9.833981e-02 1.518890e-01 6.463422e-04 1.159371e-01 9.017870e-02 1.867273e-01 6.6362869925e+04 2.0817662308e+05 2.0908030783e+05
1334.6670 9.367258e-02 1.370428e-01 6.629129e-04 1.086809e-01 8.542495e-02 1.996773e-01 6.6446972099e+04 2.0821104502e+05 2.0896929985e+05
1335.6675 9.107396e-02 1.238731e-01 6.801023e-04 1.009563e-01 8.039445e-02 2.128553e-01 6.6525498956e+04 2.0824522040e+05 2.0886287261e+05
1336.6680 8.898309e-02 1.162257e-01 6.881406e-04 9.306365e-02 7.492412e-02 2.255333e-01 6.6595378075e+04 2.0827238183e+05 2.0876997042e+05
1337.6685 8.593819e-02 1.149415e-01 7.417743e-04 8.711822e-02 7.088603e-02 2.360091e-01 6.6654519325e+04 2.0828711348e+05 2.0869765451e+05
1338.6690 8.540556e-02 1.189450e-01 7.604801e-04 8.239498e-02 6.738202e-02 2.425748e-01 6.6698793127e+04 2.0828607100e+05 2.0865362888e+05
1339.6695 8.604548e-02 1.256315e-01 7.520954e-04 8.001299e-02 6.543691e-02 2.459940e-01 6.6725952988e+04 2.0826866690e+05 2.0864122296e+05
1340.6700 8.564853e-02 1.325314e-01 7.862619e-04 7.974621e-02 6.475198e-02 2.456418e-01 6.6737336684e+04 2.0823502759e+05 2.0866137552e+05
1341.6705 8.737683e-02 1.378864e-01 7.566221e-04 8.167807e-02 6.555770e-02 2.409594e-01 6.6734794583e+04 2.0818651068e+05 2.0871039524e+05
1342.6710 9.122980e-02 1.372501e-01 7.681882e-04 8.507731e-02 6.744867e-02 2.332187e-01 6.6722350768e+04 2.0812852496e+05 2.0878044130e+05
1343.6715 9.179309e-02 1.341063e-01 7.447620e-04 9.071382e-02 7.098080e-02 2.228640e-01 6.6705853598e+04 2.0806798783e+05 2.0885913508e+05
1344.6720 9.412283e-02 1.335951e-01 7.179465e-04 9.726402e-02 7.505923e-02 2.103360e-01 6.6686525750e+04 2.0801218595e+05 2.0893434366e+05
1345.6725 9.848944e-02 1.387597e-01 7.199284e-04 1.041384e-01 7.969940e-02 1.976798e-01 6.6667264034e+04 2.0796727374e+05 2.0899512922e+05
1346.6730 1.006790e-01 1.496287e-01 6.706538e-04 1.113815e-01 8.459438e-02 1.854099e-01 6.6654276341e+04 2.0793553961e+05 2.0903471235e+05
1347.6735 1.031849e-01 1.607884e-01 6.703250e-04 1.170789e-01 8.859400e-02 1.737376e-01 6.6651751837e+04 2.0791591918e+05 2.0905207680e+05
1348.6740 1.048385e-01 1.683957e-01 6.233244e-04 1.225512e-01 9.300694e-02 1.664596e-01 6.6662651398e+04 2.0790497342e+05 2.0904733927e+05
1349.6745 1.042847e-01 1.715365e-01 6.240790e-04 1.251825e-01 9.521146e-02 1.621749e-01 6.6688757663e+04 2.0789960908e+05 2.0902535730e+05
1350.6750 1.038019e-01 1.673797e-01 5.932473e-04 1.253529e-01 9.627303e-02 1.611607e-01 6.6729062516e+04 2.0789781381e+05 2.0898862187e+05
1351.6755 1.037457e-01 1.563543e-01 6.049819e-04 1.236646e-01 9.604997e-02 1.647908e-01 6.6782670176e+04 2.0789723280e+05 2.0893937963e+05
1352.6760 1.019617e-01 1.434885e-01 6.256111e-04 1.186983e-01 9.307737e-02 1.723701e-01 6.6849181865e+04 2.0789593526e+05 2.0888025358e+05
1353.6765 9.813842e-02 1.332022e-01 6.148984e-04 1.133935e-01 9.010168e-02 1.827805e-01 6.6925296084e+04 2.0789544060e+05 2.0880953014e+05
1354.6770 9.339201e-02 1.284611e-01 6.668801e-04 1.060672e-01 8.498518e-02 1.953159e-01 6.7004347405e+04 2.0789977638e+05 2.0872990447e+05
1355.6775 9.085242e-02 1.290917e-01 6.591004e-04 9.862652e-02 7.958685e-02 2.085903e-01 6.7078948270e+04 2.0791202780e+05 2.0864361843e+05
1356.6780 8.921111e-02 1.327760e-01 7.676372e-04 9.176949e-02 7.414374e-02 2.212137e-01 6.7145804670e+04 2.0793049584e+05 2.0855723656e+05
1357.6785 8.590451e-02 1.345611e-01 7.143619e-04 8.547184e-02 6.896475e-02 2.317180e-01 6.7203983170e+04 2.0795080259e+05 2.0847980415e+05
1358.6790 8.384606e-02 1.319950e-01 7.383842e-04 8.129123e-02 6.523766e-02 2.391096e-01 6.7249853805e+04 2.0796762829e+05 2.0841917646e+05
1359.6795 8.361524e-02 1.256848e-01 7.671902e-04 7.882652e-02 6.256149e-02 2.422647e-01 6.7280013562e+04 2.0797753263e+05 2.0838247215e+05
1360.6800 8.334954e-02 1.202432e-01 7.663733e-04 7.841364e-02 6.156521e-02 2.418145e-01 6.7293651700e+04 2.0797612333e+05 2.0837334426e+05
1361.6805 8.464322e-02 1.185305e-01 7.711791e-04 8.015164e-02 6.227695e-02 2.366975e-01 6.7292206095e+04 2.0795931809e+05 2.0839287098e+05
1362.6810 8.793458e-02 1.223390e-01 7.352808e-04 8.458099e-02 6.508103e-02 2.278238e-01 6.7279419812e+04 2.0792401526e+05 2.0843885471e+05
1363.6815 9.046723e-02 1.314513e-01 7.456334e-04 9.047358e-02 6.894195e-02 2.163096e-01 6.7260842398e+04 2.0787048589e+05 2.0850685412e+05
1364.6820 9.206217e-02 1.439658e-01 6.994250e-04 9.734311e-02 7.424235e-02 2.027903e-01 6.7240316940e+04 2.0780435554e+05 2.0858840158e+05
1365.6825 9.560307e-02 1.584656e-01 6.969165e-04 1.045088e-01 7.973618e-02 1.887430e-01 6.7219600776e+04 2.0773306008e+05 2.0867371999e+05
1366.6830 9.998355e-02 1.679041e-01 6.666194e-04 1.110864e-01 8.510893e-02 1.757058e-01 6.7204112608e+04 2.0766520773e+05 2.0875190369e+05
1367.6835 1.029697e-01 1.676544e-01 6.197381e-04 1.172087e-01 9.033056e-02 1.661009e-01 6.7199953581e+04 2.0760771809e+05 2.0881177007e+05
1368.6840 1.035533e-01 1.607593e-01 6.167292e-04 1.206752e-01 9.355849e-02 1.586322e-01 6.7212445760e+04 2.0756547889e+05 2.0884444071e+05
1369.6845 1.041085e-01 1.513670e-01 5.918616e-04 1.224431e-01 9.575246e-02 1.557989e-01 6.7241604474e+04 2.0754337720e+05 2.0884055916e+05
1370.6850 1.027282e-01 1.442516e-01 5.948667e-04 1.217540e-01 9.550725e-02 1.580512e-01 6.7286585654e+04 2.0754504651e+05 2.0879683008e+05
1371.6855 1.010120e-01 1.426784e-01 6.120020e-04 1.183604e-01 9.319673e-02 1.643887e-01 6.7345846785e+04 2.0756802600e+05 2.0871568720e+05
1372.6860 9.939083e-02 1.456738e-01 6.407666e-04 1.141011e-01 8.979871e-02 1.743338e-01 6.7417191170e+04 2.0760549697e+05 2.0860537261e+05
1373.6865 9.500692e-02 1.482069e-01 6.197685e-04 1.072969e-01 8.423464e-02 1.868729e-01 6.7498260140e+04 2.0764950716e+05 2.0848089477e+05
1374.6870 8.932544e-02 1.470764e-01 6.916474e-04 1.003559e-01 7.867173e-02 2.005973e-01 6.7581408158e+04 2.0769389560e+05 2.0835560648e+05
1375.6875 8.672494e-02 1.399367e-01 7.179667e-04 9.334470e-02 7.282233e-02 2.129161e-01 6.7656858988e+04 2.0773430097e+05 2.0824375839e+05
1376.6880 8.361824e-02 1.279419e-01 6.956771e-04 8.685110e-02 6.750776e-02 2.243733e-01 6.7720011634e+04 2.0776482570e+05 2.0815644879e+05
1377.6885 8.129631e-02 1.171137e-01 7.720357e-04 8.239916e-02 6.392601e-02 2.317378e-01 6.7768546930e+04 2.0777739429e+05 2.0810092874e+05
1378.6890 8.096152e-02 1.099600e-01 7.507629e-04 7.924273e-02 6.144412e-02 2.348909e-01 6.7801402152e+04 2.0776789890e+05 2.0808157662e+05
1379.6895 7.985087e-02 1.101368e-01 7.713781e-04 7.869972e-02 6.090110e-02 2.344094e-01 6.7819346819e+04 2.0773609877e+05 2.0809644166e+05
1380.6900 8.071151e-02 1.169217e-01 7.544761e-04 8.031389e-02 6.238787e-02 2.291132e-01 6.7821441053e+04 2.0768763930e+05 2.0814070614e+05
1381.6905 8.403717e-02 1.288887e-01 7.221159e-04 8.385638e-02 6.516126e-02 2.207666e-01 6.7809000532e+04 2.0762807784e+05 2.0820729682e+05
1382.6910 8.707958e-02 1.421205e-01 7.305081e-04 8.873332e-02 6.909791e-02 2.100129e-01 6.7788504480e+04 2.0756239934e+05 2.0828769927e+05
1383.6915 9.032739e-02 1.514633e-01 6.685158e-04 9.452854e-02 7.411850e-02 1.982544e-01 6.7766063929e+04 2.0749577920e+05 2.0837201787e+05
1384.6920 9.333229e-02 1.536119e-01 6.758300e-04 1.002663e-01 7.863742e-02 1.860296e-01 6.7746999313e+04 2.0743584195e+05 2.0844972543e+05
1385.6925 9.541591e-02 1.504225e-01 6.378780e-04 1.061506e-01 8.340243e-02 1.756283e-01 6.7734666828e+04 2.0738965326e+05 2.0850863134e+05
1386.6930 9.803899e-02 1.459844e-01 6.561660e-04 1.112001e-01 8.710864e-02 1.678943e-01 6.7731559351e+04 2.0736163482e+05 2.0854018203e+05
1387.6935 1.014068e-01 1.450197e-01 6.151232e-04 1.138475e-01 8.887022e-02 1.622637e-01 6.7741843463e+04 2.0735047379e+05 2.0854061646e+05
1388.6940 1.014111e-01 1.469239e-01 6.179354e-04 1.157672e-01 8.989693e-02 1.614329e-01 6.7770294284e+04 2.0735163074e+05 2.0850936698e+05
1389.6945 1.004590e-01 1.495007e-01 6.154908e-04 1.156158e-01 8.892997e-02 1.639977e-01 6.7815494300e+04 2.0736264046e+05 2.0845194642e+05
1390.6950 9.892571e-02 1.531471e-01 6.312926e-04 1.135634e-01 8.666127e-02 1.697088e-01 6.7873670843e+04 2.0737987031e+05 2.0837501534e+05
1391.6955 9.399206e-02 1.543450e-01 6.374363e-04 1.105858e-01 8.372894e-02 1.774659e-01 6.7941316343e+04 2.0740155602e+05 2.0828651261e+05
1392.6960 9.174591e-02 1.503862e-01 6.511130e-04 1.054483e-01 7.942476e-02 1.875596e-01 6.8011105466e+04 2.0742418503e+05 2.0819631895e+05
1393.6965 9.078480e-02 1.405301e-01 7.162654e-04 1.006318e-01 7.571454e-02 1.969799e-01 6.8081291577e+04 2.0744324772e+05 2.0811098347e+05
1394.6970 8.520800e-02 1.270149e-01 6.735011e-04 9.545052e-02 7.203761e-02 2.049186e-01 6.8149849779e+04 2.0745678337e+05 2.0803706980e+05
1395.6975 8.299574e-02 1.156076e-01 6.884711e-04 9.097299e-02 6.906979e-02 2.123703e-01 6.8207154646e+04 2.0746444182e+05 2.0797761738e+05
1396.6980 8.275917e-02 1.113503e-01 7.206572e-04 8.814526e-02 6.758868e-02 2.159210e-01 6.8248669699e+04 2.0746809925e+05 2.0793462308e+05
1397.6985 8.177411e-02 1.144730e-01 7.036889e-04 8.555444e-02 6.623270e-02 2.170533e-01 6.8274101802e+04 2.0746524469e+05 2.0791229655e+05
1398.6990 8.295375e-02 1.218229e-01 7.306314e-04 8.538082e-02 6.682552e-02 2.158783e-01 6.8285058497e+04 2.0745109305e+05 2.0791230752e+05
1399.6995 8.485604e-02 1.307392e-01 6.808926e-04 8.632522e-02 6.818696e-02 2.117118e-01 6.8286388322e+04 2.0742142050e+05 2.0793701485e+05
1400.7000 8.603893e-02 1.364201e-01 6.867898e-04 8.835982e-02 7.000403e-02 2.058431e-01 6.8281238167e+04 2.0737769033e+05 2.0798389337e+05
1401.7005 8.851253e-02 1.384886e-01 7.009645e-04 9.105677e-02 7.240270e-02 1.989854e-01 6.8271263385e+04 2.0732420780e+05 2.0804625038e+05
1402.7010 9.159767e-02 1.388777e-01 6.821246e-04 9.371354e-02 7.443290e-02 1.926707e-01 6.8260409394e+04 2.0726566848e+05 2.0811493611e+05
1403.7015 9.494545e-02 1.381967e-01 6.831688e-04 9.669650e-02 7.633807e-02 1.864357e-01 6.8253762341e+04 2.0720852029e+05 2.0817825056e+05
1404.7020 9.702092e-02 1.372250e-01 6.486158e-04 9.998776e-02 7.830516e-02 1.815608e-01 6.8255926788e+04 2.0715920296e+05 2.0822476412e+05
1405.7025 9.600355e-02 1.372689e-01 6.791315e-04 1.025418e-01 7.924313e-02 1.775510e-01 6.8269076619e+04 2.0712597200e+05 2.0824552909e+05
1406.7030 9.586066e-02 1.415275e-01 6.499709e-04 1.039724e-01 7.943502e-02 1.765493e-01 6.8290533316e+04 2.0711320835e+05 2.0823494492e+05
1407.7035 9.772636e-02 1.481581e-01 6.578853e-04 1.055898e-01 7.955506e-02 1.765948e-01 6.8320596559e+04 2.0712104108e+05 2.0819280858e+05
1408.7040 9.602774e-02 1.530175e-01 6.784328e-04 1.054089e-01 7.861984e-02 1.780374e-01 6.8361592443e+04 2.0714459908e+05 2.0812686918e+05
1409.7045 9.428241e-02 1.515116e-01 6.647283e-04 1.048861e-01 7.789034e-02 1.811534e-01 6.8411142759e+04 2.0717613409e+05 2.0804631982e+05
1410.7050 9.287265e-02 1.433345e-01 6.306205e-04 1.041244e-01 7.706774e-02 1.834446e-01 6.8465662726e+04 2.0720932054e+05 2.0796223436e+05
1411.7055 8.995328e-02 1.326896e-01 6.785590e-04 1.019283e-01 7.580123e-02 1.875106e-01 6.8519738031e+04 2.0723773860e+05 2.0788499840e+05
1412.7060 8.793645e-02 1.241573e-01 6.904979e-04 1.005527e-01 7.535126e-02 1.894926e-01 6.8568397219e+04 2.0725714864e+05 2.0782111879e+05
1413.7065 8.838131e-02 1.193218e-01 6.405871e-04 9.863258e-02 7.469864e-02 1.913669e-01 6.8609289972e+04 2.0726184253e+05 2.0777764279e+05
1414.7070 8.732910e-02 1.192934e-01 6.721656e-04 9.710783e-02 7.438268e-02 1.933072e-01 6.8643855905e+04 2.0724809679e+05 2.0775719135e+05
1415.7075 8.512687e-02 1.227059e-01 6.768783e-04 9.604193e-02 7.447577e-02 1.932310e-01 6.8672141595e+04 2.0721750548e+05 2.0775945289e+05
1416.7080 8.609370e-02 1.279266e-01 6.602599e-04 9.468313e-02 7.411844e-02 1.931929e-01 6.8690980654e+04 2.0717500477e+05 2.0778134678e+05
1417.7085 8.794347e-02 1.326960e-01 6.945787e-04 9.449355e-02 7.435864e-02 1.921859e-01 6.8701166326e+04 2.0712817349e+05 2.0781566452e+05
1418.7090 8.882870e-02 1.349483e-01 6.416675e-04 9.371379e-02 7.395578e-02 1.913846e-01 6.8706330713e+04 2.0708185865e+05 2.0785636888e+05
1419.7095 9.104649e-02 1.343792e-01 6.981766e-04 9.317781e-02 7.358600e-02 1.904121e-01 6.8709467466e+04 2.0704025160e+05 2.0789488458e+05
1420.7100 9.221013e-02 1.312063e-01 6.538384e-04 9.309093e-02 7.312629e-02 1.901751e-01 6.8714962222e+04 2.0700735984e+05 2.0792347131e+05
1421.7105 9.126113e-02 1.291516e-01 6.932932e-04 9.264798e-02 7.229526e-02 1.898703e-01 6.8724603934e+04 2.0698697367e+05 2.0793600821e+05
1422.7110 9.129342e-02 1.294778e-01 7.082518e-04 9.253960e-02 7.150310e-02 1.900824e-01 6.8737416790e+04 2.0698161438e+05 2.0792876694e+05
1423.7115 9.278010e-02 1.330248e-01 6.813857e-04 9.276874e-02 7.075709e-02 1.907671e-01 6.8755246809e+04 2.0698748537e+05 2.0790295777e+05
1424.7120 9.300647e-02 1.383780e-01 7.197755e-04 9.283075e-02 6.998598e-02 1.907706e-01 6.8780880458e+04 2.0699918202e+05 2.0786365242e+05
1425.7125 9.046400e-02 1.427855e-01 7.009369e-04 9.278368e-02 6.930168e-02 1.921340e-01 6.8814164387e+04 2.0701094967e+05 2.0781757546e+05
1426.7130 8.974724e-02 1.431810e-01 7.037263e-04 9.388011e-02 6.976539e-02 1.915028e-01 6.8850913885e+04 2.0702113654e+05 2.0777042325e+05
1427.7135 9.124537e-02 1.393922e-01 7.012031e-04 9.406614e-02 6.975643e-02 1.915880e-01 6.8886924582e+04 2.0702728620e+05 2.0772901044e+05
1428.7140 8.904441e-02 1.345262e-01 6.915926e-04 9.540626e-02 7.085994e-02 1.900790e-01 6.8923694917e+04 2.0702639170e+05 2.0769561401e+05
1429.7145 8.726546e-02 1.283646e-01 6.734837e-04 9.651401e-02 7.216127e-02 1.877898e-01 6.8959601696e+04 2.0701671611e+05 2.0767261914e+05
1430.7150 8.817606e-02 1.236043e-01 6.994813e-04 9.727659e-02 7.338343e-02 1.856087e-01 6.8992287233e+04 2.0699896884e+05 2.0765932298e+05
1431.7155 8.677653e-02 1.217145e-01 6.527930e-04 9.954122e-02 7.560981e-02 1.815971e-01 6.9021698503e+04 2.0697793622e+05 2.0765209919e+05
1432.7160 8.620947e-02 1.239218e-01 6.276382e-04 1.005805e-01 7.708642e-02 1.789663e-01 6.9043571773e+04 2.0695738921e+05 2.0765021404e+05
1433.7165 8.832880e-02 1.291666e-01 6.403498e-04 1.016340e-01 7.843030e-02 1.755283e-01 6.9057025178e+04 2.0693980715e+05 2.0765178786e+05
1434.7170 9.019020e-02 1.343667e-01 6.606357e-04 1.022839e-01 7.922899e-02 1.725100e-01 6.9065789729e+04 2.0692329468e+05 2.0765724103e+05
1435.7175 9.079299e-02 1.354594e-01 6.204348e-04 1.022381e-01 7.943653e-02 1.712985e-01 6.9073336672e+04 2.0690628851e+05 2.0766648071e+05
1436.7180 9.120331e-02 1.340025e-01 6.569155e-04 1.017134e-01 7.917265e-02 1.709954e-01 6.9081775045e+04 2.0688730250e+05 2.0767782934e+05
1437.7185 9.132771e-02 1.320261e-01 6.101660e-04 9.980242e-02 7.755144e-02 1.723320e-01 6.9091985631e+04 2.0686729902e+05 2.0768927717e+05
1438.7190 9.270400e-02 1.312345e-01 6.904851e-04 9.780635e-02 7.579150e-02 1.754376e-01 6.9104639745e+04 2.0684721483e+05 2.0769676387e+05
1439.7195 9.454765e-02 1.310707e-01 6.641732e-04 9.487563e-02 7.321927e-02 1.801441e-01 6.9123158735e+04 2.0682674068e+05 2.0769838490e+05
1440.7200 9.374913e-02 1.325006e-01 7.009205e-04 9.141175e-02 7.031322e-02 1.846420e-01 6.9150324526e+04 2.0680708804e+05 2.0769128431e+05
1441.7205 9.195465e-02 1.344809e-01 7.284714e-04 8.863187e-02 6.767740e-02 1.908280e-01 6.9184308946e+04 2.0679138133e+05 2.0767255934e+05
1442.7210 9.050455e-02 1.346344e-01 7.000896e-04 8.632539e-02 6.545754e-02 1.956923e-01 6.9222704266e+04 2.0678486796e+05 2.0764113585e+05
1443.7215 8.895617e-02 1.353531e-01 7.573002e-04 8.347790e-02 6.312253e-02 1.998343e-01 6.9262816975e+04 2.0678795326e+05 2.0759863298e+05
1444.7220 8.927417e-02 1.348524e-01 7.197127e-04 8.205053e-02 6.192499e-02 2.031904e-01 6.9303118029e+04 2.0679858895e+05 2.0754743586e+05
1445.7225 8.810520e-02 1.310524e-01 7.646631e-04 8.248520e-02 6.194216e-02 2.040915e-01 6.9344105770e+04 2.0681390453e+05 2.0749256372e+05
1446.7230 8.604061e-02 1.249133e-01 6.930545e-04 8.280219e-02 6.218541e-02 2.037338e-01 6.9382440341e+04 2.0683061785e+05 2.0744083061e+05
1447.7235 8.575977e-02 1.204403e-01 7.143972e-04 8.528515e-02 6.410689e-02 1.990489e-01 6.9413233362e+04 2.0684643770e+05 2.0739621424e+05
1448.7240 8.596280e-02 1.202867e-01 7.097987e-04 8.820792e-02 6.637070e-02 1.940910e-01 6.9433355113e+04 2.0685693951e+05 2.0736556277e+05
1449.7245 8.740391e-02 1.241942e-01 6.920466e-04 9.190356e-02 6.927933e-02 1.867634e-01 6.9443355406e+04 2.0685684860e+05 2.0735386627e+05
1450.7250 8.822024e-02 1.286137e-01 6.534418e-04 9.705507e-02 7.313588e-02 1.783394e-01 6.9446380653e+04 2.0684109293e+05 2.0736419212e+05
1451.7255 8.949640e-02 1.305421e-01 6.318607e-04 1.010366e-01 7.644092e-02 1.701171e-01 6.9444982236e+04 2.0680809027e+05 2.0739772134e+05
1452.7260 9.158216e-02 1.337226e-01 6.337989e-04 1.052210e-01 7.972549e-02 1.612101e-01 6.9439951227e+04 2.0676057608e+05 2.0744865698e+05
1453.7265 9.382580e-02 1.360221e-01 6.285510e-04 1.081698e-01 8.233321e-02 1.546752e-01 6.9432280131e+04 2.0670630192e+05 2.0750922892e+05
1454.7270 9.761116e-02 1.383809e-01 6.017286e-04 1.096567e-01 8.374088e-02 1.503769e-01 6.9425330515e+04 2.0665079264e+05 2.0756977020e+05
1455.7275 1.010477e-01 1.386094e-01 6.170944e-04 1.097959e-01 8.415125e-02 1.489258e-01 6.9425749791e+04 2.0659913348e+05 2.0761985298e+05
1456.7280 1.007231e-01 1.376799e-01 6.212027e-04 1.078538e-01 8.299076e-02 1.508389e-01 6.9439471123e+04 2.0655625703e+05 2.0765000342e+05
1457.7285 9.896328e-02 1.368425e-01 6.577617e-04 1.046718e-01 8.075070e-02 1.565507e-01 6.9465746146e+04 2.0652970602e+05 2.0765118636e+05
1458.7290 9.952478e-02 1.374219e-01 6.476919e-04 9.940880e-02 7.684412e-02 1.648840e-01 6.9502257036e+04 2.0652472765e+05 2.0761950581e+05
1459.7295 9.821153e-02 1.382015e-01 7.173703e-04 9.316348e-02 7.218999e-02 1.753037e-01 6.9549669846e+04 2.0654159967e+05 2.0755558666e+05
1460.7300 9.454001e-02 1.380742e-01 7.032937e-04 8.681499e-02 6.715426e-02 1.875267e-01 6.9606787585e+04 2.0657494690e+05 2.0746635414e+05
1461.7305 9.320599e-02 1.345760e-01 7.368134e-04 8.090166e-02 6.244910e-02 1.982381e-01 6.9669384383e+04 2.0661802688e+05 2.0736248486e+05
1462.7310 8.894842e-02 1.278962e-01 7.691163e-04 7.517425e-02 5.780179e-02 2.086571e-01 6.9733128189e+04 2.0666441999e+05 2.0725670798e+05
1463.7315 8.383610e-02 1.214263e-01 7.407525e-04 7.180989e-02 5.465270e-02 2.156922e-01 6.9790994210e+04 2.0670769736e+05 2.0716008462e+05
1464.7320 8.366193e-02 1.165743e-01 8.232328e-04 7.031616e-02 5.290266e-02 2.197422e-01 6.9836171230e+04 2.0673989393e+05 2.0708442061e+05
1465.7325 8.355602e-02 1.149124e-01 7.259590e-04 7.038956e-02 5.266648e-02 2.195438e-01 6.9869284820e+04 2.0675276682e+05 2.0703926350e+05
1466.7330 8.175592e-02 1.145969e-01 7.527996e-04 7.356925e-02 5.435209e-02 2.138488e-01 6.9891469166e+04 2.0674207622e+05 2.0702906441e+05
1467.7335 8.229095e-02 1.163136e-01 7.385075e-04 7.835709e-02 5.790156e-02 2.056275e-01 6.9898787888e+04 2.0670867838e+05 2.0705419656e+05
1468.7340 8.509568e-02 1.207148e-01 7.034180e-04 8.507498e-02 6.279296e-02 1.928088e-01 6.9889932778e+04 2.0665998659e+05 2.0710931714e+05
1469.7345 8.769793e-02 1.270797e-01 6.733009e-04 9.322956e-02 6.908058e-02 1.786033e-01 6.9867382015e+04 2.0660232941e+05 2.0718585935e+05
1470.7350 9.239439e-02 1.332467e-01 6.235420e-04 1.006021e-01 7.511015e-02 1.628759e-01 6.9836112488e+04 2.0654108650e+05 2.0727498613e+05
1471.7355 9.691458e-02 1.372070e-01 6.215127e-04 1.083105e-01 8.142597e-02 1.479812e-01 6.9804359181e+04 2.0647998315e+05 2.0736472213e+05
1472.7360 9.884383e-02 1.393631e-01 5.775857e-04 1.144652e-01 8.678182e-02 1.364024e-01 6.9779760808e+04 2.0642313450e+05 2.0744462174e+05
1473.7365 1.017501e-01 1.413989e-01 5.921080e-04 1.181808e-01 9.010446e-02 1.282371e-01 6.9765378403e+04 2.0637625067e+05 2.0750440005e+05
1474.7370 1.062558e-01 1.451793e-01 5.459895e-04 1.194020e-01 9.156888e-02 1.255420e-01 6.9763993634e+04 2.0634288627e+05 2.0753576868e+05
1475.7375 1.078707e-01 1.485810e-01 6.108902e-04 1.174052e-01 9.046642e-02 1.282036e-01 6.9781527545e+04 2.0632422861e+05 2.0753507073e+05
1476.7380 1.068882e-01 1.492633e-01 6.118946e-04 1.127240e-01 8.701248e-02 1.372985e-01 6.9820147790e+04 2.0631878086e+05 2.0750159556e+05
1477.7385 1.036863e-01 1.468291e-01 6.029688e-04 1.050876e-01 8.127747e-02 1.503363e-01 6.9878826604e+04 2.0632665830e+05 2.0743737657e+05
1478.7390 9.886876e-02 1.420544e-01 7.238278e-04 9.632660e-02 7.437210e-02 1.668843e-01 6.9952430950e+04 2.0634872992e+05 2.0734518069e+05
1479.7395 9.490926e-02 1.349624e-01 6.819533e-04 8.657708e-02 6.660479e-02 1.848834e-01 7.0033525905e+04 2.0638544734e+05 2.0723157017e+05
1480.7400 8.995103e-02 1.273784e-01 7.649944e-04 7.694919e-02 5.875602e-02 2.027285e-01 7.0117113721e+04 2.0643248588e+05 2.0710587582e+05
1481.7405 8.495334e-02 1.205392e-01 7.528552e-04 6.826788e-02 5.177622e-02 2.184334e-01 7.0198286625e+04 2.0648178806e+05 2.0698018313e+05
1482.7410 8.296205e-02 1.132181e-01 7.861987e-04 6.262791e-02 4.687714e-02 2.284902e-01 7.0270334248e+04 2.0652708475e+05 2.0686668413e+05
1483.7415 7.888008e-02 1.069764e-01 8.231415e-04 5.970142e-02 4.429553e-02 2.347429e-01 7.0327220121e+04 2.0656297441e+05 2.0677781005e+05
1484.7420 7.705483e-02 1.042183e-01 7.559446e-04 5.944775e-02 4.387300e-02 2.338878e-01 7.0362134586e+04 2.0658441296e+05 2.0672403808e+05
1485.7425 7.889451e-02 1.057490e-01 7.949607e-04 6.301852e-02 4.658233e-02 2.267894e-01 7.0372576415e+04 2.0658507801e+05 2.0671180330e+05
1486.7430 7.947433e-02 1.107724e-01 7.504535e-04 6.918088e-02 5.144570e-02 2.150170e-01 7.0362832114e+04 2.0655971945e+05 2.0674498049e+05
1487.7435 8.174488e-02 1.169403e-01 6.949821e-04 7.816776e-02 5.849382e-02 1.980716e-01 7.0336223242e+04 2.0650786789e+05 2.0682047590e+05
1488.7440 8.676555e-02 1.221802e-01 6.466042e-04 8.874659e-02 6.706524e-02 1.786665e-01 7.0296252137e+04 2.0643489292e+05 2.0692944102e+05
1489.7445 9.048267e-02 1.279426e-01 6.274172e-04 9.892983e-02 7.507847e-02 1.577700e-01 7.0249826787e+04 2.0634914612e+05 2.0705890645e+05
1490.7450 9.601137e-02 1.363606e-01 5.863228e-04 1.093825e-01 8.339958e-02 1.393314e-01 7.0201847882e+04 2.0625934762e+05 2.0719102938e+05
1491.7455 1.033916e-01 1.449195e-01 5.779327e-04 1.175734e-01 8.980459e-02 1.245853e-01 7.0161316682e+04 2.0617432532e+05 2.0731018893e+05
1492.7460 1.055368e-01 1.492657e-01 5.446234e-04 1.230473e-01 9.381167e-02 1.143981e-01 7.0139034797e+04 2.0610393587e+05 2.0740055065e+05
1493.7465 1.054802e-01 1.510709e-01 5.338240e-04 1.252531e-01 9.541830e-02 1.109409e-01 7.0138212964e+04 2.0605568523e+05 2.0744881051e+05
1494.7470 1.065276e-01 1.535399e-01 6.142205e-04 1.239451e-01 9.401169e-02 1.143419e-01 7.0159414458e+04 2.0603487132e+05 2.0744669561e+05
1495.7475 1.055788e-01 1.548284e-01 5.565057e-04 1.189094e-01 8.966643e-02 1.247062e-01 7.0203852448e+04 2.0604411979e+05 2.0739246972e+05
1496.7480 1.021123e-01 1.530864e-01 6.191138e-04 1.102390e-01 8.279074e-02 1.398617e-01 7.0270726234e+04 2.0608047870e+05 2.0729143074e+05
1497.7485 9.766344e-02 1.455587e-01 6.918597e-04 1.005081e-01 7.506621e-02 1.588414e-01 7.0356189931e+04 2.0613712168e+05 2.0715351970e+05
1498.7490 9.217311e-02 1.352876e-01 6.638174e-04 8.887645e-02 6.601988e-02 1.794770e-01 7.0452854678e+04 2.0620554472e+05 2.0699480320e+05
1499.7495 8.579626e-02 1.245242e-01 7.698734e-04 7.752614e-02 5.746080e-02 1.997101e-01 7.0551333129e+04 2.0627734648e+05 2.0683123762e+05
1500.7500 7.994142e-02 1.138811e-01 7.291612e-04 6.738348e-02 5.008074e-02 2.168010e-01 7.0642770847e+04 2.0634353517e+05 2.0668047633e+05
1501.7505 7.673429e-02 1.056071e-01 8.361622e-04 5.984777e-02 4.456490e-02 2.287538e-01 7.0721167069e+04 2.0639200331e+05 2.0655865757e+05
1502.7510 7.374783e-02 1.009871e-01 7.981812e-04 5.527221e-02 4.178026e-02 2.366278e-01 7.0782497385e+04 2.0641374207e+05 2.0647846611e+05
1503.7515 7.062207e-02 9.893272e-02 7.934581e-04 5.390257e-02 4.126927e-02 2.364633e-01 7.0824379107e+04 2.0640602001e+05 2.0644724337e+05
1504.7520 7.047300e-02 1.005340e-01 7.910883e-04 5.668066e-02 4.393401e-02 2.304344e-01 7.0841700328e+04 2.0637097668e+05 2.0646468301e+05
1505.7525 7.389739e-02 1.047561e-01 7.580412e-04 6.254400e-02 4.873260e-02 2.186821e-01 7.0833906637e+04 2.0631469459e+05 2.0652608417e+05
1506.7530 7.648689e-02 1.116138e-01 7.277875e-04 7.115171e-02 5.547354e-02 2.020084e-01 7.0805657044e+04 2.0624421958e+05 2.0662154898e+05
1507.7535 8.097122e-02 1.184395e-01 6.807476e-04 8.156485e-02 6.341446e-02 1.829634e-01 7.0762156001e+04 2.0616672061e+05 2.0673834717e+05
1508.7540 8.536793e-02 1.232013e-01 6.565312e-04 9.272768e-02 7.145506e-02 1.620000e-01 7.0711853672e+04 2.0609059366e+05 2.0686183880e+05
1509.7545 8.861270e-02 1.286898e-01 5.891424e-04 1.041094e-01 7.959961e-02 1.432963e-01 7.0661429852e+04 2.0602258527e+05 2.0697647699e+05
1510.7550 9.430931e-02 1.367976e-01 5.951464e-04 1.133544e-01 8.577484e-02 1.272886e-01 7.0616099086e+04 2.0596852329e+05 2.0707053132e+05
1511.7555 9.995466e-02 1.466801e-01 5.198109e-04 1.208773e-01 9.047768e-02 1.155062e-01 7.0583791068e+04 2.0593057400e+05 2.0713442357e+05
1512.7560 1.019424e-01 1.563021e-01 5.713776e-04 1.246785e-01 9.266937e-02 1.092604e-01 7.0571737943e+04 2.0590749491e+05 2.0716494077e+05
1513.7565 1.032786e-01 1.604056e-01 5.563408e-04 1.256058e-01 9.255764e-02 1.096560e-01 7.0582751396e+04 2.0589755686e+05 2.0716116770e+05
1514.7570 1.026014e-01 1.614722e-01 5.455622e-04 1.223256e-01 8.974425e-02 1.165147e-01 7.0617272802e+04 2.0589817913e+05 2.0712549814e+05
1515.7575 1.003412e-01 1.565020e-01 6.315202e-04 1.158677e-01 8.477098e-02 1.280710e-01 7.0674038185e+04 2.0590936530e+05 2.0706034408e+05
1516.7580 9.691094e-02 1.475644e-01 6.228991e-04 1.073193e-01 7.842601e-02 1.441284e-01 7.0749361909e+04 2.0592938328e+05 2.0696952535e+05
1517.7585 9.229998e-02 1.369934e-01 6.818094e-04 9.582686e-02 7.037817e-02 1.632124e-01 7.0839574825e+04 2.0595534152e+05 2.0685964257e+05
1518.7590 8.671856e-02 1.250130e-01 7.062384e-04 8.426520e-02 6.270646e-02 1.829737e-01 7.0939177715e+04 2.0598630042e+05 2.0673598901e+05
1519.7595 8.137355e-02 1.149860e-01 7.198247e-04 7.306369e-02 5.490118e-02 2.006798e-01 7.1039923821e+04 2.0602135141e+05 2.0660694844e+05
1520.7600 7.643184e-02 1.076866e-01 7.745134e-04 6.365587e-02 4.889306e-02 2.156306e-01 7.1132324658e+04 2.0606001334e+05 2.0648091033e+05
1521.7605 7.185416e-02 1.025613e-01 7.832586e-04 5.656809e-02 4.427093e-02 2.273811e-01 7.1208594637e+04 2.0609947699e+05 2.0636908365e+05
1522.7610 6.833992e-02 9.999896e-02 7.865940e-04 5.245889e-02 4.169557e-02 2.320659e-01 7.1264643528e+04 2.0613304601e+05 2.0628277762e+05
1523.7615 6.766594e-02 9.899660e-02 7.976036e-04 5.238783e-02 4.198849e-02 2.315753e-01 7.1297475337e+04 2.0615202337e+05 2.0623172695e+05
1524.7620 6.732284e-02 9.761233e-02 7.735216e-04 5.581555e-02 4.431262e-02 2.248400e-01 7.1307948366e+04 2.0615112071e+05 2.0622332323e+05
1525.7625 6.858509e-02 9.849135e-02 7.344068e-04 6.230105e-02 4.894670e-02 2.123979e-01 7.1295448952e+04 2.0612727282e+05 2.0625933978e+05
1526.7630 7.357442e-02 1.027731e-01 7.186882e-04 7.118741e-02 5.487754e-02 1.963871e-01 7.1261187237e+04 2.0608068817e+05 2.0633700393e+05
1527.7635 7.922382e-02 1.115069e-01 6.843537e-04 8.238034e-02 6.241866e-02 1.769425e-01 7.1212069001e+04 2.0601314357e+05 2.0644818957e+05
1528.7640 8.431336e-02 1.238694e-01 6.581880e-04 9.410640e-02 7.048115e-02 1.574499e-01 7.1155594250e+04 2.0592889652e+05 2.0658176970e+05
1529.7645 8.977679e-02 1.351824e-01 6.375319e-04 1.051318e-01 7.769575e-02 1.381824e-01 7.1099544442e+04 2.0583753110e+05 2.0672281283e+05
1530.7650 9.392895e-02 1.446317e-01 5.658868e-04 1.152132e-01 8.466954e-02 1.221609e-01 7.1051539225e+04 2.0574933174e+05 2.0685319180e+05
1531.7655 9.795159e-02 1.530359e-01 6.060489e-04 1.216517e-01 8.904849e-02 1.101567e-01 7.1018660038e+04 2.0567350929e+05 2.0695734331e+05
1532.7660 1.011737e-01 1.590601e-01 5.577096e-04 1.260183e-01 9.204573e-02 1.042452e-01 7.1006697158e+04 2.0561891646e+05 2.0701961617e+05
1533.7665 1.038519e-01 1.611403e-01 5.697458e-04 1.256291e-01 9.185063e-02 1.050187e-01 7.1019475802e+04 2.0559113999e+05 2.0703254539e+05
1534.7670 1.035803e-01 1.569391e-01 5.770529e-04 1.219199e-01 8.952537e-02 1.108995e-01 7.1058969053e+04 2.0559412578e+05 2.0699198805e+05
1535.7675 1.005384e-01 1.497627e-01 5.754890e-04 1.151273e-01 8.488975e-02 1.235523e-01 7.1122194822e+04 2.0562538141e+05 2.0690115348e+05
1536.7680 9.690626e-02 1.414899e-01 6.504025e-04 1.049809e-01 7.798982e-02 1.401723e-01 7.1204474485e+04 2.0567947733e+05 2.0676957069e+05
1537.7685 9.081095e-02 1.325351e-01 6.556521e-04 9.352918e-02 7.018270e-02 1.600620e-01 7.1301242863e+04 2.0574771054e+05 2.0661044805e+05
1538.7690 8.444770e-02 1.236033e-01 7.019962e-04 8.106826e-02 6.131618e-02 1.805508e-01 7.1405932145e+04 2.0581857400e+05 2.0644141401e+05
1539.7695 7.901075e-02 1.152111e-01 7.102626e-04 6.952575e-02 5.329401e-02 2.001198e-01 7.1510924088e+04 2.0588109825e+05 2.0627939530e+05
1540.7700 7.253182e-02 1.066328e-01 7.861439e-04 5.938480e-02 4.584867e-02 2.170735e-01 7.1608599085e+04 2.0592820419e+05 2.0614089250e+05
1541.7705 6.855787e-02 9.827935e-02 7.791671e-04 5.194435e-02 4.047744e-02 2.280292e-01 7.1689284100e+04 2.0595635958e+05 2.0603775954e+05
1542.7710 6.651252e-02 9.168233e-02 8.002569e-04 4.818777e-02 3.757725e-02 2.339506e-01 7.1745122485e+04 2.0596451863e+05 2.0597752132e+05
1543.7715 6.380691e-02 8.766744e-02 8.054762e-04 4.854485e-02 3.757653e-02 2.326516e-01 7.1773723293e+04 2.0595342598e+05 2.0596320645e+05
1544.7720 6.499564e-02 8.874623e-02 7.980856e-04 5.245382e-02 4.035319e-02 2.244527e-01 7.1772754465e+04 2.0592351768e+05 2.0599379542e+05
1545.7725 6.832084e-02 9.319919e-02 7.520070e-04 6.014648e-02 4.557103e-02 2.106974e-01 7.1745707075e+04 2.0587767283e+05 2.0606393396e+05
1546.7730 7.203011e-02 1.020462e-01 7.147918e-04 7.127142e-02 5.355414e-02 1.917592e-01 7.1698730258e+04 2.0581823090e+05 2.0616530257e+05
1547.7735 7.867082e-02 1.157552e-01 7.381505e-04 8.305497e-02 6.206418e-02 1.706920e-01 7.1637489942e+04 2.0574732128e+05 2.0628954161e+05
1548.7740 8.703316e-02 1.302158e-01 6.156523e-04 9.564726e-02 7.112946e-02 1.483201e-01 7.1570936224e+04 2.0566993727e+05 2.0642464999e+05
1549.7745 9.336141e-02 1.423420e-01 6.177694e-04 1.076752e-01 8.007820e-02 1.276212e-01 7.1508936996e+04 2.0559077082e+05 2.0655820994e+05
1550.7750 9.731444e-02 1.494602e-01 5.834478e-04 1.166802e-01 8.675162e-02 1.110251e-01 7.1459574252e+04 2.0551641013e+05 2.0667792156e+05
1551.7755 1.014760e-01 1.518287e-01 5.456123e-04 1.236235e-01 9.189029e-02 1.003665e-01 7.1429098426e+04 2.0545298728e+05 2.0676862713e+05
1552.7760 1.035793e-01 1.531316e-01 5.703131e-04 1.257198e-01 9.347297e-02 9.620002e-02 7.1423706018e+04 2.0540646936e+05 2.0681933638e+05
1553.7765 1.025288e-01 1.522355e-01 5.691639e-04 1.246425e-01 9.271346e-02 9.877079e-02 7.1447336993e+04 2.0538296808e+05 2.0681972706e+05
1554.7770 1.009760e-01 1.501922e-01 5.719093e-04 1.193674e-01 8.859385e-02 1.088281e-01 7.1498502444e+04 2.0538566481e+05 2.0676705201e+05
1555.7775 9.893762e-02 1.462146e-01 6.290551e-04 1.103125e-01 8.185767e-02 1.236730e-01 7.1575002662e+04 2.0541480069e+05 2.0666412489e+05
1556.7780 9.299984e-02 1.405728e-01 6.207703e-04 9.932683e-02 7.353169e-02 1.438799e-01 7.1671407065e+04 2.0546730675e+05 2.0651952702e+05
1557.7785 8.689056e-02 1.309368e-01 6.954292e-04 8.694414e-02 6.418459e-02 1.652490e-01 7.1778922236e+04 2.0553804397e+05 2.0634773162e+05
1558.7790 7.979939e-02 1.186183e-01 7.300543e-04 7.428755e-02 5.493428e-02 1.869381e-01 7.1888288098e+04 2.0561793999e+05 2.0616628708e+05
1559.7795 7.273164e-02 1.058885e-01 7.733570e-04 6.242880e-02 4.620854e-02 2.065107e-01 7.1990914971e+04 2.0569583542e+05 2.0599417618e+05
1560.7800 6.752555e-02 9.588467e-02 7.682013e-04 5.343005e-02 3.971617e-02 2.209808e-01 7.2078878333e+04 2.0575976773e+05 2.0584872965e+05
1561.7805 6.437843e-02 8.830936e-02 7.962067e-04 4.755163e-02 3.568453e-02 2.302871e-01 7.2145399777e+04 2.0580106567e+05 2.0574555426e+05
1562.7810 6.287730e-02 8.535291e-02 8.035145e-04 4.565505e-02 3.467036e-02 2.317627e-01 7.2185728751e+04 2.0581338573e+05 2.0569530242e+05
1563.7815 6.357160e-02 8.682059e-02 8.186198e-04 4.750760e-02 3.646530e-02 2.267799e-01 7.2196734944e+04 2.0579416104e+05 2.0570325652e+05
1564.7820 6.643789e-02 9.228335e-02 7.675558e-04 5.361992e-02 4.129815e-02 2.149324e-01 7.2178894317e+04 2.0574483422e+05 2.0576739793e+05
1565.7825 7.013341e-02 1.010654e-01 7.321834e-04 6.313640e-02 4.882382e-02 1.973308e-01 7.2136791730e+04 2.0566989895e+05 2.0587972027e+05
1566.7830 7.572211e-02 1.106598e-01 7.424698e-04 7.404744e-02 5.698349e-02 1.772606e-01 7.2077810098e+04 2.0557554748e+05 2.0602735123e+05
1567.7835 8.280457e-02 1.193328e-01 6.143015e-04 8.690788e-02 6.655488e-02 1.544159e-01 7.2012360809e+04 2.0547151001e+05 2.0619066535e+05
1568.7840 8.808237e-02 1.285777e-01 6.600092e-04 9.889189e-02 7.544824e-02 1.334993e-01 7.1950317132e+04 2.0536840356e+05 2.0635001249e+05
1569.7845 9.386580e-02 1.380267e-01 6.029897e-04 1.088370e-01 8.243756e-02 1.159588e-01 7.1898742980e+04 2.0527870832e+05 2.0648549752e+05
1570.7850 9.936525e-02 1.454511e-01 5.740965e-04 1.169881e-01 8.803544e-02 1.034082e-01 7.1864353128e+04 2.0521364968e+05 2.0657917953e+05
1571.7855 1.014438e-01 1.490322e-01 5.564618e-04 1.208456e-01 9.027941e-02 9.663720e-02 7.1853209266e+04 2.0518102460e+05 2.0662101219e+05
1572.7860 1.013823e-01 1.493063e-01 5.324539e-04 1.216322e-01 9.020196e-02 9.717645e-02 7.1867619352e+04 2.0518177278e+05 2.0660528899e+05
1573.7865 9.878785e-02 1.476363e-01 5.847852e-04 1.183940e-01 8.699208e-02 1.042456e-01 7.1907920363e+04 2.0521310802e+05 2.0653502993e+05
1574.7870 9.654992e-02 1.433219e-01 5.938225e-04 1.114676e-01 8.135790e-02 1.161906e-01 7.1971444666e+04 2.0526830131e+05 2.0641918520e+05
1575.7875 9.209506e-02 1.381285e-01 6.010680e-04 1.022538e-01 7.398321e-02 1.336600e-01 7.2053568625e+04 2.0533696979e+05 2.0627189572e+05
1576.7880 8.606277e-02 1.304146e-01 6.408502e-04 9.139126e-02 6.585822e-02 1.523825e-01 7.2148333317e+04 2.0540864022e+05 2.0611109231e+05
1577.7885 8.214483e-02 1.218599e-01 7.041940e-04 7.947913e-02 5.707503e-02 1.715259e-01 7.2246377527e+04 2.0547165986e+05 2.0595559871e+05
1578.7890 7.607882e-02 1.123558e-01 7.265153e-04 6.832068e-02 4.923700e-02 1.894592e-01 7.2341035782e+04 2.0551867090e+05 2.0582058222e+05
1579.7895 6.978605e-02 1.010862e-01 7.595007e-04 5.939442e-02 4.323192e-02 2.038521e-01 7.2423941395e+04 2.0554667773e+05 2.0571703314e+05
1580.7900 6.637763e-02 9.322493e-02 7.680071e-04 5.266583e-02 3.898294e-02 2.138012e-01 7.2487622746e+04 2.0555317169e+05 2.0565178895e+05
1581.7905 6.452365e-02 8.995680e-02 7.727821e-04 4.900880e-02 3.727852e-02 2.172685e-01 7.2530180375e+04 2.0553900288e+05 2.0562630246e+05
1582.7910 6.490806e-02 9.053919e-02 7.961007e-04 4.887820e-02 3.794206e-02 2.155599e-01 7.2550126617e+04 2.0550671575e+05 2.0563869477e+05
1583.7915 6.802437e-02 9.344838e-02 7.457036e-04 5.236699e-02 4.116092e-02 2.078491e-01 7.2548000603e+04 2.0546168176e+05 2.0568384784e+05
1584.7920 7.143703e-02 9.782858e-02 7.641043e-04 5.860202e-02 4.639089e-02 1.950922e-01 7.2526403100e+04 2.0540992829e+05 2.0575456272e+05
1585.7925 7.470445e-02 1.036200e-01 7.038909e-04 6.677080e-02 5.255622e-02 1.795990e-01 7.2488743104e+04 2.0535672011e+05 2.0584233057e+05
1586.7930 8.053544e-02 1.120331e-01 6.486798e-04 7.753411e-02 6.037294e-02 1.610579e-01 7.2440713847e+04 2.0530433883e+05 2.0593697158e+05
1587.7935 8.575441e-02 1.199421e-01 6.580848e-04 8.735576e-02 6.732025e-02 1.437825e-01 7.2391317184e+04 2.0525398435e+05 2.0603162750e+05
1588.7940 8.904453e-02 1.257178e-01 6.059370e-04 9.657738e-02 7.352616e-02 1.281329e-01 7.2349644182e+04 2.0520658153e+05 2.0611724197e+05
1589.7945 9.266306e-02 1.323328e-01 6.062583e-04 1.050088e-01 7.897050e-02 1.157165e-01 7.2319944214e+04 2.0516328322e+05 2.0618545195e+05
1590.7950 9.587524e-02 1.378495e-01 5.747890e-04 1.100607e-01 8.179986e-02 1.069175e-01 7.2306614714e+04 2.0512816605e+05 2.0623077253e+05
1591.7955 9.661581e-02 1.413682e-01 5.604139e-04 1.126831e-01 8.290032e-02 1.041883e-01 7.2311064633e+04 2.0510534136e+05 2.0624707493e+05
1592.7960 9.679400e-02 1.414941e-01 5.747990e-04 1.120583e-01 8.161595e-02 1.062905e-01 7.2332716773e+04 2.0509811921e+05 2.0623249255e+05
1593.7965 9.472158e-02 1.401734e-01 5.812668e-04 1.087989e-01 7.852988e-02 1.129084e-01 7.2372096886e+04 2.0510513554e+05 2.0618728632e+05
1594.7970 9.001810e-02 1.373638e-01 5.907167e-04 1.033206e-01 7.406744e-02 1.232257e-01 7.2427075867e+04 2.0512579295e+05 2.0611454888e+05
1595.7975 8.762817e-02 1.315385e-01 6.239899e-04 9.588208e-02 6.841069e-02 1.359753e-01 7.2492156336e+04 2.0515815500e+05 2.0602046566e+05
1596.7980 8.302700e-02 1.246970e-01 6.592514e-04 8.671048e-02 6.183503e-02 1.505558e-01 7.2564234831e+04 2.0519798900e+05 2.0591364356e+05
1597.7985 7.810118e-02 1.185043e-01 6.862789e-04 7.775096e-02 5.577263e-02 1.643373e-01 7.2637891737e+04 2.0523943025e+05 2.0580359086e+05
1598.7990 7.699029e-02 1.121340e-01 7.069470e-04 6.965409e-02 5.029532e-02 1.767437e-01 7.2705986539e+04 2.0527678794e+05 2.0570154853e+05
1599.7995 7.431464e-02 1.055973e-01 7.198336e-04 6.247469e-02 4.585439e-02 1.874931e-01 7.2765545728e+04 2.0530503520e+05 2.0561782776e+05
1600.8000 7.013815e-02 9.934308e-02 7.544269e-04 5.738901e-02 4.295889e-02 1.935429e-01 7.2813813262e+04 2.0531970115e+05 2.0555984297e+05
1601.8005 6.954911e-02 9.557954e-02 7.664030e-04 5.464450e-02 4.171955e-02 1.967497e-01 7.2846064780e+04 2.0531744821e+05 2.0553192053e+05
1602.8010 7.153659e-02 9.566319e-02 7.084615e-04 5.451169e-02 4.240316e-02 1.955863e-01 7.2863245108e+04 2.0529688597e+05 2.0553470896e+05
1603.8015 7.175550e-02 9.838786e-02 7.713841e-04 5.659871e-02 4.447634e-02 1.901097e-01 7.2868710958e+04 2.0525987573e+05 2.0556559768e+05
1604.8020 7.265920e-02 1.002040e-01 6.789300e-04 6.085705e-02 4.789973e-02 1.819885e-01 7.2863563586e+04 2.0521142830e+05 2.0561840044e+05
1605.8025 7.738828e-02 1.038522e-01 7.151761e-04 6.728208e-02 5.274988e-02 1.704052e-01 7.2848364275e+04 2.0515750566e+05 2.0568420487e+05
1606.8030 8.048612e-02 1.087082e-01 6.959796e-04 7.386276e-02 5.733372e-02 1.586730e-01 7.2826889350e+04 2.0510573306e+05 2.0575444072e+05
1607.8035 8.099230e-02 1.135485e-01 6.451991e-04 8.150209e-02 6.264535e-02 1.456998e-01 7.2803270862e+04 2.0506311423e+05 2.0581867098e+05
1608.8040 8.426057e-02 1.185670e-01 6.477505e-04 8.894805e-02 6.748141e-02 1.337372e-01 7.2779156178e+04 2.0503233279e+05 2.0587006327e+05
1609.8045 8.742966e-02 1.215118e-01 6.079820e-04 9.467596e-02 7.102314e-02 1.239764e-01 7.2761174023e+04 2.0501358202e+05 2.0590453000e+05
1610.8050 8.590369e-02 1.262956e-01 6.035263e-04 9.965839e-02 7.387080e-02 1.170238e-01 7.2753645621e+04 2.0500493584e+05 2.0591910737e+05
1611.8055 8.755279e-02 1.306272e-01 5.915600e-04 1.022695e-01 7.495088e-02 1.136132e-01 7.2754683726e+04 2.0500503944e+05 2.0591552556e+05
1612.8060 9.102703e-02 1.346018e-01 6.038964e-04 1.029076e-01 7.468387e-02 1.130371e-01 7.2765019662e+04 2.0501055497e+05 2.0589662525e+05
1613.8065 8.931893e-02 1.365899e-01 5.712137e-04 1.014515e-01 7.310554e-02 1.156331e-01 7.2787109894e+04 2.0501807153e+05 2.0586709531e+05
1614.8070 8.714041e-02 1.362492e-01 6.143143e-04 9.814770e-02 7.033905e-02 1.216158e-01 7.2818753562e+04 2.0502311996e+05 2.0583142347e+05
1615.8075 8.577976e-02 1.325545e-01 6.103865e-04 9.281087e-02 6.635028e-02 1.302151e-01 7.2858053043e+04 2.0502476385e+05 2.0579278905e+05
1616.8080 8.323278e-02 1.249599e-01 6.491514e-04 8.684071e-02 6.219045e-02 1.393420e-01 7.2905243444e+04 2.0502330573e+05 2.0575155318e+05
1617.8085 8.028767e-02 1.177113e-01 6.780457e-04 8.019610e-02 5.773834e-02 1.498376e-01 7.2956904549e+04 2.0501988072e+05 2.0570769131e+05
1618.8090 7.849182e-02 1.131173e-01 6.821357e-04 7.299527e-02 5.321309e-02 1.606484e-01 7.3010285682e+04 2.0501625380e+05 2.0566085124e+05
1619.8095 7.716893e-02 1.094920e-01 7.464751e-04 6.670807e-02 4.933155e-02 1.689916e-01 7.3064053174e+04 2.0501533224e+05 2.0561071237e+05
1620.8100 7.592781e-02 1.068385e-01 7.237721e-04 6.165849e-02 4.639986e-02 1.770091e-01 7.3114232994e+04 2.0501857944e+05 2.0555881902e+05
1621.8105 7.468236e-02 1.034495e-01 7.261462e-04 5.792221e-02 4.444498e-02 1.814353e-01 7.3158370044e+04 2.0502754414e+05 2.0550805843e+05
1622.8110 7.175211e-02 9.964249e-02 7.565455e-04 5.617139e-02 4.376894e-02 1.836993e-01 7.3193514313e+04 2.0504144745e+05 2.0546182765e+05
1623.8115 7.162592e-02 9.749986e-02 7.123057e-04 5.623328e-02 4.428345e-02 1.832509e-01 7.3217268018e+04 2.0505547461e+05 2.0542492503e+05
1624.8120 7.264761e-02 9.687058e-02 7.240932e-04 5.825385e-02 4.607436e-02 1.786374e-01 7.3231221000e+04 2.0506447637e+05 2.0540210752e+05
1625.8125 7.283201e-02 9.601455e-02 7.225940e-04 6.177063e-02 4.851257e-02 1.730348e-01 7.3237222937e+04 2.0506300489e+05 2.0539777809e+05
1626.8130 7.453189e-02 9.785464e-02 7.038388e-04 6.730412e-02 5.242570e-02 1.636337e-01 7.3234810001e+04 2.0504865610e+05 2.0541314901e+05
1627.8135 7.683090e-02 1.031620e-01 6.506585e-04 7.316547e-02 5.613534e-02 1.533369e-01 7.3223499177e+04 2.0502153151e+05 2.0544881718e+05
1628.8140 7.897258e-02 1.101703e-01 6.601179e-04 7.966859e-02 6.024734e-02 1.427121e-01 7.3205424617e+04 2.0498367749e+05 2.0550103113e+05
1629.8145 8.063177e-02 1.175426e-01 6.419097e-04 8.608621e-02 6.428032e-02 1.330782e-01 7.3182960669e+04 2.0493872227e+05 2.0556454549e+05
1630.8150 8.382706e-02 1.227962e-01 6.108827e-04 9.160600e-02 6.749477e-02 1.239525e-01 7.3160669137e+04 2.0489007211e+05 2.0563220625e+05
1631.8155 8.425116e-02 1.271613e-01 6.278838e-04 9.603439e-02 7.004708e-02 1.167801e-01 7.3144101705e+04 2.0484246508e+05 2.0569456369e+05
1632.8160 8.466920e-02 1.310853e-01 5.612950e-04 9.885452e-02 7.163502e-02 1.124486e-01 7.3135011100e+04 2.0480170469e+05 2.0574269484e+05
1633.8165 8.851565e-02 1.329435e-01 6.273283e-04 9.953807e-02 7.176204e-02 1.112227e-01 7.3134311597e+04 2.0477342085e+05 2.0576948334e+05
1634.8170 9.049643e-02 1.332372e-01 5.891668e-04 9.793798e-02 7.062580e-02 1.137612e-01 7.3145315056e+04 2.0476022628e+05 2.0577087802e+05
1635.8175 8.996772e-02 1.315994e-01 6.218966e-04 9.491169e-02 6.846871e-02 1.180394e-01 7.3170371074e+04 2.0476129345e+05 2.0574595628e+05
1636.8180 8.826457e-02 1.282209e-01 6.245267e-04 9.029809e-02 6.533074e-02 1.261734e-01 7.3207919610e+04 2.0477466724e+05 2.0569696270e+05
1637.8185 8.577210e-02 1.233836e-01 6.389497e-04 8.371679e-02 6.111102e-02 1.361309e-01 7.3256376268e+04 2.0479779642e+05 2.0562857972e+05
1638.8190 8.308888e-02 1.186572e-01 6.892530e-04 7.681594e-02 5.641449e-02 1.464789e-01 7.3313441164e+04 2.0482654473e+05 2.0554624448e+05
1639.8195 8.027998e-02 1.148221e-01 6.890651e-04 6.989679e-02 5.198415e-02 1.583499e-01 7.3376159680e+04 2.0485497448e+05 2.0545754321e+05
1640.8200 7.735934e-02 1.097920e-01 7.100314e-04 6.310224e-02 4.759781e-02 1.677367e-01 7.3442233960e+04 2.0487924021e+05 2.0537111790e+05
1641.8205 7.407535e-02 1.020758e-01 7.355936e-04 5.769888e-02 4.394521e-02 1.772523e-01 7.3506025449e+04 2.0489714084e+05 2.0529365583e+05
1642.8210 7.129127e-02 9.320805e-02 7.434107e-04 5.394426e-02 4.163268e-02 1.825689e-01 7.3561698991e+04 2.0490999828e+05 2.0523015237e+05
1643.8215 6.900066e-02 8.795961e-02 7.474599e-04 5.214051e-02 4.054659e-02 1.842370e-01 7.3603147264e+04 2.0491796540e+05 2.0518422435e+05
1644.8220 6.845517e-02 8.689582e-02 7.579418e-04 5.285857e-02 4.109097e-02 1.838427e-01 7.3627189360e+04 2.0492022505e+05 2.0515823615e+05
1645.8225 6.774724e-02 8.934436e-02 7.132912e-04 5.611060e-02 4.339397e-02 1.782831e-01 7.3635981917e+04 2.0491478507e+05 2.0515425879e+05
1646.8230 6.840074e-02 9.312475e-02 6.960927e-04 6.058457e-02 4.646900e-02 1.693454e-01 7.3630821739e+04 2.0489883964e+05 2.0517423650e+05
1647.8235 7.178389e-02 1.004508e-01 7.133988e-04 6.737387e-02 5.118047e-02 1.584551e-01 7.3612855775e+04 2.0487001651e+05 2.0521645956e+05
1648.8240 7.526429e-02 1.098626e-01 6.426759e-04 7.456754e-02 5.608338e-02 1.464172e-01 7.3584359786e+04 2.0483073540e+05 2.0527900462e+05
1649.8245 7.893635e-02 1.162784e-01 6.465997e-04 8.200056e-02 6.121039e-02 1.328916e-01 7.3549245609e+04 2.0478474838e+05 2.0535644508e+05
1650.8250 8.275494e-02 1.210257e-01 6.322824e-04 8.869522e-02 6.592655e-02 1.208384e-01 7.3512038175e+04 2.0473343607e+05 2.0544172953e+05
1651.8255 8.619284e-02 1.232457e-01 5.970577e-04 9.447903e-02 6.977504e-02 1.114965e-01 7.3479681465e+04 2.0467995561e+05 2.0552524410e+05
1652.8260 8.857255e-02 1.250376e-01 5.874123e-04 9.860749e-02 7.256910e-02 1.051572e-01 7.3458009408e+04 2.0462897649e+05 2.0559599804e+05
1653.8265 8.955704e-02 1.282004e-01 5.672588e-04 9.979190e-02 7.330107e-02 1.026763e-01 7.3450679067e+04 2.0458671496e+05 2.0564416083e+05
1654.8270 9.109797e-02 1.325724e-01 5.980005e-04 9.922225e-02 7.256085e-02 1.038846e-01 7.3460026586e+04 2.0455805352e+05 2.0566106543e+05
1655.8275 9.127382e-02 1.355713e-01 6.020047e-04 9.623619e-02 7.019585e-02 1.101372e-01 7.3487509754e+04 2.0454690933e+05 2.0564315326e+05
1656.8280 9.058607e-02 1.351494e-01 6.189631e-04 9.046571e-02 6.585083e-02 1.188048e-01 7.3533273114e+04 2.0455395200e+05 2.0559130258e+05
1657.8285 8.735872e-02 1.294404e-01 6.656312e-04 8.385301e-02 6.093233e-02 1.309388e-01 7.3594268113e+04 2.0457918604e+05 2.0550835382e+05
1658.8290 8.237381e-02 1.190499e-01 6.691947e-04 7.633356e-02 5.547002e-02 1.447427e-01 7.3665113656e+04 2.0462098666e+05 2.0540153614e+05
1659.8295 7.831442e-02 1.080590e-01 7.223917e-04 6.806275e-02 4.954822e-02 1.572775e-01 7.3739126537e+04 2.0467437229e+05 2.0528089182e+05
1660.8300 7.392128e-02 9.896907e-02 7.203935e-04 6.088601e-02 4.450536e-02 1.708531e-01 7.3811509414e+04 2.0473001524e+05 2.0515773724e+05
1661.8305 6.965009e-02 9.163987e-02 7.581110e-04 5.492854e-02 4.048344e-02 1.791157e-01 7.3879066448e+04 2.0477994864e+05 2.0504565890e+05
1662.8310 6.757011e-02 8.773084e-02 7.536595e-04 5.098985e-02 3.797203e-02 1.851998e-01 7.3934915502e+04 2.0481518924e+05 2.0495710974e+05
1663.8315 6.657949e-02 8.801327e-02 7.708465e-04 4.990763e-02 3.764443e-02 1.872053e-01 7.3974098213e+04 2.0483126448e+05 2.0490185141e+05
1664.8320 6.620496e-02 9.072942e-02 7.133084e-04 5.120967e-02 3.906325e-02 1.836450e-01 7.3993393963e+04 2.0482630325e+05 2.0488697545e+05
1665.8325 6.789593e-02 9.317783e-02 7.191540e-04 5.456089e-02 4.203642e-02 1.764441e-01 7.3992072444e+04 2.0479875117e+05 2.0491458859e+05
1666.8330 7.057264e-02 9.597999e-02 7.184414e-04 6.047903e-02 4.678918e-02 1.663656e-01 7.3974142493e+04 2.0474846047e+05 2.0498035284e+05
1667.8335 7.360060e-02 9.770143e-02 6.561462e-04 6.719780e-02 5.213806e-02 1.540020e-01 7.3945306588e+04 2.0468038067e+05 2.0507548296e+05
1668.8340 7.732204e-02 1.010734e-01 6.615867e-04 7.510154e-02 5.797749e-02 1.396408e-01 7.3910639021e+04 2.0460260018e+05 2.0518529612e+05
1669.8345 8.042821e-02 1.081042e-01 6.244906e-04 8.250176e-02 6.338508e-02 1.265093e-01 7.3873697335e+04 2.0452683701e+05 2.0529414488e+05
1670.8350 8.546340e-02 1.159008e-01 6.246910e-04 8.909092e-02 6.794057e-02 1.154239e-01 7.3838462090e+04 2.0446401805e+05 2.0538705481e+05
1671.8355 8.926783e-02 1.240820e-01 5.887929e-04 9.447767e-02 7.115435e-02 1.075028e-01 7.3811588215e+04 2.0442003647e+05 2.0545282476e+05
1672.8360 9.086954e-02 1.308551e-01 6.160143e-04 9.755198e-02 7.265724e-02 1.026592e-01 7.3798486074e+04 2.0439763568e+05 2.0548500226e+05
1673.8365 9.172586e-02 1.330841e-01 5.915117e-04 9.862660e-02 7.253156e-02 1.018061e-01 7.3801249167e+04 2.0439756890e+05 2.0548100023e+05
1674.8370 8.986694e-02 1.330350e-01 6.043513e-04 9.724735e-02 7.065437e-02 1.060423e-01 7.3820347687e+04 2.0441683120e+05 2.0544299159e+05
1675.8375 8.873897e-02 1.298233e-01 6.257228e-04 9.320534e-02 6.696909e-02 1.126171e-01 7.3854943815e+04 2.0445009981e+05 2.0537735407e+05
1676.8380 8.761108e-02 1.242993e-01 6.671886e-04 8.786992e-02 6.245780e-02 1.232679e-01 7.3903066538e+04 2.0448904955e+05 2.0529260900e+05
1677.8385 8.423420e-02 1.178314e-01 6.672719e-04 8.124376e-02 5.720675e-02 1.348488e-01 7.3963493845e+04 2.0452578872e+05 2.0519950454e+05
1678.8390 7.962038e-02 1.108428e-01 6.879489e-04 7.405255e-02 5.192310e-02 1.467017e-01 7.4031173563e+04 2.0455509778e+05 2.0510748977e+05
1679.8395 7.650056e-02 1.054289e-01 7.133661e-04 6.709927e-02 4.716375e-02 1.586132e-01 7.4097706211e+04 2.0457539205e+05 2.0502394764e+05
1680.8400 7.321160e-02 1.019146e-01 7.296944e-04 6.072402e-02 4.311122e-02 1.670014e-01 7.4158945462e+04 2.0458689049e+05 2.0495472618e+05
1681.8405 6.946045e-02 9.945715e-02 7.412069e-04 5.597561e-02 4.061664e-02 1.747108e-01 7.4211101998e+04 2.0458858243e+05 2.0490327055e+05
1682.8410 6.910033e-02 9.669947e-02 7.487619e-04 5.348611e-02 3.989116e-02 1.775858e-01 7.4251984472e+04 2.0458085810e+05 2.0487145470e+05
1683.8415 6.844273e-02 9.203036e-02 7.209396e-04 5.222881e-02 4.016403e-02 1.769726e-01 7.4280889507e+04 2.0456658682e+05 2.0485962881e+05
1684.8420 6.752887e-02 8.762793e-02 7.606797e-04 5.342734e-02 4.215711e-02 1.734329e-01 7.4296775570e+04 2.0454793056e+05 2.0486472747e+05
1685.8425 6.956738e-02 8.718056e-02 7.216496e-04 5.684972e-02 4.541044e-02 1.668858e-01 7.4297159725e+04 2.0452778808e+05 2.0488383433e+05
1686.8430 7.310711e-02 9.065662e-02 6.759028e-04 6.118439e-02 4.911955e-02 1.583407e-01 7.4285023764e+04 2.0450618548e+05 2.0491494535e+05
1687.8435 7.471711e-02 9.535541e-02 6.969814e-04 6.687229e-02 5.334194e-02 1.478980e-01 7.4266765178e+04 2.0448181670e+05 2.0495526398e+05
1688.8440 7.661021e-02 1.016553e-01 6.474106e-04 7.294683e-02 5.745597e-02 1.381874e-01 7.4245321286e+04 2.0445280920e+05 2.0500225401e+05
1689.8445 7.962689e-02 1.077703e-01 6.288115e-04 7.903828e-02 6.112475e-02 1.286982e-01 7.4223459839e+04 2.0442122263e+05 2.0505190953e+05
1690.8450 8.089940e-02 1.145902e-01 6.191863e-04 8.448993e-02 6.402626e-02 1.211776e-01 7.4203450603e+04 2.0438989216e+05 2.0509968687e+05
1691.8455 8.263484e-02 1.199486e-01 6.429324e-04 8.854767e-02 6.573054e-02 1.147610e-01 7.4187633964e+04 2.0436139291e+05 2.0514142529e+05
1692.8460 8.616671e-02 1.215063e-01 6.328780e-04 9.121180e-02 6.651953e-02 1.112031e-01 7.4178985684e+04 2.0433661967e+05 2.0517285905e+05
1693.8465 8.696975e-02 1.219124e-01 6.310233e-04 9.260014e-02 6.631788e-02 1.106079e-01 7.4181498594e+04 2.0431604474e+05 2.0519010685e+05
1694.8470 8.551173e-02 1.203248e-01 6.183733e-04 9.213404e-02 6.505267e-02 1.121264e-01 7.4195878478e+04 2.0430298634e+05 2.0519018220e+05
1695.8475 8.564794e-02 1.210617e-01 6.267230e-04 9.017923e-02 6.311400e-02 1.165272e-01 7.4218142234e+04 2.0429919604e+05 2.0517117645e+05
1696.8480 8.504596e-02 1.232669e-01 6.453587e-04 8.657131e-02 6.024878e-02 1.215961e-01 7.4248827898e+04 2.0430504486e+05 2.0513451936e+05
1697.8485 8.254417e-02 1.237624e-01 6.783071e-04 8.204697e-02 5.732391e-02 1.291719e-01 7.4288352763e+04 2.0431715561e+05 2.0508356424e+05
1698.8490 8.069641e-02 1.208520e-01 6.912105e-04 7.661224e-02 5.399536e-02 1.367508e-01 7.4335351388e+04 2.0433235384e+05 2.0502378913e+05
1699.8495 7.882912e-02 1.136288e-01 6.871246e-04 7.104278e-02 5.093173e-02 1.441712e-01 7.4386944803e+04 2.0434880109e+05 2.0495985157e+05
1700.8500 7.498522e-02 1.054845e-01 7.090148e-04 6.553555e-02 4.835620e-02 1.526811e-01 7.4438825348e+04 2.0436530296e+05 2.0489613877e+05
1701.8505 7.279575e-02 9.882589e-02 6.957531e-04 6.098522e-02 4.622896e-02 1.582131e-01 7.4487575846e+04 2.0437994489e+05 2.0483680221e+05
1702.8510 7.298106e-02 9.432125e-02 7.099939e-04 5.691445e-02 4.431999e-02 1.632884e-01 7.4530506700e+04 2.0438943293e+05 2.0478647095e+05
1703.8515 7.151875e-02 9.044761e-02 7.429988e-04 5.454055e-02 4.346861e-02 1.666197e-01 7.4568785310e+04 2.0439187386e+05 2.0474786303e+05
1704.8520 6.804682e-02 8.830277e-02 6.917779e-04 5.411278e-02 4.355940e-02 1.673337e-01 7.4600811042e+04 2.0438709265e+05 2.0472274473e+05
1705.8525 6.765490e-02 8.843402e-02 7.171852e-04 5.489774e-02 4.414368e-02 1.658154e-01 7.4621815336e+04 2.0437727798e+05 2.0471174323e+05
1706.8530 6.960269e-02 9.199890e-02 7.253241e-04 5.720781e-02 4.533519e-02 1.615649e-01 7.4630489441e+04 2.0436429614e+05 2.0471409075e+05
1707.8535 7.020243e-02 9.561235e-02 7.193957e-04 6.099555e-02 4.746231e-02 1.563381e-01 7.4628724245e+04 2.0434930801e+05 2.0472890561e+05
1708.8540 7.187373e-02 9.711924e-02 6.841811e-04 6.590086e-02 5.010799e-02 1.492454e-01 7.4618715077e+04 2.0433132554e+05 2.0475545385e+05
1709.8545 7.321795e-02 9.880498e-02 6.748362e-04 7.145717e-02 5.310492e-02 1.401077e-01 7.4602157126e+04 2.0431076955e+05 2.0479163923e+05
1710.8550 7.501420e-02 1.011934e-01 6.803458e-04 7.730623e-02 5.637307e-02 1.311584e-01 7.4579807758e+04 2.0428865482e+05 2.0483436304e+05
1711.8555 7.804308e-02 1.066291e-01 6.349631e-04 8.287594e-02 5.961793e-02 1.219536e-01 7.4553293326e+04 2.0426585998e+05 2.0488053320e+05
1712.8560 8.126778e-02 1.155538e-01 6.421232e-04 8.749753e-02 6.233432e-02 1.145296e-01 7.4526603038e+04 2.0424033750e+05 2.0492778677e+05
1713.8565 8.369852e-02 1.239712e-01 6.413867e-04 9.096005e-02 6.449051e-02 1.084698e-01 7.4506740405e+04 2.0421015476e+05 2.0497361805e+05
1714.8570 8.513766e-02 1.306397e-01 6.259484e-04 9.292745e-02 6.600696e-02 1.043371e-01 7.4497469845e+04 2.0417571511e+05 2.0501436769e+05
1715.8575 8.677908e-02 1.328296e-01 6.271528e-04 9.282604e-02 6.621660e-02 1.030940e-01 7.4500107555e+04 2.0414107892e+05 2.0504517853e+05
1716.8580 8.606977e-02 1.312242e-01 6.236482e-04 9.065903e-02 6.540475e-02 1.062158e-01 7.4515925684e+04 2.0411166659e+05 2.0505961632e+05
1717.8585 8.500024e-02 1.268262e-01 6.383307e-04 8.642269e-02 6.298579e-02 1.111882e-01 7.4546084227e+04 2.0409178261e+05 2.0505233661e+05
1718.8590 8.507291e-02 1.200774e-01 6.507282e-04 8.092575e-02 6.000094e-02 1.195874e-01 7.4590323293e+04 2.0408377487e+05 2.0501881578e+05
1719.8595 8.129673e-02 1.133483e-01 6.827140e-04 7.393226e-02 5.570937e-02 1.307966e-01 7.4648737910e+04 2.0409030408e+05 2.0495803482e+05
1720.8600 7.580697e-02 1.056746e-01 6.737420e-04 6.687910e-02 5.102777e-02 1.413021e-01 7.4717032654e+04 2.0411491696e+05 2.0487097166e+05
1721.8605 7.291781e-02 1.002445e-01 7.224192e-04 5.970396e-02 4.618936e-02 1.542548e-01 7.4785867718e+04 2.0415625251e+05 2.0476374671e+05
1722.8610 6.967659e-02 9.570086e-02 7.492988e-04 5.349134e-02 4.174930e-02 1.645507e-01 7.4851685884e+04 2.0421066690e+05 2.0464676696e+05
1723.8615 6.600434e-02 9.195043e-02 7.040509e-04 4.914308e-02 3.850555e-02 1.725153e-01 7.4910264574e+04 2.0426780148e+05 2.0453394114e+05
1724.8620 6.386847e-02 8.673130e-02 7.892811e-04 4.661131e-02 3.621871e-02 1.774939e-01 7.4957694603e+04 2.0431667279e+05 2.0444055012e+05
1725.8625 6.145403e-02 8.157576e-02 7.313384e-04 4.616576e-02 3.551920e-02 1.778515e-01 7.4990168548e+04 2.0434914787e+05 2.0437898201e+05
1726.8630 6.084061e-02 7.936159e-02 7.217035e-04 4.869652e-02 3.676203e-02 1.752278e-01 7.5002582491e+04 2.0435923275e+05 2.0435720296e+05
1727.8635 6.244645e-02 8.157290e-02 7.361232e-04 5.338763e-02 3.968558e-02 1.672222e-01 7.4994160984e+04 2.0434423015e+05 2.0437927441e+05
1728.8640 6.520810e-02 8.727548e-02 7.177829e-04 5.969159e-02 4.374735e-02 1.552323e-01 7.4967569016e+04 2.0430336601e+05 2.0444397975e+05
1729.8645 6.919488e-02 9.531926e-02 6.835162e-04 6.774459e-02 4.919919e-02 1.423208e-01 7.4927316241e+04 2.0423848051e+05 2.0454405189e+05
1730.8650 7.283029e-02 1.061184e-01 6.641983e-04 7.637507e-02 5.535574e-02 1.268334e-01 7.4879560330e+04 2.0415716921e+05 2.0466758389e+05
1731.8655 7.652387e-02 1.170492e-01 6.335199e-04 8.446504e-02 6.113553e-02 1.123231e-01 7.4828934924e+04 2.0407064741e+05 2.0479912839e+05
1732.8660 8.252404e-02 1.258577e-01 6.276126e-04 9.132902e-02 6.632033e-02 9.959683e-02 7.4780847150e+04 2.0399066302e+05 2.0492154046e+05
1733.8665 8.677347e-02 1.322128e-01 6.232359e-04 9.618268e-02 7.010467e-02 8.999973e-02 7.4743900375e+04 2.0392574922e+05 2.0501947442e+05
1734.8670 8.973361e-02 1.332949e-01 6.004184e-04 9.852243e-02 7.212216e-02 8.511217e-02 7.4725965919e+04 2.0388143955e+05 2.0508033242e+05
1735.8675 9.075149e-02 1.324766e-01 5.954108e-04 9.763762e-02 7.187481e-02 8.601329e-02 7.4730555387e+04 2.0386154515e+05 2.0509559771e+05
1736.8680 8.934652e-02 1.293072e-01 6.018851e-04 9.448849e-02 6.973235e-02 9.074153e-02 7.4759338871e+04 2.0386929612e+05 2.0506115540e+05
1737.8685 8.669028e-02 1.263274e-01 6.402460e-04 8.847254e-02 6.573613e-02 1.020426e-01 7.4808637408e+04 2.0390278765e+05 2.0498006408e+05
1738.8690 8.377428e-02 1.232588e-01 6.497545e-04 7.975774e-02 5.926436e-02 1.161028e-01 7.4876072796e+04 2.0395616246e+05 2.0486211457e+05
1739.8695 7.911824e-02 1.173346e-01 6.761162e-04 7.059894e-02 5.269440e-02 1.320978e-01 7.4959221332e+04 2.0401929399e+05 2.0471997236e+05
1740.8700 7.306525e-02 1.075381e-01 7.221436e-04 6.092331e-02 4.557213e-02 1.506421e-01 7.5050872011e+04 2.0408315695e+05 2.0457012765e+05
1741.8705 6.693962e-02 9.449733e-02 7.425421e-04 5.190486e-02 3.897066e-02 1.655192e-01 7.5142228891e+04 2.0414259566e+05 2.0442730357e+05
1742.8710 6.143978e-02 8.345081e-02 7.228848e-04 4.465944e-02 3.367540e-02 1.786080e-01 7.5222193576e+04 2.0419175495e+05 2.0430467454e+05
1743.8715 5.857523e-02 7.657905e-02 8.052755e-04 3.980020e-02 3.005610e-02 1.866915e-01 7.5283351235e+04 2.0422576476e+05 2.0421358280e+05
1744.8720 5.745517e-02 7.237351e-02 7.519549e-04 3.799626e-02 2.864432e-02 1.889225e-01 7.5322447172e+04 2.0424047367e+05 2.0416238454e+05
1745.8725 5.602995e-02 7.224990e-02 7.710394e-04 3.987300e-02 2.999495e-02 1.865026e-01 7.5337961732e+04 2.0423238128e+05 2.0415525201e+05
1746.8730 5.524796e-02 7.545576e-02 7.580963e-04 4.473563e-02 3.348553e-02 1.765746e-01 7.5329416205e+04 2.0420365339e+05 2.0419225897e+05
1747.8735 5.910841e-02 8.462051e-02 7.203672e-04 5.225277e-02 3.883238e-02 1.627995e-01 7.5294900905e+04 2.0415669522e+05 2.0426889866e+05
1748.8740 6.523550e-02 9.677044e-02 7.032223e-04 6.164353e-02 4.570320e-02 1.463250e-01 7.5239927571e+04 2.0409572547e+05 2.0437751953e+05
1749.8745 6.973712e-02 1.068458e-01 6.524786e-04 7.167652e-02 5.305371e-02 1.272401e-01 7.5174459487e+04 2.0402550227e+05 2.0450812614e+05
1750.8750 7.605044e-02 1.142783e-01 6.653113e-04 8.191238e-02 6.033603e-02 1.092253e-01 7.5106053695e+04 2.0394919337e+05 2.0464746441e+05
1751.8755 8.238275e-02 1.195889e-01 6.053542e-04 9.097970e-02 6.689682e-02 9.295614e-02 7.5043846901e+04 2.0387413676e+05 2.0478031468e+05
1752.8760 8.473563e-02 1.257679e-01 6.009013e-04 9.770579e-02 7.163793e-02 8.081829e-02 7.4996059216e+04 2.0380784972e+05 2.0489127379e+05
1753.8765 8.804209e-02 1.318466e-01 5.774750e-04 1.015423e-01 7.437174e-02 7.432551e-02 7.4968104386e+04 2.0375641631e+05 2.0496685787e+05
1754.8770 9.205973e-02 1.379052e-01 5.861399e-04 1.016227e-01 7.420086e-02 7.436420e-02 7.4965308376e+04 2.0372402613e+05 2.0499800515e+05
1755.8775 9.205185e-02 1.407580e-01 6.150172e-04 9.901988e-02 7.210774e-02 7.921294e-02 7.4993210346e+04 2.0371362282e+05 2.0497923721e+05
1756.8780 8.670624e-02 1.385213e-01 6.229014e-04 9.267998e-02 6.750018e-02 9.143518e-02 7.5049580523e+04 2.0372768767e+05 2.0491132510e+05
1757.8785 8.325260e-02 1.290001e-01 6.428913e-04 8.360541e-02 6.092481e-02 1.062285e-01 7.5126916303e+04 2.0376874264e+05 2.0479848549e+05
1758.8790 7.840470e-02 1.160015e-01 6.687199e-04 7.342439e-02 5.373671e-02 1.247806e-01 7.5218551251e+04 2.0383282392e+05 2.0464945121e+05
1759.8795 7.112779e-02 1.031503e-01 7.274554e-04 6.230108e-02 4.578886e-02 1.449841e-01 7.5317753828e+04 2.0391153381e+05 2.0447915877e+05
1760.8800 6.499670e-02 9.016230e-02 7.133249e-04 5.191779e-02 3.859892e-02 1.617033e-01 7.5417159759e+04 2.0399455913e+05 2.0430482219e+05
1761.8805 5.936388e-02 7.898410e-02 7.629894e-04 4.317368e-02 3.247543e-02 1.771120e-01 7.5507609608e+04 2.0406990335e+05 2.0414557451e+05
1762.8810 5.401989e-02 7.253429e-02 7.736171e-04 3.711889e-02 2.831448e-02 1.867400e-01 7.5580654914e+04 2.0412823168e+05 2.0401925536e+05
1763.8815 5.177517e-02 7.167747e-02 7.849474e-04 3.447770e-02 2.641983e-02 1.905256e-01 7.5627559187e+04 2.0416134252e+05 2.0394078545e+05
1764.8820 5.208748e-02 7.416739e-02 7.796590e-04 3.544267e-02 2.716192e-02 1.891635e-01 7.5644294960e+04 2.0416390753e+05 2.0392019849e+05
1765.8825 5.342095e-02 7.746899e-02 7.530179e-04 3.912390e-02 2.985122e-02 1.799213e-01 7.5633151466e+04 2.0413329004e+05 2.0396123554e+05
1766.8830 5.503605e-02 8.059685e-02 7.365318e-04 4.660973e-02 3.518261e-02 1.669324e-01 7.5597128380e+04 2.0407100894e+05 2.0405773544e+05
1767.8835 5.875904e-02 8.569774e-02 7.094672e-04 5.626982e-02 4.199578e-02 1.500013e-01 7.5540768553e+04 2.0398459549e+05 2.0419720248e+05
1768.8840 6.550189e-02 9.458547e-02 6.738808e-04 6.685717e-02 4.932813e-02 1.303360e-01 7.5470350695e+04 2.0388539533e+05 2.0436127629e+05
1769.8845 7.304483e-02 1.058807e-01 6.572862e-04 7.790559e-02 5.703945e-02 1.112622e-01 7.5395594075e+04 2.0378524760e+05 2.0452874764e+05
1770.8850 7.972547e-02 1.176306e-01 6.349885e-04 8.780534e-02 6.379609e-02 9.334225e-02 7.5326588700e+04 2.0369604083e+05 2.0468008633e+05
1771.8855 8.501280e-02 1.293938e-01 6.047971e-04 9.589926e-02 6.936322e-02 7.996363e-02 7.5272341794e+04 2.0362541761e+05 2.0479796346e+05
1772.8860 8.826843e-02 1.371370e-01 5.993675e-04 1.012246e-01 7.308952e-02 7.163894e-02 7.5239869290e+04 2.0358146137e+05 2.0486962533e+05
1773.8865 8.938806e-02 1.411163e-01 5.922327e-04 1.029834e-01 7.405998e-02 6.888157e-02 7.5232991172e+04 2.0356795716e+05 2.0488793756e+05
1774.8870 8.954347e-02 1.408424e-01 5.997913e-04 1.014536e-01 7.308504e-02 7.233311e-02 7.5254209979e+04 2.0358293119e+05 2.0485137680e+05
1775.8875 8.729167e-02 1.358967e-01 6.154996e-04 9.568123e-02 6.906521e-02 8.255982e-02 7.5303756266e+04 2.0362138894e+05 2.0476607230e+05
1776.8880 8.393556e-02 1.261069e-01 6.422264e-04 8.774603e-02 6.359298e-02 9.627064e-02 7.5379463975e+04 2.0367584210e+05 2.0464110131e+05
1777.8885 7.819503e-02 1.146765e-01 6.633928e-04 7.749946e-02 5.655843e-02 1.148173e-01 7.5474006381e+04 2.0373851122e+05 2.0449030245e+05
1778.8890 7.075265e-02 1.032496e-01 7.001736e-04 6.600165e-02 4.855161e-02 1.341260e-01 7.5577735419e+04 2.0380435228e+05 2.0432842272e+05
1779.8895 6.478129e-02 9.316591e-02 6.924659e-04 5.517886e-02 4.121565e-02 1.521467e-01 7.5679766281e+04 2.0386734010e+05 2.0416992045e+05
1780.8900 5.930392e-02 8.486424e-02 7.798673e-04 4.534212e-02 3.422243e-02 1.691755e-01 7.5771906043e+04 2.0392047551e+05 2.0403003028e+05
1781.8905 5.334512e-02 7.790469e-02 7.888668e-04 3.796259e-02 2.906992e-02 1.803789e-01 7.5848529114e+04 2.0395882982e+05 2.0392084006e+05
1782.8910 5.073136e-02 7.255724e-02 7.819228e-04 3.365845e-02 2.607264e-02 1.873749e-01 7.5901991236e+04 2.0397771856e+05 2.0385178367e+05
1783.8915 5.051164e-02 6.845837e-02 8.039066e-04 3.271283e-02 2.535752e-02 1.882071e-01 7.5928351199e+04 2.0397697118e+05 2.0382817097e+05
1784.8920 5.053716e-02 6.814899e-02 7.648829e-04 3.500897e-02 2.686474e-02 1.818714e-01 7.5926642298e+04 2.0395711673e+05 2.0385099900e+05
1785.8925 5.401882e-02 7.283907e-02 7.731808e-04 4.124452e-02 3.118390e-02 1.710533e-01 7.5895992111e+04 2.0391900999e+05 2.0391662321e+05
1786.8930 5.939673e-02 8.120273e-02 7.695719e-04 4.975624e-02 3.695624e-02 1.553190e-01 7.5842630093e+04 2.0386461780e+05 2.0401939469e+05
1787.8935 6.315910e-02 9.095418e-02 7.033663e-04 5.971021e-02 4.392568e-02 1.371040e-01 7.5775862837e+04 2.0379682136e+05 2.0414909902e+05
1788.8940 6.933128e-02 1.010552e-01 6.863913e-04 7.078259e-02 5.168792e-02 1.177648e-01 7.5703204023e+04 2.0372006646e+05 2.0429213973e+05
1789.8945 7.613528e-02 1.135978e-01 6.556006e-04 8.143183e-02 5.899499e-02 9.960385e-02 7.5633368532e+04 2.0364052977e+05 2.0443381050e+05
1790.8950 8.137411e-02 1.249732e-01 6.064568e-04 9.036418e-02 6.535035e-02 8.496878e-02 7.5575506381e+04 2.0356627301e+05 2.0455905145e+05
1791.8955 8.609198e-02 1.330962e-01 6.143823e-04 9.644840e-02 6.975413e-02 7.390936e-02 7.5536572493e+04 2.0350478027e+05 2.0465452186e+05
1792.8960 8.910423e-02 1.362735e-01 5.883238e-04 1.000285e-01 7.224777e-02 6.878028e-02 7.5521470255e+04 2.0346301840e+05 2.0470847291e+05
1793.8965 8.844660e-02 1.343021e-01 5.804393e-04 1.004217e-01 7.264074e-02 6.935319e-02 7.5534028048e+04 2.0344608417e+05 2.0471345015e+05
1794.8970 8.628429e-02 1.310123e-01 6.026263e-04 9.686601e-02 7.004275e-02 7.610487e-02 7.5572715160e+04 2.0345542807e+05 2.0466730305e+05
1795.8975 8.432346e-02 1.247613e-01 6.280053e-04 9.069492e-02 6.585334e-02 8.813008e-02 7.5634935328e+04 2.0349103777e+05 2.0457210296e+05
1796.8980 7.960334e-02 1.182996e-01 6.412762e-04 8.151794e-02 5.944910e-02 1.041281e-01 7.5717304353e+04 2.0354733430e+05 2.0443776740e+05
1797.8985 7.366853e-02 1.116516e-01 6.877948e-04 7.128097e-02 5.230158e-02 1.214333e-01 7.5812834897e+04 2.0361669328e+05 2.0427793924e+05
1798.8990 6.813529e-02 1.026263e-01 7.100081e-04 6.062117e-02 4.488556e-02 1.400825e-01 7.5912124941e+04 2.0369077811e+05 2.0411013075e+05
1799.8995 6.277327e-02 9.027993e-02 7.532896e-04 5.030099e-02 3.767365e-02 1.570879e-01 7.6006078892e+04 2.0376185552e+05 2.0395239584e+05
1800.9000 5.698689e-02 7.865596e-02 7.686801e-04 4.189443e-02 3.192470e-02 1.698639e-01 7.6086362277e+04 2.0382088586e+05 2.0382074385e+05
1801.9005 5.259701e-02 7.102269e-02 7.702098e-04 3.591073e-02 2.780104e-02 1.795681e-01 7.6145590392e+04 2.0385863452e+05 2.0372878358e+05
1802.9010 5.150614e-02 6.670951e-02 7.978070e-04 3.297277e-02 2.578341e-02 1.831679e-01 7.6180674353e+04 2.0386983825e+05 2.0368523385e+05
1803.9015 5.134590e-02 6.580318e-02 7.794987e-04 3.319218e-02 2.597446e-02 1.802728e-01 7.6191826911e+04 2.0385216073e+05 2.0369319489e+05
1804.9020 5.248849e-02 6.845698e-02 7.834782e-04 3.692987e-02 2.871605e-02 1.732767e-01 7.6178954788e+04 2.0380762947e+05 2.0374932789e+05
1805.9025 5.647669e-02 7.558594e-02 7.557542e-04 4.318287e-02 3.301772e-02 1.608339e-01 7.6143303780e+04 2.0374324491e+05 2.0384571883e+05
1806.9030 6.211226e-02 8.569233e-02 7.122424e-04 5.176420e-02 3.909951e-02 1.457393e-01 7.6089094597e+04 2.0366735465e+05 2.0396956820e+05
1807.9035 6.688843e-02 9.484713e-02 7.086693e-04 6.157863e-02 4.590582e-02 1.277490e-01 7.6024915485e+04 2.0358951589e+05 2.0410655413e+05
1808.9040 7.162738e-02 1.051844e-01 6.752868e-04 7.173705e-02 5.292708e-02 1.108188e-01 7.5958353629e+04 2.0351516100e+05 2.0424128372e+05
1809.9045 7.837121e-02 1.140853e-01 6.581334e-04 8.146984e-02 5.962142e-02 9.570919e-02 7.5898387887e+04 2.0345044444e+05 2.0435914792e+05
1810.9050 8.196051e-02 1.216649e-01 6.232580e-04 8.887144e-02 6.451950e-02 8.266638e-02 7.5853864359e+04 2.0340154250e+05 2.0444840278e+05
1811.9055 8.419659e-02 1.278120e-01 6.087995e-04 9.450884e-02 6.821800e-02 7.500307e-02 7.5828611655e+04 2.0337178827e+05 2.0449944053e+05
1812.9060 8.774998e-02 1.315203e-01 5.965863e-04 9.690589e-02 6.973328e-02 7.195793e-02 7.5824941948e+04 2.0336249665e+05 2.0450912164e+05
1813.9065 8.808569e-02 1.329398e-01 6.030701e-04 9.603839e-02 6.880990e-02 7.444044e-02 7.5845481012e+04 2.0337177572e+05 2.0447825447e+05
1814.9070 8.515748e-02 1.306963e-01 6.077483e-04 9.260699e-02 6.633625e-02 8.224330e-02 7.5889521035e+04 2.0339641434e+05 2.0441088090e+05
1815.9075 8.198942e-02 1.241760e-01 6.229868e-04 8.606645e-02 6.172561e-02 9.350367e-02 7.5952513013e+04 2.0343320400e+05 2.0431484913e+05
1816.9080 7.703630e-02 1.144892e-01 6.756418e-04 7.825185e-02 5.628905e-02 1.076253e-01 7.6030361190e+04 2.0347761277e+05 2.0419819369e+05
1817.9085 7.104275e-02 1.046951e-01 6.608204e-04 6.850585e-02 4.969340e-02 1.240165e-01 7.6116653488e+04 2.0352393364e+05 2.0407196268e+05
1818.9090 6.690166e-02 9.542564e-02 7.072394e-04 5.879960e-02 4.322563e-02 1.391431e-01 7.6204041509e+04 2.0356788526e+05 2.0394640225e+05
1819.9095 6.325838e-02 8.704376e-02 7.337859e-04 4.984282e-02 3.746036e-02 1.528206e-01 7.6285506810e+04 2.0360588918e+05 2.0383220394e+05
1820.9100 5.866327e-02 7.871935e-02 7.483812e-04 4.228379e-02 3.265347e-02 1.647225e-01 7.6354459389e+04 2.0363564618e+05 2.0373881440e+05
1821.9105 5.462702e-02 7.089482e-02 7.735284e-04 3.728318e-02 2.950717e-02 1.709530e-01 7.6405450707e+04 2.0365611679e+05 2.0367291625e+05
1822.9110 5.343451e-02 6.688609e-02 7.757509e-04 3.468249e-02 2.805478e-02 1.733648e-01 7.6433627530e+04 2.0366437781e+05 2.0363931623e+05
1823.9115 5.383843e-02 6.671558e-02 7.834879e-04 3.506747e-02 2.852031e-02 1.716002e-01 7.6439279612e+04 2.0365827933e+05 2.0364000237e+05
1824.9120 5.418233e-02 7.030899e-02 7.587869e-04 3.837704e-02 3.073628e-02 1.648249e-01 7.6425644727e+04 2.0363607836e+05 2.0367474199e+05
1825.9125 5.825634e-02 7.688613e-02 7.614789e-04 4.418837e-02 3.465419e-02 1.546679e-01 7.6394509665e+04 2.0359736347e+05 2.0374051041e+05
1826.9130 6.315601e-02 8.497711e-02 7.315250e-04 5.163071e-02 3.940782e-02 1.407166e-01 7.6350554098e+04 2.0354570151e+05 2.0383162195e+05
1827.9135 6.680856e-02 9.588785e-02 6.952684e-04 6.055679e-02 4.512630e-02 1.271658e-01 7.6297711195e+04 2.0348494931e+05 2.0393894635e+05
1828.9140 7.269180e-02 1.055024e-01 6.888694e-04 6.975112e-02 5.100808e-02 1.121885e-01 7.6241708528e+04 2.0342148582e+05 2.0405210690e+05
1829.9145 7.729974e-02 1.130670e-01 6.544192e-04 7.803142e-02 5.609785e-02 9.862981e-02 7.6190723974e+04 2.0336022956e+05 2.0415958927e+05
1830.9150 7.930457e-02 1.192247e-01 6.401301e-04 8.559888e-02 6.102529e-02 8.814950e-02 7.6152299390e+04 2.0330550229e+05 2.0424867693e+05
1831.9155 8.276960e-02 1.240233e-01 6.225994e-04 9.045808e-02 6.394727e-02 8.013181e-02 7.6130300736e+04 2.0326320540e+05 2.0430970921e+05
1832.9160 8.509548e-02 1.276109e-01 6.302672e-04 9.304824e-02 6.552276e-02 7.764000e-02 7.6127658678e+04 2.0323841371e+05 2.0433402682e+05
1833.9165 8.454362e-02 1.279536e-01 5.933943e-04 9.274196e-02 6.538506e-02 7.904252e-02 7.6146115225e+04 2.0323541936e+05 2.0431833876e+05
1834.9170 8.365479e-02 1.262519e-01 6.416628e-04 8.956042e-02 6.342057e-02 8.336963e-02 7.6183273419e+04 2.0325377311e+05 2.0426416276e+05
1835.9175 8.150942e-02 1.218120e-01 6.470133e-04 8.484757e-02 6.049888e-02 9.268166e-02 7.6236745294e+04 2.0328948843e+05 2.0417690456e+05
1836.9180 7.680243e-02 1.134302e-01 6.317767e-04 7.738706e-02 5.595347e-02 1.046425e-01 7.6303475539e+04 2.0333813416e+05 2.0406686443e+05
1837.9185 7.186290e-02 1.032312e-01 6.834413e-04 6.909439e-02 5.089952e-02 1.171725e-01 7.6378142464e+04 2.0339208700e+05 2.0394460886e+05
1838.9190 6.758925e-02 9.383878e-02 6.784413e-04 6.042027e-02 4.545456e-02 1.314049e-01 7.6454542902e+04 2.0344313993e+05 2.0382266816e+05
1839.9195 6.381545e-02 8.517990e-02 7.335269e-04 5.181273e-02 3.999854e-02 1.444310e-01 7.6528579414e+04 2.0348403134e+05 2.0371314196e+05
1840.9200 6.006961e-02 7.835588e-02 7.355178e-04 4.450424e-02 3.536366e-02 1.540419e-01 7.6594949724e+04 2.0351032569e+05 2.0362567681e+05
1841.9205 5.787350e-02 7.346610e-02 7.601647e-04 3.903046e-02 3.162905e-02 1.628504e-01 7.6646637023e+04 2.0352011912e+05 2.0356710872e+05
1842.9210 5.521602e-02 6.972740e-02 7.693242e-04 3.609063e-02 2.943139e-02 1.669913e-01 7.6680381028e+04 2.0351631125e+05 2.0354025087e+05
1843.9215 5.358932e-02 7.008875e-02 7.778113e-04 3.557919e-02 2.877474e-02 1.666564e-01 7.6693138327e+04 2.0349987785e+05 2.0354499887e+05
1844.9220 5.520423e-02 7.357717e-02 7.569525e-04 3.769394e-02 2.974617e-02 1.629419e-01 7.6685162916e+04 2.0347257538e+05 2.0357845211e+05
1845.9225 5.739413e-02 7.685152e-02 7.514856e-04 4.220997e-02 3.212462e-02 1.548186e-01 7.6661560777e+04 2.0343745274e+05 2.0363557556e+05
1846.9230 5.941713e-02 8.279403e-02 7.476379e-04 4.910646e-02 3.633929e-02 1.446147e-01 7.6625817788e+04 2.0339582624e+05 2.0370944282e+05
1847.9235 6.456193e-02 9.064928e-02 7.351797e-04 5.702894e-02 4.112668e-02 1.308869e-01 7.6581134305e+04 2.0335168510e+05 2.0379345765e+05
1848.9240 7.037572e-02 1.003436e-01 6.916295e-04 6.571902e-02 4.662600e-02 1.169527e-01 7.6531247840e+04 2.0330873246e+05 2.0387994356e+05
1849.9245 7.434661e-02 1.094023e-01 6.763373e-04 7.443741e-02 5.247695e-02 1.034790e-01 7.6482759104e+04 2.0326901326e+05 2.0396244613e+05
1850.9250 7.756376e-02 1.168971e-01 6.552557e-04 8.157764e-02 5.721618e-02 9.161567e-02 7.6441784555e+04 2.0323232375e+05 2.0403583450e+05
1851.9255 8.114162e-02 1.220217e-01 6.386492e-04 8.797549e-02 6.175663e-02 8.297156e-02 7.6413620853e+04 2.0319871232e+05 2.0409322061e+05
1852.9260 8.294292e-02 1.249878e-01 6.199568e-04 9.130705e-02 6.440304e-02 7.699065e-02 7.6403485253e+04 2.0317004238e+05 2.0413002989e+05
1853.9265 8.269130e-02 1.264065e-01 6.160068e-04 9.185407e-02 6.540515e-02 7.539843e-02 7.6413139518e+04 2.0314910863e+05 2.0414087036e+05
1854.9270 8.299120e-02 1.251668e-01 6.300652e-04 9.039166e-02 6.481259e-02 7.935853e-02 7.6441258304e+04 2.0313930845e+05 2.0412220553e+05
1855.9275 8.192289e-02 1.222329e-01 6.075248e-04 8.561927e-02 6.203641e-02 8.651467e-02 7.6487506837e+04 2.0314263112e+05 2.0407437264e+05
1856.9280 7.809361e-02 1.157645e-01 6.486605e-04 7.911332e-02 5.813423e-02 9.656754e-02 7.6549226681e+04 2.0316079569e+05 2.0399866502e+05
1857.9285 7.290638e-02 1.056423e-01 6.510686e-04 7.093660e-02 5.287516e-02 1.102103e-01 7.6620508393e+04 2.0319412104e+05 2.0390021607e+05
1858.9290 6.835661e-02 9.509058e-02 7.193772e-04 6.219623e-02 4.695954e-02 1.239637e-01 7.6695794628e+04 2.0323943676e+05 2.0378602754e+05
1859.9295 6.252142e-02 8.732370e-02 7.150654e-04 5.363357e-02 4.101694e-02 1.373239e-01 7.6770029040e+04 2.0329122704e+05 2.0366593926e+05
1860.9300 5.846178e-02 8.136617e-02 7.495414e-04 4.540574e-02 3.520889e-02 1.505751e-01 7.6837469515e+04 2.0334169505e+05 2.0355238276e+05
1861.9305 5.624229e-02 7.662800e-02 7.928533e-04 3.934936e-02 3.059143e-02 1.599162e-01 7.6893918211e+04 2.0338385204e+05 2.0345711185e+05
1862.9310 5.411903e-02 7.292922e-02 7.804909e-04 3.541887e-02 2.742192e-02 1.655962e-01 7.6934541340e+04 2.0341206017e+05 2.0339120279e+05
1863.9315 5.225138e-02 7.153615e-02 7.940624e-04 3.410399e-02 2.598881e-02 1.672541e-01 7.6954650573e+04 2.0342267049e+05 2.0336221584e+05
1864.9320 5.300956e-02 7.260220e-02 7.900435e-04 3.563978e-02 2.655213e-02 1.637618e-01 7.6952086847e+04 2.0341373293e+05 2.0337358427e+05
1865.9325 5.605026e-02 7.575741e-02 7.851513e-04 3.997103e-02 2.928247e-02 1.571216e-01 7.6929037218e+04 2.0338340482e+05 2.0342430757e+05
1866.9330 5.845237e-02 8.086026e-02 7.642240e-04 4.641992e-02 3.337281e-02 1.452592e-01 7.6892120091e+04 2.0333302857e+05 2.0350909490e+05
1867.9335 6.128574e-02 8.853746e-02 7.227690e-04 5.471938e-02 3.902610e-02 1.320583e-01 7.6845977896e+04 2.0326636100e+05 2.0361746891e+05
1868.9340 6.773419e-02 9.885818e-02 7.115679e-04 6.377430e-02 4.525599e-02 1.167152e-01 7.6794553516e+04 2.0319194786e+05 2.0373656803e+05
1869.9345 7.293165e-02 1.089618e-01 6.932979e-04 7.221614e-02 5.126084e-02 1.023639e-01 7.6744329988e+04 2.0312002092e+05 2.0385249200e+05
1870.9350 7.683665e-02 1.172467e-01 6.637149e-04 8.065967e-02 5.735432e-02 8.950688e-02 7.6701303277e+04 2.0305877806e+05 2.0395122057e+05
1871.9355 8.101476e-02 1.233559e-01 6.601552e-04 8.669307e-02 6.170389e-02 7.904706e-02 7.6670071671e+04 2.0301409167e+05 2.0402305081e+05
1872.9360 8.281388e-02 1.263713e-01 6.308754e-04 9.087734e-02 6.496583e-02 7.320177e-02 7.6655943596e+04 2.0298929840e+05 2.0405936026e+05
1873.9365 8.243832e-02 1.259900e-01 6.278308e-04 9.214646e-02 6.605987e-02 7.184288e-02 7.6661940745e+04 2.0298578745e+05 2.0405677387e+05
1874.9370 8.184967e-02 1.242854e-01 6.329776e-04 9.018325e-02 6.490592e-02 7.490921e-02 7.6687388919e+04 2.0300214248e+05 2.0401587381e+05
1875.9375 8.026058e-02 1.205749e-01 6.228819e-04 8.608961e-02 6.223194e-02 8.228585e-02 7.6731332570e+04 2.0303494988e+05 2.0394106275e+05
1876.9380 7.726712e-02 1.161166e-01 6.594520e-04 7.912832e-02 5.754051e-02 9.350283e-02 7.6791022048e+04 2.0307752415e+05 2.0384195067e+05
1877.9385 7.270847e-02 1.094957e-01 6.904698e-04 7.122260e-02 5.196205e-02 1.063927e-01 7.6861960189e+04 2.0312456037e+05 2.0372872008e+05
1878.9390 6.817240e-02 1.009520e-01 6.969764e-04 6.246524e-02 4.582994e-02 1.204680e-01 7.6937423764e+04 2.0317022067e+05 2.0361311428e+05
1879.9395 6.210461e-02 9.241332e-02 7.167742e-04 5.334319e-02 3.943070e-02 1.356698e-01 7.7011320495e+04 2.0320961994e+05 2.0350584271e+05
1880.9400 5.835942e-02 8.456135e-02 7.556176e-04 4.560655e-02 3.383791e-02 1.475291e-01 7.7077775497e+04 2.0323932101e+05 2.0341501266e+05
1881.9405 5.576880e-02 7.791457e-02 7.648279e-04 3.927330e-02 2.932462e-02 1.570229e-01 7.7132644126e+04 2.0325609390e+05 2.0334755685e+05
1882.9410 5.262742e-02 7.294580e-02 8.156947e-04 3.500895e-02 2.627123e-02 1.626952e-01 7.7173296569e+04 2.0325964395e+05 2.0330731861e+05
1883.9415 5.149267e-02 7.018899e-02 7.950659e-04 3.352129e-02 2.525180e-02 1.641129e-01 7.7195175477e+04 2.0325206387e+05 2.0329507163e+05
1884.9420 5.342026e-02 7.106420e-02 8.082230e-04 3.502664e-02 2.617808e-02 1.611754e-01 7.7195534168e+04 2.0323593838e+05 2.0330990154e+05
1885.9425 5.574166e-02 7.642334e-02 7.987476e-04 3.892820e-02 2.888215e-02 1.533741e-01 7.7176441907e+04 2.0321247736e+05 2.0334984201e+05
1886.9430 5.802768e-02 8.316985e-02 7.651395e-04 4.522228e-02 3.330955e-02 1.429316e-01 7.7142344592e+04 2.0318123835e+05 2.0341145813e+05
1887.9435 6.162351e-02 9.077133e-02 7.512167e-04 5.279680e-02 3.856394e-02 1.296991e-01 7.7098243047e+04 2.0314191476e+05 2.0349049080e+05
1888.9440 6.687120e-02 9.835182e-02 7.218098e-04 6.147021e-02 4.465593e-02 1.158985e-01 7.7050210913e+04 2.0309496687e+05 2.0358000563e+05
1889.9445 7.081096e-02 1.066626e-01 6.784441e-04 7.025926e-02 5.068144e-02 1.018597e-01 7.7004059545e+04 2.0304371670e+05 2.0367218277e+05
1890.9450 7.488197e-02 1.144129e-01 6.816858e-04 7.732193e-02 5.549806e-02 8.985704e-02 7.6963440119e+04 2.0299299682e+05 2.0375878882e+05
1891.9455 7.946357e-02 1.193427e-01 6.554036e-04 8.367140e-02 5.994256e-02 8.080159e-02 7.6933663291e+04 2.0294722031e+05 2.0382987803e+05
1892.9460 8.105620e-02 1.217873e-01 6.558037e-04 8.750641e-02 6.237443e-02 7.490062e-02 7.6919851533e+04 2.0291099255e+05 2.0387812182e+05
1893.9465 8.032839e-02 1.228740e-01 6.354198e-04 8.891146e-02 6.328252e-02 7.319949e-02 7.6923461899e+04 2.0288889580e+05 2.0389620565e+05
1894.9470 7.999580e-02 1.227066e-01 6.372083e-04 8.801055e-02 6.258543e-02 7.592281e-02 7.6943711915e+04 2.0288457017e+05 2.0387999441e+05
1895.9475 7.812729e-02 1.210034e-01 6.483006e-04 8.403356e-02 5.985431e-02 8.226309e-02 7.6980792655e+04 2.0289892947e+05 2.0383012308e+05
1896.9480 7.523456e-02 1.179939e-01 6.846524e-04 7.867081e-02 5.607756e-02 9.104974e-02 7.7032834662e+04 2.0292930540e+05 2.0375029087e+05
1897.9485 7.314302e-02 1.130386e-01 6.955366e-04 7.147111e-02 5.108424e-02 1.028849e-01 7.7095329492e+04 2.0297062826e+05 2.0364937096e+05
1898.9490 6.898190e-02 1.048538e-01 6.906793e-04 6.314551e-02 4.551375e-02 1.161845e-01 7.7164241426e+04 2.0301855900e+05 2.0353773906e+05
1899.9495 6.370584e-02 9.453919e-02 7.631464e-04 5.511237e-02 4.006159e-02 1.282426e-01 7.7233550506e+04 2.0306748510e+05 2.0342629321e+05
1900.9500 6.077618e-02 8.469083e-02 7.566365e-04 4.745375e-02 3.489595e-02 1.395178e-01 7.7296181815e+04 2.0311042218e+05 2.0332646912e+05
1901.9505 5.798282e-02 7.757824e-02 7.995574e-04 4.137873e-02 3.092650e-02 1.490346e-01 7.7349207486e+04 2.0314075891e+05 2.0324738619e+05
1902.9510 5.463233e-02 7.477206e-02 7.733609e-04 3.685728e-02 2.802783e-02 1.550589e-01 7.7390727307e+04 2.0315317332e+05 2.0319649764e+05
1903.9515 5.297721e-02 7.334935e-02 8.137399e-04 3.480215e-02 2.675549e-02 1.573965e-01 7.7416844196e+04 2.0314817529e+05 2.0317699480e+05
1904.9520 5.482688e-02 7.433002e-02 8.074345e-04 3.536772e-02 2.719086e-02 1.558007e-01 7.7425074058e+04 2.0312713316e+05 2.0318886155e+05
1905.9525 5.584264e-02 7.821967e-02 7.693634e-04 3.818050e-02 2.916925e-02 1.505364e-01 7.7417069163e+04 2.0309316646e+05 2.0322909493e+05
1906.9530 5.759928e-02 8.320417e-02 7.779568e-04 4.284270e-02 3.231636e-02 1.422730e-01 7.7394246465e+04 2.0305057568e+05 2.0329197705e+05
1907.9535 6.188887e-02 8.698978e-02 7.336545e-04 4.960391e-02 3.695178e-02 1.321022e-01 7.7360078523e+04 2.0300384256e+05 2.0336918644e+05
1908.9540 6.551923e-02 9.031691e-02 7.359597e-04 5.700241e-02 4.173867e-02 1.192947e-01 7.7320842361e+04 2.0295743844e+05 2.0345232233e+05
1909.9545 6.761572e-02 9.704464e-02 6.776499e-04 6.466436e-02 4.687469e-02 1.073745e-01 7.7279782189e+04 2.0291504974e+05 2.0353184116e+05
1910.9550 7.263973e-02 1.055507e-01 7.067719e-04 7.237903e-02 5.187522e-02 9.587413e-02 7.7240488568e+04 2.0288016554e+05 2.0360000836e+05
1911.9555 7.679704e-02 1.137803e-01 6.803790e-04 7.827040e-02 5.560756e-02 8.596227e-02 7.7208655357e+04 2.0285477420e+05 2.0365247334e+05
1912.9560 7.798575e-02 1.209224e-01 6.574073e-04 8.286331e-02 5.857827e-02 7.936265e-02 7.7188658823e+04 2.0283777767e+05 2.0368568529e+05
1913.9565 7.958758e-02 1.247367e-01 6.499054e-04 8.557599e-02 6.025393e-02 7.603032e-02 7.7182261577e+04 2.0282857163e+05 2.0369870601e+05
1914.9570 7.940384e-02 1.250183e-01 6.572500e-04 8.559935e-02 6.019734e-02 7.569511e-02 7.7191199184e+04 2.0282672096e+05 2.0369172287e+05
1915.9575 7.755678e-02 1.215216e-01 6.608682e-04 8.386065e-02 5.898041e-02 7.906589e-02 7.7215557564e+04 2.0283129610e+05 2.0366480632e+05
1916.9580 7.668518e-02 1.158840e-01 6.375077e-04 7.936340e-02 5.603374e-02 8.593548e-02 7.7253536736e+04 2.0284071837e+05 2.0362027139e+05
1917.9585 7.400638e-02 1.100825e-01 6.889579e-04 7.338452e-02 5.209388e-02 9.553228e-02 7.7304413832e+04 2.0285366236e+05 2.0355993702e+05
1918.9590 7.020170e-02 1.028230e-01 7.015804e-04 6.640615e-02 4.771606e-02 1.056114e-01 7.7364823004e+04 2.0287113071e+05 2.0348699897e+05
1919.9595 6.620011e-02 9.637054e-02 7.356477e-04 5.855269e-02 4.252117e-02 1.174498e-01 7.7428975344e+04 2.0289252854e+05 2.0340613214e+05
1920.9600 6.272045e-02 9.053529e-02 7.541105e-04 5.143250e-02 3.790918e-02 1.290282e-01 7.7491515462e+04 2.0291818931e+05 2.0332174374e+05
1921.9605 5.969556e-02 8.560267e-02 7.614820e-04 4.452475e-02 3.345569e-02 1.389795e-01 7.7548248149e+04 2.0294608783e+05 2.0324089424e+05
1922.9610 5.639449e-02 8.043899e-02 8.077337e-04 3.919025e-02 2.993548e-02 1.467994e-01 7.7596537768e+04 2.0297253721e+05 2.0316996021e+05
1923.9615 5.433694e-02 7.535269e-02 7.799855e-04 3.585994e-02 2.776138e-02 1.516733e-01 7.7633151706e+04 2.0299365488e+05 2.0311538992e+05
1924.9620 5.363270e-02 7.113180e-02 7.876743e-04 3.454057e-02 2.685693e-02 1.534138e-01 7.7655382273e+04 2.0300614900e+05 2.0308283675e+05
1925.9625 5.353201e-02 7.008612e-02 8.158303e-04 3.548660e-02 2.746900e-02 1.512051e-01 7.7661577120e+04 2.0300781843e+05 2.0307575322e+05
1926.9630 5.531941e-02 7.195843e-02 7.784775e-04 3.895680e-02 2.959880e-02 1.456348e-01 7.7651468025e+04 2.0299667596e+05 2.0309555034e+05
1927.9635 5.803344e-02 7.717469e-02 8.025117e-04 4.396316e-02 3.263462e-02 1.368523e-01 7.7627045525e+04 2.0297203157e+05 2.0314170937e+05
1928.9640 6.008613e-02 8.550353e-02 7.395950e-04 5.084575e-02 3.715665e-02 1.266349e-01 7.7591652421e+04 2.0293452406e+05 2.0320998579e+05
1929.9645 6.418565e-02 9.474893e-02 7.132731e-04 5.862441e-02 4.199623e-02 1.143970e-01 7.7549356150e+04 2.0288663023e+05 2.0329466750e+05
1930.9650 6.819651e-02 1.044406e-01 7.232759e-04 6.607630e-02 4.686263e-02 1.017836e-01 7.7504919400e+04 2.0283295425e+05 2.0338735239e+05
1931.9655 7.115081e-02 1.119245e-01 6.714666e-04 7.350617e-02 5.176791e-02 9.077122e-02 7.7464136753e+04 2.0277866179e+05 2.0347772414e+05
1932.9660 7.523888e-02 1.170135e-01 6.686213e-04 7.931312e-02 5.561268e-02 8.112651e-02 7.7431296664e+04 2.0272940567e+05 2.0355615678e+05
1933.9665 7.858096e-02 1.187631e-01 6.501313e-04 8.338882e-02 5.842288e-02 7.443125e-02 7.7410520852e+04 2.0269142382e+05 2.0361270290e+05
1934.9670 7.827845e-02 1.187246e-01 6.600431e-04 8.552847e-02 5.999326e-02 7.123428e-02 7.7405632428e+04 2.0266932020e+05 2.0363968123e+05
1935.9675 7.838676e-02 1.180778e-01 6.295283e-04 8.443581e-02 5.947787e-02 7.219253e-02 7.7416367617e+04 2.0266507599e+05 2.0363369450e+05
1936.9680 7.911252e-02 1.173895e-01 6.895495e-04 8.207070e-02 5.809459e-02 7.647637e-02 7.7443009998e+04 2.0267834191e+05 2.0359349384e+05
1937.9685 7.581915e-02 1.151039e-01 6.530848e-04 7.716284e-02 5.498070e-02 8.372045e-02 7.7486782512e+04 2.0270625243e+05 2.0352442023e+05
1938.9690 7.197957e-02 1.098194e-01 7.122907e-04 7.021914e-02 5.041650e-02 9.469053e-02 7.7544114650e+04 2.0274324336e+05 2.0343397296e+05
1939.9695 6.953618e-02 1.034537e-01 7.013808e-04 6.274632e-02 4.558251e-02 1.069997e-01 7.7609633092e+04 2.0278430036e+05 2.0333088859e+05
1940.9700 6.550697e-02 9.540158e-02 7.283782e-04 5.414794e-02 3.978264e-02 1.197143e-01 7.7679110610e+04 2.0282500551e+05 2.0322620590e+05
1941.9705 6.088978e-02 8.471710e-02 8.048466e-04 4.633231e-02 3.455571e-02 1.317988e-01 7.7747284785e+04 2.0286105251e+05 2.0312857325e+05
1942.9710 5.640825e-02 7.472062e-02 7.528468e-04 3.951435e-02 2.987585e-02 1.426858e-01 7.7808429920e+04 2.0288838218e+05 2.0304621099e+05
1943.9715 5.322017e-02 6.734016e-02 8.230329e-04 3.450508e-02 2.623353e-02 1.500970e-01 7.7857749223e+04 2.0290546240e+05 2.0298452776e+05
1944.9720 5.138308e-02 6.533667e-02 7.844767e-04 3.180686e-02 2.433137e-02 1.541978e-01 7.7890708049e+04 2.0291192782e+05 2.0294683094e+05
1945.9725 5.045341e-02 6.695292e-02 7.970711e-04 3.161032e-02 2.377538e-02 1.541288e-01 7.7905302790e+04 2.0290899845e+05 2.0293523819e+05
1946.9730 5.154368e-02 7.171072e-02 8.267963e-04 3.395499e-02 2.510459e-02 1.497468e-01 7.7900482104e+04 2.0289673265e+05 2.0295030346e+05
1947.9735 5.391264e-02 7.895267e-02 7.718212e-04 3.901209e-02 2.834210e-02 1.419544e-01 7.7877704915e+04 2.0287443881e+05 2.0299137828e+05
1948.9740 5.728710e-02 8.523028e-02 7.787366e-04 4.562419e-02 3.262038e-02 1.303875e-01 7.7840515699e+04 2.0284281214e+05 2.0305650116e+05
1949.9745 6.114062e-02 9.060967e-02 7.552959e-04 5.354202e-02 3.805690e-02 1.170828e-01 7.7792281105e+04 2.0280358843e+05 2.0314027670e+05
1950.9750 6.538948e-02 9.574368e-02 7.265729e-04 6.258458e-02 4.413270e-02 1.030255e-01 7.7738757681e+04 2.0275794921e+05 2.0323526335e+05
1951.9755 7.005752e-02 1.022023e-01 6.876128e-04 7.050740e-02 4.972309e-02 8.961636e-02 7.7686713102e+04 2.0270730276e+05 2.0333346548e+05
1952.9760 7.444558e-02 1.102347e-01 6.631056e-04 7.749910e-02 5.469602e-02 7.778124e-02 7.7643197532e+04 2.0265469832e+05 2.0342454500e+05
1953.9765 7.743747e-02 1.174245e-01 6.579634e-04 8.301144e-02 5.868283e-02 6.943867e-02 7.7613914450e+04 2.0260546125e+05 2.0349848233e+05
1954.9770 7.966258e-02 1.222220e-01 6.434942e-04 8.551504e-02 6.054048e-02 6.509242e-02 7.7601998256e+04 2.0256602083e+05 2.0354703538e+05
1955.9775 8.055965e-02 1.256702e-01 6.618302e-04 8.629005e-02 6.127885e-02 6.467679e-02 7.7608735512e+04 2.0254184382e+05 2.0356221225e+05
1956.9780 7.977964e-02 1.245683e-01 6.440540e-04 8.346721e-02 5.950286e-02 6.876421e-02 7.7635282210e+04 2.0253682742e+05 2.0354163673e+05
1957.9785 7.759653e-02 1.172964e-01 6.835358e-04 7.851594e-02 5.616271e-02 7.745826e-02 7.7680836955e+04 2.0255214073e+05 2.0348438237e+05
1958.9790 7.316755e-02 1.071179e-01 6.857870e-04 7.166818e-02 5.155055e-02 8.915903e-02 7.7742414092e+04 2.0258673231e+05 2.0339404537e+05
1959.9795 6.820028e-02 9.681539e-02 7.242367e-04 6.301786e-02 4.544415e-02 1.029252e-01 7.7814919141e+04 2.0263631277e+05 2.0327845608e+05
1960.9800 6.375440e-02 8.759723e-02 7.626382e-04 5.412880e-02 3.932559e-02 1.171657e-01 7.7891968033e+04 2.0269579326e+05 2.0314770634e+05
1961.9805 5.913276e-02 8.060660e-02 7.458818e-04 4.514535e-02 3.288192e-02 1.317388e-01 7.7966631271e+04 2.0275787100e+05 2.0301597865e+05
1962.9810 5.508578e-02 7.538857e-02 8.393120e-04 3.800225e-02 2.767173e-02 1.435001e-01 7.8033291151e+04 2.0281396914e+05 2.0289720499e+05
1963.9815 5.106026e-02 7.253682e-02 8.006900e-04 3.263082e-02 2.375146e-02 1.519978e-01 7.8085562581e+04 2.0285640164e+05 2.0280560930e+05
1964.9820 4.886615e-02 7.027754e-02 8.734153e-04 2.933360e-02 2.122196e-02 1.559961e-01 7.8117964098e+04 2.0287999785e+05 2.0275204008e+05
1965.9825 4.837961e-02 6.858915e-02 8.298321e-04 2.908496e-02 2.111877e-02 1.553729e-01 7.8128285922e+04 2.0288086197e+05 2.0274218128e+05
1966.9830 4.942980e-02 6.838873e-02 7.981338e-04 3.208765e-02 2.309925e-02 1.503463e-01 7.8117184707e+04 2.0285692172e+05 2.0277696709e+05
1967.9835 5.113098e-02 7.086621e-02 8.237173e-04 3.721658e-02 2.677111e-02 1.408257e-01 7.8088390021e+04 2.0280937342e+05 2.0285197922e+05
1968.9840 5.554677e-02 7.657357e-02 7.550167e-04 4.417765e-02 3.191079e-02 1.282117e-01 7.8045345869e+04 2.0274344081e+05 2.0295709923e+05
1969.9845 6.116940e-02 8.479203e-02 7.502720e-04 5.294835e-02 3.803995e-02 1.136706e-01 7.7993214515e+04 2.0266851051e+05 2.0307842911e+05
1970.9850 6.580873e-02 9.570638e-02 7.225102e-04 6.164658e-02 4.434715e-02 9.862576e-02 7.7938253893e+04 2.0259404069e+05 2.0320162038e+05
1971.9855 6.994285e-02 1.074104e-01 6.898176e-04 7.025476e-02 5.042652e-02 8.469414e-02 7.7886223540e+04 2.0252888435e+05 2.0331218086e+05
1972.9860 7.550410e-02 1.167104e-01 7.061013e-04 7.739249e-02 5.555371e-02 7.380442e-02 7.7843081373e+04 2.0247896255e+05 2.0339860279e+05
1973.9865 7.801374e-02 1.211562e-01 6.547258e-04 8.231312e-02 5.899215e-02 6.574125e-02 7.7816622967e+04 2.0244885312e+05 2.0345231607e+05
1974.9870 7.799535e-02 1.219023e-01 6.452702e-04 8.539312e-02 6.120949e-02 6.185411e-02 7.7810071131e+04 2.0243925155e+05 2.0346762561e+05
1975.9875 7.893324e-02 1.197580e-01 6.625458e-04 8.464436e-02 6.057390e-02 6.309006e-02 7.7823054334e+04 2.0244946964e+05 2.0344494892e+05
1976.9880 7.872498e-02 1.149295e-01 7.017033e-04 8.194600e-02 5.858576e-02 6.889702e-02 7.7856406499e+04 2.0247631672e+05 2.0338633634e+05
1977.9885 7.489877e-02 1.102480e-01 6.736505e-04 7.634003e-02 5.450932e-02 7.865580e-02 7.7908728383e+04 2.0251395274e+05 2.0329980633e+05
1978.9890 7.092334e-02 1.046126e-01 7.275161e-04 6.889299e-02 4.900323e-02 9.092242e-02 7.7974583420e+04 2.0255738629e+05 2.0319456110e+05
1979.9895 6.615409e-02 9.745599e-02 7.113633e-04 6.067910e-02 4.314741e-02 1.051486e-01 7.8048130298e+04 2.0260246956e+05 2.0308068323e+05
1980.9900 6.042491e-02 9.079427e-02 7.381030e-04 5.160513e-02 3.649644e-02 1.203233e-01 7.8122559165e+04 2.0264449263e+05 2.0296942346e+05
1981.9905 5.609241e-02 8.373664e-02 8.087395e-04 4.366095e-02 3.091987e-02 1.330248e-01 7.8191627965e+04 2.0268026138e+05 2.0286950449e+05
1982.9910 5.226564e-02 7.618373e-02 7.965012e-04 3.652544e-02 2.596435e-02 1.435634e-01 7.8250336018e+04 2.0270651839e+05 2.0278977572e+05
1983.9915 4.920948e-02 6.943779e-02 8.545266e-04 3.152273e-02 2.257566e-02 1.504988e-01 7.8294218655e+04 2.0272138560e+05 2.0273551401e+05
1984.9920 4.847102e-02 6.487391e-02 7.814454e-04 2.940803e-02 2.141864e-02 1.528771e-01 7.8319230099e+04 2.0272464566e+05 2.0270979480e+05
1985.9925 4.917203e-02 6.447989e-02 8.178245e-04 2.989649e-02 2.203382e-02 1.507519e-01 7.8323819837e+04 2.0271612493e+05 2.0271396442e+05
1986.9930 4.971191e-02 6.783099e-02 8.460616e-04 3.283652e-02 2.440889e-02 1.447793e-01 7.8309408705e+04 2.0269617385e+05 2.0274713200e+05
1987.9935 5.294933e-02 7.429653e-02 7.950865e-04 3.802970e-02 2.833880e-02 1.344439e-01 7.8278801982e+04 2.0266405206e+05 2.0280637308e+05
1988.9940 5.679763e-02 8.232938e-02 7.954906e-04 4.521166e-02 3.349972e-02 1.225490e-01 7.8237450512e+04 2.0262048890e+05 2.0288635855e+05
1989.9945 6.061426e-02 9.130817e-02 7.685167e-04 5.316282e-02 3.925307e-02 1.093012e-01 7.8191256367e+04 2.0256793892e+05 2.0297979725e+05
1990.9950 6.476669e-02 9.860930e-02 7.293823e-04 6.126876e-02 4.489439e-02 9.590698e-02 7.8144742914e+04 2.0251232708e+05 2.0307718366e+05
1991.9955 6.926988e-02 1.044936e-01 6.937629e-04 6.839332e-02 4.986308e-02 8.435682e-02 7.8102394410e+04 2.0245917892e+05 2.0316832793e+05
1992.9960 7.372325e-02 1.092314e-01 6.986035e-04 7.477781e-02 5.403892e-02 7.476535e-02 7.8069973505e+04 2.0241314485e+05 2.0324264083e+05
1993.9965 7.478069e-02 1.126333e-01 6.632757e-04 7.952929e-02 5.710434e-02 6.821986e-02 7.8052447136e+04 2.0237950671e+05 2.0329158489e+05
1994.9970 7.607257e-02 1.149322e-01 6.606261e-04 8.093799e-02 5.780308e-02 6.617362e-02 7.8050904830e+04 2.0236131794e+05 2.0330985421e+05
1995.9975 7.599328e-02 1.157040e-01 6.766904e-04 8.108590e-02 5.751237e-02 6.795905e-02 7.8066530815e+04 2.0236138229e+05 2.0329312255e+05
1996.9980 7.332291e-02 1.150944e-01 6.481179e-04 7.810868e-02 5.503705e-02 7.352578e-02 7.8099435232e+04 2.0237882751e+05 2.0324409420e+05
1997.9985 7.164807e-02 1.122182e-01 7.046724e-04 7.336213e-02 5.149227e-02 8.156688e-02 7.8146868839e+04 2.0240979804e+05 2.0316754028e+05
1998.9990 6.821906e-02 1.058991e-01 7.050073e-04 6.682048e-02 4.675917e-02 9.281147e-02 7.8205577544e+04 2.0245038867e+05 2.0307221454e+05
1999.9995 6.405006e-02 9.702612e-02 7.508327e-04 5.913356e-02 4.144340e-02 1.052621e-01 7.8270256906e+04 2.0249549203e+05 2.0296789596e+05
2001.0000 6.022269e-02 8.659002e-02 7.654117e-04 5.173983e-02 3.644341e-02 1.169351e-01 7.8334471112e+04 2.0254084445e+05 2.0286432292e+05
2002.0005 5.525188e-02 7.873291e-02 7.699214e-04 4.419788e-02 3.144679e-02 1.277769e-01 7.8393024195e+04 2.0258035898e+05 2.0277213900e+05
2003.0010 5.210890e-02 7.322385e-02 8.383087e-04 3.838447e-02 2.772505e-02 1.366679e-01 7.8441479181e+04 2.0260855935e+05 2.0269928505e+05
2004.0015 5.151905e-02 6.977440e-02 7.975973e-04 3.444321e-02 2.541017e-02 1.420705e-01 7.8477985210e+04 2.0262067115e+05 2.0265264705e+05
2005.0020 4.972793e-02 6.997841e-02 8.145147e-04 3.230513e-02 2.420268e-02 1.444818e-01 7.8501858025e+04 2.0261430630e+05 2.0263613284e+05
2006.0025 4.914305e-02 7.303016e-02 8.205508e-04 3.234321e-02 2.454218e-02 1.433083e-01 7.8510884217e+04 2.0259138982e+05 2.0264931304e+05
2007.0030 5.182418e-02 7.582813e-02 7.997255e-04 3.452876e-02 2.621419e-02 1.382933e-01 7.8503802118e+04 2.0255733622e+05 2.0268872169e+05
2008.0035 5.435431e-02 7.799263e-02 8.129684e-04 3.880606e-02 2.925808e-02 1.310580e-01 7.8483355306e+04 2.0251654139e+05 2.0274804204e+05
2009.0040 5.619519e-02 8.009024e-02 7.792549e-04 4.445087e-02 3.315307e-02 1.217026e-01 7.8453638239e+04 2.0247329226e+05 2.0281940981e+05
2010.0045 5.893219e-02 8.333309e-02 7.634809e-04 5.121919e-02 3.770729e-02 1.105944e-01 7.8418245922e+04 2.0243203535e+05 2.0289357362e+05
2011.0050 6.177807e-02 8.996523e-02 7.435560e-04 5.783239e-02 4.209257e-02 9.984527e-02 7.8380681227e+04 2.0239679086e+05 2.0296247818e+05
2012.0055 6.584953e-02 9.730446e-02 7.206050e-04 6.508357e-02 4.671362e-02 8.904351e-02 7.8345314872e+04 2.0237076035e+05 2.0301890426e+05
2013.0060 6.951515e-02 1.066339e-01 7.106435e-04 7.110367e-02 5.053437e-02 8.024103e-02 7.8316278959e+04 2.0235251599e+05 2.0306050427e+05
2014.0065 7.203953e-02 1.147667e-01 6.919769e-04 7.489671e-02 5.286990e-02 7.440399e-02 7.8297651165e+04 2.0234014979e+05 2.0308706168e+05
2015.0070 7.361743e-02 1.179128e-01 6.893622e-04 7.791329e-02 5.473781e-02 7.089528e-02 7.8292063662e+04 2.0233254544e+05 2.0309780084e+05
2016.0075 7.329911e-02 1.158859e-01 6.892928e-04 7.822372e-02 5.474426e-02 7.009308e-02 7.8301070399e+04 2.0232829693e+05 2.0309420949e+05
2017.0080 7.181049e-02 1.105326e-01 7.119383e-04 7.690137e-02 5.377259e-02 7.355677e-02 7.8324201335e+04 2.0232637255e+05 2.0307527082e+05
2018.0085 6.994780e-02 1.053683e-01 6.783965e-04 7.278663e-02 5.107748e-02 7.964647e-02 7.8360033947e+04 2.0232763653e+05 2.0304137965e+05
2019.0090 6.823962e-02 1.004477e-01 7.423857e-04 6.729863e-02 4.754805e-02 8.817555e-02 7.8406986766e+04 2.0233280443e+05 2.0299202057e+05
2020.0095 6.432290e-02 9.480786e-02 7.343294e-04 6.105575e-02 4.335816e-02 9.804905e-02 7.8463041775e+04 2.0234427104e+05 2.0292856657e+05
2021.0100 5.991048e-02 8.952534e-02 7.647590e-04 5.383537e-02 3.861530e-02 1.088269e-01 7.8522539072e+04 2.0236338706e+05 2.0285438039e+05
2022.0105 5.781493e-02 8.550937e-02 7.933469e-04 4.729015e-02 3.435054e-02 1.194002e-01 7.8578848849e+04 2.0239024626e+05 2.0277366640e+05
2023.0110 5.468337e-02 8.119069e-02 7.714140e-04 4.125366e-02 3.034426e-02 1.285629e-01 7.8629061599e+04 2.0242334297e+05 2.0269374095e+05
2024.0115 5.135581e-02 7.632144e-02 8.135555e-04 3.625288e-02 2.703689e-02 1.360518e-01 7.8670369780e+04 2.0245660099e+05 2.0262278456e+05
2025.0120 5.040832e-02 7.134610e-02 8.152714e-04 3.334330e-02 2.505799e-02 1.402699e-01 7.8699775838e+04 2.0248409709e+05 2.0256851977e+05
2026.0125 5.016705e-02 6.810612e-02 8.091492e-04 3.247516e-02 2.443710e-02 1.406545e-01 7.8716846889e+04 2.0249964251e+05 2.0253776842e+05
2027.0130 4.969638e-02 6.752341e-02 8.366521e-04 3.360708e-02 2.514132e-02 1.387924e-01 7.8720433301e+04 2.0249960978e+05 2.0253468824e+05
2028.0135 5.148719e-02 7.072151e-02 8.005322e-04 3.663893e-02 2.705441e-02 1.333470e-01 7.8709375749e+04 2.0248311104e+05 2.0256051630e+05
2029.0140 5.460217e-02 7.701919e-02 8.009984e-04 4.165671e-02 3.037216e-02 1.245645e-01 7.8685798905e+04 2.0245062234e+05 2.0261291668e+05
2030.0145 5.582970e-02 8.448143e-02 7.838376e-04 4.765636e-02 3.425070e-02 1.148619e-01 7.8653801335e+04 2.0240509670e+05 2.0268694199e+05
2031.0150 5.979983e-02 9.179249e-02 7.427797e-04 5.515729e-02 3.923355e-02 1.034203e-01 7.8616003171e+04 2.0235130375e+05 2.0277356789e+05
2032.0155 6.393833e-02 9.895728e-02 7.430352e-04 6.177659e-02 4.371561e-02 9.223513e-02 7.8577103893e+04 2.0229561219e+05 2.0286361910e+05
2033.0160 6.622570e-02 1.039931e-01 6.903517e-04 6.793032e-02 4.793992e-02 8.256678e-02 7.8542840468e+04 2.0224461691e+05 2.0294570657e+05
2034.0165 7.049309e-02 1.074291e-01 6.962201e-04 7.325163e-02 5.176175e-02 7.395433e-02 7.8516390781e+04 2.0220363146e+05 2.0300977957e+05
2035.0170 7.379246e-02 1.087754e-01 6.795412e-04 7.614920e-02 5.381070e-02 6.848106e-02 7.8502528921e+04 2.0217662252e+05 2.0304900028e+05
2036.0175 7.308766e-02 1.091496e-01 6.895599e-04 7.768579e-02 5.499290e-02 6.733328e-02 7.8504774444e+04 2.0216523853e+05 2.0305769894e+05
2037.0180 7.237119e-02 1.096502e-01 6.997788e-04 7.619440e-02 5.413679e-02 6.885382e-02 7.8522483767e+04 2.0216990168e+05 2.0303573828e+05
2038.0185 7.186083e-02 1.087330e-01 7.044431e-04 7.303401e-02 5.206729e-02 7.415210e-02 7.8554835826e+04 2.0218900505e+05 2.0298472779e+05
2039.0190 6.792247e-02 1.055913e-01 6.907480e-04 6.829183e-02 4.875545e-02 8.279823e-02 7.8601724890e+04 2.0221924194e+05 2.0291030973e+05
2040.0195 6.437132e-02 1.004202e-01 7.406991e-04 6.153092e-02 4.420255e-02 9.301542e-02 7.8658486740e+04 2.0225586269e+05 2.0282079665e+05
2041.0200 6.211948e-02 9.228665e-02 7.556390e-04 5.440395e-02 3.928295e-02 1.048578e-01 7.8719855002e+04 2.0229501001e+05 2.0272452535e+05
2042.0205 5.792106e-02 8.216465e-02 7.718417e-04 4.707332e-02 3.409481e-02 1.165338e-01 7.8782262642e+04 2.0233244940e+05 2.0263075258e+05
2043.0210 5.386239e-02 7.342720e-02 8.240573e-04 4.050979e-02 2.945686e-02 1.270548e-01 7.8839468825e+04 2.0236414386e+05 2.0254739229e+05
2044.0215 5.194379e-02 6.834801e-02 8.248903e-04 3.542942e-02 2.581594e-02 1.351830e-01 7.8885647086e+04 2.0238706601e+05 2.0248125828e+05
2045.0220 4.932049e-02 6.641807e-02 8.279875e-04 3.217095e-02 2.336961e-02 1.399113e-01 7.8919005900e+04 2.0239942562e+05 2.0243778109e+05
2046.0225 4.815624e-02 6.693320e-02 8.342606e-04 3.127628e-02 2.260000e-02 1.416680e-01 7.8936282503e+04 2.0240003417e+05 2.0242014249e+05
2047.0230 4.919697e-02 6.939931e-02 8.199224e-04 3.240888e-02 2.324106e-02 1.388537e-01 7.8937053894e+04 2.0238836925e+05 2.0243003311e+05
2048.0235 5.023025e-02 7.456113e-02 8.227603e-04 3.575293e-02 2.559763e-02 1.324473e-01 7.8922668461e+04 2.0236448467e+05 2.0246609246e+05
2049.0240 5.261854e-02 7.962294e-02 7.831181e-04 4.081506e-02 2.913994e-02 1.238267e-01 7.8894292245e+04 2.0233112393e+05 2.0252486788e+05
2050.0245 5.655411e-02 8.255635e-02 7.814359e-04 4.772574e-02 3.405246e-02 1.121171e-01 7.8856183071e+04 2.0229118657e+05 2.0260006522e+05
2051.0250 6.040643e-02 8.668390e-02 7.676964e-04 5.419138e-02 3.877158e-02 9.999355e-02 7.8812734573e+04 2.0224679465e+05 2.0268513268e+05
2052.0255 6.493048e-02 9.231838e-02 7.257503e-04 6.147418e-02 4.401839e-02 8.840923e-02 7.8769210338e+04 2.0220083101e+05 2.0277014679e+05
2053.0260 6.786350e-02 9.840524e-02 7.430615e-04 6.799224e-02 4.879751e-02 7.740013e-02 7.8732330825e+04 2.0215743094e+05 2.0284676858e+05
2054.0265 7.124927e-02 1.054674e-01 6.773347e-04 7.240318e-02 5.196793e-02 6.957538e-02 7.8706279369e+04 2.0211837055e+05 2.0290776715e+05
2055.0270 7.366244e-02 1.118686e-01 6.968108e-04 7.583981e-02 5.437515e-02 6.560516e-02 7.8695636443e+04 2.0208693008e+05 2.0294555359e+05
2056.0275 7.405249e-02 1.159237e-01 6.961706e-04 7.605031e-02 5.455204e-02 6.466694e-02 7.8703043929e+04 2.0206650443e+05 2.0295690984e+05
2057.0280 7.373692e-02 1.152854e-01 6.908024e-04 7.438726e-02 5.339732e-02 6.792464e-02 7.8727888067e+04 2.0206049762e+05 2.0293829550e+05
2058.0285 7.203552e-02 1.083850e-01 6.971090e-04 7.074305e-02 5.068834e-02 7.498367e-02 7.8768472520e+04 2.0207183316e+05 2.0288954019e+05
2059.0290 6.768505e-02 9.789450e-02 7.267642e-04 6.492607e-02 4.648377e-02 8.446624e-02 7.8822681503e+04 2.0209989505e+05 2.0281344252e+05
2060.0295 6.305152e-02 8.897963e-02 7.379021e-04 5.815500e-02 4.156898e-02 9.628868e-02 7.8884279015e+04 2.0214207668e+05 2.0271508814e+05
2061.0300 6.035815e-02 8.201105e-02 7.759985e-04 5.081243e-02 3.625989e-02 1.081697e-01 7.8947602154e+04 2.0219436827e+05 2.0260366487e+05
2062.0305 5.610247e-02 7.658952e-02 8.114745e-04 4.407479e-02 3.131015e-02 1.192434e-01 7.9008573543e+04 2.0225035118e+05 2.0249086528e+05
2063.0310 5.118203e-02 7.386552e-02 7.798040e-04 3.825746e-02 2.708981e-02 1.285715e-01 7.9061466198e+04 2.0230123792e+05 2.0239045492e+05
2064.0315 5.013901e-02 7.237985e-02 8.237012e-04 3.396362e-02 2.396801e-02 1.348520e-01 7.9100450511e+04 2.0233869993e+05 2.0231540051e+05
2065.0320 5.001993e-02 7.031847e-02 8.320902e-04 3.177155e-02 2.247674e-02 1.378107e-01 7.9123289988e+04 2.0235706694e+05 2.0227537386e+05
2066.0325 4.813645e-02 6.885090e-02 8.331221e-04 3.156610e-02 2.240991e-02 1.365092e-01 7.9129599782e+04 2.0235244675e+05 2.0227570594e+05
2067.0330 4.837269e-02 6.870569e-02 8.320259e-04 3.365290e-02 2.414717e-02 1.318943e-01 7.9118301708e+04 2.0232427492e+05 2.0231546744e+05
2068.0335 5.205533e-02 7.023197e-02 7.811348e-04 3.765371e-02 2.719249e-02 1.246893e-01 7.9092220192e+04 2.0227512866e+05 2.0238874635e+05
2069.0340 5.532976e-02 7.475213e-02 8.440664e-04 4.326044e-02 3.143265e-02 1.143100e-01 7.9057360237e+04 2.0221103912e+05 2.0248472547e+05
2070.0345 5.835499e-02 8.214293e-02 7.700213e-04 4.901934e-02 3.560592e-02 1.030995e-01 7.9017685830e+04 2.0214109953e+05 2.0259066382e+05
2071.0350 6.352113e-02 9.117008e-02 7.765121e-04 5.608889e-02 4.078406e-02 9.202038e-02 7.8977168748e+04 2.0207497375e+05 2.0269116221e+05
2072.0355 6.770234e-02 1.013500e-01 7.546576e-04 6.212733e-02 4.514013e-02 8.184935e-02 7.8941587284e+04 2.0202085999e+05 2.0277496357e+05
2073.0360 7.009186e-02 1.076670e-01 7.232904e-04 6.691729e-02 4.844546e-02 7.409853e-02 7.8916229965e+04 2.0198521619e+05 2.0283236526e+05
2074.0365 7.147936e-02 1.107181e-01 7.225007e-04 7.057257e-02 5.098120e-02 6.948615e-02 7.8904607126e+04 2.0196967097e+05 2.0285713429e+05
2075.0370 7.244565e-02 1.092341e-01 7.088588e-04 7.176053e-02 5.165950e-02 6.764996e-02 7.8909208932e+04 2.0197421381e+05 2.0284815824e+05
2076.0375 7.146131e-02 1.053407e-01 7.091580e-04 7.142954e-02 5.126859e-02 6.993028e-02 7.8930281359e+04 2.0199599564e+05 2.0280661444e+05
2077.0380 6.994934e-02 1.008119e-01 7.281857e-04 6.872294e-02 4.920342e-02 7.492945e-02 7.8965693076e+04 2.0203069287e+05 2.0273889649e+05
2078.0385 6.809415e-02 9.631442e-02 7.502025e-04 6.444206e-02 4.591112e-02 8.262482e-02 7.9012402667e+04 2.0207185777e+05 2.0265351753e+05
2079.0390 6.421607e-02 9.268041e-02 7.348601e-04 5.933829e-02 4.206846e-02 9.214233e-02 7.9066879918e+04 2.0211313449e+05 2.0256050936e+05
2080.0395 6.007727e-02 8.882622e-02 7.884533e-04 5.336138e-02 3.771328e-02 1.018175e-01 7.9124003869e+04 2.0214942531e+05 2.0247056740e+05
2081.0400 5.646316e-02 8.352860e-02 7.926204e-04 4.769050e-02 3.358167e-02 1.115155e-01 7.9177603605e+04 2.0217783240e+05 2.0239226283e+05
2082.0405 5.312074e-02 7.856797e-02 7.762763e-04 4.249915e-02 2.991003e-02 1.196717e-01 7.9222996038e+04 2.0219573949e+05 2.0233252630e+05
2083.0410 5.086447e-02 7.322360e-02 8.207770e-04 3.848453e-02 2.714788e-02 1.255465e-01 7.9257433416e+04 2.0220197283e+05 2.0229532836e+05
2084.0415 5.005664e-02 6.893817e-02 8.139958e-04 3.576595e-02 2.550876e-02 1.285563e-01 7.9278897053e+04 2.0219637071e+05 2.0228207797e+05
2085.0420 5.041733e-02 6.740151e-02 8.276244e-04 3.477906e-02 2.495121e-02 1.279812e-01 7.9286556169e+04 2.0218048189e+05 2.0229159510e+05
2086.0425 5.089901e-02 6.851784e-02 8.402793e-04 3.599173e-02 2.603412e-02 1.255231e-01 7.9280394596e+04 2.0215741093e+05 2.0232028942e+05
2087.0430 5.324827e-02 7.299181e-02 7.928853e-04 3.847978e-02 2.805692e-02 1.201436e-01 7.9261659588e+04 2.0212951632e+05 2.0236450841e+05
2088.0435 5.567522e-02 7.978554e-02 8.350115e-04 4.219374e-02 3.078719e-02 1.128148e-01 7.9234509076e+04 2.0209844459e+05 2.0241932017e+05
2089.0440 5.807287e-02 8.659577e-02 7.612795e-04 4.671940e-02 3.406982e-02 1.048201e-01 7.9204134686e+04 2.0206499575e+05 2.0247962708e+05
2090.0445 6.185210e-02 9.305612e-02 7.764077e-04 5.200736e-02 3.789726e-02 9.632669e-02 7.9175039368e+04 2.0202971066e+05 2.0253958255e+05
2091.0450 6.488108e-02 9.760995e-02 7.589177e-04 5.629649e-02 4.086165e-02 8.897431e-02 7.9151386816e+04 2.0199578992e+05 2.0259409521e+05
2092.0455 6.639652e-02 9.915335e-02 7.753642e-04 6.044727e-02 4.367866e-02 8.276154e-02 7.9136347011e+04 2.0196721567e+05 2.0263622405e+05
2093.0460 6.803309e-02 1.001499e-01 7.519156e-04 6.339778e-02 4.561737e-02 7.896860e-02 7.9130703693e+04 2.0194629988e+05 2.0266133288e+05
2094.0465 6.938210e-02 9.971263e-02 7.385110e-04 6.491788e-02 4.650747e-02 7.712127e-02 7.9136211270e+04 2.0193569501e+05 2.0266580818e+05
2095.0470 6.808453e-02 9.849012e-02 7.535494e-04 6.566228e-02 4.678104e-02 7.743968e-02 7.9153834682e+04 2.0193672022e+05 2.0264763003e+05
2096.0475 6.597019e-02 9.683914e-02 7.265212e-04 6.445543e-02 4.575383e-02 8.020014e-02 7.9181329800e+04 2.0194955655e+05 2.0260867764e+05
2097.0480 6.492819e-02 9.525644e-02 7.583560e-04 6.233269e-02 4.406441e-02 8.472484e-02 7.9215676363e+04 2.0197252952e+05 2.0255212200e+05
2098.0485 6.264027e-02 9.385307e-02 7.490887e-04 5.938538e-02 4.188212e-02 9.038769e-02 7.9254401591e+04 2.0200272496e+05 2.0248452948e+05
2099.0490 6.034091e-02 9.105598e-02 7.688824e-04 5.554669e-02 3.918903e-02 9.621860e-02 7.9294530589e+04 2.0203479503e+05 2.0241455865e+05
2100.0495 5.863151e-02 8.531288e-02 7.378115e-04 5.180388e-02 3.659528e-02 1.021017e-01 7.9332552765e+04 2.0206424020e+05 2.0235033799e+05
2101.0500 5.693059e-02 7.950099e-02 7.716137e-04 4.795891e-02 3.410090e-02 1.075844e-01 7.9365450731e+04 2.0208573270e+05 2.0229929939e+05
2102.0505 5.472465e-02 7.432390e-02 8.201442e-04 4.489797e-02 3.210378e-02 1.116916e-01 7.9391249599e+04 2.0209660790e+05 2.0226595164e+05
2103.0510 5.335993e-02 7.321393e-02 7.865063e-04 4.233215e-02 3.051717e-02 1.145511e-01 7.9407760991e+04 2.0209467082e+05 2.0225293719e+05
2104.0515 5.466031e-02 7.449039e-02 8.238668e-04 4.088168e-02 2.962629e-02 1.152328e-01 7.9415092160e+04 2.0207980272e+05 2.0226004472e+05
2105.0520 5.544838e-02 7.735373e-02 8.035923e-04 4.081159e-02 2.976829e-02 1.151534e-01 7.9415576361e+04 2.0205310932e+05 2.0228482198e+05
2106.0525 5.578990e-02 8.161877e-02 8.096922e-04 4.108054e-02 3.003604e-02 1.128039e-01 7.9410910427e+04 2.0201799470e+05 2.0232344696e+05
2107.0530 5.798024e-02 8.415726e-02 8.361579e-04 4.235421e-02 3.096812e-02 1.098169e-01 7.9401223560e+04 2.0198071270e+05 2.0236884554e+05
2108.0535 6.044470e-02 8.601839e-02 7.976747e-04 4.467949e-02 3.252825e-02 1.060739e-01 7.9388917941e+04 2.0194647891e+05 2.0241356910e+05
2109.0540 6.105754e-02 8.760124e-02 8.192830e-04 4.720063e-02 3.419837e-02 1.019188e-01 7.9377745258e+04 2.0191931414e+05 2.0245102439e+05
2110.0545 6.174115e-02 8.851963e-02 7.731441e-04 4.958877e-02 3.570726e-02 9.828329e-02 7.9369478619e+04 2.0190197041e+05 2.0247590463e+05
2111.0550 6.318063e-02 8.895993e-02 8.001256e-04 5.249140e-02 3.753793e-02 9.462428e-02 7.9365961451e+04 2.0189571153e+05 2.0248449675e+05
2112.0555 6.390963e-02 9.034702e-02 8.080653e-04 5.463938e-02 3.880942e-02 9.189543e-02 7.9367919049e+04 2.0189992009e+05 2.0247723952e+05
2113.0560 6.393978e-02 9.281351e-02 7.925896e-04 5.661362e-02 3.997619e-02 8.983642e-02 7.9375099122e+04 2.0191217028e+05 2.0245634784e+05
2114.0565 6.450536e-02 9.552660e-02 7.630559e-04 5.827621e-02 4.095817e-02 8.848656e-02 7.9386636051e+04 2.0192835024e+05 2.0242677843e+05
2115.0570 6.451192e-02 9.592368e-02 7.722220e-04 5.869567e-02 4.124389e-02 8.830969e-02 7.9402030214e+04 2.0194439586e+05 2.0239495299e+05
2116.0575 6.228806e-02 9.342925e-02 7.737907e-04 5.912355e-02 4.157309e-02 8.850114e-02 7.9420584388e+04 2.0195702358e+05 2.0236533862e+05
2117.0580 6.142390e-02 8.997861e-02 7.638905e-04 5.878540e-02 4.148472e-02 8.914094e-02 7.9439626304e+04 2.0196279914e+05 2.0234216677e+05
2118.0585 6.124125e-02 8.595199e-02 7.857704e-04 5.784750e-02 4.105316e-02 9.062538e-02 7.9458780716e+04 2.0196039306e+05 2.0232705267e+05
2119.0590 6.050717e-02 8.404609e-02 7.389271e-04 5.641361e-02 4.038263e-02 9.224281e-02 7.9477834587e+04 2.0194992482e+05 2.0231973951e+05
2120.0595 6.000858e-02 8.373607e-02 7.918602e-04 5.445997e-02 3.926426e-02 9.452559e-02 7.9495878363e+04 2.0193359314e+05 2.0231869388e+05
2121.0600 5.980192e-02 8.450153e-02 7.886261e-04 5.284503e-02 3.832153e-02 9.671636e-02 7.9512198911e+04 2.0191509657e+05 2.0232079047e+05
2122.0605 5.914141e-02 8.574762e-02 7.819505e-04 5.040555e-02 3.691364e-02 9.885587e-02 7.9525794925e+04 2.0189909371e+05 2.0232363197e+05
2123.0610 5.920847e-02 8.557147e-02 8.275478e-04 4.850128e-02 3.565468e-02 1.009381e-01 7.9536876760e+04 2.0188824955e+05 2.0232386927e+05
2124.0615 5.860889e-02 8.467644e-02 7.875595e-04 4.698575e-02 3.464551e-02 1.033755e-01 7.9546516256e+04 2.0188330311e+05 2.0231983827e+05
2125.0620 5.882922e-02 8.365976e-02 8.450865e-04 4.490563e-02 3.309021e-02 1.048180e-01 7.9556045910e+04 2.0188308552e+05 2.0231166946e+05
2126.0625 5.918822e-02 8.311457e-02 8.075571e-04 4.381465e-02 3.221964e-02 1.069751e-01 7.9565682694e+04 2.0188622304e+05 2.0229890631e+05
2127.0630 5.855230e-02 8.204388e-02 8.073754e-04 4.325126e-02 3.152668e-02 1.078333e-01 7.9576172765e+04 2.0189189099e+05 2.0228359855e+05
2128.0635 5.838542e-02 8.208971e-02 8.398597e-04 4.295857e-02 3.095980e-02 1.084357e-01 7.9585819769e+04 2.0189773094e+05 2.0226829111e+05
2129.0640 5.938421e-02 8.335031e-02 8.055764e-04 4.333496e-02 3.090655e-02 1.084665e-01 7.9593833746e+04 2.0190174567e+05 2.0225521937e+05
2130.0645 5.879863e-02 8.376570e-02 8.348433e-04 4.456519e-02 3.142252e-02 1.072375e-01 7.9601788747e+04 2.0190236201e+05 2.0224645653e+05
2131.0650 5.773700e-02 8.506300e-02 7.959561e-04 4.578023e-02 3.200558e-02 1.060155e-01 7.9608964050e+04 2.0189747901e+05 2.0224390284e+05
2132.0655 5.863133e-02 8.645063e-02 8.250649e-04 4.824964e-02 3.347643e-02 1.031272e-01 7.9614464510e+04 2.0188777284e+05 2.0224671725e+05
2133.0660 5.887689e-02 8.767154e-02 8.040539e-04 5.059864e-02 3.512641e-02 9.977884e-02 7.9618448810e+04 2.0187490980e+05 2.0225478825e+05
2134.0665 5.945031e-02 8.835924e-02 8.113881e-04 5.270157e-02 3.668973e-02 9.628944e-02 7.9620675712e+04 2.0186023335e+05 2.0226666687e+05
2135.0670 6.085306e-02 8.798443e-02 7.876703e-04 5.541388e-02 3.884543e-02 9.240722e-02 7.9621027437e+04 2.0184605724e+05 2.0227970967e+05
2136.0675 6.175955e-02 8.683810e-02 7.789711e-04 5.735947e-02 4.059251e-02 8.844112e-02 7.9621026376e+04 2.0183335268e+05 2.0229267357e+05
2137.0680 6.122868e-02 8.682107e-02 7.479111e-04 5.920057e-02 4.223772e-02 8.529266e-02 7.9621746771e+04 2.0182248639e+05 2.0230296629e+05
2138.0685 6.166896e-02 8.906481e-02 7.753509e-04 6.022759e-02 4.337244e-02 8.307572e-02 7.9622874945e+04 2.0181404112e+05 2.0230917271e+05
2139.0690 6.327793e-02 9.106924e-02 7.793137e-04 6.012294e-02 4.361617e-02 8.248165e-02 7.9626175928e+04 2.0180773917e+05 2.0231087803e+05
2140.0695 6.340686e-02 9.293337e-02 7.574479e-04 5.967746e-02 4.367237e-02 8.277386e-02 7.9634124068e+04 2.0180240352e+05 2.0230757545e+05
2141.0700 6.303169e-02 9.292442e-02 7.709877e-04 5.774138e-02 4.242113e-02 8.438636e-02 7.9647330998e+04 2.0179700459e+05 2.0230052946e+05
2142.0705 6.388141e-02 9.066849e-02 7.946115e-04 5.559578e-02 4.099805e-02 8.786613e-02 7.9664716479e+04 2.0179173769e+05 2.0228892120e+05
2143.0710 6.194887e-02 8.809771e-02 7.918281e-04 5.262900e-02 3.882003e-02 9.253933e-02 7.9685944536e+04 2.0178872150e+05 2.0227277677e+05
2144.0715 6.011189e-02 8.459458e-02 8.165778e-04 4.896933e-02 3.600423e-02 9.728049e-02 7.9709660422e+04 2.0178886327e+05 2.0225171516e+05
2145.0720 5.992447e-02 8.188416e-02 8.159084e-04 4.587308e-02 3.359508e-02 1.034508e-01 7.9734235465e+04 2.0179195776e+05 2.0222500191e+05
2146.0725 5.837035e-02 7.955453e-02 7.994464e-04 4.279072e-02 3.095095e-02 1.080812e-01 7.9761521173e+04 2.0179738518e+05 2.0219426697e+05
2147.0730 5.533229e-02 7.905927e-02 8.280853e-04 4.029306e-02 2.875777e-02 1.127224e-01 7.9789192960e+04 2.0180458524e+05 2.0216085948e+05
2148.0735 5.511811e-02 7.991948e-02 8.501233e-04 3.880446e-02 2.729766e-02 1.157370e-01 7.9812945889e+04 2.0181404397e+05 2.0212735289e+05
2149.0740 5.590938e-02 8.029731e-02 8.488011e-04 3.800444e-02 2.639871e-02 1.168159e-01 7.9830833337e+04 2.0182533137e+05 2.0209785345e+05
2150.0745 5.422377e-02 7.976692e-02 8.276409e-04 3.845875e-02 2.648909e-02 1.169083e-01 7.9842374629e+04 2.0183603993e+05 2.0207625702e+05
2151.0750 5.378088e-02 7.897124e-02 8.401884e-04 4.083749e-02 2.795191e-02 1.137719e-01 7.9846827164e+04 2.0184215780e+05 2.0206596582e+05
2152.0755 5.464871e-02 7.857144e-02 7.995703e-04 4.328398e-02 2.984026e-02 1.094006e-01 7.9844173939e+04 2.0184031910e+05 2.0207027285e+05
2153.0760 5.525575e-02 7.756228e-02 8.026425e-04 4.670691e-02 3.239527e-02 1.042039e-01 7.9836246936e+04 2.0182959520e+05 2.0208887639e+05
2154.0765 5.712713e-02 8.021554e-02 8.131155e-04 5.113248e-02 3.581028e-02 9.708400e-02 7.9823763508e+04 2.0180883417e+05 2.0211997881e+05
2155.0770 6.031545e-02 8.524320e-02 7.855095e-04 5.491349e-02 3.889886e-02 9.024784e-02 7.9809108576e+04 2.0177879208e+05 2.0216137120e+05
2156.0775 6.294918e-02 9.128014e-02 7.526108e-04 5.876643e-02 4.201877e-02 8.379837e-02 7.9795354261e+04 2.0174248261e+05 2.0220779287e+05
2157.0780 6.402067e-02 9.648965e-02 7.727396e-04 6.171149e-02 4.455948e-02 7.858040e-02 7.9784448458e+04 2.0170484711e+05 2.0225362962e+05
2158.0785 6.490276e-02 9.630905e-02 7.336372e-04 6.374801e-02 4.633837e-02 7.487365e-02 7.9778216276e+04 2.0167248933e+05 2.0229192087e+05
2159.0790 6.518808e-02 9.549872e-02 7.416322e-04 6.459114e-02 4.730612e-02 7.316544e-02 7.9777855551e+04 2.0164904516e+05 2.0231586864e+05
2160.0795 6.579038e-02 9.334715e-02 7.549163e-04 6.345157e-02 4.664207e-02 7.404354e-02 7.9785824584e+04 2.0163692073e+05 2.0232108592e+05
2161.0800 6.527287e-02 9.109927e-02 7.612841e-04 6.156574e-02 4.536598e-02 7.755641e-02 7.9803674884e+04 2.0163677979e+05 2.0230430462e+05
2162.0805 6.359218e-02 8.974640e-02 7.714772e-04 5.801466e-02 4.272415e-02 8.278476e-02 7.9830960759e+04 2.0164845165e+05 2.0226697347e+05
2163.0810 6.261084e-02 8.778618e-02 8.254276e-04 5.376702e-02 3.951768e-02 8.940331e-02 7.9864603816e+04 2.0167110297e+05 2.0221216781e+05
2164.0815 6.029312e-02 8.614421e-02 8.073385e-04 4.926157e-02 3.596042e-02 9.763952e-02 7.9901632102e+04 2.0170166349e+05 2.0214611449e+05
2165.0820 5.785872e-02 8.391014e-02 8.366708e-04 4.441554e-02 3.210840e-02 1.050313e-01 7.9939620920e+04 2.0173485629e+05 2.0207728450e+05
2166.0825 5.566053e-02 8.028348e-02 8.527911e-04 4.023219e-02 2.872259e-02 1.128088e-01 7.9975751587e+04 2.0176457764e+05 2.0201374162e+05
2167.0830 5.310694e-02 7.625635e-02 8.257041e-04 3.690409e-02 2.599073e-02 1.180657e-01 8.0009359998e+04 2.0178469262e+05 2.0196296979e+05
2168.0835 5.094338e-02 7.267792e-02 8.649687e-04 3.450005e-02 2.404786e-02 1.218857e-01 8.0036959162e+04 2.0179262585e+05 2.0192993393e+05
2169.0840 5.089476e-02 7.041699e-02 8.726656e-04 3.385470e-02 2.336213e-02 1.234561e-01 8.0055257626e+04 2.0178869942e+05 2.0191641413e+05
2170.0845 5.147808e-02 6.966587e-02 8.754230e-04 3.506174e-02 2.409608e-02 1.215703e-01 8.0063394827e+04 2.0177490809e+05 2.0192218660e+05
2171.0850 5.303122e-02 7.162922e-02 8.478234e-04 3.700417e-02 2.556232e-02 1.178567e-01 8.0060915888e+04 2.0175231825e+05 2.0194591169e+05
2172.0855 5.445703e-02 7.461603e-02 8.337734e-04 4.064438e-02 2.830847e-02 1.120072e-01 8.0049609397e+04 2.0172445862e+05 2.0198312556e+05
2173.0860 5.533050e-02 7.888043e-02 8.305194e-04 4.568037e-02 3.215388e-02 1.034273e-01 8.0031558241e+04 2.0169472976e+05 2.0202872584e+05
2174.0865 5.800743e-02 8.299839e-02 7.963495e-04 5.054365e-02 3.583467e-02 9.546031e-02 8.0008338858e+04 2.0166564945e+05 2.0207809511e+05
2175.0870 6.061915e-02 8.812291e-02 7.765032e-04 5.563907e-02 3.989466e-02 8.695647e-02 7.9984301024e+04 2.0163890541e+05 2.0212549963e+05
2176.0875 6.303533e-02 9.195950e-02 7.788423e-04 5.999145e-02 4.332448e-02 7.924426e-02 7.9963442717e+04 2.0161538312e+05 2.0216729802e+05
2177.0880 6.620672e-02 9.410027e-02 7.669750e-04 6.365875e-02 4.622930e-02 7.301820e-02 7.9948704713e+04 2.0159549817e+05 2.0219967338e+05
2178.0885 6.662432e-02 9.431595e-02 7.482806e-04 6.583606e-02 4.802843e-02 6.960728e-02 7.9942489855e+04 2.0158098419e+05 2.0221994433e+05
2179.0890 6.677834e-02 9.405610e-02 7.521072e-04 6.621382e-02 4.840806e-02 6.809953e-02 7.9945320755e+04 2.0157243601e+05 2.0222603427e+05
2180.0895 6.677479e-02 9.429098e-02 7.607027e-04 6.549320e-02 4.789824e-02 7.025573e-02 7.9956692159e+04 2.0157036915e+05 2.0221628787e+05
2181.0900 6.558088e-02 9.460397e-02 7.689406e-04 6.267518e-02 4.571650e-02 7.456569e-02 7.9978172836e+04 2.0157383014e+05 2.0219198569e+05
2182.0905 6.398274e-02 9.254119e-02 7.784251e-04 5.887322e-02 4.288238e-02 8.094237e-02 8.0009793073e+04 2.0158155151e+05 2.0215418337e+05
2183.0910 6.150727e-02 8.960539e-02 7.715799e-04 5.389637e-02 3.903935e-02 8.949008e-02 8.0049634906e+04 2.0159235395e+05 2.0210580905e+05
2184.0915 5.918621e-02 8.488412e-02 8.391140e-04 4.851517e-02 3.490120e-02 9.779095e-02 8.0093921710e+04 2.0160759577e+05 2.0204955467e+05
2185.0920 5.657315e-02 7.914720e-02 8.737704e-04 4.310249e-02 3.085982e-02 1.070244e-01 8.0137658848e+04 2.0162777129e+05 2.0198912641e+05
2186.0925 5.476449e-02 7.408723e-02 8.628011e-04 3.823514e-02 2.714416e-02 1.141485e-01 8.0177356167e+04 2.0165106966e+05 2.0192944877e+05
2187.0930 5.258757e-02 6.961354e-02 8.992945e-04 3.446550e-02 2.436176e-02 1.205761e-01 8.0210508866e+04 2.0167423160e+05 2.0187581564e+05
2188.0935 5.034175e-02 6.635582e-02 8.687849e-04 3.221703e-02 2.264540e-02 1.243419e-01 8.0236015515e+04 2.0169317780e+05 2.0183368804e+05
2189.0940 4.945514e-02 6.576265e-02 8.669003e-04 3.174660e-02 2.229098e-02 1.245341e-01 8.0251995465e+04 2.0170420596e+05 2.0180761112e+05
2190.0945 5.022374e-02 6.829448e-02 8.949935e-04 3.254645e-02 2.294677e-02 1.232196e-01 8.0257014796e+04 2.0170406777e+05 2.0180130643e+05
2191.0950 5.149552e-02 7.287195e-02 8.702718e-04 3.524514e-02 2.489758e-02 1.185698e-01 8.0251884796e+04 2.0169196586e+05 2.0181616208e+05
2192.0955 5.411733e-02 7.731111e-02 8.756389e-04 3.932079e-02 2.794838e-02 1.114412e-01 8.0237397860e+04 2.0166803295e+05 2.0185170872e+05
2193.0960 5.655216e-02 7.938624e-02 8.103389e-04 4.405718e-02 3.149677e-02 1.040758e-01 8.0216322690e+04 2.0163385908e+05 2.0190490574e+05
2194.0965 5.795859e-02 8.098449e-02 8.221388e-04 4.959874e-02 3.560296e-02 9.484581e-02 8.0191635276e+04 2.0159316462e+05 2.0196894388e+05
2195.0970 6.030533e-02 8.389243e-02 8.068658e-04 5.505084e-02 3.957562e-02 8.610197e-02 8.0165259802e+04 2.0155041534e+05 2.0203565294e+05
2196.0975 6.309585e-02 8.779986e-02 7.898233e-04 6.000601e-02 4.318774e-02 7.814618e-02 8.0141149059e+04 2.0151120406e+05 2.0209601736e+05
2197.0980 6.500267e-02 9.350413e-02 7.702930e-04 6.382049e-02 4.590835e-02 7.222224e-02 8.0123405363e+04 2.0147918688e+05 2.0214255026e+05
2198.0985 6.678477e-02 9.749645e-02 7.626442e-04 6.626526e-02 4.763061e-02 6.786798e-02 8.0115583779e+04 2.0145770906e+05 2.0216960829e+05
2199.0990 6.689380e-02 9.967976e-02 7.899663e-04 6.717527e-02 4.821988e-02 6.710210e-02 8.0118413813e+04 2.0144910000e+05 2.0217412267e+05
2200.0995 6.698115e-02 9.897250e-02 7.830935e-04 6.635165e-02 4.759067e-02 6.821865e-02 8.0131517745e+04 2.0145460724e+05 2.0215591378e+05
2201.1000 6.630319e-02 9.608047e-02 7.919180e-04 6.389220e-02 4.577035e-02 7.240958e-02 8.0153340523e+04 2.0147285909e+05 2.0211728910e+05
2202.1005 6.434126e-02 9.161657e-02 7.812717e-04 5.976024e-02 4.276723e-02 7.885733e-02 8.0183518346e+04 2.0149960239e+05 2.0206322555e+05
2203.1010 6.178266e-02 8.618954e-02 8.467176e-04 5.504696e-02 3.933514e-02 8.649136e-02 8.0221539218e+04 2.0152877419e+05 2.0199946155e+05
2204.1015 5.844015e-02 8.144285e-02 8.118551e-04 4.944275e-02 3.540464e-02 9.581350e-02 8.0264668542e+04 2.0155539408e+05 2.0193305561e+05
2205.1020 5.717901e-02 7.690497e-02 8.324554e-04 4.376335e-02 3.138898e-02 1.038708e-01 8.0308850676e+04 2.0157713381e+05 2.0187002750e+05
2206.1025 5.445999e-02 7.456296e-02 8.936957e-04 3.877008e-02 2.780291e-02 1.123197e-01 8.0350573547e+04 2.0159203322e+05 2.0181551686e+05
2207.1030 5.202941e-02 7.277323e-02 8.677627e-04 3.469720e-02 2.491445e-02 1.182566e-01 8.0386813639e+04 2.0159959516e+05 2.0177389072e+05
2208.1035 5.179733e-02 7.131591e-02 8.796147e-04 3.209345e-02 2.303712e-02 1.224755e-01 8.0414012824e+04 2.0159928555e+05 2.0174772186e+05
2209.1040 5.081925e-02 6.928646e-02 8.911466e-04 3.073813e-02 2.212280e-02 1.245984e-01 8.0432467514e+04 2.0159176850e+05 2.0173803190e+05
2210.1045 4.859298e-02 6.765122e-02 8.937079e-04 3.132018e-02 2.258022e-02 1.230733e-01 8.0441540958e+04 2.0157942113e+05 2.0174309995e+05
2211.1050 4.921437e-02 6.793765e-02 8.841988e-04 3.366957e-02 2.413671e-02 1.196710e-01 8.0438755223e+04 2.0156430826e+05 2.0176042752e+05
2212.1055 5.298600e-02 7.005993e-02 8.346323e-04 3.719428e-02 2.663741e-02 1.141666e-01 8.0425683624e+04 2.0154774807e+05 2.0178756757e+05
2213.1060 5.464939e-02 7.506807e-02 8.805794e-04 4.188879e-02 2.983720e-02 1.063203e-01 8.0406340797e+04 2.0152991444e+05 2.0182205362e+05
2214.1065 5.637854e-02 8.085385e-02 8.269270e-04 4.735370e-02 3.357753e-02 9.810026e-02 8.0382291428e+04 2.0151065533e+05 2.0186196031e+05
2215.1070 5.965790e-02 8.570041e-02 8.257200e-04 5.320281e-02 3.758786e-02 8.879620e-02 8.0355573171e+04 2.0149078826e+05 2.0190500066e+05
2216.1075 6.164759e-02 9.030389e-02 8.271421e-04 5.858967e-02 4.128241e-02 8.040878e-02 8.0329121886e+04 2.0147054558e+05 2.0194880511e+05
2217.1080 6.449771e-02 9.423068e-02 7.967831e-04 6.313268e-02 4.448975e-02 7.313899e-02 8.0305405316e+04 2.0144978572e+05 2.0199037713e+05
2218.1085 6.595754e-02 9.806331e-02 7.711372e-04 6.624783e-02 4.680795e-02 6.803694e-02 8.0289053686e+04 2.0142759379e+05 2.0202660661e+05
2219.1090 6.652545e-02 9.840522e-02 7.602907e-04 6.807025e-02 4.817455e-02 6.487008e-02 8.0284078212e+04 2.0140511294e+05 2.0205369379e+05
2220.1095 6.758336e-02 9.765179e-02 7.539353e-04 6.788624e-02 4.815333e-02 6.522624e-02 8.0290553804e+04 2.0138458773e+05 2.0206758059e+05
2221.1100 6.662940e-02 9.667772e-02 7.760675e-04 6.586753e-02 4.686112e-02 6.757009e-02 8.0309037004e+04 2.0137087747e+05 2.0206396441e+05
2222.1105 6.439262e-02 9.426355e-02 8.219635e-04 6.254285e-02 4.473663e-02 7.298220e-02 8.0337484479e+04 2.0136838108e+05 2.0203993746e+05
2223.1110 6.411402e-02 9.164740e-02 7.850892e-04 5.742623e-02 4.129849e-02 8.081420e-02 8.0372793843e+04 2.0137838583e+05 2.0199603982e+05
2224.1115 6.199383e-02 8.793885e-02 8.287229e-04 5.171262e-02 3.730972e-02 8.920272e-02 8.0415855089e+04 2.0139962040e+05 2.0193453245e+05
2225.1120 5.642546e-02 8.346521e-02 8.333409e-04 4.594646e-02 3.333379e-02 9.911665e-02 8.0464118196e+04 2.0142936261e+05 2.0186055268e+05
2226.1125 5.424895e-02 7.834595e-02 8.384764e-04 4.000751e-02 2.918624e-02 1.078824e-01 8.0511363016e+04 2.0146440969e+05 2.0178169728e+05
2227.1130 5.254978e-02 7.301251e-02 8.897146e-04 3.482347e-02 2.547080e-02 1.163063e-01 8.0554047608e+04 2.0150044276e+05 2.0170599379e+05
2228.1135 5.002463e-02 6.941652e-02 8.930955e-04 3.087825e-02 2.252601e-02 1.223019e-01 8.0590158721e+04 2.0153096131e+05 2.0164222361e+05
2229.1140 4.811503e-02 6.704632e-02 9.015306e-04 2.882389e-02 2.086595e-02 1.253415e-01 8.0617055312e+04 2.0155053005e+05 2.0159781993e+05
2230.1145 4.772759e-02 6.590587e-02 8.813202e-04 2.865915e-02 2.054982e-02 1.266414e-01 8.0631760934e+04 2.0155575284e+05 2.0157813220e+05
2231.1150 4.807349e-02 6.558509e-02 9.062887e-04 2.998702e-02 2.130273e-02 1.239608e-01 8.0634185626e+04 2.0154631942e+05 2.0158537133e+05
2232.1155 4.833772e-02 6.837611e-02 8.959012e-04 3.321264e-02 2.335139e-02 1.187214e-01 8.0623957378e+04 2.0152292032e+05 2.0161779167e+05
2233.1160 5.103128e-02 7.261069e-02 8.632571e-04 3.829047e-02 2.669134e-02 1.116795e-01 8.0602259225e+04 2.0148793160e+05 2.0167109877e+05
2234.1165 5.422823e-02 7.826672e-02 8.505614e-04 4.410674e-02 3.071089e-02 1.019826e-01 8.0573143221e+04 2.0144522896e+05 2.0173926124e+05
2235.1170 5.715534e-02 8.312217e-02 8.366750e-04 5.029218e-02 3.506480e-02 9.176913e-02 8.0540276304e+04 2.0140007714e+05 2.0181410619e+05
2236.1175 6.036465e-02 8.745294e-02 8.182648e-04 5.684508e-02 3.975464e-02 8.144859e-02 8.0506583815e+04 2.0135799142e+05 2.0188648727e+05
2237.1180 6.289653e-02 9.348120e-02 7.753903e-04 6.246585e-02 4.391434e-02 7.230026e-02 8.0475501811e+04 2.0132316281e+05 2.0194873745e+05
2238.1185 6.621387e-02 9.779473e-02 7.927521e-04 6.675378e-02 4.717182e-02 6.484301e-02 8.0450946987e+04 2.0129873324e+05 2.0199466429e+05
2239.1190 6.811277e-02 1.012286e-01 7.592823e-04 6.939375e-02 4.930187e-02 6.045607e-02 8.0437362195e+04 2.0128410062e+05 2.0202052558e+05
2240.1195 6.805508e-02 1.015824e-01 7.745976e-04 7.005197e-02 5.003863e-02 5.863886e-02 8.0438563833e+04 2.0127881706e+05 2.0202470404e+05
2241.1200 6.803443e-02 1.002670e-01 7.909454e-04 6.852944e-02 4.924237e-02 6.120850e-02 8.0454181166e+04 2.0128117466e+05 2.0200707886e+05
2242.1205 6.651813e-02 9.837447e-02 7.770492e-04 6.491041e-02 4.680619e-02 6.655315e-02 8.0483519109e+04 2.0129150263e+05 2.0196905107e+05
2243.1210 6.419721e-02 9.540106e-02 8.182224e-04 5.981481e-02 4.322798e-02 7.453106e-02 8.0524229201e+04 2.0130882331e+05 2.0191346265e+05
2244.1215 6.098143e-02 9.108937e-02 8.293315e-04 5.350963e-02 3.882133e-02 8.500676e-02 8.0573077027e+04 2.0133154133e+05 2.0184501040e+05
2245.1220 5.784178e-02 8.522917e-02 8.249012e-04 4.639196e-02 3.373021e-02 9.580858e-02 8.0627278508e+04 2.0135711461e+05 2.0176939996e+05
2246.1225 5.347291e-02 7.817533e-02 8.664812e-04 3.959315e-02 2.870898e-02 1.073782e-01 8.0682605223e+04 2.0138401846e+05 2.0169188152e+05
2247.1230 4.978813e-02 7.093990e-02 8.871063e-04 3.353040e-02 2.419295e-02 1.167963e-01 8.0733838789e+04 2.0141144085e+05 2.0161805813e+05
2248.1235 4.751082e-02 6.561725e-02 8.816631e-04 2.904941e-02 2.075813e-02 1.240371e-01 8.0776166867e+04 2.0143701310e+05 2.0155351439e+05
2249.1240 4.611402e-02 6.264726e-02 9.237366e-04 2.618609e-02 1.848727e-02 1.293152e-01 8.0806434316e+04 2.0145736569e+05 2.0150455503e+05
2250.1245 4.523089e-02 6.119312e-02 9.041397e-04 2.515699e-02 1.756129e-02 1.298258e-01 8.0823547307e+04 2.0146967444e+05 2.0147668414e+05
2251.1250 4.507224e-02 6.240105e-02 9.011027e-04 2.663345e-02 1.846554e-02 1.276759e-01 8.0825314015e+04 2.0147093705e+05 2.0147316149e+05
2252.1255 4.652256e-02 6.470620e-02 9.093181e-04 3.057440e-02 2.112466e-02 1.216198e-01 8.0811938848e+04 2.0146039444e+05 2.0149539951e+05
2253.1260 4.898065e-02 6.968520e-02 8.949449e-04 3.569262e-02 2.480112e-02 1.127870e-01 8.0785169511e+04 2.0143667819e+05 2.0154290634e+05
2254.1265 5.195138e-02 7.599799e-02 8.624283e-04 4.215197e-02 2.947541e-02 1.022876e-01 8.0749286687e+04 2.0139991431e+05 2.0161161625e+05
2255.1270 5.616151e-02 8.275362e-02 8.416665e-04 4.959537e-02 3.496305e-02 8.985795e-02 8.0709122544e+04 2.0135229899e+05 2.0169482730e+05
2256.1275 6.037546e-02 8.914048e-02 8.296061e-04 5.649984e-02 4.008197e-02 7.843632e-02 8.0669510250e+04 2.0129796045e+05 2.0178424290e+05
2257.1280 6.366723e-02 9.349119e-02 8.150228e-04 6.263097e-02 4.470849e-02 6.799451e-02 8.0635212171e+04 2.0124421222e+05 2.0186911163e+05
2258.1285 6.620276e-02 9.808935e-02 7.628150e-04 6.767844e-02 4.855123e-02 5.992188e-02 8.0608991571e+04 2.0119766495e+05 2.0193869828e+05
2259.1290 6.890323e-02 1.014409e-01 7.925724e-04 7.053405e-02 5.071491e-02 5.529709e-02 8.0594173239e+04 2.0116409874e+05 2.0198444550e+05
2260.1295 6.966296e-02 1.034891e-01 7.626900e-04 7.092427e-02 5.107393e-02 5.473518e-02 8.0594830657e+04 2.0114666028e+05 2.0200002042e+05
2261.1300 6.857933e-02 1.037598e-01 7.583753e-04 6.914449e-02 4.983641e-02 5.707112e-02 8.0613025964e+04 2.0114668695e+05 2.0198234676e+05
2262.1305 6.621777e-02 1.003840e-01 8.099087e-04 6.538751e-02 4.698922e-02 6.366997e-02 8.0647025225e+04 2.0116523186e+05 2.0193213052e+05
2263.1310 6.318078e-02 9.601706e-02 8.107819e-04 5.969183e-02 4.279343e-02 7.324855e-02 8.0693069205e+04 2.0120026951e+05 2.0185410846e+05
2264.1315 6.045124e-02 8.932246e-02 8.314362e-04 5.245146e-02 3.742946e-02 8.408576e-02 8.0747111265e+04 2.0124812514e+05 2.0175673059e+05
2265.1320 5.677996e-02 8.103176e-02 8.514710e-04 4.508274e-02 3.197704e-02 9.653643e-02 8.0804587276e+04 2.0130188018e+05 2.0165048775e+05
2266.1325 5.238028e-02 7.299801e-02 8.920853e-04 3.809779e-02 2.673354e-02 1.073975e-01 8.0861561228e+04 2.0135321377e+05 2.0154771284e+05
2267.1330 4.814537e-02 6.628497e-02 8.941742e-04 3.207228e-02 2.231619e-02 1.173795e-01 8.0912761036e+04 2.0139465348e+05 2.0145968977e+05
2268.1335 4.586643e-02 6.195427e-02 9.338522e-04 2.732806e-02 1.880661e-02 1.249734e-01 8.0953419667e+04 2.0142075646e+05 2.0139579283e+05
2269.1340 4.425252e-02 6.004080e-02 9.143412e-04 2.464631e-02 1.692442e-02 1.284003e-01 8.0981464681e+04 2.0142852273e+05 2.0136188761e+05
2270.1345 4.404829e-02 6.157771e-02 9.215935e-04 2.415537e-02 1.663161e-02 1.291299e-01 8.0994754886e+04 2.0141597309e+05 2.0136066196e+05
2271.1350 4.557297e-02 6.471997e-02 9.231732e-04 2.623111e-02 1.826220e-02 1.252077e-01 8.0993439989e+04 2.0138560972e+05 2.0139049575e+05
2272.1355 4.698937e-02 6.734222e-02 8.905451e-04 2.968833e-02 2.098928e-02 1.188545e-01 8.0978263611e+04 2.0134316902e+05 2.0144662683e+05
2273.1360 4.963423e-02 7.019185e-02 8.881525e-04 3.522159e-02 2.516247e-02 1.094658e-01 8.0950816211e+04 2.0129497957e+05 2.0151988300e+05
2274.1365 5.283022e-02 7.385070e-02 8.581416e-04 4.196262e-02 3.023903e-02 9.802833e-02 8.0914851793e+04 2.0124757177e+05 2.0160038994e+05
2275.1370 5.634916e-02 7.917777e-02 8.408294e-04 4.861598e-02 3.521169e-02 8.694931e-02 8.0875101639e+04 2.0120517599e+05 2.0167879725e+05
2276.1375 6.080340e-02 8.545425e-02 8.065281e-04 5.541047e-02 4.017962e-02 7.561451e-02 8.0837261516e+04 2.0117092455e+05 2.0174641921e+05
2277.1380 6.340765e-02 9.268399e-02 8.065581e-04 6.157404e-02 4.461660e-02 6.639087e-02 8.0805598500e+04 2.0114690792e+05 2.0179756327e+05
2278.1385 6.613488e-02 9.858746e-02 8.271363e-04 6.571544e-02 4.744975e-02 5.959835e-02 8.0783577825e+04 2.0113303241e+05 2.0182992917e+05
2279.1390 6.783235e-02 1.032886e-01 7.863702e-04 6.817469e-02 4.905848e-02 5.599210e-02 8.0773346334e+04 2.0112803152e+05 2.0184235547e+05
2280.1395 6.802055e-02 1.045834e-01 7.793304e-04 6.868096e-02 4.912793e-02 5.558261e-02 8.0777179714e+04 2.0113005226e+05 2.0183589469e+05
2281.1400 6.683913e-02 1.011261e-01 7.951958e-04 6.678706e-02 4.754171e-02 5.945575e-02 8.0795216381e+04 2.0113733741e+05 2.0181227345e+05
2282.1405 6.434835e-02 9.549963e-02 8.136786e-04 6.300283e-02 4.456442e-02 6.557235e-02 8.0826565702e+04 2.0114879662e+05 2.0177294379e+05
2283.1410 6.157799e-02 8.896471e-02 8.318324e-04 5.748967e-02 4.040527e-02 7.439914e-02 8.0868504152e+04 2.0116407252e+05 2.0171983933e+05
2284.1415 5.836971e-02 8.294061e-02 8.584819e-04 5.112290e-02 3.573844e-02 8.462792e-02 8.0917395576e+04 2.0118361854e+05 2.0165547798e+05
2285.1420 5.599268e-02 7.773862e-02 8.751343e-04 4.466335e-02 3.098487e-02 9.499290e-02 8.0969267458e+04 2.0120652205e+05 2.0158406350e+05
2286.1425 5.262084e-02 7.434557e-02 8.561918e-04 3.828499e-02 2.645763e-02 1.050006e-01 8.1020057891e+04 2.0123156856e+05 2.0151130637e+05
2287.1430 4.921773e-02 7.124225e-02 8.935706e-04 3.265055e-02 2.259315e-02 1.132857e-01 8.1065440265e+04 2.0125710664e+05 2.0144346225e+05
2288.1435 4.736026e-02 6.789968e-02 9.138606e-04 2.863858e-02 1.999425e-02 1.190112e-01 8.1101205082e+04 2.0128052032e+05 2.0138671111e+05
2289.1440 4.579182e-02 6.430283e-02 9.236988e-04 2.636903e-02 1.864651e-02 1.226999e-01 8.1125725218e+04 2.0129771976e+05 2.0134709028e+05
2290.1445 4.520422e-02 6.165505e-02 9.305330e-04 2.603055e-02 1.873988e-02 1.223033e-01 8.1138911645e+04 2.0130422639e+05 2.0132895265e+05
2291.1450 4.651895e-02 6.115655e-02 9.189510e-04 2.695056e-02 1.979992e-02 1.198177e-01 8.1140282105e+04 2.0129688987e+05 2.0133481979e+05
2292.1455 4.806803e-02 6.276740e-02 9.218618e-04 3.023013e-02 2.244492e-02 1.139528e-01 8.1131004301e+04 2.0127655117e+05 2.0136318373e+05
2293.1460 5.066426e-02 6.685355e-02 9.177786e-04 3.488934e-02 2.592720e-02 1.063693e-01 8.1111545352e+04 2.0124512288e+05 2.0141121100e+05
2294.1465 5.354185e-02 7.328389e-02 9.045386e-04 4.020838e-02 2.981019e-02 9.786929e-02 8.1084334832e+04 2.0120568255e+05 2.0147380571e+05
2295.1470 5.606242e-02 8.063003e-02 8.661278e-04 4.634846e-02 3.411666e-02 8.778232e-02 8.1053499918e+04 2.0116263945e+05 2.0154360095e+05
2296.1475 5.840404e-02 8.740764e-02 8.605180e-04 5.247642e-02 3.828270e-02 7.915275e-02 8.1022606942e+04 2.0111988024e+05 2.0161281643e+05
2297.1480 6.135593e-02 9.044882e-02 8.143258e-04 5.728935e-02 4.153939e-02 7.084949e-02 8.0996039713e+04 2.0108322508e+05 2.0167384809e+05
2298.1485 6.288802e-02 9.325388e-02 8.153473e-04 6.149961e-02 4.418347e-02 6.471955e-02 8.0976489901e+04 2.0105588435e+05 2.0171865961e+05
2299.1490 6.452165e-02 9.406496e-02 8.226466e-04 6.408313e-02 4.560328e-02 6.130229e-02 8.0966185922e+04 2.0104114996e+05 2.0174257364e+05
2300.1495 6.547426e-02 9.471935e-02 8.096147e-04 6.464749e-02 4.575318e-02 6.031621e-02 8.0966265015e+04 2.0103973472e+05 2.0174327905e+05
2301.1500 6.516501e-02 9.394415e-02 8.325281e-04 6.376033e-02 4.475223e-02 6.190218e-02 8.0977596484e+04 2.0105109865e+05 2.0172113674e+05
2302.1505 6.358710e-02 9.247057e-02 8.389374e-04 6.114702e-02 4.262946e-02 6.643502e-02 8.0999337887e+04 2.0107217346e+05 2.0167961627e+05
2303.1510 6.132952e-02 9.070859e-02 8.411580e-04 5.707869e-02 3.960640e-02 7.266584e-02 8.1029478655e+04 2.0109970194e+05 2.0162397156e+05
2304.1515 5.908327e-02 8.798421e-02 8.703397e-04 5.237124e-02 3.620693e-02 8.014585e-02 8.1066047929e+04 2.0112857952e+05 2.0156073618e+05
2305.1520 5.641684e-02 8.468079e-02 8.990659e-04 4.668112e-02 3.226205e-02 8.866242e-02 8.1107053848e+04 2.0115351045e+05 2.0149753884e+05
2306.1525 5.437810e-02 7.949060e-02 8.985246e-04 4.103332e-02 2.852803e-02 9.678819e-02 8.1149641283e+04 2.0117178581e+05 2.0144013676e+05
2307.1530 5.229147e-02 7.285826e-02 9.060252e-04 3.620329e-02 2.536336e-02 1.040744e-01 8.1190769452e+04 2.0118194038e+05 2.0139259070e+05
2308.1535 4.962972e-02 6.676818e-02 9.234225e-04 3.212090e-02 2.280530e-02 1.103286e-01 8.1227046694e+04 2.0118469885e+05 2.0135727839e+05
2309.1540 4.826930e-02 6.272606e-02 9.533835e-04 2.907129e-02 2.106492e-02 1.134787e-01 8.1255917023e+04 2.0118149690e+05 2.0133446933e+05
2310.1545 4.766732e-02 6.169907e-02 9.223045e-04 2.743025e-02 2.015589e-02 1.159075e-01 8.1275519827e+04 2.0117370618e+05 2.0132331321e+05
2311.1550 4.757307e-02 6.304321e-02 9.372273e-04 2.792999e-02 2.070594e-02 1.149918e-01 8.1286146589e+04 2.0116380353e+05 2.0132208832e+05
2312.1555 4.770294e-02 6.641468e-02 9.115033e-04 2.965566e-02 2.203610e-02 1.123332e-01 8.1287236617e+04 2.0115292455e+05 2.0133027236e+05
2313.1560 4.969073e-02 6.952150e-02 8.864266e-04 3.266663e-02 2.428320e-02 1.075592e-01 8.1278773610e+04 2.0114256570e+05 2.0134687920e+05
2314.1565 5.241727e-02 7.249250e-02 8.770155e-04 3.698314e-02 2.723170e-02 1.003216e-01 8.1262034139e+04 2.0113263476e+05 2.0137129089e+05
2315.1570 5.415567e-02 7.528298e-02 8.970148e-04 4.196996e-02 3.065786e-02 9.325846e-02 8.1239343753e+04 2.0112116456e+05 2.0140308054e+05
2316.1575 5.650706e-02 7.716102e-02 8.634380e-04 4.693243e-02 3.405760e-02 8.493628e-02 8.1213733143e+04 2.0110671631e+05 2.0144145798e+05
2317.1580 5.856371e-02 8.055625e-02 8.386812e-04 5.217704e-02 3.752331e-02 7.735369e-02 8.1187783965e+04 2.0108764963e+05 2.0148380378e+05
2318.1585 6.137916e-02 8.424163e-02 8.229704e-04 5.653309e-02 4.033500e-02 7.078696e-02 8.1164603300e+04 2.0106434710e+05 2.0152744836e+05
2319.1590 6.242728e-02 8.953313e-02 8.344203e-04 5.958589e-02 4.226545e-02 6.540025e-02 8.1147373950e+04 2.0103837286e+05 2.0156831525e+05
2320.1595 6.326056e-02 9.514592e-02 8.598841e-04 6.163690e-02 4.336020e-02 6.257588e-02 8.1137997750e+04 2.0101160717e+05 2.0160171753e+05
2321.1600 6.492430e-02 9.759297e-02 8.453407e-04 6.185608e-02 4.341625e-02 6.200810e-02 8.1137710562e+04 2.0098857102e+05 2.0162344416e+05
2322.1605 6.374690e-02 9.695850e-02 8.111052e-04 6.064444e-02 4.246000e-02 6.361603e-02 8.1147835404e+04 2.0097384779e+05 2.0162902941e+05
2323.1610 6.262014e-02 9.256218e-02 8.647488e-04 5.827657e-02 4.068789e-02 6.746399e-02 8.1167365508e+04 2.0097039978e+05 2.0161520220e+05
2324.1615 6.138732e-02 8.749345e-02 8.761745e-04 5.409669e-02 3.777707e-02 7.359590e-02 8.1194887135e+04 2.0097960528e+05 2.0158140128e+05
2325.1620 5.882861e-02 8.217341e-02 8.670807e-04 4.944341e-02 3.459916e-02 8.037817e-02 8.1229674917e+04 2.0100124688e+05 2.0152863447e+05
2326.1625 5.637441e-02 7.739765e-02 9.027645e-04 4.455204e-02 3.123977e-02 8.815964e-02 8.1269463307e+04 2.0103155074e+05 2.0146162435e+05
2327.1630 5.428572e-02 7.444928e-02 9.064673e-04 3.953274e-02 2.779115e-02 9.597057e-02 8.1311189754e+04 2.0106602990e+05 2.0138774552e+05
2328.1635 5.213142e-02 7.285537e-02 9.257778e-04 3.473372e-02 2.460938e-02 1.023214e-01 8.1351695895e+04 2.0109956505e+05 2.0131576433e+05
2329.1640 4.984614e-02 7.151496e-02 9.256048e-04 3.107524e-02 2.214039e-02 1.089835e-01 8.1387469827e+04 2.0112654271e+05 2.0125428590e+05
2330.1645 4.857343e-02 6.900897e-02 9.495729e-04 2.873583e-02 2.059723e-02 1.122050e-01 8.1416078227e+04 2.0114326756e+05 2.0121068073e+05
2331.1650 4.764096e-02 6.520818e-02 9.277865e-04 2.763186e-02 1.991548e-02 1.142563e-01 8.1435414612e+04 2.0114685463e+05 2.0118961598e+05
2332.1655 4.737561e-02 6.190122e-02 9.520495e-04 2.808605e-02 2.052711e-02 1.129302e-01 8.1445568476e+04 2.0113611857e+05 2.0119174061e+05
2333.1660 4.770097e-02 6.143770e-02 9.018179e-04 3.011135e-02 2.202565e-02 1.096285e-01 8.1445266439e+04 2.0111350987e+05 2.0121475669e+05
2334.1665 4.976083e-02 6.346615e-02 9.176592e-04 3.358182e-02 2.455365e-02 1.047074e-01 8.1433989876e+04 2.0108349348e+05 2.0125390413e+05
2335.1670 5.185463e-02 6.792638e-02 9.276681e-04 3.774737e-02 2.755410e-02 9.690717e-02 8.1414500141e+04 2.0105070132e+05 2.0130386151e+05
2336.1675 5.444820e-02 7.554008e-02 8.704524e-04 4.309857e-02 3.131015e-02 8.890856e-02 8.1388733984e+04 2.0101740231e+05 2.0135833008e+05
2337.1680 5.715987e-02 8.191252e-02 8.523006e-04 4.831540e-02 3.487915e-02 8.051693e-02 8.1360622965e+04 2.0098759275e+05 2.0141247784e+05
2338.1685 5.898068e-02 8.745144e-02 8.310292e-04 5.297064e-02 3.811112e-02 7.279040e-02 8.1333501998e+04 2.0096282924e+05 2.0146133604e+05
2339.1690 6.143598e-02 9.008371e-02 8.244720e-04 5.702273e-02 4.086999e-02 6.657929e-02 8.1310154474e+04 2.0094450747e+05 2.0150070997e+05
2340.1695 6.300663e-02 9.110392e-02 8.397344e-04 5.950618e-02 4.247320e-02 6.197721e-02 8.1293933923e+04 2.0093269760e+05 2.0152791901e+05
2341.1700 6.423561e-02 9.125909e-02 8.212188e-04 6.073759e-02 4.319814e-02 5.966558e-02 8.1286983763e+04 2.0092655471e+05 2.0154065303e+05
2342.1705 6.483789e-02 9.101941e-02 8.687402e-04 6.039351e-02 4.278626e-02 6.020176e-02 8.1291014658e+04 2.0092475717e+05 2.0153823739e+05
2343.1710 6.314366e-02 9.005837e-02 8.285634e-04 5.819358e-02 4.104122e-02 6.345490e-02 8.1306562294e+04 2.0092786459e+05 2.0152096408e+05
2344.1715 6.197513e-02 8.882383e-02 8.559095e-04 5.526585e-02 3.875013e-02 6.837048e-02 8.1331379300e+04 2.0093571800e+05 2.0148934271e+05
2345.1720 6.056113e-02 8.809930e-02 8.901401e-04 5.112744e-02 3.559712e-02 7.549792e-02 8.1363890522e+04 2.0094721645e+05 2.0144622758e+05
2346.1725 5.726867e-02 8.615399e-02 8.957149e-04 4.594058e-02 3.185915e-02 8.333409e-02 8.1402926846e+04 2.0096188994e+05 2.0139508645e+05
2347.1730 5.496229e-02 8.183250e-02 9.288099e-04 4.069172e-02 2.815546e-02 9.127208e-02 8.1444920732e+04 2.0097857340e+05 2.0133943441e+05
2348.1735 5.295223e-02 7.515797e-02 9.521754e-04 3.608457e-02 2.493202e-02 9.956390e-02 8.1486695186e+04 2.0099652446e+05 2.0128303994e+05
2349.1740 4.948372e-02 6.885732e-02 9.562162e-04 3.184724e-02 2.210419e-02 1.052388e-01 8.1525550468e+04 2.0101516034e+05 2.0123006725e+05
2350.1745 4.799725e-02 6.380093e-02 9.295323e-04 2.881611e-02 2.021024e-02 1.099135e-01 8.1556283605e+04 2.0103319621e+05 2.0118406624e+05
2351.1750 4.786688e-02 6.116885e-02 9.515661e-04 2.725972e-02 1.940197e-02 1.118117e-01 8.1577783529e+04 2.0104779844e+05 2.0114919755e+05
2352.1755 4.662874e-02 6.083807e-02 9.275412e-04 2.707180e-02 1.959724e-02 1.116780e-01 8.1590039075e+04 2.0105595606e+05 2.0112955322e+05
2353.1760 4.738765e-02 6.307715e-02 9.472188e-04 2.865448e-02 2.097557e-02 1.089031e-01 8.1591819722e+04 2.0105465931e+05 2.0112775686e+05
2354.1765 4.841394e-02 6.728612e-02 9.170811e-04 3.155436e-02 2.334509e-02 1.035123e-01 8.1583541372e+04 2.0104356834e+05 2.0114503923e+05
2355.1770 5.043953e-02 7.050720e-02 8.998950e-04 3.573367e-02 2.652481e-02 9.685143e-02 8.1566040105e+04 2.0102329355e+05 2.0118047968e+05
2356.1775 5.399491e-02 7.370792e-02 9.134202e-04 4.018848e-02 2.975673e-02 8.883266e-02 8.1541571804e+04 2.0099402661e+05 2.0123159426e+05
2357.1780 5.636920e-02 7.730083e-02 8.969551e-04 4.497242e-02 3.328597e-02 8.088307e-02 8.1514547736e+04 2.0095745976e+05 2.0129270037e+05
2358.1785 5.798075e-02 7.938049e-02 8.662091e-04 4.985414e-02 3.661053e-02 7.344347e-02 8.1489341930e+04 2.0091703968e+05 2.0135656327e+05
2359.1790 6.088791e-02 8.190245e-02 8.450960e-04 5.369480e-02 3.912515e-02 6.673985e-02 8.1467660722e+04 2.0087824312e+05 2.0141507573e+05
2360.1795 6.192376e-02 8.584516e-02 8.519900e-04 5.653434e-02 4.078895e-02 6.253511e-02 8.1452672834e+04 2.0084633360e+05 2.0145983344e+05
2361.1800 6.269433e-02 9.066275e-02 8.840842e-04 5.799845e-02 4.138629e-02 6.061504e-02 8.1445511683e+04 2.0082632354e+05 2.0148465706e+05
2362.1805 6.322965e-02 9.499739e-02 8.338257e-04 5.779805e-02 4.086689e-02 6.066986e-02 8.1447327758e+04 2.0082088269e+05 2.0148653594e+05
2363.1810 6.233682e-02 9.483530e-02 8.800381e-04 5.675901e-02 3.968094e-02 6.263958e-02 8.1459311236e+04 2.0083081238e+05 2.0146518846e+05
2364.1815 6.067494e-02 9.132285e-02 8.611520e-04 5.411663e-02 3.742022e-02 6.766498e-02 8.1479887403e+04 2.0085321793e+05 2.0142425733e+05
2365.1820 5.924269e-02 8.644697e-02 8.764056e-04 5.043165e-02 3.460461e-02 7.313882e-02 8.1507753896e+04 2.0088381588e+05 2.0136869394e+05
2366.1825 5.714369e-02 8.182506e-02 9.051485e-04 4.599297e-02 3.139864e-02 8.005304e-02 8.1540664036e+04 2.0091726339e+05 2.0130535124e+05
2367.1830 5.502552e-02 7.707370e-02 9.265047e-04 4.167076e-02 2.833045e-02 8.733047e-02 8.1576473703e+04 2.0094795894e+05 2.0124167106e+05
2368.1835 5.333742e-02 7.307495e-02 9.416463e-04 3.715721e-02 2.536522e-02 9.366507e-02 8.1612861732e+04 2.0097068397e+05 2.0118531880e+05
2369.1840 5.117181e-02 7.008355e-02 9.218887e-04 3.356655e-02 2.314811e-02 9.948551e-02 8.1647245848e+04 2.0098225707e+05 2.0114139135e+05
2370.1845 4.855873e-02 6.864878e-02 9.545943e-04 3.063400e-02 2.142163e-02 1.033401e-01 8.1677147852e+04 2.0098231682e+05 2.0111333522e+05
2371.1850 4.777173e-02 6.781452e-02 9.556530e-04 2.866280e-02 2.054182e-02 1.058282e-01 8.1698982507e+04 2.0097309035e+05 2.0110154682e+05
2372.1855 4.834044e-02 6.529147e-02 9.735414e-04 2.828988e-02 2.068032e-02 1.060481e-01 8.1712310822e+04 2.0095790636e+05 2.0110420774e+05
2373.1860 4.827113e-02 6.395173e-02 9.368613e-04 2.906514e-02 2.173779e-02 1.039766e-01 8.1718133000e+04 2.0093865392e+05 2.0111834044e+05
2374.1865 4.830571e-02 6.298908e-02 9.300084e-04 3.106678e-02 2.348156e-02 1.006173e-01 8.1716766685e+04 2.0091882406e+05 2.0113981672e+05
2375.1870 4.970152e-02 6.385329e-02 9.402592e-04 3.393444e-02 2.571815e-02 9.501869e-02 8.1708259122e+04 2.0090175100e+05 2.0116464266e+05
2376.1875 5.306716e-02 6.719974e-02 9.157285e-04 3.763907e-02 2.844641e-02 8.940527e-02 8.1692920628e+04 2.0088895685e+05 2.0118975982e+05
2377.1880 5.451901e-02 7.212757e-02 9.148251e-04 4.179904e-02 3.116555e-02 8.284328e-02 8.1674728599e+04 2.0088017769e+05 2.0121405509e+05
2378.1885 5.537906e-02 7.947055e-02 8.698519e-04 4.569366e-02 3.363062e-02 7.642717e-02 8.1655380643e+04 2.0087245048e+05 2.0123789153e+05
2379.1890 5.846173e-02 8.455560e-02 8.831985e-04 4.941404e-02 3.584547e-02 7.130012e-02 8.1637001912e+04 2.0086348457e+05 2.0126156412e+05
2380.1895 5.941673e-02 8.673218e-02 8.762467e-04 5.205346e-02 3.724846e-02 6.716300e-02 8.1623195850e+04 2.0085253094e+05 2.0128506910e+05
2381.1900 5.897902e-02 8.679524e-02 8.580045e-04 5.406166e-02 3.810573e-02 6.439565e-02 8.1614789928e+04 2.0083985032e+05 2.0130643353e+05
2382.1905 6.066990e-02 8.674749e-02 8.847738e-04 5.483976e-02 3.818083e-02 6.328584e-02 8.1611144309e+04 2.0082566959e+05 2.0132359564e+05
2383.1910 6.151862e-02 8.712955e-02 8.729039e-04 5.431532e-02 3.741632e-02 6.430760e-02 8.1613996584e+04 2.0081230000e+05 2.0133376467e+05
2384.1915 6.029387e-02 8.627331e-02 9.004556e-04 5.305289e-02 3.628412e-02 6.619087e-02 8.1625078594e+04 2.0080211084e+05 2.0133389738e+05
2385.1920 5.906753e-02 8.504866e-02 8.770543e-04 5.061758e-02 3.445256e-02 7.035639e-02 8.1642437851e+04 2.0079737448e+05 2.0132227023e+05
2386.1925 5.854347e-02 8.376324e-02 9.380021e-04 4.779262e-02 3.241328e-02 7.436258e-02 8.1664987335e+04 2.0080052026e+05 2.0129760744e+05
2387.1930 5.619308e-02 8.259264e-02 8.590896e-04 4.422061e-02 3.014463e-02 7.975010e-02 8.1691678439e+04 2.0081163879e+05 2.0126144219e+05
2388.1935 5.562418e-02 8.043654e-02 9.406716e-04 4.051375e-02 2.792828e-02 8.528479e-02 8.1720456795e+04 2.0082873847e+05 2.0121677525e+05
2389.1940 5.461105e-02 7.554516e-02 9.387116e-04 3.670322e-02 2.562723e-02 9.018408e-02 8.1751714093e+04 2.0084867372e+05 2.0116846706e+05
2390.1945 5.157547e-02 7.022547e-02 9.182917e-04 3.344760e-02 2.394716e-02 9.531491e-02 8.1783454951e+04 2.0086774159e+05 2.0112094062e+05
2391.1950 5.046189e-02 6.572757e-02 9.774408e-04 3.097612e-02 2.271544e-02 9.853895e-02 8.1811690352e+04 2.0088428332e+05 2.0107856504e+05
2392.1955 4.978305e-02 6.293494e-02 9.117928e-04 2.925891e-02 2.195039e-02 1.007248e-01 8.1834100929e+04 2.0089682032e+05 2.0104520587e+05
2393.1960 4.867136e-02 6.220089e-02 9.572952e-04 2.855458e-02 2.176191e-02 1.014837e-01 8.1850408780e+04 2.0090253031e+05 2.0102403140e+05
2394.1965 4.862813e-02 6.433354e-02 9.662157e-04 2.918040e-02 2.235176e-02 1.001996e-01 8.1859777621e+04 2.0089914787e+05 2.0101717138e+05
2395.1970 4.898581e-02 6.714288e-02 9.186904e-04 3.091342e-02 2.357364e-02 9.807150e-02 8.1862615786e+04 2.0088651797e+05 2.0102533892e+05
2396.1975 4.889866e-02 6.951304e-02 9.422342e-04 3.340199e-02 2.512722e-02 9.381978e-02 8.1859015532e+04 2.0086745646e+05 2.0104720168e+05
2397.1980 5.022106e-02 7.093220e-02 9.341024e-04 3.654732e-02 2.707905e-02 8.885920e-02 8.1848062923e+04 2.0084509834e+05 2.0107941588e+05
2398.1985 5.268986e-02 7.184387e-02 9.364031e-04 4.013026e-02 2.923331e-02 8.364538e-02 8.1831276064e+04 2.0082187353e+05 2.0111785947e+05
2399.1990 5.393530e-02 7.379574e-02 8.976141e-04 4.362594e-02 3.127186e-02 7.827345e-02 8.1812001450e+04 2.0079955809e+05 2.0115811632e+05
2400.1995 5.488895e-02 7.595641e-02 9.239933e-04 4.739702e-02 3.347143e-02 7.247001e-02 8.1792545229e+04 2.0078058671e+05 2.0119521419e+05
2401.2000 5.687971e-02 7.860608e-02 8.799406e-04 5.041665e-02 3.513141e-02 6.794840e-02 8.1774139775e+04 2.0076645027e+05 2.0122587252e+05
2402.2005 5.771460e-02 8.400095e-02 8.432261e-04 5.271263e-02 3.643491e-02 6.465225e-02 8.1758499687e+04 2.0075766560e+05 2.0124765744e+05
2403.2010 5.971703e-02 8.912288e-02 8.736304e-04 5.423534e-02 3.724429e-02 6.194509e-02 8.1747507999e+04 2.0075329930e+05 2.0126028066e+05
2404.2015 6.159295e-02 9.299739e-02 8.804955e-04 5.410116e-02 3.713888e-02 6.165515e-02 8.1743430839e+04 2.0075025686e+05 2.0126524013e+05
2405.2020 6.149693e-02 9.255131e-02 8.796788e-04 5.360689e-02 3.677784e-02 6.230271e-02 8.1749331121e+04 2.0074720958e+05 2.0126266458e+05
2406.2025 6.063259e-02 8.742512e-02 8.659373e-04 5.142052e-02 3.556334e-02 6.553634e-02 8.1764579884e+04 2.0074400946e+05 2.0125321223e+05
2407.2030 5.944262e-02 8.306923e-02 9.449421e-04 4.821704e-02 3.369729e-02 6.993859e-02 8.1787546631e+04 2.0074104050e+05 2.0123565842e+05
2408.2035 5.877414e-02 7.890876e-02 9.140872e-04 4.433229e-02 3.131218e-02 7.551459e-02 8.1817495978e+04 2.0074010367e+05 2.0120890750e+05
2409.2040 5.654348e-02 7.586100e-02 9.161159e-04 4.015493e-02 2.886939e-02 8.237323e-02 8.1853778619e+04 2.0074228667e+05 2.0117246389e+05
2410.2045 5.384208e-02 7.239791e-02 9.376992e-04 3.586725e-02 2.615216e-02 8.875077e-02 8.1894930931e+04 2.0074894490e+05 2.0112728806e+05
2411.2050 5.122001e-02 7.015254e-02 9.207123e-04 3.185978e-02 2.360812e-02 9.528716e-02 8.1937138487e+04 2.0076082994e+05 2.0107516321e+05
2412.2055 4.890482e-02 6.819081e-02 9.758951e-04 2.853304e-02 2.145886e-02 1.002792e-01 8.1975895881e+04 2.0077991062e+05 2.0101930412e+05
2413.2060 4.668226e-02 6.586522e-02 9.712874e-04 2.647403e-02 2.009231e-02 1.040470e-01 8.2006575490e+04 2.0080556148e+05 2.0096463393e+05
2414.2065 4.587529e-02 6.332775e-02 9.627062e-04 2.547558e-02 1.937139e-02 1.060000e-01 8.2027111107e+04 2.0083275684e+05 2.0091807877e+05
2415.2070 4.551068e-02 5.946069e-02 9.683513e-04 2.599812e-02 1.960911e-02 1.043879e-01 8.2037587191e+04 2.0085619682e+05 2.0088628603e+05
2416.2075 4.540394e-02 5.696626e-02 9.510182e-04 2.808336e-02 2.091025e-02 1.017094e-01 8.2036949382e+04 2.0086910456e+05 2.0087484158e+05
2417.2080 4.613118e-02 5.767865e-02 9.634329e-04 3.131331e-02 2.286888e-02 9.687280e-02 8.2025223189e+04 2.0086767894e+05 2.0088733854e+05
2418.2085 4.792278e-02 6.319414e-02 9.235824e-04 3.537426e-02 2.537023e-02 8.983886e-02 8.2002941283e+04 2.0085023253e+05 2.0092428616e+05
2419.2090 5.176573e-02 7.119281e-02 9.474634e-04 4.045021e-02 2.858493e-02 8.183966e-02 8.1972543211e+04 2.0081703880e+05 2.0098296016e+05
2420.2095 5.470004e-02 7.934191e-02 9.127147e-04 4.505513e-02 3.153856e-02 7.431749e-02 8.1939044355e+04 2.0077050178e+05 2.0105858137e+05
2421.2100 5.682083e-02 8.533437e-02 9.150920e-04 4.990695e-02 3.476709e-02 6.643311e-02 8.1906363042e+04 2.0071673779e+05 2.0114163121e+05
2422.2105 5.945451e-02 8.769836e-02 8.954653e-04 5.373107e-02 3.737908e-02 5.995466e-02 8.1877039049e+04 2.0066414019e+05 2.0122155498e+05
2423.2110 6.156168e-02 8.873071e-02 8.793040e-04 5.602245e-02 3.902097e-02 5.532457e-02 8.1854465388e+04 2.0062066372e+05 2.0128668414e+05
2424.2115 6.410800e-02 8.951019e-02 8.814458e-04 5.766241e-02 4.024831e-02 5.281701e-02 8.1842040561e+04 2.0059182125e+05 2.0132644646e+05
2425.2120 6.513817e-02 8.998429e-02 8.833784e-04 5.674199e-02 3.985996e-02 5.339023e-02 8.1843449235e+04 2.0058066979e+05 2.0133590205e+05
2426.2125 6.429189e-02 8.954724e-02 9.127729e-04 5.460601e-02 3.852965e-02 5.646006e-02 8.1860795178e+04 2.0058728647e+05 2.0131256828e+05
2427.2130 6.253253e-02 8.848529e-02 8.959158e-04 5.111293e-02 3.619409e-02 6.237915e-02 8.1892166511e+04 2.0061041407e+05 2.0125913588e+05
2428.2135 5.935887e-02 8.665669e-02 9.238128e-04 4.643591e-02 3.313877e-02 7.056238e-02 8.1934426681e+04 2.0064710254e+05 2.0118203626e+05
2429.2140 5.652004e-02 8.304453e-02 9.234412e-04 4.072117e-02 2.920253e-02 7.936121e-02 8.1984101123e+04 2.0069122805e+05 2.0109117066e+05
2430.2145 5.339124e-02 7.656940e-02 9.241448e-04 3.487832e-02 2.531193e-02 8.924790e-02 8.2037766295e+04 2.0073543676e+05 2.0099708400e+05
2431.2150 4.962851e-02 6.789800e-02 9.532593e-04 2.950082e-02 2.158193e-02 9.824167e-02 8.2092125653e+04 2.0077318039e+05 2.0091000415e+05
2432.2155 4.530310e-02 5.896390e-02 9.402366e-04 2.524469e-02 1.866930e-02 1.055859e-01 8.2141698193e+04 2.0080121445e+05 2.0083773906e+05
2433.2160 4.298301e-02 5.281898e-02 9.931168e-04 2.212036e-02 1.638303e-02 1.105387e-01 8.2179697411e+04 2.0081834993e+05 2.0078614694e+05
2434.2165 4.202798e-02 5.076747e-02 9.794685e-04 2.086368e-02 1.549431e-02 1.118928e-01 8.2202515296e+04 2.0082489715e+05 2.0075842220e+05
2435.2170 4.187470e-02 5.233318e-02 1.004767e-03 2.166672e-02 1.593151e-02 1.112596e-01 8.2208778473e+04 2.0081964361e+05 2.0075661669e+05
2436.2175 4.273271e-02 5.702212e-02 9.918404e-04 2.432623e-02 1.768015e-02 1.067979e-01 8.2199392543e+04 2.0080253444e+05 2.0078079566e+05
2437.2180 4.425130e-02 6.146506e-02 9.674490e-04 2.861754e-02 2.061531e-02 9.934230e-02 8.2176056452e+04 2.0077617919e+05 2.0082820428e+05
2438.2185 4.659179e-02 6.615661e-02 9.766076e-04 3.421614e-02 2.443774e-02 9.021054e-02 8.2140300953e+04 2.0074335162e+05 2.0089393130e+05
2439.2190 5.088750e-02 7.183995e-02 9.133179e-04 3.992248e-02 2.844856e-02 8.002978e-02 8.2095655763e+04 2.0070612059e+05 2.0097194082e+05
2440.2195 5.520358e-02 7.694265e-02 9.251982e-04 4.625717e-02 3.286204e-02 6.926434e-02 8.2048681811e+04 2.0066703962e+05 2.0105427130e+05
2441.2200 5.942755e-02 8.172606e-02 9.035295e-04 5.146115e-02 3.655647e-02 5.994350e-02 8.2005097248e+04 2.0062744809e+05 2.0113403910e+05
2442.2205 6.268645e-02 8.613037e-02 9.129219e-04 5.596474e-02 3.967835e-02 5.223543e-02 8.1970263867e+04 2.0059050478e+05 2.0120269184e+05
2443.2210 6.442922e-02 9.042384e-02 8.758538e-04 5.920484e-02 4.186307e-02 4.722950e-02 8.1947678752e+04 2.0056027434e+05 2.0125292948e+05
2444.2215 6.562049e-02 9.537418e-02 8.958319e-04 5.965160e-02 4.222650e-02 4.610260e-02 8.1939216742e+04 2.0053950721e+05 2.0127982925e+05
2445.2220 6.653309e-02 9.881212e-02 9.032839e-04 5.862479e-02 4.143070e-02 4.779748e-02 8.1947808043e+04 2.0052959783e+05 2.0127939257e+05
2446.2225 6.426162e-02 9.806872e-02 8.968115e-04 5.577464e-02 3.934634e-02 5.349013e-02 8.1975177011e+04 2.0053155396e+05 2.0125100165e+05
2447.2230 6.173057e-02 9.182552e-02 9.209755e-04 5.093292e-02 3.596841e-02 6.154748e-02 8.2018743884e+04 2.0054655933e+05 2.0119596278e+05
2448.2235 5.872334e-02 8.322574e-02 9.229824e-04 4.485915e-02 3.169379e-02 7.136157e-02 8.2073920964e+04 2.0057483390e+05 2.0111735572e+05
2449.2240 5.427993e-02 7.480458e-02 9.790923e-04 3.828643e-02 2.707016e-02 8.315699e-02 8.2134701338e+04 2.0061542898e+05 2.0102098666e+05
2450.2245 5.095427e-02 6.736517e-02 9.674288e-04 3.182771e-02 2.252554e-02 9.349501e-02 8.2195082308e+04 2.0066471169e+05 2.0091591430e+05
2451.2250 4.719382e-02 6.000955e-02 9.974894e-04 2.619957e-02 1.869685e-02 1.032444e-01 8.2250766213e+04 2.0071619344e+05 2.0081306121e+05
2452.2255 4.359767e-02 5.357197e-02 9.887132e-04 2.186447e-02 1.565300e-02 1.101454e-01 8.2297702133e+04 2.0076229703e+05 2.0072424484e+05
2453.2260 4.005010e-02 5.146009e-02 9.936546e-04 1.941533e-02 1.404820e-02 1.138626e-01 8.2330588870e+04 2.0079641195e+05 2.0065970814e+05
2454.2265 4.059187e-02 5.232916e-02 1.002623e-03 1.895299e-02 1.380099e-02 1.146365e-01 8.2344571796e+04 2.0081352590e+05 2.0062800347e+05
2455.2270 4.189446e-02 5.516640e-02 9.735422e-04 2.057064e-02 1.509006e-02 1.106088e-01 8.2340365786e+04 2.0081023000e+05 2.0063423418e+05
2456.2275 4.324290e-02 5.786375e-02 9.763198e-04 2.402898e-02 1.765483e-02 1.041928e-01 8.2319488262e+04 2.0078478750e+05 2.0067918229e+05
2457.2280 4.658910e-02 6.044800e-02 9.763999e-04 2.917952e-02 2.138271e-02 9.523948e-02 8.2284856860e+04 2.0073826103e+05 2.0075801870e+05
2458.2285 4.950747e-02 6.424434e-02 9.300685e-04 3.519312e-02 2.576741e-02 8.434507e-02 8.2240845167e+04 2.0067709616e+05 2.0086068627e+05
2459.2290 5.222501e-02 6.934379e-02 9.476608e-04 4.187833e-02 3.044753e-02 7.313706e-02 8.2192070128e+04 2.0061032558e+05 2.0097311613e+05
2460.2295 5.784193e-02 7.738316e-02 9.251441e-04 4.780942e-02 3.454642e-02 6.301548e-02 8.2143037540e+04 2.0054586830e+05 2.0108105682e+05
2461.2300 6.203735e-02 8.773797e-02 9.189196e-04 5.337388e-02 3.835188e-02 5.394723e-02 8.2102103689e+04 2.0049118423e+05 2.0117072462e+05
2462.2305 6.456770e-02 9.581461e-02 8.879854e-04 5.730322e-02 4.094726e-02 4.786574e-02 8.2074591743e+04 2.0045245656e+05 2.0123249291e+05
2463.2310 6.567486e-02 9.944838e-02 8.764915e-04 5.890050e-02 4.189763e-02 4.518755e-02 8.2062752717e+04 2.0043499539e+05 2.0125994186e+05
2464.2315 6.701468e-02 9.866008e-02 8.924772e-04 5.923347e-02 4.184429e-02 4.547615e-02 8.2066894344e+04 2.0044054969e+05 2.0124975948e+05
2465.2320 6.508048e-02 9.528721e-02 9.079257e-04 5.718930e-02 4.023096e-02 4.958987e-02 8.2087658537e+04 2.0046685512e+05 2.0120465185e+05
2466.2325 6.275053e-02 9.040040e-02 9.169711e-04 5.307917e-02 3.715636e-02 5.655136e-02 8.2123572798e+04 2.0050763430e+05 2.0113099673e+05
2467.2330 6.007236e-02 8.369271e-02 9.313044e-04 4.766063e-02 3.327273e-02 6.595558e-02 8.2172734740e+04 2.0055529934e+05 2.0103784699e+05
2468.2335 5.597440e-02 7.674532e-02 9.807049e-04 4.153734e-02 2.888730e-02 7.687772e-02 8.2231005606e+04 2.0060322042e+05 2.0093594229e+05
2469.2340 5.092509e-02 7.077837e-02 9.563703e-04 3.518446e-02 2.439208e-02 8.718570e-02 8.2292212971e+04 2.0064644521e+05 2.0083619713e+05
2470.2345 4.763216e-02 6.569821e-02 9.772780e-04 2.920954e-02 2.033508e-02 9.688573e-02 8.2348476752e+04 2.0068128662e+05 2.0074855897e+05
2471.2350 4.638833e-02 6.086530e-02 1.009724e-03 2.431178e-02 1.703511e-02 1.043390e-01 8.2394812826e+04 2.0070487730e+05 2.0068134209e+05
2472.2355 4.260823e-02 5.621678e-02 1.011105e-03 2.095657e-02 1.494282e-02 1.094677e-01 8.2429363158e+04 2.0071518684e+05 2.0064005083e+05
2473.2360 4.035579e-02 5.269156e-02 1.001998e-03 1.955060e-02 1.419667e-02 1.113074e-01 8.2448956726e+04 2.0071129175e+05 2.0062679474e+05
2474.2365 4.084227e-02 5.123573e-02 1.014182e-03 2.003789e-02 1.495056e-02 1.089832e-01 8.2451770024e+04 2.0069592868e+05 2.0064017160e+05
2475.2370 4.211701e-02 5.251539e-02 9.944685e-04 2.231242e-02 1.672518e-02 1.043534e-01 8.2438836050e+04 2.0067154277e+05 2.0067676404e+05
2476.2375 4.537928e-02 5.603418e-02 1.004326e-03 2.640193e-02 1.979038e-02 9.695118e-02 8.2412181284e+04 2.0064090087e+05 2.0073144627e+05
2477.2380 4.935456e-02 6.305633e-02 9.626766e-04 3.131679e-02 2.338657e-02 8.775169e-02 8.2375933807e+04 2.0060538434e+05 2.0079910121e+05
2478.2385 5.266070e-02 7.054355e-02 9.611639e-04 3.723667e-02 2.745823e-02 7.798812e-02 8.2335151346e+04 2.0056768629e+05 2.0087315884e+05
2479.2390 5.522969e-02 7.886939e-02 9.236549e-04 4.304488e-02 3.147945e-02 6.838798e-02 8.2293641188e+04 2.0053063384e+05 2.0094717636e+05
2480.2395 5.776405e-02 8.500373e-02 9.564415e-04 4.870967e-02 3.515016e-02 5.986916e-02 8.2255408349e+04 2.0049805102e+05 2.0101419640e+05
2481.2400 6.157280e-02 9.051813e-02 9.220112e-04 5.260865e-02 3.764867e-02 5.351874e-02 8.2224789844e+04 2.0047012913e+05 2.0106890988e+05
2482.2405 6.414644e-02 9.315964e-02 9.199250e-04 5.523728e-02 3.916744e-02 4.945016e-02 8.2207677262e+04 2.0044829101e+05 2.0110574739e+05
2483.2410 6.367506e-02 9.334097e-02 8.916973e-04 5.671523e-02 3.991856e-02 4.837484e-02 8.2207009609e+04 2.0043392131e+05 2.0112050334e+05
2484.2415 6.373397e-02 9.164190e-02 9.246491e-04 5.572689e-02 3.899992e-02 5.011921e-02 8.2220826640e+04 2.0042990615e+05 2.0111141237e+05
2485.2420 6.219643e-02 8.923655e-02 9.354707e-04 5.319557e-02 3.694918e-02 5.498800e-02 8.2247526987e+04 2.0043846551e+05 2.0107757400e+05
2486.2425 5.924537e-02 8.588020e-02 9.567798e-04 4.926114e-02 3.411188e-02 6.200108e-02 8.2284557416e+04 2.0046018468e+05 2.0102131716e+05
2487.2430 5.680443e-02 8.218240e-02 9.586102e-04 4.444024e-02 3.068882e-02 7.014800e-02 8.2328899697e+04 2.0049186897e+05 2.0094777695e+05
2488.2435 5.354177e-02 7.639128e-02 9.240467e-04 3.908721e-02 2.709143e-02 7.896778e-02 8.2378432636e+04 2.0052959011e+05 2.0086416567e+05
2489.2440 4.894162e-02 6.919945e-02 9.754411e-04 3.355759e-02 2.333830e-02 8.768528e-02 8.2428902214e+04 2.0056927332e+05 2.0077902409e+05
2490.2445 4.634471e-02 6.313346e-02 1.008533e-03 2.885002e-02 2.035281e-02 9.494561e-02 8.2474305784e+04 2.0060575709e+05 2.0070079356e+05
2491.2450 4.577510e-02 5.899665e-02 9.878493e-04 2.476504e-02 1.782894e-02 1.007501e-01 8.2509818115e+04 2.0063487789e+05 2.0063843073e+05
2492.2455 4.370591e-02 5.578715e-02 1.036739e-03 2.240142e-02 1.645626e-02 1.036782e-01 8.2534552218e+04 2.0065245246e+05 2.0059849144e+05
2493.2460 4.166558e-02 5.332845e-02 9.905342e-04 2.165861e-02 1.627514e-02 1.042317e-01 8.2546666281e+04 2.0065528334e+05 2.0058560956e+05
2494.2465 4.337929e-02 5.327006e-02 9.750356e-04 2.244093e-02 1.692363e-02 1.022986e-01 8.2544954040e+04 2.0064112434e+05 2.0060099807e+05
2495.2470 4.448074e-02 5.659294e-02 9.832529e-04 2.484810e-02 1.882195e-02 9.794735e-02 8.2532172748e+04 2.0061165543e+05 2.0064149711e+05
2496.2475 4.488076e-02 6.276739e-02 9.735576e-04 2.830346e-02 2.117682e-02 9.176243e-02 8.2510273178e+04 2.0057092451e+05 2.0070166266e+05
2497.2480 4.952066e-02 6.911472e-02 9.569279e-04 3.272011e-02 2.419406e-02 8.423442e-02 8.2480951019e+04 2.0052401237e+05 2.0077350557e+05
2498.2485 5.359778e-02 7.465651e-02 9.444159e-04 3.745488e-02 2.733796e-02 7.612263e-02 8.2449387755e+04 2.0047703476e+05 2.0084824023e+05
2499.2490 5.516065e-02 7.844192e-02 9.653454e-04 4.250091e-02 3.060440e-02 6.897623e-02 8.2419615403e+04 2.0043600860e+05 2.0091644219e+05
2500.2495 5.744917e-02 8.054030e-02 9.313345e-04 4.638114e-02 3.307962e-02 6.198427e-02 8.2393108066e+04 2.0040711452e+05 2.0097035563e+05
2501.2500 5.937348e-02 8.240469e-02 9.537984e-04 4.997082e-02 3.527000e-02 5.709928e-02 8.2372749155e+04 2.0039295595e+05 2.0100299743e+05
2502.2505 6.028850e-02 8.548043e-02 9.353133e-04 5.242366e-02 3.671878e-02 5.422811e-02 8.2361657750e+04 2.0039275519e+05 2.0101225956e+05
2503.2510 6.108054e-02 8.892612e-02 8.955041e-04 5.294797e-02 3.691660e-02 5.362860e-02 8.2362200603e+04 2.0040283471e+05 2.0099988390e+05
2504.2515 6.026365e-02 9.003538e-02 9.507336e-04 5.245983e-02 3.643950e-02 5.500506e-02 8.2375681193e+04 2.0041979763e+05 2.0096917637e+05
2505.2520 5.946131e-02 8.795229e-02 9.226052e-04 5.038740e-02 3.499166e-02 5.820574e-02 8.2399506281e+04 2.0044051251e+05 2.0092586924e+05
2506.2525 5.777715e-02 8.363859e-02 9.207342e-04 4.737470e-02 3.291132e-02 6.338398e-02 8.2430997946e+04 2.0046212895e+05 2.0087515172e+05
2507.2530 5.510444e-02 7.815206e-02 9.462998e-04 4.328378e-02 3.029274e-02 6.981165e-02 8.2467414211e+04 2.0048195813e+05 2.0082231136e+05
2508.2535 5.238110e-02 7.188883e-02 9.685430e-04 3.863866e-02 2.722599e-02 7.690562e-02 8.2506355899e+04 2.0049767823e+05 2.0077156075e+05
2509.2540 5.002165e-02 6.561363e-02 9.789835e-04 3.443549e-02 2.459930e-02 8.359453e-02 8.2545711909e+04 2.0050812024e+05 2.0072527967e+05
2510.2545 4.764601e-02 6.060778e-02 9.686584e-04 3.009463e-02 2.177561e-02 8.994685e-02 8.2582393443e+04 2.0051412674e+05 2.0068588082e+05
2511.2550 4.465723e-02 5.916321e-02 1.011813e-03 2.696145e-02 1.981152e-02 9.439946e-02 8.2613672295e+04 2.0051703126e+05 2.0065374281e+05
2512.2555 4.397664e-02 5.962382e-02 9.667250e-04 2.466119e-02 1.838141e-02 9.776338e-02 8.2635484997e+04 2.0051866707e+05 2.0063051860e+05
2513.2560 4.529221e-02 5.954352e-02 1.029474e-03 2.370139e-02 1.766643e-02 9.850542e-02 8.2646992137e+04 2.0052007348e+05 2.0061747115e+05
2514.2565 4.430224e-02 5.987883e-02 9.842284e-04 2.410365e-02 1.801112e-02 9.775948e-02 8.2649209107e+04 2.0051958928e+05 2.0061599447e+05
2515.2570 4.397343e-02 6.091622e-02 9.874302e-04 2.572785e-02 1.901613e-02 9.492405e-02 8.2641849534e+04 2.0051574545e+05 2.0062702799e+05
2516.2575 4.733963e-02 6.207140e-02 1.003723e-03 2.845479e-02 2.085584e-02 8.984188e-02 8.2625308186e+04 2.0050750112e+05 2.0065015126e+05
2517.2580 4.839919e-02 6.377693e-02 9.651335e-04 3.199443e-02 2.306395e-02 8.430478e-02 8.2603757158e+04 2.0049401123e+05 2.0068409595e+05
2518.2585 4.978463e-02 6.788579e-02 1.013115e-03 3.596503e-02 2.566256e-02 7.790862e-02 8.2579428075e+04 2.0047363152e+05 2.0072653981e+05
2519.2590 5.402912e-02 7.279339e-02 9.475437e-04 3.970097e-02 2.805468e-02 7.130945e-02 8.2554233524e+04 2.0044734036e+05 2.0077449490e+05
2520.2595 5.625284e-02 7.870921e-02 9.382279e-04 4.404181e-02 3.088405e-02 6.548919e-02 8.2532059056e+04 2.0041766917e+05 2.0082255804e+05
2521.2600 5.619489e-02 8.333609e-02 9.461636e-04 4.718842e-02 3.287011e-02 6.058087e-02 8.2515051759e+04 2.0038879201e+05 2.0086650124e+05
2522.2605 5.825142e-02 8.527858e-02 9.493300e-04 4.930393e-02 3.430959e-02 5.709295e-02 8.2503535832e+04 2.0036458081e+05 2.0090057418e+05
2523.2610 6.011408e-02 8.620465e-02 9.619681e-04 5.072515e-02 3.531254e-02 5.545286e-02 8.2500443753e+04 2.0034720614e+05 2.0091960317e+05
2524.2615 5.885643e-02 8.462835e-02 9.415433e-04 5.035626e-02 3.519022e-02 5.562848e-02 8.2508423006e+04 2.0033946769e+05 2.0092067594e+05
2525.2620 5.767040e-02 8.179912e-02 9.347884e-04 4.925735e-02 3.463331e-02 5.782215e-02 8.2526012420e+04 2.0034226472e+05 2.0090166305e+05
2526.2625 5.753143e-02 7.844779e-02 9.451376e-04 4.667956e-02 3.303961e-02 6.183496e-02 8.2551378731e+04 2.0035597502e+05 2.0086405245e+05
2527.2630 5.570282e-02 7.512982e-02 9.522724e-04 4.325023e-02 3.079802e-02 6.696656e-02 8.2583038423e+04 2.0037956546e+05 2.0081109907e+05
2528.2635 5.281809e-02 7.296802e-02 9.675508e-04 3.969795e-02 2.857567e-02 7.289956e-02 8.2618391789e+04 2.0040892702e+05 2.0074840584e+05
2529.2640 5.060306e-02 7.040159e-02 9.918316e-04 3.535300e-02 2.560776e-02 7.954769e-02 8.2654044958e+04 2.0043965896e+05 2.0068419219e+05
2530.2645 4.844473e-02 6.624137e-02 9.991379e-04 3.181756e-02 2.327226e-02 8.535287e-02 8.2688500383e+04 2.0046683309e+05 2.0062504535e+05
2531.2650 4.537271e-02 6.318501e-02 9.606285e-04 2.834123e-02 2.095236e-02 9.047536e-02 8.2718901753e+04 2.0048604380e+05 2.0057825946e+05
2532.2655 4.443997e-02 6.059092e-02 1.042900e-03 2.581627e-02 1.915186e-02 9.384572e-02 8.2741811344e+04 2.0049502483e+05 2.0054813812e+05
2533.2660 4.457054e-02 5.885800e-02 1.017121e-03 2.444103e-02 1.814534e-02 9.607932e-02 8.2755613536e+04 2.0049314429e+05 2.0053685172e+05
2534.2665 4.460671e-02 5.643541e-02 1.014149e-03 2.424595e-02 1.785559e-02 9.576151e-02 8.2760794223e+04 2.0048205613e+05 2.0054416807e+05
2535.2670 4.519473e-02 5.628850e-02 1.019042e-03 2.523773e-02 1.835352e-02 9.383668e-02 8.2756961668e+04 2.0046263105e+05 2.0056742998e+05
2536.2675 4.546577e-02 5.935364e-02 9.953180e-04 2.746841e-02 1.968118e-02 9.019496e-02 8.2745181978e+04 2.0043829445e+05 2.0060222926e+05
2537.2680 4.688661e-02 6.418300e-02 1.032808e-03 3.044875e-02 2.156296e-02 8.537303e-02 8.2726717894e+04 2.0041262458e+05 2.0064383178e+05
2538.2685 4.972331e-02 6.957288e-02 9.814835e-04 3.393659e-02 2.381692e-02 7.916555e-02 8.2703399147e+04 2.0038905284e+05 2.0068761920e+05
2539.2690 5.217566e-02 7.488478e-02 1.002642e-03 3.833174e-02 2.672256e-02 7.301918e-02 8.2678584167e+04 2.0036868046e+05 2.0072915090e+05
2540.2695 5.370050e-02 7.839541e-02 9.616495e-04 4.166615e-02 2.907753e-02 6.682516e-02 8.2655775654e+04 2.0035254930e+05 2.0076631983e+05
2541.2700 5.594159e-02 7.933637e-02 9.719739e-04 4.509014e-02 3.147817e-02 6.148376e-02 8.2637079794e+04 2.0034048954e+05 2.0079558618e+05
2542.2705 5.766983e-02 7.916690e-02 9.382365e-04 4.777873e-02 3.339916e-02 5.763664e-02 8.2624512728e+04 2.0033242852e+05 2.0081532918e+05
2543.2710 5.792514e-02 7.995293e-02 9.348353e-04 4.907006e-02 3.447095e-02 5.535243e-02 8.2620124728e+04 2.0032715895e+05 2.0082453681e+05
2544.2715 5.789238e-02 8.204645e-02 9.770705e-04 4.975382e-02 3.505222e-02 5.487209e-02 8.2624826830e+04 2.0032342284e+05 2.0082241494e+05
2545.2720 5.778875e-02 8.365670e-02 9.349370e-04 4.850567e-02 3.439478e-02 5.662890e-02 8.2638879321e+04 2.0032104127e+05 2.0081014095e+05
2546.2725 5.685211e-02 8.284694e-02 9.786906e-04 4.651968e-02 3.315932e-02 5.974691e-02 8.2661949816e+04 2.0032131907e+05 2.0078757609e+05
2547.2730 5.443173e-02 7.988642e-02 9.532536e-04 4.388924e-02 3.147311e-02 6.453929e-02 8.2692040821e+04 2.0032521793e+05 2.0075557327e+05
2548.2735 5.270800e-02 7.561144e-02 9.904629e-04 3.993558e-02 2.885689e-02 7.059061e-02 8.2725698490e+04 2.0033384880e+05 2.0071588526e+05
2549.2740 5.099944e-02 7.084432e-02 9.854037e-04 3.626856e-02 2.645300e-02 7.631405e-02 8.2760946411e+04 2.0034764630e+05 2.0066957302e+05
2550.2745 4.802428e-02 6.504044e-02 9.756807e-04 3.216578e-02 2.358805e-02 8.249322e-02 8.2795237023e+04 2.0036650954e+05 2.0062030430e+05
2551.2750 4.626624e-02 5.974389e-02 1.046558e-03 2.881916e-02 2.123386e-02 8.774935e-02 8.2825068387e+04 2.0038866215e+05 2.0057129959e+05
2552.2755 4.462170e-02 5.679829e-02 9.995687e-04 2.615744e-02 1.932009e-02 9.189186e-02 8.2848499385e+04 2.0041106364e+05 2.0052755773e+05
2553.2760 4.401934e-02 5.616062e-02 1.024039e-03 2.459546e-02 1.807085e-02 9.389268e-02 8.2863872035e+04 2.0042985453e+05 2.0049419836e+05
2554.2765 4.369103e-02 5.845102e-02 1.033734e-03 2.399358e-02 1.746539e-02 9.442538e-02 8.2869716816e+04 2.0044126065e+05 2.0047640507e+05
2555.2770 4.427193e-02 6.052609e-02 1.012460e-03 2.482790e-02 1.786776e-02 9.299703e-02 8.2866372491e+04 2.0044238595e+05 2.0047764703e+05
2556.2775 4.515216e-02 6.220158e-02 1.025764e-03 2.644782e-02 1.877831e-02 9.004233e-02 8.2855398904e+04 2.0043057149e+05 2.0049958879e+05
2557.2780 4.686758e-02 6.458323e-02 9.902478e-04 2.915333e-02 2.057953e-02 8.530981e-02 8.2838073173e+04 2.0040596887e+05 2.0053993011e+05
2558.2785 4.891426e-02 6.709497e-02 1.010955e-03 3.293066e-02 2.306690e-02 7.957917e-02 8.2816333620e+04 2.0037212006e+05 2.0059348676e+05
2559.2790 5.078300e-02 6.929923e-02 9.816590e-04 3.612095e-02 2.530317e-02 7.323653e-02 8.2793031724e+04 2.0033382011e+05 2.0065382502e+05
2560.2795 5.362796e-02 7.238016e-02 1.005624e-03 4.010716e-02 2.806799e-02 6.762922e-02 8.2770389452e+04 2.0029572984e+05 2.0071172126e+05
2561.2800 5.525176e-02 7.719233e-02 9.852565e-04 4.340861e-02 3.039360e-02 6.236828e-02 8.2752259426e+04 2.0026273578e+05 2.0076016738e+05
2562.2805 5.588950e-02 8.168128e-02 9.755166e-04 4.587397e-02 3.220762e-02 5.836933e-02 8.2740789798e+04 2.0023950604e+05 2.0079269568e+05
2563.2810 5.669549e-02 8.395401e-02 9.588100e-04 4.781570e-02 3.364415e-02 5.580769e-02 8.2737038360e+04 2.0022943946e+05 2.0080494182e+05
2564.2815 5.673647e-02 8.509923e-02 9.412014e-04 4.795514e-02 3.388586e-02 5.549770e-02 8.2741753753e+04 2.0023258651e+05 2.0079657376e+05
2565.2820 5.684607e-02 8.461943e-02 9.785816e-04 4.761238e-02 3.376643e-02 5.629319e-02 8.2755093805e+04 2.0024716763e+05 2.0076862368e+05
2566.2825 5.532038e-02 8.186069e-02 9.691874e-04 4.581797e-02 3.274047e-02 5.927371e-02 8.2776176204e+04 2.0027039551e+05 2.0072595826e+05
2567.2830 5.450394e-02 7.670319e-02 9.770664e-04 4.306036e-02 3.098423e-02 6.393387e-02 8.2803149871e+04 2.0029761269e+05 2.0067413782e+05
2568.2835 5.233865e-02 7.106872e-02 9.466855e-04 4.008272e-02 2.902607e-02 6.872345e-02 8.2834899842e+04 2.0032421593e+05 2.0061901180e+05
2569.2840 4.944504e-02 6.670442e-02 1.004487e-03 3.617485e-02 2.630570e-02 7.427499e-02 8.2868236922e+04 2.0034606791e+05 2.0056715100e+05
2570.2845 4.783910e-02 6.422050e-02 1.001533e-03 3.285878e-02 2.405077e-02 8.025881e-02 8.2899401414e+04 2.0036087811e+05 2.0052270829e+05
2571.2850 4.665032e-02 6.212421e-02 9.780345e-04 2.971635e-02 2.175943e-02 8.505724e-02 8.2926763962e+04 2.0036793365e+05 2.0048980458e+05
2572.2855 4.478249e-02 6.084185e-02 1.055503e-03 2.717406e-02 1.985329e-02 8.845688e-02 8.2948965016e+04 2.0036697706e+05 2.0047026857e+05
2573.2860 4.382941e-02 6.105736e-02 1.030719e-03 2.541601e-02 1.858932e-02 9.088393e-02 8.2963454658e+04 2.0035900414e+05 2.0046424372e+05
2574.2865 4.383056e-02 6.033452e-02 1.037767e-03 2.485755e-02 1.805349e-02 9.151177e-02 8.2969675032e+04 2.0034728772e+05 2.0047019026e+05
2575.2870 4.386942e-02 5.965892e-02 1.043795e-03 2.519112e-02 1.819493e-02 9.068436e-02 8.2967748835e+04 2.0033415545e+05 2.0048568638e+05
2576.2875 4.540082e-02 5.942213e-02 1.032513e-03 2.670914e-02 1.913238e-02 8.765415e-02 8.2958483050e+04 2.0032118411e+05 2.0050764141e+05
2577.2880 4.664161e-02 6.171896e-02 1.021219e-03 2.901902e-02 2.062278e-02 8.380504e-02 8.2943937929e+04 2.0030824988e+05 2.0053372910e+05
2578.2885 4.839683e-02 6.661204e-02 1.022141e-03 3.161794e-02 2.232912e-02 7.929551e-02 8.2926147577e+04 2.0029505050e+05 2.0056214821e+05
2579.2890 5.013476e-02 7.108630e-02 9.978669e-04 3.519630e-02 2.475952e-02 7.428863e-02 8.2907586968e+04 2.0028213041e+05 2.0059076615e+05
2580.2895 5.137294e-02 7.624391e-02 1.002646e-03 3.828006e-02 2.685223e-02 6.886580e-02 8.2889789795e+04 2.0026916316e+05 2.0061904012e+05
2581.2900 5.304540e-02 7.927103e-02 9.919746e-04 4.132879e-02 2.890381e-02 6.455304e-02 8.2874279468e+04 2.0025649205e+05 2.0064496589e+05
2582.2905 5.430977e-02 8.138414e-02 9.829001e-04 4.385938e-02 3.070162e-02 6.082600e-02 8.2863560951e+04 2.0024378375e+05 2.0066680773e+05
2583.2910 5.475919e-02 8.186074e-02 9.861639e-04 4.518937e-02 3.175205e-02 5.858475e-02 8.2859597206e+04 2.0023142819e+05 2.0068272062e+05
2584.2915 5.496233e-02 7.988179e-02 9.858709e-04 4.633903e-02 3.261225e-02 5.720139e-02 8.2863641533e+04 2.0022082127e+05 2.0068973348e+05
2585.2920 5.506928e-02 7.803270e-02 9.894902e-04 4.595834e-02 3.246720e-02 5.814931e-02 8.2874430548e+04 2.0021387125e+05 2.0068642306e+05
2586.2925 5.431948e-02 7.644207e-02 9.826643e-04 4.495035e-02 3.186789e-02 6.011498e-02 8.2891616806e+04 2.0021306304e+05 2.0067087604e+05
2587.2930 5.278150e-02 7.496753e-02 9.659541e-04 4.306564e-02 3.071795e-02 6.276135e-02 8.2913316854e+04 2.0022025313e+05 2.0064337680e+05
2588.2935 5.213890e-02 7.329993e-02 9.875273e-04 4.027022e-02 2.887546e-02 6.668996e-02 8.2937290530e+04 2.0023458838e+05 2.0060618782e+05
2589.2940 4.991035e-02 7.001750e-02 9.810144e-04 3.778203e-02 2.729585e-02 7.150784e-02 8.2963517001e+04 2.0025426543e+05 2.0056224173e+05
2590.2945 4.740620e-02 6.706571e-02 1.007771e-03 3.460613e-02 2.513923e-02 7.537305e-02 8.2990251341e+04 2.0027545542e+05 2.0051713205e+05
2591.2950 4.712879e-02 6.452726e-02 1.029969e-03 3.177407e-02 2.323731e-02 7.952773e-02 8.3014165704e+04 2.0029469457e+05 2.0047530732e+05
2592.2955 4.607860e-02 6.295729e-02 9.923449e-04 2.914659e-02 2.146215e-02 8.343884e-02 8.3034487020e+04 2.0030912579e+05 2.0044175711e+05
2593.2960 4.521477e-02 6.023482e-02 1.026654e-03 2.716537e-02 2.011262e-02 8.584299e-02 8.3050040627e+04 2.0031693366e+05 2.0042020592e+05
2594.2965 4.520964e-02 5.999853e-02 1.052919e-03 2.603393e-02 1.921671e-02 8.747789e-02 8.3059390525e+04 2.0031515746e+05 2.0041293968e+05
2595.2970 4.514016e-02 6.085476e-02 1.025204e-03 2.582347e-02 1.893963e-02 8.718024e-02 8.3063232302e+04 2.0030427023e+05 2.0041991461e+05
2596.2975 4.451436e-02 6.197685e-02 1.044996e-03 2.635634e-02 1.917513e-02 8.639041e-02 8.3061396609e+04 2.0028673411e+05 2.0043915859e+05
2597.2980 4.577509e-02 6.392000e-02 1.052154e-03 2.760863e-02 1.986514e-02 8.446752e-02 8.3053986677e+04 2.0026486570e+05 2.0046714739e+05
2598.2985 4.743070e-02 6.701234e-02 1.031187e-03 2.980909e-02 2.117763e-02 8.115471e-02 8.3043185028e+04 2.0024144942e+05 2.0049939350e+05
2599.2990 4.862575e-02 7.020101e-02 1.025778e-03 3.192331e-02 2.246003e-02 7.726280e-02 8.3031065921e+04 2.0021935334e+05 2.0053206243e+05
2600.2995 5.019169e-02 7.236519e-02 1.042888e-03 3.479507e-02 2.431849e-02 7.340048e-02 8.3018726981e+04 2.0020141325e+05 2.0056048706e+05
2601.3000 5.105718e-02 7.320613e-02 1.016887e-03 3.752748e-02 2.608332e-02 6.938485e-02 8.3007212379e+04 2.0019056288e+05 2.0058193822e+05
2602.3005 5.177865e-02 7.416818e-02 9.942956e-04 3.991096e-02 2.774301e-02 6.553070e-02 8.2996996021e+04 2.0018755088e+05 2.0059444121e+05
2603.3010 5.275509e-02 7.543458e-02 9.725433e-04 4.231486e-02 2.943337e-02 6.232138e-02 8.2989089937e+04 2.0019117001e+05 2.0059751781e+05
2604.3015 5.385491e-02 7.627557e-02 9.989369e-04 4.351787e-02 3.030593e-02 6.072935e-02 8.2985656165e+04 2.0019769542e+05 2.0059342220e+05
2605.3020 5.417906e-02 7.607322e-02 1.004772e-03 4.462341e-02 3.126224e-02 5.891995e-02 8.2988899787e+04 2.0020407682e+05 2.0058367964e+05
2606.3025 5.331399e-02 7.616011e-02 9.857189e-04 4.447711e-02 3.138056e-02 5.869153e-02 8.2998209050e+04 2.0020755550e+05 2.0057131398e+05
2607.3030 5.385593e-02 7.662110e-02 9.913153e-04 4.362518e-02 3.101423e-02 6.022449e-02 8.3011264825e+04 2.0020748965e+05 2.0055775906e+05
2608.3035 5.400555e-02 7.604204e-02 9.802519e-04 4.243002e-02 3.045625e-02 6.233687e-02 8.3027731030e+04 2.0020510096e+05 2.0054374662e+05
2609.3040 5.232624e-02 7.355163e-02 9.860133e-04 3.995077e-02 2.886806e-02 6.465381e-02 8.3047540852e+04 2.0020129581e+05 2.0053017068e+05
2610.3045 5.041982e-02 6.998393e-02 1.014198e-03 3.751244e-02 2.737890e-02 6.882921e-02 8.3069229387e+04 2.0019645851e+05 2.0051534454e+05
2611.3050 4.922859e-02 6.685536e-02 1.019132e-03 3.455076e-02 2.547399e-02 7.291708e-02 8.3092319242e+04 2.0019242260e+05 2.0049835883e+05
2612.3055 4.732654e-02 6.392448e-02 1.039141e-03 3.185535e-02 2.370685e-02 7.679822e-02 8.3115587737e+04 2.0019219438e+05 2.0047754827e+05
2613.3060 4.589052e-02 6.202663e-02 1.043005e-03 2.921889e-02 2.178097e-02 8.078471e-02 8.3136211987e+04 2.0019752522e+05 2.0045313230e+05
2614.3065 4.663066e-02 6.093424e-02 1.026925e-03 2.696850e-02 2.006942e-02 8.353516e-02 8.3152640705e+04 2.0020817117e+05 2.0042667009e+05
2615.3070 4.628050e-02 6.157081e-02 1.059779e-03 2.561485e-02 1.900271e-02 8.591815e-02 8.3165122705e+04 2.0022110069e+05 2.0040111760e+05
2616.3075 4.543407e-02 6.198075e-02 1.056587e-03 2.498918e-02 1.831059e-02 8.696898e-02 8.3173094168e+04 2.0023376684e+05 2.0038072275e+05
2617.3080 4.545775e-02 6.117156e-02 1.047493e-03 2.519503e-02 1.818950e-02 8.651510e-02 8.3175387065e+04 2.0024374455e+05 2.0036897522e+05
2618.3085 4.543210e-02 6.195160e-02 1.057246e-03 2.616018e-02 1.855997e-02 8.516357e-02 8.3172123836e+04 2.0024715289e+05 2.0036852933e+05
2619.3090 4.598872e-02 6.500186e-02 1.048006e-03 2.815509e-02 1.972064e-02 8.283794e-02 8.3164235980e+04 2.0024126872e+05 2.0038054179e+05
2620.3095 4.810851e-02 6.704078e-02 1.086368e-03 3.029887e-02 2.105256e-02 7.878496e-02 8.3153690208e+04 2.0022580965e+05 2.0040507291e+05
2621.3100 4.932518e-02 6.816612e-02 1.039335e-03 3.334450e-02 2.304239e-02 7.452729e-02 8.3142144012e+04 2.0020232191e+05 2.0043890969e+05
2622.3105 4.989368e-02 6.942205e-02 1.041824e-03 3.641344e-02 2.518535e-02 6.980762e-02 8.3129897096e+04 2.0017482071e+05 2.0047771336e+05
2623.3110 5.156791e-02 7.179377e-02 1.034943e-03 3.912875e-02 2.713858e-02 6.547441e-02 8.3116655165e+04 2.0014815141e+05 2.0051589488e+05
2624.3115 5.308589e-02 7.501780e-02 1.001925e-03 4.201935e-02 2.930356e-02 6.112622e-02 8.3104682625e+04 2.0012627198e+05 2.0054758368e+05
2625.3120 5.348249e-02 7.750355e-02 9.945674e-04 4.369875e-02 3.069635e-02 5.790785e-02 8.3096881648e+04 2.0011108125e+05 2.0056945213e+05
2626.3125 5.398596e-02 7.822606e-02 1.003848e-03 4.515333e-02 3.193215e-02 5.632480e-02 8.3095208550e+04 2.0010299272e+05 2.0057828917e+05
2627.3130 5.434975e-02 7.913250e-02 1.004781e-03 4.551596e-02 3.245635e-02 5.516265e-02 8.3100304796e+04 2.0010222257e+05 2.0057353216e+05
2628.3135 5.369806e-02 7.861239e-02 1.002206e-03 4.448967e-02 3.203320e-02 5.573670e-02 8.3111657551e+04 2.0010920634e+05 2.0055606948e+05
2629.3140 5.337021e-02 7.663294e-02 1.031692e-03 4.297068e-02 3.115876e-02 5.859408e-02 8.3127558803e+04 2.0012225095e+05 2.0052783811e+05
2630.3145 5.290354e-02 7.337359e-02 9.816394e-04 4.029681e-02 2.948100e-02 6.204840e-02 8.3147868933e+04 2.0013854963e+05 2.0049309774e+05
2631.3150 5.211784e-02 6.941217e-02 1.052933e-03 3.722970e-02 2.744698e-02 6.639721e-02 8.3172282873e+04 2.0015399732e+05 2.0045543755e+05
2632.3155 4.877846e-02 6.555645e-02 1.043247e-03 3.381646e-02 2.503323e-02 7.173408e-02 8.3200121088e+04 2.0016633706e+05 2.0041834931e+05
2633.3160 4.636226e-02 6.234106e-02 1.047625e-03 3.037490e-02 2.250196e-02 7.704034e-02 8.3228259312e+04 2.0017500882e+05 2.0038410327e+05
2634.3165 4.587363e-02 6.084622e-02 1.090526e-03 2.728515e-02 2.022074e-02 8.222874e-02 8.3253471588e+04 2.0018039817e+05 2.0035436588e+05
2635.3170 4.522669e-02 6.117167e-02 1.063200e-03 2.460365e-02 1.804990e-02 8.638089e-02 8.3274948003e+04 2.0018255297e+05 2.0033115325e+05
2636.3175 4.410946e-02 6.163910e-02 1.084994e-03 2.290290e-02 1.659733e-02 8.873765e-02 8.3292069282e+04 2.0018160099e+05 2.0031553186e+05
2637.3180 4.338637e-02 6.005385e-02 1.086800e-03 2.225140e-02 1.593070e-02 9.036116e-02 8.3302554055e+04 2.0017942202e+05 2.0030805827e+05
2638.3185 4.267855e-02 5.775708e-02 1.076915e-03 2.282067e-02 1.610379e-02 8.948510e-02 8.3305638402e+04 2.0017726420e+05 2.0030835017e+05
2639.3190 4.302005e-02 5.730968e-02 1.077841e-03 2.419316e-02 1.690941e-02 8.694146e-02 8.3300394400e+04 2.0017512342e+05 2.0031593373e+05
2640.3195 4.512326e-02 5.921399e-02 1.040265e-03 2.689076e-02 1.868061e-02 8.317137e-02 8.3287857588e+04 2.0017164791e+05 2.0033011769e+05
2641.3200 4.633298e-02 6.402061e-02 1.066282e-03 3.004338e-02 2.082471e-02 7.819099e-02 8.3271351913e+04 2.0016417306e+05 2.0035151983e+05
2642.3205 4.816189e-02 6.826758e-02 1.036755e-03 3.371908e-02 2.346593e-02 7.207099e-02 8.3253173555e+04 2.0015154990e+05 2.0037992163e+05
2643.3210 5.032485e-02 7.302195e-02 1.067196e-03 3.773737e-02 2.632032e-02 6.565013e-02 8.3234469712e+04 2.0013300101e+05 2.0041413316e+05
2644.3215 5.271210e-02 7.723408e-02 1.022388e-03 4.099847e-02 2.879600e-02 6.038587e-02 8.3215954426e+04 2.0011062995e+05 2.0045215155e+05
2645.3220 5.429647e-02 7.950983e-02 1.000468e-03 4.412767e-02 3.117836e-02 5.576234e-02 8.3200498240e+04 2.0008668641e+05 2.0048964090e+05
2646.3225 5.513153e-02 7.978741e-02 1.017707e-03 4.595020e-02 3.263241e-02 5.224434e-02 8.3190745773e+04 2.0006334221e+05 2.0052240321e+05
2647.3230 5.571615e-02 7.753599e-02 1.035415e-03 4.670810e-02 3.344719e-02 5.055736e-02 8.3189383065e+04 2.0004291610e+05 2.0054492077e+05
2648.3235 5.488186e-02 7.593262e-02 1.029446e-03 4.661102e-02 3.353473e-02 5.128206e-02 8.3197279420e+04 2.0002855360e+05 2.0055209770e+05
2649.3240 5.454330e-02 7.566161e-02 1.024318e-03 4.484847e-02 3.237144e-02 5.346947e-02 8.3212972243e+04 2.0002424032e+05 2.0054123859e+05
2650.3245 5.342453e-02 7.590099e-02 1.064088e-03 4.237561e-02 3.073082e-02 5.706099e-02 8.3235013033e+04 2.0003257469e+05 2.0051141839e+05
2651.3250 5.223052e-02 7.424270e-02 1.001190e-03 3.894747e-02 2.826922e-02 6.255568e-02 8.3262114616e+04 2.0005226477e+05 2.0046598446e+05
2652.3255 5.070185e-02 7.073139e-02 1.050450e-03 3.502357e-02 2.546494e-02 6.873288e-02 8.3293359387e+04 2.0007926938e+05 2.0040992169e+05
2653.3260 4.715465e-02 6.631107e-02 1.042946e-03 3.096784e-02 2.253328e-02 7.539274e-02 8.3327018837e+04 2.0010930390e+05 2.0034958913e+05
2654.3265 4.419189e-02 6.034857e-02 1.073860e-03 2.700190e-02 1.958739e-02 8.127496e-02 8.3359223864e+04 2.0013916563e+05 2.0029154021e+05
2655.3270 4.356358e-02 5.652698e-02 1.099811e-03 2.382493e-02 1.725619e-02 8.607762e-02 8.3386194299e+04 2.0016391742e+05 2.0024182844e+05
2656.3275 4.252914e-02 5.459550e-02 1.060732e-03 2.137519e-02 1.541082e-02 9.034550e-02 8.3407188851e+04 2.0017955861e+05 2.0020641817e+05
2657.3280 4.138851e-02 5.435024e-02 1.122012e-03 2.025650e-02 1.450253e-02 9.167225e-02 8.3421236457e+04 2.0018363115e+05 2.0018914231e+05
2658.3285 4.179508e-02 5.486309e-02 1.087224e-03 2.033984e-02 1.446056e-02 9.127243e-02 8.3426708435e+04 2.0017519386e+05 2.0019188370e+05
2659.3290 4.200913e-02 5.605822e-02 1.076486e-03 2.196060e-02 1.548102e-02 8.909857e-02 8.3423311532e+04 2.0015671015e+05 2.0021309723e+05
2660.3295 4.250241e-02 6.012598e-02 1.080142e-03 2.445850e-02 1.719521e-02 8.522844e-02 8.3411045972e+04 2.0013049856e+05 2.0024955066e+05
2661.3300 4.514448e-02 6.457634e-02 1.063051e-03 2.788395e-02 1.969106e-02 7.916315e-02 8.3392101899e+04 2.0010018584e+05 2.0029607428e+05
2662.3305 4.797477e-02 6.802248e-02 1.114635e-03 3.179259e-02 2.241412e-02 7.281051e-02 8.3370053378e+04 2.0006860253e+05 2.0034703048e+05
2663.3310 4.983613e-02 6.962279e-02 1.056895e-03 3.583072e-02 2.539421e-02 6.653726e-02 8.3348151354e+04 2.0003964215e+05 2.0039616288e+05
2664.3315 5.160556e-02 7.097909e-02 1.044273e-03 3.991189e-02 2.836073e-02 5.994529e-02 8.3327673962e+04 2.0001750943e+05 2.0043743056e+05
2665.3320 5.277858e-02 7.435306e-02 1.051630e-03 4.299170e-02 3.060977e-02 5.462678e-02 8.3309568006e+04 2.0000419093e+05 2.0046702289e+05
2666.3325 5.514742e-02 7.707245e-02 1.022404e-03 4.557580e-02 3.247875e-02 5.076864e-02 8.3295997346e+04 1.9999988080e+05 2.0048257818e+05
2667.3330 5.630085e-02 7.929948e-02 9.971934e-04 4.699557e-02 3.348773e-02 4.873101e-02 8.3290270577e+04 2.0000200095e+05 2.0048467094e+05
2668.3335 5.483263e-02 8.074780e-02 1.018173e-03 4.686923e-02 3.340052e-02 4.872301e-02 8.3295422876e+04 2.0000649950e+05 2.0047507659e+05
2669.3340 5.439126e-02 8.080591e-02 1.027081e-03 4.590356e-02 3.270568e-02 5.043687e-02 8.3309744255e+04 2.0001221483e+05 2.0045521036e+05
2670.3345 5.416138e-02 7.840886e-02 1.019106e-03 4.328413e-02 3.087164e-02 5.421859e-02 8.3331373727e+04 2.0001951501e+05 2.0042754794e+05
2671.3350 5.219612e-02 7.384827e-02 1.060406e-03 3.987458e-02 2.847566e-02 6.004433e-02 8.3359364967e+04 2.0002816587e+05 2.0039362545e+05
2672.3355 5.071609e-02 6.842427e-02 1.049151e-03 3.577701e-02 2.555435e-02 6.595697e-02 8.3391357209e+04 2.0003750269e+05 2.0035549435e+05
2673.3360 4.903443e-02 6.345117e-02 1.120436e-03 3.152507e-02 2.255403e-02 7.240148e-02 8.3425538600e+04 2.0004705777e+05 2.0031463996e+05
2674.3365 4.546025e-02 5.915220e-02 1.072678e-03 2.761708e-02 1.980339e-02 7.896947e-02 8.3459948699e+04 2.0005805358e+05 2.0027249569e+05
2675.3370 4.235132e-02 5.586265e-02 1.077521e-03 2.393951e-02 1.715661e-02 8.455572e-02 8.3490304803e+04 2.0007187253e+05 2.0023123034e+05
2676.3375 4.223305e-02 5.520804e-02 1.130876e-03 2.134483e-02 1.536224e-02 8.835539e-02 8.3513022272e+04 2.0008728871e+05 2.0019362883e+05
2677.3380 4.234355e-02 5.686721e-02 1.129136e-03 1.968028e-02 1.413782e-02 9.036268e-02 8.3528210485e+04 2.0010093986e+05 2.0016441192e+05
2678.3385 4.130925e-02 5.719633e-02 1.114787e-03 1.956164e-02 1.402124e-02 9.061573e-02 8.3536068833e+04 2.0011014918e+05 2.0014770534e+05
2679.3390 4.166895e-02 5.638657e-02 1.104278e-03 2.053599e-02 1.480249e-02 8.872231e-02 8.3535290522e+04 2.0011201656e+05 2.0014681932e+05
2680.3395 4.291307e-02 5.553272e-02 1.068922e-03 2.279191e-02 1.640938e-02 8.480922e-02 8.3525823668e+04 2.0010571354e+05 2.0016245073e+05
2681.3400 4.418908e-02 5.748008e-02 1.085686e-03 2.574808e-02 1.845701e-02 7.992076e-02 8.3508448842e+04 2.0009063299e+05 2.0019358354e+05
2682.3405 4.702617e-02 6.194548e-02 1.056942e-03 2.942521e-02 2.109028e-02 7.415684e-02 8.3485851067e+04 2.0006640819e+05 2.0023724955e+05
2683.3410 4.947652e-02 6.692709e-02 1.054028e-03 3.376291e-02 2.405650e-02 6.696267e-02 8.3462412799e+04 2.0003511943e+05 2.0028897350e+05
2684.3415 5.062893e-02 7.192351e-02 1.044804e-03 3.756357e-02 2.671605e-02 6.095776e-02 8.3440685145e+04 1.9999964576e+05 2.0034353018e+05
2685.3420 5.294473e-02 7.608941e-02 1.062430e-03 4.130335e-02 2.926427e-02 5.552132e-02 8.3421717191e+04 1.9996544219e+05 2.0039374692e+05
2686.3425 5.437219e-02 8.007099e-02 1.013956e-03 4.410493e-02 3.121290e-02 5.148916e-02 8.3406670032e+04 1.9993833970e+05 2.0043344308e+05
2687.3430 5.603587e-02 8.152655e-02 1.029854e-03 4.565428e-02 3.228100e-02 4.861233e-02 8.3398026363e+04 1.9992168051e+05 2.0045759127e+05
2688.3435 5.657512e-02 7.967959e-02 1.058801e-03 4.626615e-02 3.270952e-02 4.746356e-02 8.3398455252e+04 1.9991670615e+05 2.0046266173e+05
2689.3440 5.530885e-02 7.622792e-02 1.011123e-03 4.523555e-02 3.199727e-02 4.916908e-02 8.3409338953e+04 1.9992240623e+05 2.0044805902e+05
2690.3445 5.428024e-02 7.326821e-02 1.052722e-03 4.339002e-02 3.071822e-02 5.234484e-02 8.3428978749e+04 1.9993807661e+05 2.0041429121e+05
2691.3450 5.290397e-02 7.175573e-02 1.050555e-03 4.028058e-02 2.855955e-02 5.674515e-02 8.3455083205e+04 1.9996229008e+05 2.0036542377e+05
2692.3455 5.124234e-02 7.005834e-02 1.066460e-03 3.654387e-02 2.592789e-02 6.281113e-02 8.3485538387e+04 1.9999148087e+05 2.0030728551e+05
2693.3460 4.882218e-02 6.846941e-02 1.069227e-03 3.238172e-02 2.303469e-02 6.939769e-02 8.3518506423e+04 2.0002009977e+05 2.0024749113e+05
2694.3465 4.689943e-02 6.526846e-02 1.106697e-03 2.813976e-02 2.010282e-02 7.552425e-02 8.3552284962e+04 2.0004299801e+05 2.0019332998e+05
2695.3470 4.445488e-02 6.008649e-02 1.093152e-03 2.458677e-02 1.776897e-02 8.117211e-02 8.3584008652e+04 2.0005799496e+05 2.0014973227e+05
2696.3475 4.144477e-02 5.467219e-02 1.108536e-03 2.154430e-02 1.557548e-02 8.571254e-02 8.3610433984e+04 2.0006509372e+05 2.0011994709e+05
2697.3480 4.113003e-02 5.160157e-02 1.108556e-03 1.973505e-02 1.440587e-02 8.789434e-02 8.3628545904e+04 2.0006408461e+05 2.0010455670e+05
2698.3485 4.133736e-02 5.152665e-02 1.086696e-03 1.884984e-02 1.385148e-02 8.959804e-02 8.3638165914e+04 2.0005521106e+05 2.0010364714e+05
2699.3490 4.159665e-02 5.241721e-02 1.135340e-03 1.938860e-02 1.414673e-02 8.794985e-02 8.3640599695e+04 2.0004077435e+05 2.0011545974e+05
2700.3495 4.184100e-02 5.439325e-02 1.102523e-03 2.110431e-02 1.528967e-02 8.547421e-02 8.3634856244e+04 2.0002347035e+05 2.0013747763e+05
2701.3500 4.307932e-02 5.762936e-02 1.117469e-03 2.405039e-02 1.726629e-02 8.074633e-02 8.3621257482e+04 2.0000635118e+05 2.0016635581e+05
2702.3505 4.484091e-02 6.373358e-02 1.118468e-03 2.768043e-02 1.975239e-02 7.483276e-02 8.3600809630e+04 1.9999048650e+05 2.0019943995e+05
2703.3510 4.755581e-02 6.895632e-02 1.084550e-03 3.146251e-02 2.233438e-02 6.929073e-02 8.3576463571e+04 1.9997583089e+05 2.0023489850e+05
2704.3515 4.958524e-02 7.085518e-02 1.059792e-03 3.570734e-02 2.528099e-02 6.261947e-02 8.3552713483e+04 1.9996216915e+05 2.0027057127e+05
2705.3520 5.221931e-02 7.204480e-02 1.051978e-03 3.939917e-02 2.788723e-02 5.681390e-02 8.3531261363e+04 1.9994756671e+05 2.0030487553e+05
2706.3525 5.378954e-02 7.336194e-02 1.069041e-03 4.252158e-02 3.003944e-02 5.159104e-02 8.3514540277e+04 1.9993290529e+05 2.0033500644e+05
2707.3530 5.416664e-02 7.538916e-02 1.017875e-03 4.473608e-02 3.172048e-02 4.827908e-02 8.3503724134e+04 1.9991943591e+05 2.0035820556e+05
2708.3535 5.607337e-02 7.716052e-02 1.032741e-03 4.549585e-02 3.220946e-02 4.708798e-02 8.3499656743e+04 1.9990759166e+05 2.0037262143e+05
2709.3540 5.614146e-02 7.837501e-02 1.054904e-03 4.541951e-02 3.217696e-02 4.756642e-02 8.3505850570e+04 1.9989744302e+05 2.0037586360e+05
2710.3545 5.375992e-02 7.838231e-02 1.047330e-03 4.374943e-02 3.103955e-02 4.974454e-02 8.3523102958e+04 1.9989038743e+05 2.0036686387e+05
2711.3550 5.270453e-02 7.655967e-02 1.070403e-03 4.108766e-02 2.924104e-02 5.418527e-02 8.3547879034e+04 1.9988955930e+05 2.0034402910e+05
2712.3555 5.067241e-02 7.282299e-02 1.060389e-03 3.742903e-02 2.672577e-02 5.980293e-02 8.3577992617e+04 1.9989868818e+05 2.0030733632e+05
2713.3560 4.859976e-02 6.700364e-02 1.103995e-03 3.329643e-02 2.387190e-02 6.594924e-02 8.3611422319e+04 1.9991761379e+05 2.0025847824e+05
2714.3565 4.685748e-02 6.123535e-02 1.109842e-03 2.898262e-02 2.085369e-02 7.285232e-02 8.3645172663e+04 1.9994400104e+05 2.0020152859e+05
2715.3570 4.474775e-02 5.717638e-02 1.115472e-03 2.501268e-02 1.803177e-02 7.852811e-02 8.3677853782e+04 1.9997376243e+05 2.0014203142e+05
2716.3575 4.187537e-02 5.388568e-02 1.132233e-03 2.201361e-02 1.587544e-02 8.300212e-02 8.3706807650e+04 2.0000325418e+05 2.0008636221e+05
2717.3580 4.008374e-02 5.242751e-02 1.103948e-03 1.962148e-02 1.406609e-02 8.733870e-02 8.3727963892e+04 2.0002793569e+05 2.0004181985e+05
2718.3585 4.034166e-02 5.399916e-02 1.138054e-03 1.851214e-02 1.317800e-02 8.806902e-02 8.3739779813e+04 2.0004330516e+05 2.0001436744e+05
2719.3590 4.060782e-02 5.709817e-02 1.148379e-03 1.859982e-02 1.318914e-02 8.781830e-02 8.3742478676e+04 2.0004484867e+05 2.0000884205e+05
2720.3595 4.082811e-02 5.842878e-02 1.127636e-03 2.009478e-02 1.418289e-02 8.537175e-02 8.3737184729e+04 2.0003155961e+05 2.0002676961e+05
2721.3600 4.175394e-02 5.780062e-02 1.115305e-03 2.253801e-02 1.589544e-02 8.096834e-02 8.3724351037e+04 2.0000531992e+05 2.0006584560e+05
2722.3605 4.425983e-02 5.730414e-02 1.109470e-03 2.589854e-02 1.828960e-02 7.570511e-02 8.3704141192e+04 1.9997049118e+05 2.0011989863e+05
2723.3610 4.610427e-02 6.088100e-02 1.098770e-03 3.001624e-02 2.116592e-02 6.897503e-02 8.3679234637e+04 1.9993222449e+05 2.0018082194e+05
2724.3615 4.862168e-02 6.638480e-02 1.096368e-03 3.395590e-02 2.403480e-02 6.235989e-02 8.3652964826e+04 1.9989514604e+05 2.0024083361e+05
2725.3620 5.189860e-02 7.068566e-02 1.064146e-03 3.794453e-02 2.685717e-02 5.598470e-02 8.3629469770e+04 1.9986380573e+05 2.0029248884e+05
2726.3625 5.337726e-02 7.550876e-02 1.053389e-03 4.123571e-02 2.931999e-02 5.087374e-02 8.3611850437e+04 1.9984086897e+05 2.0033021697e+05
2727.3630 5.367019e-02 7.865543e-02 1.072436e-03 4.336743e-02 3.087742e-02 4.750217e-02 8.3601860046e+04 1.9982921443e+05 2.0035040880e+05
2728.3635 5.446797e-02 8.066255e-02 1.034107e-03 4.471156e-02 3.190487e-02 4.599056e-02 8.3599135585e+04 1.9982960570e+05 2.0035123378e+05
2729.3640 5.529966e-02 7.891674e-02 1.068431e-03 4.424598e-02 3.165579e-02 4.589152e-02 8.3605391413e+04 1.9984099156e+05 2.0033428963e+05
2730.3645 5.372924e-02 7.522838e-02 1.085467e-03 4.277847e-02 3.064700e-02 4.874771e-02 8.3621789930e+04 1.9985875948e+05 2.0030209507e+05
2731.3650 5.145007e-02 7.111953e-02 1.036109e-03 4.015546e-02 2.876821e-02 5.312390e-02 8.3647173886e+04 1.9987914691e+05 2.0025891673e+05
2732.3655 5.039930e-02 6.716434e-02 1.080603e-03 3.675965e-02 2.635234e-02 5.849578e-02 8.3678338929e+04 1.9990000042e+05 2.0020913422e+05
2733.3660 4.818628e-02 6.428544e-02 1.060920e-03 3.273431e-02 2.331014e-02 6.549914e-02 8.3712324395e+04 1.9991949975e+05 2.0015773438e+05
2734.3665 4.498308e-02 6.243435e-02 1.105134e-03 2.877249e-02 2.038049e-02 7.155355e-02 8.3746679734e+04 1.9993610280e+05 2.0010912794e+05
2735.3670 4.345481e-02 6.135578e-02 1.123717e-03 2.500188e-02 1.752750e-02 7.769381e-02 8.3777658056e+04 1.9994766821e+05 2.0006782250e+05
2736.3675 4.281110e-02 5.940562e-02 1.115843e-03 2.177457e-02 1.511068e-02 8.296288e-02 8.3803699265e+04 1.9995381714e+05 2.0003674806e+05
2737.3680 3.994839e-02 5.493109e-02 1.154939e-03 1.974688e-02 1.357382e-02 8.564835e-02 8.3824032118e+04 1.9995646210e+05 2.0001709221e+05
2738.3685 3.831772e-02 5.214691e-02 1.125081e-03 1.869699e-02 1.285347e-02 8.710308e-02 8.3834251566e+04 1.9995602761e+05 2.0000921231e+05
2739.3690 4.044038e-02 5.160376e-02 1.116643e-03 1.902263e-02 1.309460e-02 8.593446e-02 8.3833593196e+04 1.9995289458e+05 2.0001258710e+05
2740.3695 4.124559e-02 5.357769e-02 1.130297e-03 2.043512e-02 1.417128e-02 8.317682e-02 8.3824892499e+04 1.9994628675e+05 2.0002692494e+05
2741.3700 4.230656e-02 5.595053e-02 1.146268e-03 2.294582e-02 1.602588e-02 7.867292e-02 8.3809767646e+04 1.9993558464e+05 2.0005147771e+05
2742.3705 4.410359e-02 5.956461e-02 1.108875e-03 2.643070e-02 1.862209e-02 7.289996e-02 8.3789509275e+04 1.9992023626e+05 2.0008480566e+05
2743.3710 4.626711e-02 6.439188e-02 1.089767e-03 3.012317e-02 2.140523e-02 6.665188e-02 8.3766117521e+04 1.9990056160e+05 2.0012490164e+05
2744.3715 4.869640e-02 6.969391e-02 1.068506e-03 3.407127e-02 2.441187e-02 6.016937e-02 8.3742556787e+04 1.9987749736e+05 2.0016832082e+05
2745.3720 5.106162e-02 7.355380e-02 1.094954e-03 3.742731e-02 2.696923e-02 5.462470e-02 8.3721699084e+04 1.9985245414e+05 2.0021152813e+05
2746.3725 5.324606e-02 7.480889e-02 1.046033e-03 4.011036e-02 2.898628e-02 5.028855e-02 8.3707406152e+04 1.9982693536e+05 2.0024981640e+05
2747.3730 5.371488e-02 7.434508e-02 1.073778e-03 4.213413e-02 3.054440e-02 4.738224e-02 8.3702188091e+04 1.9980400365e+05 2.0027767453e+05
2748.3735 5.379958e-02 7.349384e-02 1.053054e-03 4.263090e-02 3.090912e-02 4.668019e-02 8.3705536316e+04 1.9978788865e+05 2.0029072714e+05
2749.3740 5.329283e-02 7.325214e-02 1.062124e-03 4.222205e-02 3.050674e-02 4.779943e-02 8.3716942082e+04 1.9978238563e+05 2.0028505170e+05
2750.3745 5.201290e-02 7.311622e-02 1.054659e-03 4.050279e-02 2.914452e-02 5.075893e-02 8.3735955325e+04 1.9978887748e+05 2.0026011582e+05
2751.3750 5.091039e-02 7.105709e-02 1.085780e-03 3.806380e-02 2.715568e-02 5.511246e-02 8.3761244498e+04 1.9980720938e+05 2.0021773543e+05
2752.3755 4.910403e-02 6.893901e-02 1.091655e-03 3.472850e-02 2.455210e-02 6.067810e-02 8.3790488447e+04 1.9983466346e+05 2.0016277119e+05
2753.3760 4.667548e-02 6.561170e-02 1.116207e-03 3.129674e-02 2.196146e-02 6.603774e-02 8.3821657774e+04 1.9986738331e+05 2.0010147926e+05
2754.3765 4.381160e-02 6.060120e-02 1.105023e-03 2.775750e-02 1.919420e-02 7.244216e-02 8.3850840410e+04 1.9990116003e+05 2.0004173033e+05
2755.3770 4.295239e-02 5.670247e-02 1.151248e-03 2.460492e-02 1.680796e-02 7.694178e-02 8.3874861178e+04 1.9993008737e+05 1.9999106489e+05
2756.3775 4.225866e-02 5.458264e-02 1.158400e-03 2.216033e-02 1.502430e-02 7.994857e-02 8.3893133895e+04 1.9994835393e+05 1.9995615700e+05
2757.3780 4.090544e-02 5.307942e-02 1.106963e-03 2.058743e-02 1.395468e-02 8.247169e-02 8.3905026194e+04 1.9995238921e+05 1.9994145837e+05
2758.3785 4.057962e-02 5.336542e-02 1.154899e-03 2.025022e-02 1.375747e-02 8.230548e-02 8.3909466020e+04 1.9994167281e+05 1.9994799866e+05
2759.3790 4.102596e-02 5.479718e-02 1.145942e-03 2.074974e-02 1.429669e-02 8.098167e-02 8.3906058901e+04 1.9991862575e+05 1.9997382895e+05
2760.3795 4.295921e-02 5.779935e-02 1.146965e-03 2.215102e-02 1.547990e-02 7.755080e-02 8.3895564039e+04 1.9988714385e+05 2.0001412712e+05
2761.3800 4.421515e-02 6.239810e-02 1.119233e-03 2.445775e-02 1.742098e-02 7.327731e-02 8.3880642969e+04 1.9985156562e+05 2.0006227347e+05
2762.3805 4.593998e-02 6.363259e-02 1.115793e-03 2.715199e-02 1.962639e-02 6.842510e-02 8.3863859914e+04 1.9981836603e+05 2.0011109606e+05
2763.3810 4.800606e-02 6.402186e-02 1.123975e-03 3.022837e-02 2.207347e-02 6.292342e-02 8.3847303627e+04 1.9979182020e+05 2.0015318545e+05
2764.3815 4.879190e-02 6.586641e-02 1.141159e-03 3.291697e-02 2.419247e-02 5.886155e-02 8.3832956963e+04 1.9977491789e+05 2.0018309780e+05
2765.3820 5.028313e-02 6.814801e-02 1.094265e-03 3.547518e-02 2.607830e-02 5.489682e-02 8.3822598345e+04 1.9976931026e+05 2.0019736895e+05
2766.3825 5.197005e-02 7.080889e-02 1.111757e-03 3.747070e-02 2.753717e-02 5.201480e-02 8.3817432351e+04 1.9977390237e+05 2.0019596816e+05
2767.3830 5.211677e-02 7.136837e-02 1.095590e-03 3.840102e-02 2.804128e-02 5.124985e-02 8.3819574858e+04 1.9978535263e+05 2.0018184076e+05
2768.3835 5.100926e-02 7.176562e-02 1.097157e-03 3.874407e-02 2.810900e-02 5.118025e-02 8.3828849967e+04 1.9979975964e+05 2.0015833787e+05
2769.3840 5.060217e-02 7.191245e-02 1.085318e-03 3.801009e-02 2.739001e-02 5.289326e-02 8.3843368791e+04 1.9981344451e+05 2.0013004230e+05
2770.3845 4.979217e-02 6.875811e-02 1.102612e-03 3.670787e-02 2.616079e-02 5.550759e-02 8.3861859205e+04 1.9982623330e+05 2.0010042690e+05
2771.3850 4.751799e-02 6.482307e-02 1.119401e-03 3.460879e-02 2.438985e-02 5.900928e-02 8.3882275340e+04 1.9983622978e+05 2.0007266743e+05
2772.3855 4.699210e-02 6.182548e-02 1.131732e-03 3.227410e-02 2.248893e-02 6.266001e-02 8.3902735650e+04 1.9984141991e+05 2.0004858380e+05
2773.3860 4.600222e-02 5.966553e-02 1.160825e-03 2.986922e-02 2.057824e-02 6.695910e-02 8.3922389113e+04 1.9984257617e+05 2.0002906648e+05
2774.3865 4.368002e-02 5.796320e-02 1.172344e-03 2.770806e-02 1.892660e-02 6.968652e-02 8.3940357565e+04 1.9984163651e+05 2.0001413346e+05
2775.3870 4.240803e-02 5.724612e-02 1.149711e-03 2.591342e-02 1.759449e-02 7.224493e-02 8.3953528770e+04 1.9984014043e+05 2.0000352959e+05
2776.3875 4.312395e-02 5.818359e-02 1.128012e-03 2.451147e-02 1.670982e-02 7.440314e-02 8.3960924374e+04 1.9983836764e+05 1.9999722505e+05
2777.3880 4.336686e-02 6.008910e-02 1.186834e-03 2.371187e-02 1.625705e-02 7.435329e-02 8.3964328925e+04 1.9983636711e+05 1.9999545365e+05
2778.3885 4.281453e-02 6.057750e-02 1.141023e-03 2.352774e-02 1.632720e-02 7.408478e-02 8.3964542627e+04 1.9983331619e+05 1.9999855059e+05
2779.3890 4.389746e-02 5.925402e-02 1.172271e-03 2.399651e-02 1.694385e-02 7.227240e-02 8.3961272882e+04 1.9982918390e+05 2.0000630480e+05
2780.3895 4.484838e-02 5.890361e-02 1.194152e-03 2.504755e-02 1.801925e-02 7.058151e-02 8.3955549409e+04 1.9982276589e+05 2.0001809524e+05
2781.3900 4.518466e-02 6.024740e-02 1.151043e-03 2.634566e-02 1.917782e-02 6.766641e-02 8.3948958184e+04 1.9981387114e+05 2.0003308447e+05
2782.3905 4.675933e-02 6.273383e-02 1.146925e-03 2.773592e-02 2.039836e-02 6.492069e-02 8.3942019810e+04 1.9980244061e+05 2.0004990804e+05
2783.3910 4.873266e-02 6.446319e-02 1.129437e-03 2.917090e-02 2.153942e-02 6.275732e-02 8.3936777967e+04 1.9978897125e+05 2.0006691544e+05
2784.3915 4.863597e-02 6.626881e-02 1.145838e-03 3.092600e-02 2.276294e-02 5.998571e-02 8.3935684771e+04 1.9977453512e+05 2.0008161129e+05
2785.3920 4.822555e-02 6.820223e-02 1.113707e-03 3.211566e-02 2.361806e-02 5.864012e-02 8.3937631800e+04 1.9976143548e+05 2.0009187316e+05
2786.3925 4.886460e-02 6.797941e-02 1.134212e-03 3.278970e-02 2.390282e-02 5.794171e-02 8.3942084619e+04 1.9975327734e+05 2.0009532634e+05
2787.3930 4.884703e-02 6.685172e-02 1.161791e-03 3.328949e-02 2.412520e-02 5.779195e-02 8.3949072624e+04 1.9975163241e+05 2.0009020531e+05
2788.3935 4.808059e-02 6.446546e-02 1.109836e-03 3.330948e-02 2.386340e-02 5.820928e-02 8.3958614268e+04 1.9975672033e+05 2.0007683940e+05
2789.3940 4.731613e-02 6.205821e-02 1.131183e-03 3.316171e-02 2.355411e-02 5.877618e-02 8.3969602919e+04 1.9976768254e+05 2.0005614092e+05
2790.3945 4.611631e-02 6.168068e-02 1.090134e-03 3.254136e-02 2.288250e-02 5.983436e-02 8.3980607346e+04 1.9978248798e+05 2.0003103900e+05
2791.3950 4.567228e-02 6.118480e-02 1.138959e-03 3.194915e-02 2.225955e-02 6.120472e-02 8.3990109078e+04 1.9979938378e+05 2.0000496169e+05
2792.3955 4.569605e-02 6.206282e-02 1.130838e-03 3.110194e-02 2.153652e-02 6.268482e-02 8.3997363361e+04 1.9981399920e+05 1.9998276221e+05
2793.3960 4.507395e-02 6.328919e-02 1.137575e-03 3.020739e-02 2.079814e-02 6.298027e-02 8.4003294478e+04 1.9982247413e+05 1.9996866749e+05
2794.3965 4.567744e-02 6.345095e-02 1.141819e-03 2.954675e-02 2.031801e-02 6.437477e-02 8.4007344517e+04 1.9982148510e+05 1.9996519155e+05
2795.3970 4.545063e-02 6.293199e-02 1.155973e-03 2.876895e-02 1.987720e-02 6.508099e-02 8.4010831473e+04 1.9981079559e+05 1.9997277112e+05
2796.3975 4.487366e-02 6.167325e-02 1.158697e-03 2.794542e-02 1.943199e-02 6.503758e-02 8.4013574352e+04 1.9979327030e+05 1.9998894474e+05
2797.3980 4.573160e-02 6.150837e-02 1.145137e-03 2.747414e-02 1.929795e-02 6.547783e-02 8.4014398285e+04 1.9977186631e+05 2.0000932807e+05
2798.3985 4.692541e-02 6.164852e-02 1.177261e-03 2.708034e-02 1.919413e-02 6.499958e-02 8.4015240678e+04 1.9975083132e+05 2.0002932541e+05
2799.3990 4.582942e-02 6.232291e-02 1.151508e-03 2.691989e-02 1.925916e-02 6.544913e-02 8.4017926867e+04 1.9973328532e+05 2.0004424786e+05
2800.3995 4.564565e-02 6.223756e-02 1.130198e-03 2.673543e-02 1.925434e-02 6.484954e-02 8.4022487209e+04 1.9972283175e+05 2.0005059749e+05
2801.4000 4.647658e-02 6.352893e-02 1.168987e-03 2.674798e-02 1.937346e-02 6.503069e-02 8.4027449946e+04 1.9972115948e+05 2.0004624099e+05
2802.4005 4.641668e-02 6.557038e-02 1.141617e-03 2.681124e-02 1.947750e-02 6.511442e-02 8.4033889652e+04 1.9972830930e+05 2.0003175403e+05
2803.4010 4.572832e-02 6.531924e-02 1.152359e-03 2.705399e-02 1.967595e-02 6.458705e-02 8.4041593761e+04 1.9974308744e+05 2.0000966825e+05
2804.4015 4.636786e-02 6.351118e-02 1.156901e-03 2.708030e-02 1.966287e-02 6.499319e-02 8.4049415059e+04 1.9976068777e+05 1.9998453936e+05
2805.4020 4.630113e-02 6.001258e-02 1.164020e-03 2.749823e-02 1.989019e-02 6.478066e-02 8.4058186286e+04 1.9977725772e+05 1.9996050561e+05
2806.4025 4.480231e-02 5.790144e-02 1.155890e-03 2.795304e-02 2.015317e-02 6.471341e-02 8.4066466900e+04 1.9978910166e+05 1.9994160576e+05
2807.4030 4.453365e-02 5.865584e-02 1.153108e-03 2.850630e-02 2.033970e-02 6.414354e-02 8.4072245166e+04 1.9979386603e+05 1.9993082866e+05
2808.4035 4.530302e-02 5.977399e-02 1.126319e-03 2.927591e-02 2.078572e-02 6.300466e-02 8.4075359847e+04 1.9979110224e+05 1.9992975700e+05
2809.4040 4.549359e-02 6.175207e-02 1.120047e-03 2.971785e-02 2.098726e-02 6.210239e-02 8.4076566127e+04 1.9977985041e+05 1.9993897540e+05
2810.4045 4.482568e-02 6.352429e-02 1.149277e-03 3.058964e-02 2.152728e-02 6.132399e-02 8.4076556138e+04 1.9976193832e+05 1.9995620573e+05
2811.4050 4.500615e-02 6.429830e-02 1.114544e-03 3.121666e-02 2.190817e-02 6.020781e-02 8.4074624506e+04 1.9974148127e+05 1.9997826759e+05
2812.4055 4.608537e-02 6.365339e-02 1.145502e-03 3.164825e-02 2.219246e-02 5.845387e-02 8.4071027505e+04 1.9972309872e+05 2.0000044125e+05
2813.4060 4.652200e-02 6.318267e-02 1.146259e-03 3.198800e-02 2.239277e-02 5.818194e-02 8.4066798572e+04 1.9970926093e+05 2.0001845331e+05
2814.4065 4.690877e-02 6.353195e-02 1.146751e-03 3.180661e-02 2.234796e-02 5.755787e-02 8.4064013854e+04 1.9970105007e+05 2.0002950340e+05
2815.4070 4.773044e-02 6.443190e-02 1.173831e-03 3.138501e-02 2.210810e-02 5.732801e-02 8.4063459608e+04 1.9969895514e+05 2.0003182996e+05
2816.4075 4.759219e-02 6.460945e-02 1.133741e-03 3.107462e-02 2.199199e-02 5.788572e-02 8.4066034137e+04 1.9970294360e+05 2.0002516330e+05
2817.4080 4.723027e-02 6.462526e-02 1.154204e-03 3.023247e-02 2.138381e-02 5.877481e-02 8.4071291524e+04 1.9971182294e+05 2.0001138133e+05
2818.4085 4.750789e-02 6.595092e-02 1.147198e-03 2.915413e-02 2.066758e-02 6.040564e-02 8.4078702206e+04 1.9972227517e+05 1.9999290939e+05
2819.4090 4.668982e-02 6.691317e-02 1.144439e-03 2.791286e-02 1.982098e-02 6.173173e-02 8.4089341719e+04 1.9973180249e+05 1.9997308141e+05
2820.4095 4.622828e-02 6.597296e-02 1.186249e-03 2.676833e-02 1.906599e-02 6.402284e-02 8.4102317784e+04 1.9973747902e+05 1.9995477227e+05
2821.4100 4.521193e-02 6.218623e-02 1.160317e-03 2.573808e-02 1.833053e-02 6.571352e-02 8.4117507320e+04 1.9973920489e+05 1.9993978191e+05
2822.4105 4.396531e-02 5.877532e-02 1.150705e-03 2.488468e-02 1.777292e-02 6.725977e-02 8.4132926401e+04 1.9973713387e+05 1.9992827585e+05
2823.4110 4.317128e-02 5.761562e-02 1.156465e-03 2.407379e-02 1.719403e-02 6.889204e-02 8.4146540989e+04 1.9973277356e+05 1.9991974350e+05
2824.4115 4.336542e-02 5.706133e-02 1.154129e-03 2.396138e-02 1.716307e-02 6.924586e-02 8.4157582165e+04 1.9972867329e+05 1.9991289369e+05
2825.4120 4.300900e-02 5.766726e-02 1.183038e-03 2.407939e-02 1.715018e-02 6.941805e-02 8.4165679584e+04 1.9972568200e+05 1.9990758048e+05
2826.4125 4.191037e-02 5.890748e-02 1.169994e-03 2.478561e-02 1.766699e-02 6.850882e-02 8.4171226114e+04 1.9972401818e+05 1.9990350817e+05
2827.4130 4.271648e-02 6.064975e-02 1.167005e-03 2.580633e-02 1.842555e-02 6.669144e-02 8.4172217959e+04 1.9972424732e+05 1.9990122510e+05
2828.4135 4.341751e-02 6.111458e-02 1.168180e-03 2.702096e-02 1.926505e-02 6.485828e-02 8.4168825012e+04 1.9972663178e+05 1.9990166922e+05
2829.4140 4.365234e-02 6.058492e-02 1.170470e-03 2.868209e-02 2.046736e-02 6.266424e-02 8.4162159685e+04 1.9972914122e+05 1.9990574445e+05
2830.4145 4.502913e-02 6.018050e-02 1.157589e-03 3.010201e-02 2.150589e-02 5.922474e-02 8.4153151488e+04 1.9972899485e+05 1.9991496585e+05
2831.4150 4.616799e-02 6.108566e-02 1.127381e-03 3.151747e-02 2.250786e-02 5.668722e-02 8.4143909536e+04 1.9972296163e+05 1.9992947241e+05
2832.4155 4.688119e-02 6.283772e-02 1.140835e-03 3.273819e-02 2.332861e-02 5.541549e-02 8.4135663405e+04 1.9971097765e+05 1.9994836155e+05
2833.4160 4.778636e-02 6.430682e-02 1.180830e-03 3.329876e-02 2.367894e-02 5.339348e-02 8.4129616198e+04 1.9969514958e+05 1.9996968727e+05
2834.4165 4.808814e-02 6.699974e-02 1.113151e-03 3.368379e-02 2.397546e-02 5.277411e-02 8.4126344948e+04 1.9967699938e+05 1.9998997374e+05
2835.4170 4.890485e-02 6.959114e-02 1.186045e-03 3.347581e-02 2.371395e-02 5.312439e-02 8.4126700810e+04 1.9965929780e+05 2.0000598080e+05
2836.4175 4.880586e-02 7.004070e-02 1.158458e-03 3.261771e-02 2.298521e-02 5.387714e-02 8.4132055669e+04 1.9964557395e+05 2.0001443171e+05
2837.4180 4.742195e-02 6.821514e-02 1.152751e-03 3.132902e-02 2.211728e-02 5.631658e-02 8.4142122175e+04 1.9963885662e+05 2.0001227727e+05
2838.4185 4.695489e-02 6.482015e-02 1.161508e-03 2.978705e-02 2.097333e-02 5.831317e-02 8.4155829222e+04 1.9964137182e+05 1.9999792948e+05
2839.4190 4.628153e-02 6.267580e-02 1.144833e-03 2.791307e-02 1.966928e-02 6.162387e-02 8.4172016844e+04 1.9965242167e+05 1.9997177486e+05
2840.4195 4.505275e-02 6.094811e-02 1.179076e-03 2.605332e-02 1.832958e-02 6.424572e-02 8.4190295905e+04 1.9967110662e+05 1.9993629463e+05
2841.4200 4.401050e-02 5.930254e-02 1.216184e-03 2.434274e-02 1.714797e-02 6.690062e-02 8.4208989663e+04 1.9969372545e+05 1.9989605759e+05
2842.4205 4.287562e-02 5.827747e-02 1.172717e-03 2.292524e-02 1.617640e-02 6.980704e-02 8.4226560480e+04 1.9971602929e+05 1.9985687690e+05
2843.4210 4.204549e-02 5.833963e-02 1.176517e-03 2.216080e-02 1.571770e-02 7.117386e-02 8.4241482068e+04 1.9973389068e+05 1.9982435400e+05
2844.4215 4.138071e-02 5.902898e-02 1.202766e-03 2.171852e-02 1.542843e-02 7.166938e-02 8.4252201311e+04 1.9974390049e+05 1.9980369877e+05
2845.4220 4.122418e-02 5.785995e-02 1.170243e-03 2.197443e-02 1.580147e-02 7.099068e-02 8.4258432915e+04 1.9974441621e+05 1.9979759399e+05
2846.4225 4.170505e-02 5.621432e-02 1.208599e-03 2.270911e-02 1.638257e-02 6.986709e-02 8.4259655444e+04 1.9973444266e+05 1.9980669043e+05
2847.4230 4.258767e-02 5.482778e-02 1.164519e-03 2.404411e-02 1.744528e-02 6.788460e-02 8.4256654590e+04 1.9971556544e+05 1.9982866394e+05
2848.4235 4.265461e-02 5.542562e-02 1.204130e-03 2.580652e-02 1.880033e-02 6.495639e-02 8.4250532415e+04 1.9969081268e+05 1.9985914480e+05
2849.4240 4.346066e-02 5.727490e-02 1.179209e-03 2.766329e-02 2.005340e-02 6.139698e-02 8.4241452715e+04 1.9966520056e+05 1.9989294729e+05
2850.4245 4.525481e-02 6.003124e-02 1.153855e-03 2.963705e-02 2.140799e-02 5.847833e-02 8.4229944382e+04 1.9964324172e+05 1.9992438166e+05
2851.4250 4.570538e-02 6.340972e-02 1.188061e-03 3.143178e-02 2.255759e-02 5.582121e-02 8.4218929113e+04 1.9962767760e+05 1.9994937580e+05
2852.4255 4.680785e-02 6.729808e-02 1.156561e-03 3.290575e-02 2.350351e-02 5.280393e-02 8.4209642388e+04 1.9961913499e+05 1.9996548806e+05
2853.4260 4.755260e-02 6.865213e-02 1.133494e-03 3.399022e-02 2.419059e-02 5.168487e-02 8.4203312368e+04 1.9961805561e+05 1.9997174173e+05
2854.4265 4.764531e-02 6.795995e-02 1.170190e-03 3.433319e-02 2.421574e-02 5.070520e-02 8.4201230872e+04 1.9962343143e+05 1.9996895419e+05
2855.4270 4.813782e-02 6.715080e-02 1.156859e-03 3.404828e-02 2.393800e-02 5.107112e-02 8.4203130534e+04 1.9963201677e+05 1.9995865411e+05
2856.4275 4.820376e-02 6.677689e-02 1.191097e-03 3.321542e-02 2.326708e-02 5.261179e-02 8.4209520126e+04 1.9964119260e+05 1.9994320277e+05
2857.4280 4.756362e-02 6.577066e-02 1.192100e-03 3.186590e-02 2.223954e-02 5.437377e-02 8.4221090180e+04 1.9964853221e+05 1.9992520895e+05
2858.4285 4.663872e-02 6.421003e-02 1.154775e-03 2.999309e-02 2.095878e-02 5.758036e-02 8.4236449730e+04 1.9965269142e+05 1.9990669712e+05
2859.4290 4.565012e-02 6.311319e-02 1.184578e-03 2.798391e-02 1.950218e-02 6.048152e-02 8.4254805745e+04 1.9965333777e+05 1.9988866636e+05
2860.4295 4.384027e-02 6.294261e-02 1.199839e-03 2.598532e-02 1.809455e-02 6.382213e-02 8.4274646745e+04 1.9965152793e+05 1.9987145602e+05
2861.4300 4.301824e-02 6.259611e-02 1.197387e-03 2.384647e-02 1.670427e-02 6.728437e-02 8.4293809802e+04 1.9964918223e+05 1.9985515702e+05
2862.4305 4.215703e-02 5.988586e-02 1.203880e-03 2.233723e-02 1.578176e-02 6.958330e-02 8.4311393998e+04 1.9964917789e+05 1.9983908484e+05
2863.4310 4.093117e-02 5.563245e-02 1.210747e-03 2.123339e-02 1.511228e-02 7.125949e-02 8.4326637449e+04 1.9965189357e+05 1.9982342683e+05
2864.4315 4.114220e-02 5.269767e-02 1.207511e-03 2.070704e-02 1.493819e-02 7.185983e-02 8.4337631631e+04 1.9965699640e+05 1.9980842068e+05
2865.4320 4.068897e-02 5.194084e-02 1.188531e-03 2.078329e-02 1.508015e-02 7.182424e-02 8.4343969584e+04 1.9966429165e+05 1.9979528211e+05
2866.4325 4.041733e-02 5.295128e-02 1.219993e-03 2.180502e-02 1.584819e-02 7.032963e-02 8.4345410042e+04 1.9967190225e+05 1.9978575945e+05
2867.4330 4.118249e-02 5.498006e-02 1.135939e-03 2.306135e-02 1.680010e-02 6.808773e-02 8.4341808989e+04 1.9967735020e+05 1.9978285382e+05
2868.4335 4.202114e-02 5.858075e-02 1.241703e-03 2.487764e-02 1.796789e-02 6.507472e-02 8.4334781713e+04 1.9967667336e+05 1.9978869369e+05
2869.4340 4.320124e-02 6.156754e-02 1.212675e-03 2.703069e-02 1.944829e-02 6.201359e-02 8.4325493398e+04 1.9966830859e+05 1.9980448549e+05
2870.4345 4.425232e-02 6.272691e-02 1.187442e-03 2.923062e-02 2.088289e-02 5.850221e-02 8.4314479477e+04 1.9965335763e+05 1.9982951320e+05
2871.4350 4.552477e-02 6.229104e-02 1.163461e-03 3.121973e-02 2.220607e-02 5.506437e-02 8.4302904855e+04 1.9963327340e+05 1.9986095403e+05
2872.4355 4.646619e-02 6.329978e-02 1.152596e-03 3.286527e-02 2.329822e-02 5.255222e-02 8.4291890886e+04 1.9960991913e+05 1.9989442853e+05
2873.4360 4.755367e-02 6.476835e-02 1.192061e-03 3.413345e-02 2.399789e-02 5.045323e-02 8.4283638498e+04 1.9958678913e+05 1.9992486141e+05
2874.4365 4.827461e-02 6.609931e-02 1.193361e-03 3.482230e-02 2.447312e-02 4.922821e-02 8.4279476057e+04 1.9956772510e+05 1.9994723074e+05
2875.4370 4.774283e-02 6.716226e-02 1.184806e-03 3.477197e-02 2.431537e-02 4.926792e-02 8.4280437646e+04 1.9955616624e+05 1.9995769048e+05
2876.4375 4.823019e-02 6.799425e-02 1.156781e-03 3.414266e-02 2.383981e-02 5.021240e-02 8.4286009799e+04 1.9955401090e+05 1.9995384726e+05
2877.4380 4.799005e-02 6.983383e-02 1.201127e-03 3.263542e-02 2.279037e-02 5.261096e-02 8.4296332040e+04 1.9956079104e+05 1.9993614104e+05
2878.4385 4.710935e-02 6.899797e-02 1.201699e-03 3.082388e-02 2.151880e-02 5.496932e-02 8.4311738127e+04 1.9957556779e+05 1.9990693552e+05
2879.4390 4.620992e-02 6.513695e-02 1.215503e-03 2.861776e-02 2.003576e-02 5.870370e-02 8.4330568681e+04 1.9959523032e+05 1.9987030865e+05
2880.4395 4.470282e-02 6.008311e-02 1.199270e-03 2.601761e-02 1.833234e-02 6.221577e-02 8.4351727240e+04 1.9961658812e+05 1.9983076119e+05
2881.4400 4.193654e-02 5.672473e-02 1.208322e-03 2.388297e-02 1.696637e-02 6.561806e-02 8.4373515403e+04 1.9963581139e+05 1.9979225829e+05
2882.4405 4.181425e-02 5.371759e-02 1.217705e-03 2.195341e-02 1.566994e-02 6.889902e-02 8.4392754464e+04 1.9965081147e+05 1.9975929404e+05
2883.4410 4.116978e-02 5.233116e-02 1.220457e-03 2.038787e-02 1.466621e-02 7.113548e-02 8.4409833492e+04 1.9965875533e+05 1.9973524880e+05
2884.4415 3.940186e-02 5.373535e-02 1.241728e-03 1.951346e-02 1.408997e-02 7.270519e-02 8.4423619129e+04 1.9965791824e+05 1.9972238138e+05
2885.4420 4.025773e-02 5.571235e-02 1.268627e-03 1.955193e-02 1.414565e-02 7.259988e-02 8.4432237273e+04 1.9964923444e+05 1.9972123014e+05
2886.4425 3.968544e-02 5.701697e-02 1.191643e-03 2.011402e-02 1.452645e-02 7.172212e-02 8.4435791551e+04 1.9963590237e+05 1.9973084276e+05
2887.4430 4.032288e-02 5.608986e-02 1.229216e-03 2.158106e-02 1.553215e-02 6.968363e-02 8.4433194203e+04 1.9962084434e+05 1.9974838483e+05
2888.4435 4.161704e-02 5.514946e-02 1.218738e-03 2.330690e-02 1.679213e-02 6.682089e-02 8.4425101845e+04 1.9960612819e+05 1.9977097699e+05
2889.4440 4.235501e-02 5.588522e-02 1.220816e-03 2.557385e-02 1.830713e-02 6.321706e-02 8.4413418522e+04 1.9959298030e+05 1.9979513961e+05
2890.4445 4.328498e-02 5.780863e-02 1.206048e-03 2.810351e-02 2.007566e-02 5.898459e-02 8.4399713852e+04 1.9958263844e+05 1.9981807951e+05
2891.4450 4.465127e-02 5.960915e-02 1.166997e-03 3.044423e-02 2.164650e-02 5.540448e-02 8.4385168015e+04 1.9957568351e+05 1.9983816682e+05
2892.4455 4.640840e-02 6.269805e-02 1.213241e-03 3.271020e-02 2.310411e-02 5.169521e-02 8.4370901663e+04 1.9957162834e+05 1.9985446485e+05
2893.4460 4.773791e-02 6.717242e-02 1.172766e-03 3.440893e-02 2.429722e-02 4.907378e-02 8.4358937820e+04 1.9956812185e+05 1.9986753941e+05
2894.4465 4.868292e-02 7.072640e-02 1.162216e-03 3.537774e-02 2.486903e-02 4.701258e-02 8.4351196511e+04 1.9956363734e+05 1.9987817103e+05
2895.4470 4.921882e-02 7.026319e-02 1.166379e-03 3.561319e-02 2.508209e-02 4.656831e-02 8.4349296190e+04 1.9955738674e+05 1.9988628056e+05
2896.4475 4.875318e-02 6.939649e-02 1.197969e-03 3.485590e-02 2.455386e-02 4.753651e-02 8.4353921029e+04 1.9954879030e+05 1.9989089714e+05
2897.4480 4.808553e-02 6.658978e-02 1.177655e-03 3.361410e-02 2.374086e-02 4.927864e-02 8.4364933394e+04 1.9954063998e+05 1.9988953209e+05
2898.4485 4.771820e-02 6.414292e-02 1.210300e-03 3.137501e-02 2.221239e-02 5.308737e-02 8.4380970648e+04 1.9953496725e+05 1.9988033722e+05
2899.4490 4.646041e-02 6.196856e-02 1.233813e-03 2.874707e-02 2.042921e-02 5.657737e-02 8.4402193624e+04 1.9953423493e+05 1.9986157461e+05
2900.4495 4.445814e-02 5.949676e-02 1.227549e-03 2.623307e-02 1.863696e-02 6.113661e-02 8.4427088525e+04 1.9953965455e+05 1.9983293707e+05
2901.4500 4.310650e-02 5.846446e-02 1.238301e-03 2.353628e-02 1.674317e-02 6.545792e-02 8.4453151189e+04 1.9955138000e+05 1.9979624133e+05
2902.4505 4.110525e-02 5.841276e-02 1.230912e-03 2.093507e-02 1.500394e-02 6.932965e-02 8.4477709623e+04 1.9956949007e+05 1.9975456855e+05
2903.4510 4.002463e-02 5.701333e-02 1.248070e-03 1.917860e-02 1.369653e-02 7.276505e-02 8.4498149936e+04 1.9959198366e+05 1.9971242818e+05
2904.4515 3.916444e-02 5.465870e-02 1.245087e-03 1.809223e-02 1.295843e-02 7.410951e-02 8.4513775939e+04 1.9961462071e+05 1.9967567823e+05
2905.4520 3.841171e-02 5.161062e-02 1.234806e-03 1.772206e-02 1.270132e-02 7.501480e-02 8.4523338595e+04 1.9963235745e+05 1.9964985430e+05
2906.4525 3.879713e-02 5.006886e-02 1.251348e-03 1.843114e-02 1.324827e-02 7.411684e-02 8.4526448317e+04 1.9964051452e+05 1.9963888194e+05
2907.4530 3.927439e-02 5.027286e-02 1.221844e-03 1.968777e-02 1.413333e-02 7.159382e-02 8.4523032402e+04 1.9963768379e+05 1.9964514245e+05
2908.4535 4.032803e-02 5.207257e-02 1.206111e-03 2.201228e-02 1.574211e-02 6.830327e-02 8.4512972225e+04 1.9962341290e+05 1.9966804463e+05
2909.4540 4.153528e-02 5.599521e-02 1.187811e-03 2.473552e-02 1.765763e-02 6.389877e-02 8.4497744989e+04 1.9959902329e+05 1.9970551086e+05
2910.4545 4.374504e-02 6.169778e-02 1.209499e-03 2.747192e-02 1.957549e-02 5.872278e-02 8.4478940897e+04 1.9956724709e+05 1.9975308805e+05
2911.4550 4.564873e-02 6.529121e-02 1.206695e-03 3.053767e-02 2.171346e-02 5.422382e-02 8.4459635947e+04 1.9953291751e+05 1.9980419935e+05
2912.4555 4.673701e-02 6.662846e-02 1.175253e-03 3.311016e-02 2.355357e-02 4.969113e-02 8.4442023514e+04 1.9950177045e+05 1.9985204793e+05
2913.4560 4.838114e-02 6.687379e-02 1.214025e-03 3.502987e-02 2.494673e-02 4.631026e-02 8.4427510833e+04 1.9947795749e+05 1.9988966266e+05
2914.4565 4.953502e-02 6.747142e-02 1.174250e-03 3.603792e-02 2.575426e-02 4.445658e-02 8.4418283525e+04 1.9946439692e+05 1.9991181368e+05
2915.4570 4.950044e-02 6.781789e-02 1.163924e-03 3.622140e-02 2.588521e-02 4.390443e-02 8.4416454636e+04 1.9946236640e+05 1.9991562133e+05
2916.4575 4.999731e-02 6.661153e-02 1.167828e-03 3.562364e-02 2.550339e-02 4.463491e-02 8.4422568518e+04 1.9947136748e+05 1.9990089952e+05
2917.4580 4.894891e-02 6.542155e-02 1.195386e-03 3.371876e-02 2.411419e-02 4.772327e-02 8.4436338477e+04 1.9948890698e+05 1.9987057101e+05
2918.4585 4.721622e-02 6.591489e-02 1.225492e-03 3.140119e-02 2.242668e-02 5.108477e-02 8.4456907238e+04 1.9951109658e+05 1.9982859575e+05
2919.4590 4.571614e-02 6.609437e-02 1.200458e-03 2.862787e-02 2.040470e-02 5.611268e-02 8.4481997604e+04 1.9953408679e+05 1.9978087107e+05
2920.4595 4.401910e-02 6.336218e-02 1.234737e-03 2.536368e-02 1.803918e-02 6.129636e-02 8.4510341113e+04 1.9955495637e+05 1.9973359822e+05
2921.4600 4.236063e-02 5.930862e-02 1.243686e-03 2.205173e-02 1.569727e-02 6.627211e-02 8.4539317034e+04 1.9957040636e+05 1.9969180677e+05
2922.4605 4.082962e-02 5.438633e-02 1.269776e-03 1.951250e-02 1.381757e-02 7.086755e-02 8.4566241427e+04 1.9957911222e+05 1.9965861119e+05
2923.4610 3.870753e-02 5.072292e-02 1.227691e-03 1.761380e-02 1.246126e-02 7.400187e-02 8.4588975808e+04 1.9958162778e+05 1.9963580866e+05
2924.4615 3.797101e-02 4.883047e-02 1.248442e-03 1.636623e-02 1.154157e-02 7.607127e-02 8.4604407487e+04 1.9957944420e+05 1.9962368139e+05
2925.4620 3.848743e-02 4.778074e-02 1.244651e-03 1.630852e-02 1.151112e-02 7.622218e-02 8.4611746352e+04 1.9957465750e+05 1.9962129276e+05
2926.4625 3.769612e-02 4.985350e-02 1.254649e-03 1.711649e-02 1.204265e-02 7.469372e-02 8.4611562006e+04 1.9956768815e+05 1.9962811455e+05
2927.4630 3.837428e-02 5.397005e-02 1.264536e-03 1.915958e-02 1.349982e-02 7.169512e-02 8.4603502813e+04 1.9955856000e+05 1.9964309692e+05
2928.4635 4.016788e-02 5.688864e-02 1.237068e-03 2.163389e-02 1.529818e-02 6.694618e-02 8.4588684249e+04 1.9954905336e+05 1.9966571748e+05
2929.4640 4.180908e-02 5.761119e-02 1.219901e-03 2.470652e-02 1.754870e-02 6.194437e-02 8.4569237673e+04 1.9953888379e+05 1.9969434672e+05
2930.4645 4.436289e-02 5.961259e-02 1.221646e-03 2.804047e-02 1.999800e-02 5.659648e-02 8.4546915263e+04 1.9952616735e+05 1.9972738903e+05
2931.4650 4.643259e-02 6.270010e-02 1.253284e-03 3.118646e-02 2.228031e-02 5.087324e-02 8.4524838463e+04 1.9951086898e+05 1.9976278131e+05
2932.4655 4.825650e-02 6.420885e-02 1.201499e-03 3.376533e-02 2.422981e-02 4.640447e-02 8.4505886836e+04 1.9949343809e+05 1.9979787098e+05
2933.4660 4.944337e-02 6.567689e-02 1.214420e-03 3.558733e-02 2.549236e-02 4.333850e-02 8.4492247909e+04 1.9947467158e+05 1.9982915675e+05
2934.4665 4.977670e-02 6.746297e-02 1.202757e-03 3.675962e-02 2.635547e-02 4.158369e-02 8.4486057263e+04 1.9945649419e+05 1.9985255320e+05
2935.4670 5.044961e-02 6.985302e-02 1.203146e-03 3.664477e-02 2.626961e-02 4.164074e-02 8.4487841074e+04 1.9944129377e+05 1.9986477813e+05
2936.4675 4.995843e-02 7.106064e-02 1.176234e-03 3.529157e-02 2.525109e-02 4.397816e-02 8.4497741198e+04 1.9943286787e+05 1.9986300398e+05
2937.4680 4.924400e-02 6.933265e-02 1.257404e-03 3.345112e-02 2.389428e-02 4.679766e-02 8.4515815022e+04 1.9943356446e+05 1.9984533331e+05
2938.4685 4.748858e-02 6.617537e-02 1.219977e-03 3.053429e-02 2.172419e-02 5.190912e-02 8.4540277828e+04 1.9944367902e+05 1.9981270793e+05
2939.4690 4.508449e-02 6.269484e-02 1.248923e-03 2.727381e-02 1.937651e-02 5.700734e-02 8.4569230196e+04 1.9946309854e+05 1.9976692761e+05
2940.4695 4.275256e-02 5.861473e-02 1.246118e-03 2.381376e-02 1.688748e-02 6.261913e-02 8.4599354482e+04 1.9949036056e+05 1.9971229166e+05
2941.4700 4.093381e-02 5.390835e-02 1.281562e-03 2.082649e-02 1.464007e-02 6.796562e-02 8.4627949136e+04 1.9952198060e+05 1.9965462674e+05
2942.4705 3.927269e-02 5.117723e-02 1.289981e-03 1.825669e-02 1.278383e-02 7.181481e-02 8.4653132964e+04 1.9955207358e+05 1.9960142934e+05
2943.4710 3.811924e-02 5.126553e-02 1.228951e-03 1.633299e-02 1.144229e-02 7.483573e-02 8.4672519378e+04 1.9957456796e+05 1.9956007862e+05
2944.4715 3.744535e-02 5.131816e-02 1.265048e-03 1.564788e-02 1.087917e-02 7.599812e-02 8.4684502099e+04 1.9958673273e+05 1.9953614582e+05
2945.4720 3.684635e-02 5.060633e-02 1.278779e-03 1.595809e-02 1.115272e-02 7.538431e-02 8.4687934236e+04 1.9958687599e+05 1.9953315187e+05
2946.4725 3.812359e-02 5.013538e-02 1.284805e-03 1.722050e-02 1.208969e-02 7.317296e-02 8.4682332612e+04 1.9957377126e+05 1.9955153385e+05
2947.4730 4.001020e-02 5.211791e-02 1.251817e-03 1.920033e-02 1.354394e-02 6.908314e-02 8.4669411417e+04 1.9954836227e+05 1.9958860851e+05
2948.4735 4.121567e-02 5.446268e-02 1.261463e-03 2.223530e-02 1.580910e-02 6.455461e-02 8.4651551523e+04 1.9951457030e+05 1.9963851733e+05
2949.4740 4.267280e-02 5.657027e-02 1.259055e-03 2.543277e-02 1.820346e-02 5.895528e-02 8.4630572277e+04 1.9947824022e+05 1.9969440001e+05
2950.4745 4.527629e-02 5.938036e-02 1.260767e-03 2.868326e-02 2.052142e-02 5.317973e-02 8.4608454777e+04 1.9944444986e+05 1.9974822683e+05
2951.4750 4.703715e-02 6.355469e-02 1.239371e-03 3.164739e-02 2.268220e-02 4.829791e-02 8.4588098134e+04 1.9941775387e+05 1.9979284526e+05
2952.4755 4.808605e-02 6.798858e-02 1.234246e-03 3.404123e-02 2.440455e-02 4.462615e-02 8.4571776075e+04 1.9940141447e+05 1.9982310863e+05
2953.4760 4.989106e-02 7.012350e-02 1.252555e-03 3.581697e-02 2.560990e-02 4.191715e-02 8.4561906627e+04 1.9939630030e+05 1.9983635752e+05
2954.4765 4.995561e-02 7.047083e-02 1.227111e-03 3.611596e-02 2.582130e-02 4.147362e-02 8.4560325827e+04 1.9940125962e+05 1.9983274855e+05
2955.4770 4.900958e-02 7.017598e-02 1.208563e-03 3.566391e-02 2.551229e-02 4.222128e-02 8.4567264495e+04 1.9941410597e+05 1.9981348370e+05
2956.4775 4.843421e-02 6.900208e-02 1.247747e-03 3.432653e-02 2.447227e-02 4.444689e-02 8.4581495117e+04 1.9943199290e+05 1.9978212000e+05
2957.4780 4.764810e-02 6.667222e-02 1.247123e-03 3.175536e-02 2.256064e-02 4.876542e-02 8.4601595356e+04 1.9945187742e+05 1.9974343923e+05
2958.4785 4.565676e-02 6.281941e-02 1.251772e-03 2.907829e-02 2.061696e-02 5.292921e-02 8.4627102119e+04 1.9947087261e+05 1.9970151769e+05
2959.4790 4.382874e-02 5.930162e-02 1.251287e-03 2.576865e-02 1.825347e-02 5.883614e-02 8.4655097085e+04 1.9948525213e+05 1.9966119908e+05
2960.4795 4.200597e-02 5.725029e-02 1.296101e-03 2.268157e-02 1.599757e-02 6.369544e-02 8.4683455813e+04 1.9949445332e+05 1.9962529241e+05
2961.4800 3.997546e-02 5.505483e-02 1.261027e-03 1.982150e-02 1.395239e-02 6.807081e-02 8.4709287652e+04 1.9949997516e+05 1.9959594496e+05
2962.4805 3.860918e-02 5.231094e-02 1.269620e-03 1.742730e-02 1.229295e-02 7.177598e-02 8.4730114885e+04 1.9950266550e+05 1.9957429584e+05
2963.4810 3.819945e-02 5.049979e-02 1.270647e-03 1.607116e-02 1.132323e-02 7.375997e-02 8.4744442029e+04 1.9950292924e+05 1.9956070518e+05
2964.4815 3.792783e-02 5.017844e-02 1.296128e-03 1.563529e-02 1.106901e-02 7.397829e-02 8.4752042364e+04 1.9950100175e+05 1.9955539445e+05
2965.4820 3.740643e-02 4.905872e-02 1.286534e-03 1.605429e-02 1.140601e-02 7.299185e-02 8.4752739714e+04 1.9949832081e+05 1.9955823043e+05
2966.4825 3.807543e-02 4.974210e-02 1.283089e-03 1.746121e-02 1.245637e-02 7.010066e-02 8.4745385735e+04 1.9949488812e+05 1.9956866732e+05
2967.4830 3.993443e-02 5.164996e-02 1.263118e-03 1.986274e-02 1.420489e-02 6.686802e-02 8.4731104669e+04 1.9948953549e+05 1.9958631318e+05
2968.4835 4.124649e-02 5.514543e-02 1.266982e-03 2.239355e-02 1.604313e-02 6.193983e-02 8.4713292620e+04 1.9948082351e+05 1.9961124175e+05
2969.4840 4.287718e-02 5.949942e-02 1.248797e-03 2.544603e-02 1.818313e-02 5.706472e-02 8.4693599476e+04 1.9946705842e+05 1.9964215252e+05
2970.4845 4.556609e-02 6.243126e-02 1.261319e-03 2.854499e-02 2.037065e-02 5.212946e-02 8.4674552552e+04 1.9944865353e+05 1.9967716137e+05
2971.4850 4.597882e-02 6.507921e-02 1.262110e-03 3.120810e-02 2.224975e-02 4.822253e-02 8.4658660967e+04 1.9942697327e+05 1.9971324217e+05
2972.4855 4.791441e-02 6.781261e-02 1.228714e-03 3.335810e-02 2.377665e-02 4.484343e-02 8.4646319486e+04 1.9940434876e+05 1.9974621752e+05
2973.4860 4.923380e-02 6.993883e-02 1.231773e-03 3.422415e-02 2.433381e-02 4.300214e-02 8.4639478381e+04 1.9938411407e+05 1.9977202263e+05
2974.4865 4.843118e-02 6.984446e-02 1.262442e-03 3.494903e-02 2.477594e-02 4.238465e-02 8.4640622628e+04 1.9936947750e+05 1.9978567339e+05
2975.4870 4.813350e-02 6.736648e-02 1.228468e-03 3.434230e-02 2.434925e-02 4.368892e-02 8.4648882297e+04 1.9936328968e+05 1.9978463647e+05
2976.4875 4.737226e-02 6.601930e-02 1.214220e-03 3.281023e-02 2.321869e-02 4.616920e-02 8.4663607390e+04 1.9936702063e+05 1.9976710238e+05
2977.4880 4.615619e-02 6.450416e-02 1.255141e-03 3.082192e-02 2.188235e-02 4.922046e-02 8.4683384568e+04 1.9938199516e+05 1.9973356401e+05
2978.4885 4.443902e-02 6.214733e-02 1.271472e-03 2.807814e-02 1.990509e-02 5.383615e-02 8.4706321765e+04 1.9940620637e+05 1.9968807316e+05
2979.4890 4.355924e-02 5.943021e-02 1.307214e-03 2.532115e-02 1.794969e-02 5.758901e-02 8.4731150664e+04 1.9943513478e+05 1.9963613994e+05
2980.4895 4.157919e-02 5.606788e-02 1.275809e-03 2.252441e-02 1.604868e-02 6.227994e-02 8.4756071248e+04 1.9946372910e+05 1.9958483668e+05
2981.4900 3.945276e-02 5.440480e-02 1.283361e-03 1.997500e-02 1.429217e-02 6.599682e-02 8.4778710733e+04 1.9948687022e+05 1.9954083940e+05
2982.4905 3.821368e-02 5.250994e-02 1.283365e-03 1.809602e-02 1.299132e-02 6.895770e-02 8.4796420648e+04 1.9950185025e+05 1.9950949895e+05
2983.4910 3.840410e-02 4.960405e-02 1.310656e-03 1.676196e-02 1.208708e-02 7.088646e-02 8.4808030031e+04 1.9950632269e+05 1.9949462586e+05
2984.4915 3.742260e-02 4.921168e-02 1.295383e-03 1.616857e-02 1.169058e-02 7.095678e-02 8.4814385143e+04 1.9949817958e+05 1.9949729660e+05
2985.4920 3.748639e-02 5.020594e-02 1.318529e-03 1.666809e-02 1.201386e-02 7.014620e-02 8.4814828821e+04 1.9947912590e+05 1.9951555249e+05
2986.4925 3.856532e-02 5.088870e-02 1.300268e-03 1.789101e-02 1.291024e-02 6.824739e-02 8.4809250604e+04 1.9945398974e+05 1.9954545399e+05
2987.4930 3.935182e-02 5.182494e-02 1.303047e-03 1.945446e-02 1.396020e-02 6.487079e-02 8.4798992517e+04 1.9942775403e+05 1.9958164882e+05
2988.4935 4.058434e-02 5.612345e-02 1.287690e-03 2.200826e-02 1.564065e-02 6.131467e-02 8.4784478425e+04 1.9940333696e+05 1.9961798201e+05
2989.4940 4.264933e-02 6.064425e-02 1.269931e-03 2.453695e-02 1.739938e-02 5.692867e-02 8.4768622832e+04 1.9938427128e+05 1.9965031614e+05
2990.4945 4.443457e-02 6.328052e-02 1.299350e-03 2.710904e-02 1.913785e-02 5.302208e-02 8.4753560397e+04 1.9937243876e+05 1.9967533575e+05
2991.4950 4.511364e-02 6.447727e-02 1.252758e-03 2.957348e-02 2.078074e-02 4.949100e-02 8.4740981729e+04 1.9936794199e+05 1.9969138399e+05
2992.4955 4.631980e-02 6.549974e-02 1.265322e-03 3.115642e-02 2.187270e-02 4.643226e-02 8.4731670821e+04 1.9936949485e+05 1.9969838943e+05
2993.4960 4.744995e-02 6.623141e-02 1.323728e-03 3.267744e-02 2.291915e-02 4.499115e-02 8.4726565409e+04 1.9937493204e+05 1.9969680571e+05
2994.4965 4.750012e-02 6.668352e-02 1.248224e-03 3.310062e-02 2.321751e-02 4.420993e-02 8.4727166314e+04 1.9938165877e+05 1.9968938007e+05
2995.4970 4.697809e-02 6.512202e-02 1.246115e-03 3.280928e-02 2.309446e-02 4.443294e-02 8.4733970622e+04 1.9938730167e+05 1.9967781363e+05
2996.4975 4.626838e-02 6.377562e-02 1.263165e-03 3.196628e-02 2.255394e-02 4.597960e-02 8.4746236696e+04 1.9939010658e+05 1.9966348057e+05
2997.4980 4.495600e-02 6.317319e-02 1.229042e-03 3.029862e-02 2.144360e-02 4.880069e-02 8.4762840597e+04 1.9939045328e+05 1.9964733407e+05
2998.4985 4.443585e-02 6.242479e-02 1.328104e-03 2.838197e-02 2.014876e-02 5.158580e-02 8.4781930008e+04 1.9938995276e+05 1.9962941357e+05
2999.4990 4.381388e-02 5.989223e-02 1.268023e-03 2.584935e-02 1.847760e-02 5.535512e-02 8.4802534970e+04 1.9938975421e+05 1.9961045644e+05
